event_id,subscriber_id,content_id,watch_date,watch_hour,device,minutes_watched,completion_bucket,did_complete,resumed_from_pause,autoplay_next,stream_quality,session_id,did_complete,,,,,,,,,,,,,,,,,,,,,,,,,,,,,,,,,,,,,,,,,,,,,,,,,,,,,,,,,,,,,,,,,,,,,,,,,,,,,,,,,,,,,,,,,,,,,,,,,,,,,,,,,,,,,,,,,,,,,,,,,
EVT0000001,SUB00643,CNT00024,2023-01-20,12,Fire TV,110,100%,TRUE,FALSE,TRUE,4K,SES768914,1,,,,,,,,,,,,,,,,,,,,,,,,,,,,,,,,,,,,,,,,,,,,,,,,,,,,,,,,,,,,,,,,,,,,,,,,,,,,,,,,,,,,,,,,,,,,,,,,,,,,,,,,,,,,,,,,,,,,,,,,,
EVT0000002,SUB00630,CNT00056,2024-06-29,7,Roku,30,100%,TRUE,FALSE,TRUE,HD,SES352050,1,,,,,,,,,,,,,,,,,,,,,,,,,,,,,,,,,,,,,,,,,,,,,,,,,,,,,,,,,,,,,,,,,,,,,,,,,,,,,,,,,,,,,,,,,,,,,,,,,,,,,,,,,,,,,,,,,,,,,,,,,
EVT0000003,SUB00308,CNT00053,2023-06-04,8,Fire TV,31,50-75%,FALSE,FALSE,TRUE,4K,SES777424,0,,,,,,,,,,,,,,,,,,,,,,,,,,,,,,,,,,,,,,,,,,,,,,,,,,,,,,,,,,,,,,,,,,,,,,,,,,,,,,,,,,,,,,,,,,,,,,,,,,,,,,,,,,,,,,,,,,,,,,,,,
EVT0000004,SUB00263,CNT00031,2023-06-14,9,Smart TV,29,75-99%,FALSE,TRUE,TRUE,4K,SES586706,0,,,,,,,,,,,,,,,,,,,,,,,,,,,,,,,,,,,,,,,,,,,,,,,,,,,,,,,,,,,,,,,,,,,,,,,,,,,,,,,,,,,,,,,,,,,,,,,,,,,,,,,,,,,,,,,,,,,,,,,,,
EVT0000005,SUB00574,CNT00055,2024-05-12,7,Smart TV,25,100%,TRUE,FALSE,TRUE,SD,SES370948,1,,,,,,,,,,,,,,,,,,,,,,,,,,,,,,,,,,,,,,,,,,,,,,,,,,,,,,,,,,,,,,,,,,,,,,,,,,,,,,,,,,,,,,,,,,,,,,,,,,,,,,,,,,,,,,,,,,,,,,,,,
EVT0000006,SUB00675,CNT00083,2023-10-12,21,Mobile,12,100%,TRUE,TRUE,TRUE,HD,SES412453,1,,,,,,,,,,,,,,,,,,,,,,,,,,,,,,,,,,,,,,,,,,,,,,,,,,,,,,,,,,,,,,,,,,,,,,,,,,,,,,,,,,,,,,,,,,,,,,,,,,,,,,,,,,,,,,,,,,,,,,,,,
EVT0000007,SUB00417,CNT00086,2023-03-07,8,Desktop,112,100%,TRUE,FALSE,TRUE,HD,SES217369,1,,,,,,,,,,,,,,,,,,,,,,,,,,,,,,,,,,,,,,,,,,,,,,,,,,,,,,,,,,,,,,,,,,,,,,,,,,,,,,,,,,,,,,,,,,,,,,,,,,,,,,,,,,,,,,,,,,,,,,,,,
EVT0000008,SUB00124,CNT00075,2024-05-27,22,Tablet,68,100%,TRUE,TRUE,TRUE,HD,SES228216,1,,,,,,,,,,,,,,,,,,,,,,,,,,,,,,,,,,,,,,,,,,,,,,,,,,,,,,,,,,,,,,,,,,,,,,,,,,,,,,,,,,,,,,,,,,,,,,,,,,,,,,,,,,,,,,,,,,,,,,,,,
EVT0000009,SUB00338,CNT00095,2023-11-17,13,Desktop,32,75-99%,FALSE,TRUE,TRUE,HD,SES324509,0,,,,,,,,,,,,,,,,,,,,,,,,,,,,,,,,,,,,,,,,,,,,,,,,,,,,,,,,,,,,,,,,,,,,,,,,,,,,,,,,,,,,,,,,,,,,,,,,,,,,,,,,,,,,,,,,,,,,,,,,,
EVT0000010,SUB00451,CNT00076,2023-10-09,23,Tablet,94,<25%,FALSE,TRUE,TRUE,HD,SES544366,0,,,,,,,,,,,,,,,,,,,,,,,,,,,,,,,,,,,,,,,,,,,,,,,,,,,,,,,,,,,,,,,,,,,,,,,,,,,,,,,,,,,,,,,,,,,,,,,,,,,,,,,,,,,,,,,,,,,,,,,,,
EVT0000011,SUB00700,CNT00052,2024-05-01,10,Tablet,65,100%,TRUE,FALSE,TRUE,4K,SES122097,1,,,,,,,,,,,,,,,,,,,,,,,,,,,,,,,,,,,,,,,,,,,,,,,,,,,,,,,,,,,,,,,,,,,,,,,,,,,,,,,,,,,,,,,,,,,,,,,,,,,,,,,,,,,,,,,,,,,,,,,,,
EVT0000012,SUB00679,CNT00007,2023-02-05,13,Tablet,75,100%,TRUE,FALSE,TRUE,4K,SES951706,1,,,,,,,,,,,,,,,,,,,,,,,,,,,,,,,,,,,,,,,,,,,,,,,,,,,,,,,,,,,,,,,,,,,,,,,,,,,,,,,,,,,,,,,,,,,,,,,,,,,,,,,,,,,,,,,,,,,,,,,,,
EVT0000013,SUB00548,CNT00057,2023-05-05,18,Tablet,43,75-99%,FALSE,TRUE,TRUE,4K,SES320606,0,,,,,,,,,,,,,,,,,,,,,,,,,,,,,,,,,,,,,,,,,,,,,,,,,,,,,,,,,,,,,,,,,,,,,,,,,,,,,,,,,,,,,,,,,,,,,,,,,,,,,,,,,,,,,,,,,,,,,,,,,
EVT0000014,SUB00450,CNT00099,2023-06-14,7,Tablet,115,100%,TRUE,TRUE,TRUE,HD,SES872739,1,,,,,,,,,,,,,,,,,,,,,,,,,,,,,,,,,,,,,,,,,,,,,,,,,,,,,,,,,,,,,,,,,,,,,,,,,,,,,,,,,,,,,,,,,,,,,,,,,,,,,,,,,,,,,,,,,,,,,,,,,
EVT0000015,SUB00341,CNT00013,2024-02-27,14,Roku,13,100%,TRUE,FALSE,TRUE,HD,SES864654,1,,,,,,,,,,,,,,,,,,,,,,,,,,,,,,,,,,,,,,,,,,,,,,,,,,,,,,,,,,,,,,,,,,,,,,,,,,,,,,,,,,,,,,,,,,,,,,,,,,,,,,,,,,,,,,,,,,,,,,,,,
EVT0000016,SUB00465,CNT00098,2023-12-01,11,Fire TV,61,<25%,FALSE,FALSE,TRUE,SD,SES520124,0,,,,,,,,,,,,,,,,,,,,,,,,,,,,,,,,,,,,,,,,,,,,,,,,,,,,,,,,,,,,,,,,,,,,,,,,,,,,,,,,,,,,,,,,,,,,,,,,,,,,,,,,,,,,,,,,,,,,,,,,,
EVT0000017,SUB00644,CNT00027,2023-07-24,13,Roku,96,25-50%,FALSE,FALSE,TRUE,HD,SES819064,0,,,,,,,,,,,,,,,,,,,,,,,,,,,,,,,,,,,,,,,,,,,,,,,,,,,,,,,,,,,,,,,,,,,,,,,,,,,,,,,,,,,,,,,,,,,,,,,,,,,,,,,,,,,,,,,,,,,,,,,,,
EVT0000018,SUB00328,CNT00095,2024-02-25,11,Fire TV,80,25-50%,FALSE,FALSE,TRUE,HD,SES188498,0,,,,,,,,,,,,,,,,,,,,,,,,,,,,,,,,,,,,,,,,,,,,,,,,,,,,,,,,,,,,,,,,,,,,,,,,,,,,,,,,,,,,,,,,,,,,,,,,,,,,,,,,,,,,,,,,,,,,,,,,,
EVT0000019,SUB00377,CNT00047,2024-02-29,13,Mobile,7,100%,TRUE,FALSE,FALSE,HD,SES757066,1,,,,,,,,,,,,,,,,,,,,,,,,,,,,,,,,,,,,,,,,,,,,,,,,,,,,,,,,,,,,,,,,,,,,,,,,,,,,,,,,,,,,,,,,,,,,,,,,,,,,,,,,,,,,,,,,,,,,,,,,,
EVT0000020,SUB00092,CNT00026,2023-08-23,11,Mobile,56,50-75%,FALSE,FALSE,TRUE,HD,SES372795,0,,,,,,,,,,,,,,,,,,,,,,,,,,,,,,,,,,,,,,,,,,,,,,,,,,,,,,,,,,,,,,,,,,,,,,,,,,,,,,,,,,,,,,,,,,,,,,,,,,,,,,,,,,,,,,,,,,,,,,,,,
EVT0000021,SUB00092,CNT00022,2023-06-02,9,Mobile,96,100%,TRUE,FALSE,TRUE,HD,SES967442,1,,,,,,,,,,,,,,,,,,,,,,,,,,,,,,,,,,,,,,,,,,,,,,,,,,,,,,,,,,,,,,,,,,,,,,,,,,,,,,,,,,,,,,,,,,,,,,,,,,,,,,,,,,,,,,,,,,,,,,,,,
EVT0000022,SUB00122,CNT00051,2024-05-21,14,Tablet,100,25-50%,FALSE,FALSE,TRUE,HD,SES552259,0,,,,,,,,,,,,,,,,,,,,,,,,,,,,,,,,,,,,,,,,,,,,,,,,,,,,,,,,,,,,,,,,,,,,,,,,,,,,,,,,,,,,,,,,,,,,,,,,,,,,,,,,,,,,,,,,,,,,,,,,,
EVT0000023,SUB00615,CNT00002,2023-07-31,12,Desktop,28,100%,TRUE,FALSE,TRUE,SD,SES404289,1,,,,,,,,,,,,,,,,,,,,,,,,,,,,,,,,,,,,,,,,,,,,,,,,,,,,,,,,,,,,,,,,,,,,,,,,,,,,,,,,,,,,,,,,,,,,,,,,,,,,,,,,,,,,,,,,,,,,,,,,,
EVT0000024,SUB00242,CNT00032,2023-09-26,20,Mobile,6,75-99%,FALSE,FALSE,TRUE,4K,SES826687,0,,,,,,,,,,,,,,,,,,,,,,,,,,,,,,,,,,,,,,,,,,,,,,,,,,,,,,,,,,,,,,,,,,,,,,,,,,,,,,,,,,,,,,,,,,,,,,,,,,,,,,,,,,,,,,,,,,,,,,,,,
EVT0000025,SUB00218,CNT00091,2024-02-12,14,Mobile,17,75-99%,FALSE,FALSE,TRUE,SD,SES449031,0,,,,,,,,,,,,,,,,,,,,,,,,,,,,,,,,,,,,,,,,,,,,,,,,,,,,,,,,,,,,,,,,,,,,,,,,,,,,,,,,,,,,,,,,,,,,,,,,,,,,,,,,,,,,,,,,,,,,,,,,,
EVT0000026,SUB00483,CNT00078,2023-08-29,7,Mobile,37,100%,TRUE,FALSE,FALSE,HD,SES417201,1,,,,,,,,,,,,,,,,,,,,,,,,,,,,,,,,,,,,,,,,,,,,,,,,,,,,,,,,,,,,,,,,,,,,,,,,,,,,,,,,,,,,,,,,,,,,,,,,,,,,,,,,,,,,,,,,,,,,,,,,,
EVT0000027,SUB00688,CNT00098,2024-02-09,11,Tablet,26,100%,TRUE,FALSE,TRUE,4K,SES590822,1,,,,,,,,,,,,,,,,,,,,,,,,,,,,,,,,,,,,,,,,,,,,,,,,,,,,,,,,,,,,,,,,,,,,,,,,,,,,,,,,,,,,,,,,,,,,,,,,,,,,,,,,,,,,,,,,,,,,,,,,,
EVT0000028,SUB00092,CNT00059,2023-05-16,14,Mobile,45,75-99%,FALSE,TRUE,TRUE,HD,SES975355,0,,,,,,,,,,,,,,,,,,,,,,,,,,,,,,,,,,,,,,,,,,,,,,,,,,,,,,,,,,,,,,,,,,,,,,,,,,,,,,,,,,,,,,,,,,,,,,,,,,,,,,,,,,,,,,,,,,,,,,,,,
EVT0000029,SUB00370,CNT00037,2023-10-15,14,Roku,111,100%,TRUE,FALSE,FALSE,4K,SES556943,1,,,,,,,,,,,,,,,,,,,,,,,,,,,,,,,,,,,,,,,,,,,,,,,,,,,,,,,,,,,,,,,,,,,,,,,,,,,,,,,,,,,,,,,,,,,,,,,,,,,,,,,,,,,,,,,,,,,,,,,,,
EVT0000030,SUB00324,CNT00063,2023-06-18,10,Roku,114,100%,TRUE,FALSE,FALSE,HD,SES155807,1,,,,,,,,,,,,,,,,,,,,,,,,,,,,,,,,,,,,,,,,,,,,,,,,,,,,,,,,,,,,,,,,,,,,,,,,,,,,,,,,,,,,,,,,,,,,,,,,,,,,,,,,,,,,,,,,,,,,,,,,,
EVT0000031,SUB00153,CNT00022,2023-07-13,14,Smart TV,95,<25%,FALSE,FALSE,TRUE,SD,SES618951,0,,,,,,,,,,,,,,,,,,,,,,,,,,,,,,,,,,,,,,,,,,,,,,,,,,,,,,,,,,,,,,,,,,,,,,,,,,,,,,,,,,,,,,,,,,,,,,,,,,,,,,,,,,,,,,,,,,,,,,,,,
EVT0000032,SUB00453,CNT00080,2023-02-11,20,Desktop,19,100%,TRUE,FALSE,TRUE,SD,SES466586,1,,,,,,,,,,,,,,,,,,,,,,,,,,,,,,,,,,,,,,,,,,,,,,,,,,,,,,,,,,,,,,,,,,,,,,,,,,,,,,,,,,,,,,,,,,,,,,,,,,,,,,,,,,,,,,,,,,,,,,,,,
EVT0000033,SUB00209,CNT00024,2023-04-06,22,Tablet,77,100%,TRUE,FALSE,FALSE,HD,SES711893,1,,,,,,,,,,,,,,,,,,,,,,,,,,,,,,,,,,,,,,,,,,,,,,,,,,,,,,,,,,,,,,,,,,,,,,,,,,,,,,,,,,,,,,,,,,,,,,,,,,,,,,,,,,,,,,,,,,,,,,,,,
EVT0000034,SUB00539,CNT00024,2023-01-05,8,Smart TV,103,75-99%,FALSE,FALSE,FALSE,SD,SES444622,0,,,,,,,,,,,,,,,,,,,,,,,,,,,,,,,,,,,,,,,,,,,,,,,,,,,,,,,,,,,,,,,,,,,,,,,,,,,,,,,,,,,,,,,,,,,,,,,,,,,,,,,,,,,,,,,,,,,,,,,,,
EVT0000035,SUB00292,CNT00088,2023-01-27,17,Roku,18,25-50%,FALSE,FALSE,TRUE,SD,SES185000,0,,,,,,,,,,,,,,,,,,,,,,,,,,,,,,,,,,,,,,,,,,,,,,,,,,,,,,,,,,,,,,,,,,,,,,,,,,,,,,,,,,,,,,,,,,,,,,,,,,,,,,,,,,,,,,,,,,,,,,,,,
EVT0000036,SUB00676,CNT00081,2024-04-16,6,Tablet,10,100%,TRUE,FALSE,FALSE,HD,SES440698,1,,,,,,,,,,,,,,,,,,,,,,,,,,,,,,,,,,,,,,,,,,,,,,,,,,,,,,,,,,,,,,,,,,,,,,,,,,,,,,,,,,,,,,,,,,,,,,,,,,,,,,,,,,,,,,,,,,,,,,,,,
EVT0000037,SUB00217,CNT00083,2023-05-13,7,Fire TV,14,50-75%,FALSE,FALSE,FALSE,HD,SES197046,0,,,,,,,,,,,,,,,,,,,,,,,,,,,,,,,,,,,,,,,,,,,,,,,,,,,,,,,,,,,,,,,,,,,,,,,,,,,,,,,,,,,,,,,,,,,,,,,,,,,,,,,,,,,,,,,,,,,,,,,,,
EVT0000038,SUB00262,CNT00072,2024-02-13,12,Smart TV,54,<25%,FALSE,FALSE,TRUE,HD,SES226460,0,,,,,,,,,,,,,,,,,,,,,,,,,,,,,,,,,,,,,,,,,,,,,,,,,,,,,,,,,,,,,,,,,,,,,,,,,,,,,,,,,,,,,,,,,,,,,,,,,,,,,,,,,,,,,,,,,,,,,,,,,
EVT0000039,SUB00503,CNT00095,2023-11-02,15,Fire TV,82,100%,TRUE,TRUE,TRUE,SD,SES972470,1,,,,,,,,,,,,,,,,,,,,,,,,,,,,,,,,,,,,,,,,,,,,,,,,,,,,,,,,,,,,,,,,,,,,,,,,,,,,,,,,,,,,,,,,,,,,,,,,,,,,,,,,,,,,,,,,,,,,,,,,,
EVT0000040,SUB00525,CNT00054,2024-01-12,21,Tablet,77,100%,TRUE,FALSE,TRUE,SD,SES893237,1,,,,,,,,,,,,,,,,,,,,,,,,,,,,,,,,,,,,,,,,,,,,,,,,,,,,,,,,,,,,,,,,,,,,,,,,,,,,,,,,,,,,,,,,,,,,,,,,,,,,,,,,,,,,,,,,,,,,,,,,,
EVT0000041,SUB00378,CNT00056,2024-03-08,8,Mobile,70,100%,TRUE,FALSE,TRUE,HD,SES779068,1,,,,,,,,,,,,,,,,,,,,,,,,,,,,,,,,,,,,,,,,,,,,,,,,,,,,,,,,,,,,,,,,,,,,,,,,,,,,,,,,,,,,,,,,,,,,,,,,,,,,,,,,,,,,,,,,,,,,,,,,,
EVT0000042,SUB00508,CNT00083,2023-06-08,15,Desktop,60,75-99%,FALSE,TRUE,TRUE,4K,SES255825,0,,,,,,,,,,,,,,,,,,,,,,,,,,,,,,,,,,,,,,,,,,,,,,,,,,,,,,,,,,,,,,,,,,,,,,,,,,,,,,,,,,,,,,,,,,,,,,,,,,,,,,,,,,,,,,,,,,,,,,,,,
EVT0000043,SUB00308,CNT00067,2023-05-11,7,Roku,14,75-99%,FALSE,TRUE,FALSE,SD,SES635456,0,,,,,,,,,,,,,,,,,,,,,,,,,,,,,,,,,,,,,,,,,,,,,,,,,,,,,,,,,,,,,,,,,,,,,,,,,,,,,,,,,,,,,,,,,,,,,,,,,,,,,,,,,,,,,,,,,,,,,,,,,
EVT0000044,SUB00423,CNT00077,2024-03-11,14,Tablet,37,100%,TRUE,FALSE,TRUE,HD,SES117058,1,,,,,,,,,,,,,,,,,,,,,,,,,,,,,,,,,,,,,,,,,,,,,,,,,,,,,,,,,,,,,,,,,,,,,,,,,,,,,,,,,,,,,,,,,,,,,,,,,,,,,,,,,,,,,,,,,,,,,,,,,
EVT0000045,SUB00678,CNT00024,2023-04-27,7,Mobile,58,100%,TRUE,FALSE,TRUE,4K,SES715732,1,,,,,,,,,,,,,,,,,,,,,,,,,,,,,,,,,,,,,,,,,,,,,,,,,,,,,,,,,,,,,,,,,,,,,,,,,,,,,,,,,,,,,,,,,,,,,,,,,,,,,,,,,,,,,,,,,,,,,,,,,
EVT0000046,SUB00687,CNT00034,2024-04-10,11,Smart TV,28,50-75%,FALSE,TRUE,FALSE,HD,SES371914,0,,,,,,,,,,,,,,,,,,,,,,,,,,,,,,,,,,,,,,,,,,,,,,,,,,,,,,,,,,,,,,,,,,,,,,,,,,,,,,,,,,,,,,,,,,,,,,,,,,,,,,,,,,,,,,,,,,,,,,,,,
EVT0000047,SUB00445,CNT00001,2023-04-19,6,Smart TV,88,75-99%,FALSE,FALSE,TRUE,HD,SES789666,0,,,,,,,,,,,,,,,,,,,,,,,,,,,,,,,,,,,,,,,,,,,,,,,,,,,,,,,,,,,,,,,,,,,,,,,,,,,,,,,,,,,,,,,,,,,,,,,,,,,,,,,,,,,,,,,,,,,,,,,,,
EVT0000048,SUB00311,CNT00079,2024-05-13,18,Tablet,16,75-99%,FALSE,TRUE,TRUE,SD,SES300070,0,,,,,,,,,,,,,,,,,,,,,,,,,,,,,,,,,,,,,,,,,,,,,,,,,,,,,,,,,,,,,,,,,,,,,,,,,,,,,,,,,,,,,,,,,,,,,,,,,,,,,,,,,,,,,,,,,,,,,,,,,
EVT0000049,SUB00017,CNT00025,2023-04-25,12,Desktop,88,100%,TRUE,TRUE,FALSE,HD,SES556957,1,,,,,,,,,,,,,,,,,,,,,,,,,,,,,,,,,,,,,,,,,,,,,,,,,,,,,,,,,,,,,,,,,,,,,,,,,,,,,,,,,,,,,,,,,,,,,,,,,,,,,,,,,,,,,,,,,,,,,,,,,
EVT0000050,SUB00089,CNT00028,2023-07-15,19,Mobile,19,25-50%,FALSE,TRUE,TRUE,HD,SES608608,0,,,,,,,,,,,,,,,,,,,,,,,,,,,,,,,,,,,,,,,,,,,,,,,,,,,,,,,,,,,,,,,,,,,,,,,,,,,,,,,,,,,,,,,,,,,,,,,,,,,,,,,,,,,,,,,,,,,,,,,,,
EVT0000051,SUB00021,CNT00075,2024-04-27,15,Roku,111,50-75%,FALSE,FALSE,TRUE,4K,SES108256,0,,,,,,,,,,,,,,,,,,,,,,,,,,,,,,,,,,,,,,,,,,,,,,,,,,,,,,,,,,,,,,,,,,,,,,,,,,,,,,,,,,,,,,,,,,,,,,,,,,,,,,,,,,,,,,,,,,,,,,,,,
EVT0000052,SUB00646,CNT00056,2023-04-16,21,Fire TV,79,100%,TRUE,FALSE,FALSE,HD,SES404899,1,,,,,,,,,,,,,,,,,,,,,,,,,,,,,,,,,,,,,,,,,,,,,,,,,,,,,,,,,,,,,,,,,,,,,,,,,,,,,,,,,,,,,,,,,,,,,,,,,,,,,,,,,,,,,,,,,,,,,,,,,
EVT0000053,SUB00500,CNT00058,2023-02-07,21,Smart TV,96,100%,TRUE,TRUE,FALSE,SD,SES542503,1,,,,,,,,,,,,,,,,,,,,,,,,,,,,,,,,,,,,,,,,,,,,,,,,,,,,,,,,,,,,,,,,,,,,,,,,,,,,,,,,,,,,,,,,,,,,,,,,,,,,,,,,,,,,,,,,,,,,,,,,,
EVT0000054,SUB00567,CNT00098,2023-11-20,21,Mobile,68,100%,TRUE,FALSE,FALSE,4K,SES570103,1,,,,,,,,,,,,,,,,,,,,,,,,,,,,,,,,,,,,,,,,,,,,,,,,,,,,,,,,,,,,,,,,,,,,,,,,,,,,,,,,,,,,,,,,,,,,,,,,,,,,,,,,,,,,,,,,,,,,,,,,,
EVT0000055,SUB00022,CNT00081,2024-03-22,17,Desktop,34,25-50%,FALSE,FALSE,TRUE,HD,SES818247,0,,,,,,,,,,,,,,,,,,,,,,,,,,,,,,,,,,,,,,,,,,,,,,,,,,,,,,,,,,,,,,,,,,,,,,,,,,,,,,,,,,,,,,,,,,,,,,,,,,,,,,,,,,,,,,,,,,,,,,,,,
EVT0000056,SUB00617,CNT00092,2023-12-14,10,Tablet,97,100%,TRUE,FALSE,TRUE,HD,SES973548,1,,,,,,,,,,,,,,,,,,,,,,,,,,,,,,,,,,,,,,,,,,,,,,,,,,,,,,,,,,,,,,,,,,,,,,,,,,,,,,,,,,,,,,,,,,,,,,,,,,,,,,,,,,,,,,,,,,,,,,,,,
EVT0000057,SUB00484,CNT00021,2024-01-04,15,Fire TV,100,100%,TRUE,TRUE,FALSE,HD,SES235367,1,,,,,,,,,,,,,,,,,,,,,,,,,,,,,,,,,,,,,,,,,,,,,,,,,,,,,,,,,,,,,,,,,,,,,,,,,,,,,,,,,,,,,,,,,,,,,,,,,,,,,,,,,,,,,,,,,,,,,,,,,
EVT0000058,SUB00205,CNT00057,2023-06-27,19,Desktop,43,25-50%,FALSE,TRUE,TRUE,HD,SES149334,0,,,,,,,,,,,,,,,,,,,,,,,,,,,,,,,,,,,,,,,,,,,,,,,,,,,,,,,,,,,,,,,,,,,,,,,,,,,,,,,,,,,,,,,,,,,,,,,,,,,,,,,,,,,,,,,,,,,,,,,,,
EVT0000059,SUB00368,CNT00046,2023-01-19,11,Roku,9,100%,TRUE,TRUE,TRUE,HD,SES219505,1,,,,,,,,,,,,,,,,,,,,,,,,,,,,,,,,,,,,,,,,,,,,,,,,,,,,,,,,,,,,,,,,,,,,,,,,,,,,,,,,,,,,,,,,,,,,,,,,,,,,,,,,,,,,,,,,,,,,,,,,,
EVT0000060,SUB00124,CNT00063,2023-08-21,16,Tablet,103,50-75%,FALSE,TRUE,FALSE,4K,SES258522,0,,,,,,,,,,,,,,,,,,,,,,,,,,,,,,,,,,,,,,,,,,,,,,,,,,,,,,,,,,,,,,,,,,,,,,,,,,,,,,,,,,,,,,,,,,,,,,,,,,,,,,,,,,,,,,,,,,,,,,,,,
EVT0000061,SUB00619,CNT00091,2024-06-11,20,Desktop,112,<25%,FALSE,TRUE,TRUE,HD,SES739270,0,,,,,,,,,,,,,,,,,,,,,,,,,,,,,,,,,,,,,,,,,,,,,,,,,,,,,,,,,,,,,,,,,,,,,,,,,,,,,,,,,,,,,,,,,,,,,,,,,,,,,,,,,,,,,,,,,,,,,,,,,
EVT0000062,SUB00576,CNT00008,2023-04-15,9,Smart TV,51,25-50%,FALSE,TRUE,FALSE,4K,SES842563,0,,,,,,,,,,,,,,,,,,,,,,,,,,,,,,,,,,,,,,,,,,,,,,,,,,,,,,,,,,,,,,,,,,,,,,,,,,,,,,,,,,,,,,,,,,,,,,,,,,,,,,,,,,,,,,,,,,,,,,,,,
EVT0000063,SUB00519,CNT00013,2024-03-28,17,Tablet,109,25-50%,FALSE,TRUE,TRUE,HD,SES560438,0,,,,,,,,,,,,,,,,,,,,,,,,,,,,,,,,,,,,,,,,,,,,,,,,,,,,,,,,,,,,,,,,,,,,,,,,,,,,,,,,,,,,,,,,,,,,,,,,,,,,,,,,,,,,,,,,,,,,,,,,,
EVT0000064,SUB00007,CNT00086,2024-03-01,15,Roku,26,75-99%,FALSE,TRUE,TRUE,4K,SES849941,0,,,,,,,,,,,,,,,,,,,,,,,,,,,,,,,,,,,,,,,,,,,,,,,,,,,,,,,,,,,,,,,,,,,,,,,,,,,,,,,,,,,,,,,,,,,,,,,,,,,,,,,,,,,,,,,,,,,,,,,,,
EVT0000065,SUB00370,CNT00032,2024-02-29,22,Desktop,105,25-50%,FALSE,TRUE,TRUE,HD,SES533491,0,,,,,,,,,,,,,,,,,,,,,,,,,,,,,,,,,,,,,,,,,,,,,,,,,,,,,,,,,,,,,,,,,,,,,,,,,,,,,,,,,,,,,,,,,,,,,,,,,,,,,,,,,,,,,,,,,,,,,,,,,
EVT0000066,SUB00470,CNT00067,2024-02-24,17,Mobile,61,100%,TRUE,TRUE,TRUE,HD,SES172961,1,,,,,,,,,,,,,,,,,,,,,,,,,,,,,,,,,,,,,,,,,,,,,,,,,,,,,,,,,,,,,,,,,,,,,,,,,,,,,,,,,,,,,,,,,,,,,,,,,,,,,,,,,,,,,,,,,,,,,,,,,
EVT0000067,SUB00347,CNT00084,2023-03-28,7,Desktop,102,25-50%,FALSE,TRUE,FALSE,HD,SES702466,0,,,,,,,,,,,,,,,,,,,,,,,,,,,,,,,,,,,,,,,,,,,,,,,,,,,,,,,,,,,,,,,,,,,,,,,,,,,,,,,,,,,,,,,,,,,,,,,,,,,,,,,,,,,,,,,,,,,,,,,,,
EVT0000068,SUB00647,CNT00085,2023-03-01,15,Desktop,56,100%,TRUE,FALSE,FALSE,HD,SES419105,1,,,,,,,,,,,,,,,,,,,,,,,,,,,,,,,,,,,,,,,,,,,,,,,,,,,,,,,,,,,,,,,,,,,,,,,,,,,,,,,,,,,,,,,,,,,,,,,,,,,,,,,,,,,,,,,,,,,,,,,,,
EVT0000069,SUB00353,CNT00030,2023-11-18,10,Fire TV,56,100%,TRUE,FALSE,FALSE,HD,SES670871,1,,,,,,,,,,,,,,,,,,,,,,,,,,,,,,,,,,,,,,,,,,,,,,,,,,,,,,,,,,,,,,,,,,,,,,,,,,,,,,,,,,,,,,,,,,,,,,,,,,,,,,,,,,,,,,,,,,,,,,,,,
EVT0000070,SUB00354,CNT00084,2024-03-28,12,Tablet,15,75-99%,FALSE,TRUE,FALSE,4K,SES508937,0,,,,,,,,,,,,,,,,,,,,,,,,,,,,,,,,,,,,,,,,,,,,,,,,,,,,,,,,,,,,,,,,,,,,,,,,,,,,,,,,,,,,,,,,,,,,,,,,,,,,,,,,,,,,,,,,,,,,,,,,,
EVT0000071,SUB00533,CNT00037,2023-05-10,22,Roku,44,50-75%,FALSE,FALSE,TRUE,HD,SES124559,0,,,,,,,,,,,,,,,,,,,,,,,,,,,,,,,,,,,,,,,,,,,,,,,,,,,,,,,,,,,,,,,,,,,,,,,,,,,,,,,,,,,,,,,,,,,,,,,,,,,,,,,,,,,,,,,,,,,,,,,,,
EVT0000072,SUB00553,CNT00031,2023-01-29,15,Fire TV,59,100%,TRUE,FALSE,TRUE,SD,SES982464,1,,,,,,,,,,,,,,,,,,,,,,,,,,,,,,,,,,,,,,,,,,,,,,,,,,,,,,,,,,,,,,,,,,,,,,,,,,,,,,,,,,,,,,,,,,,,,,,,,,,,,,,,,,,,,,,,,,,,,,,,,
EVT0000073,SUB00266,CNT00046,2024-01-17,9,Desktop,43,25-50%,FALSE,FALSE,FALSE,SD,SES575159,0,,,,,,,,,,,,,,,,,,,,,,,,,,,,,,,,,,,,,,,,,,,,,,,,,,,,,,,,,,,,,,,,,,,,,,,,,,,,,,,,,,,,,,,,,,,,,,,,,,,,,,,,,,,,,,,,,,,,,,,,,
EVT0000074,SUB00242,CNT00075,2023-12-14,23,Roku,34,100%,TRUE,FALSE,TRUE,4K,SES799318,1,,,,,,,,,,,,,,,,,,,,,,,,,,,,,,,,,,,,,,,,,,,,,,,,,,,,,,,,,,,,,,,,,,,,,,,,,,,,,,,,,,,,,,,,,,,,,,,,,,,,,,,,,,,,,,,,,,,,,,,,,
EVT0000075,SUB00387,CNT00032,2023-05-24,22,Roku,29,25-50%,FALSE,FALSE,TRUE,SD,SES253672,0,,,,,,,,,,,,,,,,,,,,,,,,,,,,,,,,,,,,,,,,,,,,,,,,,,,,,,,,,,,,,,,,,,,,,,,,,,,,,,,,,,,,,,,,,,,,,,,,,,,,,,,,,,,,,,,,,,,,,,,,,
EVT0000076,SUB00422,CNT00034,2024-03-11,10,Desktop,32,75-99%,FALSE,FALSE,TRUE,4K,SES809699,0,,,,,,,,,,,,,,,,,,,,,,,,,,,,,,,,,,,,,,,,,,,,,,,,,,,,,,,,,,,,,,,,,,,,,,,,,,,,,,,,,,,,,,,,,,,,,,,,,,,,,,,,,,,,,,,,,,,,,,,,,
EVT0000077,SUB00413,CNT00067,2024-06-22,14,Roku,68,100%,TRUE,FALSE,TRUE,HD,SES822487,1,,,,,,,,,,,,,,,,,,,,,,,,,,,,,,,,,,,,,,,,,,,,,,,,,,,,,,,,,,,,,,,,,,,,,,,,,,,,,,,,,,,,,,,,,,,,,,,,,,,,,,,,,,,,,,,,,,,,,,,,,
EVT0000078,SUB00427,CNT00019,2024-05-16,21,Fire TV,63,75-99%,FALSE,TRUE,FALSE,HD,SES654844,0,,,,,,,,,,,,,,,,,,,,,,,,,,,,,,,,,,,,,,,,,,,,,,,,,,,,,,,,,,,,,,,,,,,,,,,,,,,,,,,,,,,,,,,,,,,,,,,,,,,,,,,,,,,,,,,,,,,,,,,,,
EVT0000079,SUB00218,CNT00005,2023-05-01,23,Tablet,20,100%,TRUE,FALSE,TRUE,SD,SES226737,1,,,,,,,,,,,,,,,,,,,,,,,,,,,,,,,,,,,,,,,,,,,,,,,,,,,,,,,,,,,,,,,,,,,,,,,,,,,,,,,,,,,,,,,,,,,,,,,,,,,,,,,,,,,,,,,,,,,,,,,,,
EVT0000080,SUB00586,CNT00001,2024-01-14,15,Tablet,43,25-50%,FALSE,FALSE,TRUE,SD,SES929637,0,,,,,,,,,,,,,,,,,,,,,,,,,,,,,,,,,,,,,,,,,,,,,,,,,,,,,,,,,,,,,,,,,,,,,,,,,,,,,,,,,,,,,,,,,,,,,,,,,,,,,,,,,,,,,,,,,,,,,,,,,
EVT0000081,SUB00146,CNT00054,2023-05-27,15,Tablet,32,<25%,FALSE,TRUE,FALSE,HD,SES102187,0,,,,,,,,,,,,,,,,,,,,,,,,,,,,,,,,,,,,,,,,,,,,,,,,,,,,,,,,,,,,,,,,,,,,,,,,,,,,,,,,,,,,,,,,,,,,,,,,,,,,,,,,,,,,,,,,,,,,,,,,,
EVT0000082,SUB00561,CNT00006,2023-05-06,15,Roku,62,75-99%,FALSE,FALSE,TRUE,HD,SES974994,0,,,,,,,,,,,,,,,,,,,,,,,,,,,,,,,,,,,,,,,,,,,,,,,,,,,,,,,,,,,,,,,,,,,,,,,,,,,,,,,,,,,,,,,,,,,,,,,,,,,,,,,,,,,,,,,,,,,,,,,,,
EVT0000083,SUB00142,CNT00059,2023-05-16,20,Smart TV,115,100%,TRUE,FALSE,TRUE,SD,SES938663,1,,,,,,,,,,,,,,,,,,,,,,,,,,,,,,,,,,,,,,,,,,,,,,,,,,,,,,,,,,,,,,,,,,,,,,,,,,,,,,,,,,,,,,,,,,,,,,,,,,,,,,,,,,,,,,,,,,,,,,,,,
EVT0000084,SUB00397,CNT00072,2024-02-24,7,Fire TV,118,50-75%,FALSE,FALSE,FALSE,4K,SES777292,0,,,,,,,,,,,,,,,,,,,,,,,,,,,,,,,,,,,,,,,,,,,,,,,,,,,,,,,,,,,,,,,,,,,,,,,,,,,,,,,,,,,,,,,,,,,,,,,,,,,,,,,,,,,,,,,,,,,,,,,,,
EVT0000085,SUB00170,CNT00074,2023-04-01,15,Roku,87,100%,TRUE,TRUE,FALSE,HD,SES189288,1,,,,,,,,,,,,,,,,,,,,,,,,,,,,,,,,,,,,,,,,,,,,,,,,,,,,,,,,,,,,,,,,,,,,,,,,,,,,,,,,,,,,,,,,,,,,,,,,,,,,,,,,,,,,,,,,,,,,,,,,,
EVT0000086,SUB00634,CNT00097,2023-07-17,22,Smart TV,101,<25%,FALSE,FALSE,FALSE,SD,SES226126,0,,,,,,,,,,,,,,,,,,,,,,,,,,,,,,,,,,,,,,,,,,,,,,,,,,,,,,,,,,,,,,,,,,,,,,,,,,,,,,,,,,,,,,,,,,,,,,,,,,,,,,,,,,,,,,,,,,,,,,,,,
EVT0000087,SUB00185,CNT00036,2024-06-28,13,Fire TV,112,100%,TRUE,FALSE,TRUE,SD,SES946118,1,,,,,,,,,,,,,,,,,,,,,,,,,,,,,,,,,,,,,,,,,,,,,,,,,,,,,,,,,,,,,,,,,,,,,,,,,,,,,,,,,,,,,,,,,,,,,,,,,,,,,,,,,,,,,,,,,,,,,,,,,
EVT0000088,SUB00622,CNT00034,2024-06-30,6,Tablet,60,75-99%,FALSE,TRUE,TRUE,SD,SES653545,0,,,,,,,,,,,,,,,,,,,,,,,,,,,,,,,,,,,,,,,,,,,,,,,,,,,,,,,,,,,,,,,,,,,,,,,,,,,,,,,,,,,,,,,,,,,,,,,,,,,,,,,,,,,,,,,,,,,,,,,,,
EVT0000089,SUB00392,CNT00008,2023-11-21,23,Smart TV,41,100%,TRUE,TRUE,TRUE,4K,SES905625,1,,,,,,,,,,,,,,,,,,,,,,,,,,,,,,,,,,,,,,,,,,,,,,,,,,,,,,,,,,,,,,,,,,,,,,,,,,,,,,,,,,,,,,,,,,,,,,,,,,,,,,,,,,,,,,,,,,,,,,,,,
EVT0000090,SUB00158,CNT00092,2023-04-02,7,Roku,46,100%,TRUE,TRUE,TRUE,SD,SES412501,1,,,,,,,,,,,,,,,,,,,,,,,,,,,,,,,,,,,,,,,,,,,,,,,,,,,,,,,,,,,,,,,,,,,,,,,,,,,,,,,,,,,,,,,,,,,,,,,,,,,,,,,,,,,,,,,,,,,,,,,,,
EVT0000091,SUB00102,CNT00092,2024-02-04,14,Desktop,110,100%,TRUE,TRUE,TRUE,HD,SES351262,1,,,,,,,,,,,,,,,,,,,,,,,,,,,,,,,,,,,,,,,,,,,,,,,,,,,,,,,,,,,,,,,,,,,,,,,,,,,,,,,,,,,,,,,,,,,,,,,,,,,,,,,,,,,,,,,,,,,,,,,,,
EVT0000092,SUB00505,CNT00065,2023-08-31,9,Tablet,12,75-99%,FALSE,FALSE,TRUE,HD,SES526850,0,,,,,,,,,,,,,,,,,,,,,,,,,,,,,,,,,,,,,,,,,,,,,,,,,,,,,,,,,,,,,,,,,,,,,,,,,,,,,,,,,,,,,,,,,,,,,,,,,,,,,,,,,,,,,,,,,,,,,,,,,
EVT0000093,SUB00496,CNT00027,2023-03-09,6,Tablet,75,100%,TRUE,FALSE,FALSE,SD,SES358281,1,,,,,,,,,,,,,,,,,,,,,,,,,,,,,,,,,,,,,,,,,,,,,,,,,,,,,,,,,,,,,,,,,,,,,,,,,,,,,,,,,,,,,,,,,,,,,,,,,,,,,,,,,,,,,,,,,,,,,,,,,
EVT0000094,SUB00312,CNT00058,2023-05-09,22,Smart TV,105,<25%,FALSE,TRUE,TRUE,HD,SES276358,0,,,,,,,,,,,,,,,,,,,,,,,,,,,,,,,,,,,,,,,,,,,,,,,,,,,,,,,,,,,,,,,,,,,,,,,,,,,,,,,,,,,,,,,,,,,,,,,,,,,,,,,,,,,,,,,,,,,,,,,,,
EVT0000095,SUB00551,CNT00072,2023-09-09,6,Desktop,111,75-99%,FALSE,FALSE,TRUE,HD,SES100569,0,,,,,,,,,,,,,,,,,,,,,,,,,,,,,,,,,,,,,,,,,,,,,,,,,,,,,,,,,,,,,,,,,,,,,,,,,,,,,,,,,,,,,,,,,,,,,,,,,,,,,,,,,,,,,,,,,,,,,,,,,
EVT0000096,SUB00494,CNT00049,2023-03-03,18,Tablet,112,100%,TRUE,FALSE,TRUE,HD,SES981521,1,,,,,,,,,,,,,,,,,,,,,,,,,,,,,,,,,,,,,,,,,,,,,,,,,,,,,,,,,,,,,,,,,,,,,,,,,,,,,,,,,,,,,,,,,,,,,,,,,,,,,,,,,,,,,,,,,,,,,,,,,
EVT0000097,SUB00289,CNT00082,2024-06-06,8,Tablet,16,75-99%,FALSE,FALSE,FALSE,SD,SES970840,0,,,,,,,,,,,,,,,,,,,,,,,,,,,,,,,,,,,,,,,,,,,,,,,,,,,,,,,,,,,,,,,,,,,,,,,,,,,,,,,,,,,,,,,,,,,,,,,,,,,,,,,,,,,,,,,,,,,,,,,,,
EVT0000098,SUB00570,CNT00056,2023-05-24,22,Tablet,118,50-75%,FALSE,FALSE,TRUE,4K,SES889256,0,,,,,,,,,,,,,,,,,,,,,,,,,,,,,,,,,,,,,,,,,,,,,,,,,,,,,,,,,,,,,,,,,,,,,,,,,,,,,,,,,,,,,,,,,,,,,,,,,,,,,,,,,,,,,,,,,,,,,,,,,
EVT0000099,SUB00280,CNT00071,2024-04-08,20,Roku,47,50-75%,FALSE,TRUE,FALSE,HD,SES777844,0,,,,,,,,,,,,,,,,,,,,,,,,,,,,,,,,,,,,,,,,,,,,,,,,,,,,,,,,,,,,,,,,,,,,,,,,,,,,,,,,,,,,,,,,,,,,,,,,,,,,,,,,,,,,,,,,,,,,,,,,,
EVT0000100,SUB00624,CNT00002,2023-01-03,19,Roku,119,100%,TRUE,FALSE,FALSE,HD,SES899502,1,,,,,,,,,,,,,,,,,,,,,,,,,,,,,,,,,,,,,,,,,,,,,,,,,,,,,,,,,,,,,,,,,,,,,,,,,,,,,,,,,,,,,,,,,,,,,,,,,,,,,,,,,,,,,,,,,,,,,,,,,
EVT0000101,SUB00552,CNT00091,2024-02-07,8,Roku,8,100%,TRUE,FALSE,TRUE,SD,SES470141,1,,,,,,,,,,,,,,,,,,,,,,,,,,,,,,,,,,,,,,,,,,,,,,,,,,,,,,,,,,,,,,,,,,,,,,,,,,,,,,,,,,,,,,,,,,,,,,,,,,,,,,,,,,,,,,,,,,,,,,,,,
EVT0000102,SUB00616,CNT00010,2024-01-21,6,Mobile,64,100%,TRUE,FALSE,TRUE,HD,SES109818,1,,,,,,,,,,,,,,,,,,,,,,,,,,,,,,,,,,,,,,,,,,,,,,,,,,,,,,,,,,,,,,,,,,,,,,,,,,,,,,,,,,,,,,,,,,,,,,,,,,,,,,,,,,,,,,,,,,,,,,,,,
EVT0000103,SUB00021,CNT00088,2023-08-15,17,Smart TV,16,100%,TRUE,FALSE,FALSE,4K,SES947684,1,,,,,,,,,,,,,,,,,,,,,,,,,,,,,,,,,,,,,,,,,,,,,,,,,,,,,,,,,,,,,,,,,,,,,,,,,,,,,,,,,,,,,,,,,,,,,,,,,,,,,,,,,,,,,,,,,,,,,,,,,
EVT0000104,SUB00240,CNT00047,2023-08-15,21,Fire TV,95,<25%,FALSE,FALSE,TRUE,SD,SES305611,0,,,,,,,,,,,,,,,,,,,,,,,,,,,,,,,,,,,,,,,,,,,,,,,,,,,,,,,,,,,,,,,,,,,,,,,,,,,,,,,,,,,,,,,,,,,,,,,,,,,,,,,,,,,,,,,,,,,,,,,,,
EVT0000105,SUB00114,CNT00073,2024-02-10,11,Roku,29,75-99%,FALSE,FALSE,FALSE,HD,SES804827,0,,,,,,,,,,,,,,,,,,,,,,,,,,,,,,,,,,,,,,,,,,,,,,,,,,,,,,,,,,,,,,,,,,,,,,,,,,,,,,,,,,,,,,,,,,,,,,,,,,,,,,,,,,,,,,,,,,,,,,,,,
EVT0000106,SUB00067,CNT00096,2023-06-29,14,Roku,114,<25%,FALSE,TRUE,FALSE,4K,SES301170,0,,,,,,,,,,,,,,,,,,,,,,,,,,,,,,,,,,,,,,,,,,,,,,,,,,,,,,,,,,,,,,,,,,,,,,,,,,,,,,,,,,,,,,,,,,,,,,,,,,,,,,,,,,,,,,,,,,,,,,,,,
EVT0000107,SUB00695,CNT00033,2023-01-24,20,Mobile,59,100%,TRUE,FALSE,FALSE,SD,SES995336,1,,,,,,,,,,,,,,,,,,,,,,,,,,,,,,,,,,,,,,,,,,,,,,,,,,,,,,,,,,,,,,,,,,,,,,,,,,,,,,,,,,,,,,,,,,,,,,,,,,,,,,,,,,,,,,,,,,,,,,,,,
EVT0000108,SUB00443,CNT00053,2023-11-27,22,Desktop,68,50-75%,FALSE,FALSE,FALSE,SD,SES856254,0,,,,,,,,,,,,,,,,,,,,,,,,,,,,,,,,,,,,,,,,,,,,,,,,,,,,,,,,,,,,,,,,,,,,,,,,,,,,,,,,,,,,,,,,,,,,,,,,,,,,,,,,,,,,,,,,,,,,,,,,,
EVT0000109,SUB00049,CNT00045,2023-08-18,16,Mobile,55,75-99%,FALSE,TRUE,TRUE,SD,SES699596,0,,,,,,,,,,,,,,,,,,,,,,,,,,,,,,,,,,,,,,,,,,,,,,,,,,,,,,,,,,,,,,,,,,,,,,,,,,,,,,,,,,,,,,,,,,,,,,,,,,,,,,,,,,,,,,,,,,,,,,,,,
EVT0000110,SUB00232,CNT00055,2023-01-26,13,Smart TV,26,100%,TRUE,FALSE,TRUE,SD,SES756403,1,,,,,,,,,,,,,,,,,,,,,,,,,,,,,,,,,,,,,,,,,,,,,,,,,,,,,,,,,,,,,,,,,,,,,,,,,,,,,,,,,,,,,,,,,,,,,,,,,,,,,,,,,,,,,,,,,,,,,,,,,
EVT0000111,SUB00029,CNT00004,2023-04-10,16,Tablet,36,100%,TRUE,TRUE,TRUE,HD,SES457356,1,,,,,,,,,,,,,,,,,,,,,,,,,,,,,,,,,,,,,,,,,,,,,,,,,,,,,,,,,,,,,,,,,,,,,,,,,,,,,,,,,,,,,,,,,,,,,,,,,,,,,,,,,,,,,,,,,,,,,,,,,
EVT0000112,SUB00342,CNT00031,2023-02-25,20,Mobile,85,100%,TRUE,FALSE,FALSE,SD,SES189689,1,,,,,,,,,,,,,,,,,,,,,,,,,,,,,,,,,,,,,,,,,,,,,,,,,,,,,,,,,,,,,,,,,,,,,,,,,,,,,,,,,,,,,,,,,,,,,,,,,,,,,,,,,,,,,,,,,,,,,,,,,
EVT0000113,SUB00035,CNT00091,2023-03-04,8,Smart TV,12,100%,TRUE,FALSE,TRUE,4K,SES740405,1,,,,,,,,,,,,,,,,,,,,,,,,,,,,,,,,,,,,,,,,,,,,,,,,,,,,,,,,,,,,,,,,,,,,,,,,,,,,,,,,,,,,,,,,,,,,,,,,,,,,,,,,,,,,,,,,,,,,,,,,,
EVT0000114,SUB00068,CNT00065,2024-03-18,15,Desktop,56,100%,TRUE,TRUE,FALSE,HD,SES344435,1,,,,,,,,,,,,,,,,,,,,,,,,,,,,,,,,,,,,,,,,,,,,,,,,,,,,,,,,,,,,,,,,,,,,,,,,,,,,,,,,,,,,,,,,,,,,,,,,,,,,,,,,,,,,,,,,,,,,,,,,,
EVT0000115,SUB00465,CNT00002,2023-01-11,9,Tablet,88,100%,TRUE,FALSE,TRUE,HD,SES642337,1,,,,,,,,,,,,,,,,,,,,,,,,,,,,,,,,,,,,,,,,,,,,,,,,,,,,,,,,,,,,,,,,,,,,,,,,,,,,,,,,,,,,,,,,,,,,,,,,,,,,,,,,,,,,,,,,,,,,,,,,,
EVT0000116,SUB00602,CNT00008,2023-12-03,8,Roku,106,<25%,FALSE,TRUE,FALSE,HD,SES768324,0,,,,,,,,,,,,,,,,,,,,,,,,,,,,,,,,,,,,,,,,,,,,,,,,,,,,,,,,,,,,,,,,,,,,,,,,,,,,,,,,,,,,,,,,,,,,,,,,,,,,,,,,,,,,,,,,,,,,,,,,,
EVT0000117,SUB00263,CNT00049,2024-06-05,20,Smart TV,36,100%,TRUE,TRUE,TRUE,SD,SES233882,1,,,,,,,,,,,,,,,,,,,,,,,,,,,,,,,,,,,,,,,,,,,,,,,,,,,,,,,,,,,,,,,,,,,,,,,,,,,,,,,,,,,,,,,,,,,,,,,,,,,,,,,,,,,,,,,,,,,,,,,,,
EVT0000118,SUB00599,CNT00084,2023-11-16,15,Roku,118,100%,TRUE,FALSE,TRUE,HD,SES592331,1,,,,,,,,,,,,,,,,,,,,,,,,,,,,,,,,,,,,,,,,,,,,,,,,,,,,,,,,,,,,,,,,,,,,,,,,,,,,,,,,,,,,,,,,,,,,,,,,,,,,,,,,,,,,,,,,,,,,,,,,,
EVT0000119,SUB00618,CNT00042,2023-11-13,22,Roku,89,100%,TRUE,FALSE,TRUE,SD,SES348918,1,,,,,,,,,,,,,,,,,,,,,,,,,,,,,,,,,,,,,,,,,,,,,,,,,,,,,,,,,,,,,,,,,,,,,,,,,,,,,,,,,,,,,,,,,,,,,,,,,,,,,,,,,,,,,,,,,,,,,,,,,
EVT0000120,SUB00573,CNT00055,2024-06-03,12,Fire TV,30,50-75%,FALSE,TRUE,TRUE,HD,SES800302,0,,,,,,,,,,,,,,,,,,,,,,,,,,,,,,,,,,,,,,,,,,,,,,,,,,,,,,,,,,,,,,,,,,,,,,,,,,,,,,,,,,,,,,,,,,,,,,,,,,,,,,,,,,,,,,,,,,,,,,,,,
EVT0000121,SUB00479,CNT00043,2024-05-02,16,Roku,43,100%,TRUE,FALSE,TRUE,HD,SES209940,1,,,,,,,,,,,,,,,,,,,,,,,,,,,,,,,,,,,,,,,,,,,,,,,,,,,,,,,,,,,,,,,,,,,,,,,,,,,,,,,,,,,,,,,,,,,,,,,,,,,,,,,,,,,,,,,,,,,,,,,,,
EVT0000122,SUB00044,CNT00001,2024-04-10,13,Desktop,84,100%,TRUE,TRUE,TRUE,HD,SES870269,1,,,,,,,,,,,,,,,,,,,,,,,,,,,,,,,,,,,,,,,,,,,,,,,,,,,,,,,,,,,,,,,,,,,,,,,,,,,,,,,,,,,,,,,,,,,,,,,,,,,,,,,,,,,,,,,,,,,,,,,,,
EVT0000123,SUB00385,CNT00022,2023-12-06,6,Tablet,6,100%,TRUE,TRUE,TRUE,SD,SES681636,1,,,,,,,,,,,,,,,,,,,,,,,,,,,,,,,,,,,,,,,,,,,,,,,,,,,,,,,,,,,,,,,,,,,,,,,,,,,,,,,,,,,,,,,,,,,,,,,,,,,,,,,,,,,,,,,,,,,,,,,,,
EVT0000124,SUB00146,CNT00023,2023-04-28,17,Mobile,8,100%,TRUE,TRUE,TRUE,4K,SES282605,1,,,,,,,,,,,,,,,,,,,,,,,,,,,,,,,,,,,,,,,,,,,,,,,,,,,,,,,,,,,,,,,,,,,,,,,,,,,,,,,,,,,,,,,,,,,,,,,,,,,,,,,,,,,,,,,,,,,,,,,,,
EVT0000125,SUB00269,CNT00044,2023-08-13,13,Smart TV,30,100%,TRUE,TRUE,TRUE,4K,SES206105,1,,,,,,,,,,,,,,,,,,,,,,,,,,,,,,,,,,,,,,,,,,,,,,,,,,,,,,,,,,,,,,,,,,,,,,,,,,,,,,,,,,,,,,,,,,,,,,,,,,,,,,,,,,,,,,,,,,,,,,,,,
EVT0000126,SUB00694,CNT00070,2023-01-22,9,Tablet,31,100%,TRUE,FALSE,TRUE,HD,SES487596,1,,,,,,,,,,,,,,,,,,,,,,,,,,,,,,,,,,,,,,,,,,,,,,,,,,,,,,,,,,,,,,,,,,,,,,,,,,,,,,,,,,,,,,,,,,,,,,,,,,,,,,,,,,,,,,,,,,,,,,,,,
EVT0000127,SUB00677,CNT00059,2024-01-17,19,Fire TV,13,100%,TRUE,TRUE,TRUE,HD,SES933511,1,,,,,,,,,,,,,,,,,,,,,,,,,,,,,,,,,,,,,,,,,,,,,,,,,,,,,,,,,,,,,,,,,,,,,,,,,,,,,,,,,,,,,,,,,,,,,,,,,,,,,,,,,,,,,,,,,,,,,,,,,
EVT0000128,SUB00197,CNT00089,2023-07-14,19,Fire TV,36,75-99%,FALSE,TRUE,FALSE,HD,SES298287,0,,,,,,,,,,,,,,,,,,,,,,,,,,,,,,,,,,,,,,,,,,,,,,,,,,,,,,,,,,,,,,,,,,,,,,,,,,,,,,,,,,,,,,,,,,,,,,,,,,,,,,,,,,,,,,,,,,,,,,,,,
EVT0000129,SUB00153,CNT00012,2023-10-29,14,Smart TV,113,100%,TRUE,FALSE,FALSE,HD,SES319401,1,,,,,,,,,,,,,,,,,,,,,,,,,,,,,,,,,,,,,,,,,,,,,,,,,,,,,,,,,,,,,,,,,,,,,,,,,,,,,,,,,,,,,,,,,,,,,,,,,,,,,,,,,,,,,,,,,,,,,,,,,
EVT0000130,SUB00482,CNT00079,2023-03-25,22,Desktop,101,<25%,FALSE,FALSE,FALSE,4K,SES622807,0,,,,,,,,,,,,,,,,,,,,,,,,,,,,,,,,,,,,,,,,,,,,,,,,,,,,,,,,,,,,,,,,,,,,,,,,,,,,,,,,,,,,,,,,,,,,,,,,,,,,,,,,,,,,,,,,,,,,,,,,,
EVT0000131,SUB00476,CNT00071,2024-06-15,21,Fire TV,68,75-99%,FALSE,FALSE,TRUE,HD,SES520422,0,,,,,,,,,,,,,,,,,,,,,,,,,,,,,,,,,,,,,,,,,,,,,,,,,,,,,,,,,,,,,,,,,,,,,,,,,,,,,,,,,,,,,,,,,,,,,,,,,,,,,,,,,,,,,,,,,,,,,,,,,
EVT0000132,SUB00213,CNT00013,2023-02-07,13,Desktop,32,75-99%,FALSE,FALSE,TRUE,HD,SES699125,0,,,,,,,,,,,,,,,,,,,,,,,,,,,,,,,,,,,,,,,,,,,,,,,,,,,,,,,,,,,,,,,,,,,,,,,,,,,,,,,,,,,,,,,,,,,,,,,,,,,,,,,,,,,,,,,,,,,,,,,,,
EVT0000133,SUB00384,CNT00007,2023-06-10,8,Tablet,61,25-50%,FALSE,FALSE,TRUE,HD,SES712328,0,,,,,,,,,,,,,,,,,,,,,,,,,,,,,,,,,,,,,,,,,,,,,,,,,,,,,,,,,,,,,,,,,,,,,,,,,,,,,,,,,,,,,,,,,,,,,,,,,,,,,,,,,,,,,,,,,,,,,,,,,
EVT0000134,SUB00477,CNT00044,2023-02-12,20,Desktop,57,75-99%,FALSE,FALSE,TRUE,4K,SES386281,0,,,,,,,,,,,,,,,,,,,,,,,,,,,,,,,,,,,,,,,,,,,,,,,,,,,,,,,,,,,,,,,,,,,,,,,,,,,,,,,,,,,,,,,,,,,,,,,,,,,,,,,,,,,,,,,,,,,,,,,,,
EVT0000135,SUB00026,CNT00014,2024-01-27,8,Tablet,120,50-75%,FALSE,TRUE,TRUE,HD,SES637700,0,,,,,,,,,,,,,,,,,,,,,,,,,,,,,,,,,,,,,,,,,,,,,,,,,,,,,,,,,,,,,,,,,,,,,,,,,,,,,,,,,,,,,,,,,,,,,,,,,,,,,,,,,,,,,,,,,,,,,,,,,
EVT0000136,SUB00284,CNT00013,2023-03-22,17,Mobile,74,25-50%,FALSE,TRUE,TRUE,HD,SES807901,0,,,,,,,,,,,,,,,,,,,,,,,,,,,,,,,,,,,,,,,,,,,,,,,,,,,,,,,,,,,,,,,,,,,,,,,,,,,,,,,,,,,,,,,,,,,,,,,,,,,,,,,,,,,,,,,,,,,,,,,,,
EVT0000137,SUB00257,CNT00052,2023-12-04,10,Fire TV,99,25-50%,FALSE,FALSE,TRUE,SD,SES907483,0,,,,,,,,,,,,,,,,,,,,,,,,,,,,,,,,,,,,,,,,,,,,,,,,,,,,,,,,,,,,,,,,,,,,,,,,,,,,,,,,,,,,,,,,,,,,,,,,,,,,,,,,,,,,,,,,,,,,,,,,,
EVT0000138,SUB00289,CNT00052,2023-11-03,6,Desktop,88,100%,TRUE,FALSE,TRUE,HD,SES338633,1,,,,,,,,,,,,,,,,,,,,,,,,,,,,,,,,,,,,,,,,,,,,,,,,,,,,,,,,,,,,,,,,,,,,,,,,,,,,,,,,,,,,,,,,,,,,,,,,,,,,,,,,,,,,,,,,,,,,,,,,,
EVT0000139,SUB00215,CNT00067,2023-08-21,23,Desktop,97,100%,TRUE,FALSE,TRUE,SD,SES428282,1,,,,,,,,,,,,,,,,,,,,,,,,,,,,,,,,,,,,,,,,,,,,,,,,,,,,,,,,,,,,,,,,,,,,,,,,,,,,,,,,,,,,,,,,,,,,,,,,,,,,,,,,,,,,,,,,,,,,,,,,,
EVT0000140,SUB00440,CNT00090,2023-07-12,20,Desktop,114,75-99%,FALSE,FALSE,TRUE,4K,SES245699,0,,,,,,,,,,,,,,,,,,,,,,,,,,,,,,,,,,,,,,,,,,,,,,,,,,,,,,,,,,,,,,,,,,,,,,,,,,,,,,,,,,,,,,,,,,,,,,,,,,,,,,,,,,,,,,,,,,,,,,,,,
EVT0000141,SUB00313,CNT00002,2023-05-12,17,Tablet,33,75-99%,FALSE,FALSE,TRUE,HD,SES899897,0,,,,,,,,,,,,,,,,,,,,,,,,,,,,,,,,,,,,,,,,,,,,,,,,,,,,,,,,,,,,,,,,,,,,,,,,,,,,,,,,,,,,,,,,,,,,,,,,,,,,,,,,,,,,,,,,,,,,,,,,,
EVT0000142,SUB00334,CNT00073,2023-11-03,10,Smart TV,47,100%,TRUE,FALSE,FALSE,HD,SES737363,1,,,,,,,,,,,,,,,,,,,,,,,,,,,,,,,,,,,,,,,,,,,,,,,,,,,,,,,,,,,,,,,,,,,,,,,,,,,,,,,,,,,,,,,,,,,,,,,,,,,,,,,,,,,,,,,,,,,,,,,,,
EVT0000143,SUB00391,CNT00044,2024-02-05,18,Smart TV,65,<25%,FALSE,TRUE,TRUE,HD,SES573469,0,,,,,,,,,,,,,,,,,,,,,,,,,,,,,,,,,,,,,,,,,,,,,,,,,,,,,,,,,,,,,,,,,,,,,,,,,,,,,,,,,,,,,,,,,,,,,,,,,,,,,,,,,,,,,,,,,,,,,,,,,
EVT0000144,SUB00096,CNT00078,2023-11-08,7,Fire TV,82,100%,TRUE,FALSE,TRUE,HD,SES308665,1,,,,,,,,,,,,,,,,,,,,,,,,,,,,,,,,,,,,,,,,,,,,,,,,,,,,,,,,,,,,,,,,,,,,,,,,,,,,,,,,,,,,,,,,,,,,,,,,,,,,,,,,,,,,,,,,,,,,,,,,,
EVT0000145,SUB00396,CNT00014,2023-03-13,22,Mobile,63,50-75%,FALSE,TRUE,TRUE,HD,SES111583,0,,,,,,,,,,,,,,,,,,,,,,,,,,,,,,,,,,,,,,,,,,,,,,,,,,,,,,,,,,,,,,,,,,,,,,,,,,,,,,,,,,,,,,,,,,,,,,,,,,,,,,,,,,,,,,,,,,,,,,,,,
EVT0000146,SUB00335,CNT00053,2023-06-25,9,Smart TV,73,75-99%,FALSE,FALSE,TRUE,SD,SES507888,0,,,,,,,,,,,,,,,,,,,,,,,,,,,,,,,,,,,,,,,,,,,,,,,,,,,,,,,,,,,,,,,,,,,,,,,,,,,,,,,,,,,,,,,,,,,,,,,,,,,,,,,,,,,,,,,,,,,,,,,,,
EVT0000147,SUB00134,CNT00040,2023-07-31,21,Smart TV,82,75-99%,FALSE,FALSE,TRUE,HD,SES312832,0,,,,,,,,,,,,,,,,,,,,,,,,,,,,,,,,,,,,,,,,,,,,,,,,,,,,,,,,,,,,,,,,,,,,,,,,,,,,,,,,,,,,,,,,,,,,,,,,,,,,,,,,,,,,,,,,,,,,,,,,,
EVT0000148,SUB00470,CNT00001,2024-05-29,20,Mobile,110,100%,TRUE,FALSE,FALSE,HD,SES651400,1,,,,,,,,,,,,,,,,,,,,,,,,,,,,,,,,,,,,,,,,,,,,,,,,,,,,,,,,,,,,,,,,,,,,,,,,,,,,,,,,,,,,,,,,,,,,,,,,,,,,,,,,,,,,,,,,,,,,,,,,,
EVT0000149,SUB00583,CNT00059,2023-12-03,7,Fire TV,16,75-99%,FALSE,FALSE,FALSE,HD,SES463627,0,,,,,,,,,,,,,,,,,,,,,,,,,,,,,,,,,,,,,,,,,,,,,,,,,,,,,,,,,,,,,,,,,,,,,,,,,,,,,,,,,,,,,,,,,,,,,,,,,,,,,,,,,,,,,,,,,,,,,,,,,
EVT0000150,SUB00401,CNT00023,2023-11-01,11,Roku,98,75-99%,FALSE,FALSE,TRUE,HD,SES791095,0,,,,,,,,,,,,,,,,,,,,,,,,,,,,,,,,,,,,,,,,,,,,,,,,,,,,,,,,,,,,,,,,,,,,,,,,,,,,,,,,,,,,,,,,,,,,,,,,,,,,,,,,,,,,,,,,,,,,,,,,,
EVT0000151,SUB00583,CNT00006,2023-07-07,11,Tablet,117,50-75%,FALSE,FALSE,FALSE,4K,SES799040,0,,,,,,,,,,,,,,,,,,,,,,,,,,,,,,,,,,,,,,,,,,,,,,,,,,,,,,,,,,,,,,,,,,,,,,,,,,,,,,,,,,,,,,,,,,,,,,,,,,,,,,,,,,,,,,,,,,,,,,,,,
EVT0000152,SUB00223,CNT00053,2023-03-10,23,Mobile,52,100%,TRUE,TRUE,TRUE,HD,SES903774,1,,,,,,,,,,,,,,,,,,,,,,,,,,,,,,,,,,,,,,,,,,,,,,,,,,,,,,,,,,,,,,,,,,,,,,,,,,,,,,,,,,,,,,,,,,,,,,,,,,,,,,,,,,,,,,,,,,,,,,,,,
EVT0000153,SUB00420,CNT00033,2023-11-30,7,Desktop,8,50-75%,FALSE,TRUE,FALSE,HD,SES499670,0,,,,,,,,,,,,,,,,,,,,,,,,,,,,,,,,,,,,,,,,,,,,,,,,,,,,,,,,,,,,,,,,,,,,,,,,,,,,,,,,,,,,,,,,,,,,,,,,,,,,,,,,,,,,,,,,,,,,,,,,,
EVT0000154,SUB00409,CNT00051,2023-12-18,14,Mobile,95,<25%,FALSE,TRUE,TRUE,HD,SES608306,0,,,,,,,,,,,,,,,,,,,,,,,,,,,,,,,,,,,,,,,,,,,,,,,,,,,,,,,,,,,,,,,,,,,,,,,,,,,,,,,,,,,,,,,,,,,,,,,,,,,,,,,,,,,,,,,,,,,,,,,,,
EVT0000155,SUB00070,CNT00001,2024-04-17,20,Smart TV,65,100%,TRUE,FALSE,TRUE,HD,SES979226,1,,,,,,,,,,,,,,,,,,,,,,,,,,,,,,,,,,,,,,,,,,,,,,,,,,,,,,,,,,,,,,,,,,,,,,,,,,,,,,,,,,,,,,,,,,,,,,,,,,,,,,,,,,,,,,,,,,,,,,,,,
EVT0000156,SUB00622,CNT00052,2023-01-19,18,Smart TV,14,25-50%,FALSE,FALSE,TRUE,4K,SES260952,0,,,,,,,,,,,,,,,,,,,,,,,,,,,,,,,,,,,,,,,,,,,,,,,,,,,,,,,,,,,,,,,,,,,,,,,,,,,,,,,,,,,,,,,,,,,,,,,,,,,,,,,,,,,,,,,,,,,,,,,,,
EVT0000157,SUB00367,CNT00080,2024-03-27,23,Smart TV,61,<25%,FALSE,FALSE,TRUE,HD,SES772149,0,,,,,,,,,,,,,,,,,,,,,,,,,,,,,,,,,,,,,,,,,,,,,,,,,,,,,,,,,,,,,,,,,,,,,,,,,,,,,,,,,,,,,,,,,,,,,,,,,,,,,,,,,,,,,,,,,,,,,,,,,
EVT0000158,SUB00400,CNT00057,2023-04-16,6,Mobile,103,<25%,FALSE,FALSE,TRUE,HD,SES492843,0,,,,,,,,,,,,,,,,,,,,,,,,,,,,,,,,,,,,,,,,,,,,,,,,,,,,,,,,,,,,,,,,,,,,,,,,,,,,,,,,,,,,,,,,,,,,,,,,,,,,,,,,,,,,,,,,,,,,,,,,,
EVT0000159,SUB00205,CNT00045,2023-09-02,6,Tablet,110,<25%,FALSE,TRUE,FALSE,SD,SES331282,0,,,,,,,,,,,,,,,,,,,,,,,,,,,,,,,,,,,,,,,,,,,,,,,,,,,,,,,,,,,,,,,,,,,,,,,,,,,,,,,,,,,,,,,,,,,,,,,,,,,,,,,,,,,,,,,,,,,,,,,,,
EVT0000160,SUB00681,CNT00010,2023-04-09,22,Mobile,109,<25%,FALSE,FALSE,TRUE,HD,SES757233,0,,,,,,,,,,,,,,,,,,,,,,,,,,,,,,,,,,,,,,,,,,,,,,,,,,,,,,,,,,,,,,,,,,,,,,,,,,,,,,,,,,,,,,,,,,,,,,,,,,,,,,,,,,,,,,,,,,,,,,,,,
EVT0000161,SUB00640,CNT00060,2023-07-14,19,Mobile,34,75-99%,FALSE,TRUE,TRUE,4K,SES439075,0,,,,,,,,,,,,,,,,,,,,,,,,,,,,,,,,,,,,,,,,,,,,,,,,,,,,,,,,,,,,,,,,,,,,,,,,,,,,,,,,,,,,,,,,,,,,,,,,,,,,,,,,,,,,,,,,,,,,,,,,,
EVT0000162,SUB00016,CNT00041,2023-06-27,12,Desktop,33,<25%,FALSE,TRUE,FALSE,4K,SES781516,0,,,,,,,,,,,,,,,,,,,,,,,,,,,,,,,,,,,,,,,,,,,,,,,,,,,,,,,,,,,,,,,,,,,,,,,,,,,,,,,,,,,,,,,,,,,,,,,,,,,,,,,,,,,,,,,,,,,,,,,,,
EVT0000163,SUB00045,CNT00013,2024-01-13,21,Mobile,96,75-99%,FALSE,FALSE,FALSE,HD,SES364178,0,,,,,,,,,,,,,,,,,,,,,,,,,,,,,,,,,,,,,,,,,,,,,,,,,,,,,,,,,,,,,,,,,,,,,,,,,,,,,,,,,,,,,,,,,,,,,,,,,,,,,,,,,,,,,,,,,,,,,,,,,
EVT0000164,SUB00615,CNT00002,2023-04-08,10,Tablet,27,100%,TRUE,FALSE,FALSE,4K,SES992919,1,,,,,,,,,,,,,,,,,,,,,,,,,,,,,,,,,,,,,,,,,,,,,,,,,,,,,,,,,,,,,,,,,,,,,,,,,,,,,,,,,,,,,,,,,,,,,,,,,,,,,,,,,,,,,,,,,,,,,,,,,
EVT0000165,SUB00070,CNT00002,2024-05-08,13,Roku,80,75-99%,FALSE,FALSE,TRUE,HD,SES122243,0,,,,,,,,,,,,,,,,,,,,,,,,,,,,,,,,,,,,,,,,,,,,,,,,,,,,,,,,,,,,,,,,,,,,,,,,,,,,,,,,,,,,,,,,,,,,,,,,,,,,,,,,,,,,,,,,,,,,,,,,,
EVT0000166,SUB00317,CNT00092,2023-05-08,8,Mobile,22,100%,TRUE,FALSE,TRUE,4K,SES311824,1,,,,,,,,,,,,,,,,,,,,,,,,,,,,,,,,,,,,,,,,,,,,,,,,,,,,,,,,,,,,,,,,,,,,,,,,,,,,,,,,,,,,,,,,,,,,,,,,,,,,,,,,,,,,,,,,,,,,,,,,,
EVT0000167,SUB00385,CNT00011,2023-06-05,20,Fire TV,117,50-75%,FALSE,FALSE,TRUE,4K,SES432963,0,,,,,,,,,,,,,,,,,,,,,,,,,,,,,,,,,,,,,,,,,,,,,,,,,,,,,,,,,,,,,,,,,,,,,,,,,,,,,,,,,,,,,,,,,,,,,,,,,,,,,,,,,,,,,,,,,,,,,,,,,
EVT0000168,SUB00534,CNT00054,2023-02-10,15,Mobile,34,100%,TRUE,FALSE,TRUE,4K,SES354016,1,,,,,,,,,,,,,,,,,,,,,,,,,,,,,,,,,,,,,,,,,,,,,,,,,,,,,,,,,,,,,,,,,,,,,,,,,,,,,,,,,,,,,,,,,,,,,,,,,,,,,,,,,,,,,,,,,,,,,,,,,
EVT0000169,SUB00553,CNT00051,2023-07-30,13,Roku,116,100%,TRUE,FALSE,FALSE,4K,SES292461,1,,,,,,,,,,,,,,,,,,,,,,,,,,,,,,,,,,,,,,,,,,,,,,,,,,,,,,,,,,,,,,,,,,,,,,,,,,,,,,,,,,,,,,,,,,,,,,,,,,,,,,,,,,,,,,,,,,,,,,,,,
EVT0000170,SUB00645,CNT00073,2024-03-28,12,Mobile,86,<25%,FALSE,TRUE,TRUE,HD,SES196216,0,,,,,,,,,,,,,,,,,,,,,,,,,,,,,,,,,,,,,,,,,,,,,,,,,,,,,,,,,,,,,,,,,,,,,,,,,,,,,,,,,,,,,,,,,,,,,,,,,,,,,,,,,,,,,,,,,,,,,,,,,
EVT0000171,SUB00607,CNT00027,2023-06-27,8,Desktop,97,50-75%,FALSE,FALSE,TRUE,HD,SES856729,0,,,,,,,,,,,,,,,,,,,,,,,,,,,,,,,,,,,,,,,,,,,,,,,,,,,,,,,,,,,,,,,,,,,,,,,,,,,,,,,,,,,,,,,,,,,,,,,,,,,,,,,,,,,,,,,,,,,,,,,,,
EVT0000172,SUB00251,CNT00078,2023-07-22,15,Roku,62,50-75%,FALSE,FALSE,TRUE,4K,SES919240,0,,,,,,,,,,,,,,,,,,,,,,,,,,,,,,,,,,,,,,,,,,,,,,,,,,,,,,,,,,,,,,,,,,,,,,,,,,,,,,,,,,,,,,,,,,,,,,,,,,,,,,,,,,,,,,,,,,,,,,,,,
EVT0000173,SUB00082,CNT00047,2024-05-07,11,Desktop,61,75-99%,FALSE,FALSE,FALSE,HD,SES870627,0,,,,,,,,,,,,,,,,,,,,,,,,,,,,,,,,,,,,,,,,,,,,,,,,,,,,,,,,,,,,,,,,,,,,,,,,,,,,,,,,,,,,,,,,,,,,,,,,,,,,,,,,,,,,,,,,,,,,,,,,,
EVT0000174,SUB00160,CNT00062,2024-03-19,18,Desktop,114,<25%,FALSE,TRUE,TRUE,HD,SES663292,0,,,,,,,,,,,,,,,,,,,,,,,,,,,,,,,,,,,,,,,,,,,,,,,,,,,,,,,,,,,,,,,,,,,,,,,,,,,,,,,,,,,,,,,,,,,,,,,,,,,,,,,,,,,,,,,,,,,,,,,,,
EVT0000175,SUB00567,CNT00033,2023-06-06,15,Desktop,41,75-99%,FALSE,FALSE,FALSE,HD,SES604201,0,,,,,,,,,,,,,,,,,,,,,,,,,,,,,,,,,,,,,,,,,,,,,,,,,,,,,,,,,,,,,,,,,,,,,,,,,,,,,,,,,,,,,,,,,,,,,,,,,,,,,,,,,,,,,,,,,,,,,,,,,
EVT0000176,SUB00342,CNT00056,2023-03-15,12,Mobile,6,25-50%,FALSE,FALSE,FALSE,4K,SES615326,0,,,,,,,,,,,,,,,,,,,,,,,,,,,,,,,,,,,,,,,,,,,,,,,,,,,,,,,,,,,,,,,,,,,,,,,,,,,,,,,,,,,,,,,,,,,,,,,,,,,,,,,,,,,,,,,,,,,,,,,,,
EVT0000177,SUB00426,CNT00096,2024-02-19,21,Tablet,87,75-99%,FALSE,FALSE,TRUE,HD,SES140712,0,,,,,,,,,,,,,,,,,,,,,,,,,,,,,,,,,,,,,,,,,,,,,,,,,,,,,,,,,,,,,,,,,,,,,,,,,,,,,,,,,,,,,,,,,,,,,,,,,,,,,,,,,,,,,,,,,,,,,,,,,
EVT0000178,SUB00395,CNT00021,2023-05-08,19,Tablet,103,25-50%,FALSE,FALSE,TRUE,HD,SES843575,0,,,,,,,,,,,,,,,,,,,,,,,,,,,,,,,,,,,,,,,,,,,,,,,,,,,,,,,,,,,,,,,,,,,,,,,,,,,,,,,,,,,,,,,,,,,,,,,,,,,,,,,,,,,,,,,,,,,,,,,,,
EVT0000179,SUB00651,CNT00090,2024-05-15,18,Desktop,99,<25%,FALSE,TRUE,TRUE,HD,SES136183,0,,,,,,,,,,,,,,,,,,,,,,,,,,,,,,,,,,,,,,,,,,,,,,,,,,,,,,,,,,,,,,,,,,,,,,,,,,,,,,,,,,,,,,,,,,,,,,,,,,,,,,,,,,,,,,,,,,,,,,,,,
EVT0000180,SUB00647,CNT00004,2024-01-06,10,Tablet,82,100%,TRUE,FALSE,FALSE,HD,SES366640,1,,,,,,,,,,,,,,,,,,,,,,,,,,,,,,,,,,,,,,,,,,,,,,,,,,,,,,,,,,,,,,,,,,,,,,,,,,,,,,,,,,,,,,,,,,,,,,,,,,,,,,,,,,,,,,,,,,,,,,,,,
EVT0000181,SUB00617,CNT00085,2023-09-11,6,Mobile,103,100%,TRUE,TRUE,FALSE,HD,SES516983,1,,,,,,,,,,,,,,,,,,,,,,,,,,,,,,,,,,,,,,,,,,,,,,,,,,,,,,,,,,,,,,,,,,,,,,,,,,,,,,,,,,,,,,,,,,,,,,,,,,,,,,,,,,,,,,,,,,,,,,,,,
EVT0000182,SUB00531,CNT00055,2023-03-24,19,Tablet,93,25-50%,FALSE,FALSE,FALSE,HD,SES790472,0,,,,,,,,,,,,,,,,,,,,,,,,,,,,,,,,,,,,,,,,,,,,,,,,,,,,,,,,,,,,,,,,,,,,,,,,,,,,,,,,,,,,,,,,,,,,,,,,,,,,,,,,,,,,,,,,,,,,,,,,,
EVT0000183,SUB00601,CNT00092,2024-01-27,8,Mobile,86,100%,TRUE,FALSE,TRUE,HD,SES382089,1,,,,,,,,,,,,,,,,,,,,,,,,,,,,,,,,,,,,,,,,,,,,,,,,,,,,,,,,,,,,,,,,,,,,,,,,,,,,,,,,,,,,,,,,,,,,,,,,,,,,,,,,,,,,,,,,,,,,,,,,,
EVT0000184,SUB00408,CNT00001,2023-08-03,21,Mobile,17,100%,TRUE,TRUE,FALSE,HD,SES650462,1,,,,,,,,,,,,,,,,,,,,,,,,,,,,,,,,,,,,,,,,,,,,,,,,,,,,,,,,,,,,,,,,,,,,,,,,,,,,,,,,,,,,,,,,,,,,,,,,,,,,,,,,,,,,,,,,,,,,,,,,,
EVT0000185,SUB00671,CNT00053,2024-03-02,17,Smart TV,95,25-50%,FALSE,TRUE,TRUE,HD,SES290824,0,,,,,,,,,,,,,,,,,,,,,,,,,,,,,,,,,,,,,,,,,,,,,,,,,,,,,,,,,,,,,,,,,,,,,,,,,,,,,,,,,,,,,,,,,,,,,,,,,,,,,,,,,,,,,,,,,,,,,,,,,
EVT0000186,SUB00113,CNT00028,2024-05-29,7,Fire TV,28,25-50%,FALSE,TRUE,TRUE,HD,SES562139,0,,,,,,,,,,,,,,,,,,,,,,,,,,,,,,,,,,,,,,,,,,,,,,,,,,,,,,,,,,,,,,,,,,,,,,,,,,,,,,,,,,,,,,,,,,,,,,,,,,,,,,,,,,,,,,,,,,,,,,,,,
EVT0000187,SUB00652,CNT00052,2023-04-22,9,Tablet,13,<25%,FALSE,FALSE,TRUE,HD,SES346184,0,,,,,,,,,,,,,,,,,,,,,,,,,,,,,,,,,,,,,,,,,,,,,,,,,,,,,,,,,,,,,,,,,,,,,,,,,,,,,,,,,,,,,,,,,,,,,,,,,,,,,,,,,,,,,,,,,,,,,,,,,
EVT0000188,SUB00497,CNT00013,2024-05-04,14,Mobile,90,<25%,FALSE,FALSE,TRUE,SD,SES321321,0,,,,,,,,,,,,,,,,,,,,,,,,,,,,,,,,,,,,,,,,,,,,,,,,,,,,,,,,,,,,,,,,,,,,,,,,,,,,,,,,,,,,,,,,,,,,,,,,,,,,,,,,,,,,,,,,,,,,,,,,,
EVT0000189,SUB00008,CNT00059,2024-06-18,14,Desktop,65,100%,TRUE,FALSE,FALSE,HD,SES452898,1,,,,,,,,,,,,,,,,,,,,,,,,,,,,,,,,,,,,,,,,,,,,,,,,,,,,,,,,,,,,,,,,,,,,,,,,,,,,,,,,,,,,,,,,,,,,,,,,,,,,,,,,,,,,,,,,,,,,,,,,,
EVT0000190,SUB00699,CNT00041,2024-01-15,17,Fire TV,56,100%,TRUE,FALSE,FALSE,SD,SES473323,1,,,,,,,,,,,,,,,,,,,,,,,,,,,,,,,,,,,,,,,,,,,,,,,,,,,,,,,,,,,,,,,,,,,,,,,,,,,,,,,,,,,,,,,,,,,,,,,,,,,,,,,,,,,,,,,,,,,,,,,,,
EVT0000191,SUB00103,CNT00090,2023-12-05,10,Mobile,82,100%,TRUE,TRUE,FALSE,4K,SES833232,1,,,,,,,,,,,,,,,,,,,,,,,,,,,,,,,,,,,,,,,,,,,,,,,,,,,,,,,,,,,,,,,,,,,,,,,,,,,,,,,,,,,,,,,,,,,,,,,,,,,,,,,,,,,,,,,,,,,,,,,,,
EVT0000192,SUB00378,CNT00088,2023-09-12,21,Roku,57,100%,TRUE,FALSE,TRUE,SD,SES769068,1,,,,,,,,,,,,,,,,,,,,,,,,,,,,,,,,,,,,,,,,,,,,,,,,,,,,,,,,,,,,,,,,,,,,,,,,,,,,,,,,,,,,,,,,,,,,,,,,,,,,,,,,,,,,,,,,,,,,,,,,,
EVT0000193,SUB00018,CNT00006,2023-11-26,16,Fire TV,61,100%,TRUE,TRUE,FALSE,HD,SES519603,1,,,,,,,,,,,,,,,,,,,,,,,,,,,,,,,,,,,,,,,,,,,,,,,,,,,,,,,,,,,,,,,,,,,,,,,,,,,,,,,,,,,,,,,,,,,,,,,,,,,,,,,,,,,,,,,,,,,,,,,,,
EVT0000194,SUB00357,CNT00061,2023-03-25,9,Fire TV,54,100%,TRUE,FALSE,FALSE,HD,SES846525,1,,,,,,,,,,,,,,,,,,,,,,,,,,,,,,,,,,,,,,,,,,,,,,,,,,,,,,,,,,,,,,,,,,,,,,,,,,,,,,,,,,,,,,,,,,,,,,,,,,,,,,,,,,,,,,,,,,,,,,,,,
EVT0000195,SUB00533,CNT00092,2023-05-27,10,Desktop,106,75-99%,FALSE,TRUE,TRUE,HD,SES589478,0,,,,,,,,,,,,,,,,,,,,,,,,,,,,,,,,,,,,,,,,,,,,,,,,,,,,,,,,,,,,,,,,,,,,,,,,,,,,,,,,,,,,,,,,,,,,,,,,,,,,,,,,,,,,,,,,,,,,,,,,,
EVT0000196,SUB00457,CNT00062,2023-06-22,13,Smart TV,32,100%,TRUE,TRUE,FALSE,SD,SES210592,1,,,,,,,,,,,,,,,,,,,,,,,,,,,,,,,,,,,,,,,,,,,,,,,,,,,,,,,,,,,,,,,,,,,,,,,,,,,,,,,,,,,,,,,,,,,,,,,,,,,,,,,,,,,,,,,,,,,,,,,,,
EVT0000197,SUB00030,CNT00033,2024-03-21,14,Smart TV,97,100%,TRUE,FALSE,FALSE,HD,SES803176,1,,,,,,,,,,,,,,,,,,,,,,,,,,,,,,,,,,,,,,,,,,,,,,,,,,,,,,,,,,,,,,,,,,,,,,,,,,,,,,,,,,,,,,,,,,,,,,,,,,,,,,,,,,,,,,,,,,,,,,,,,
EVT0000198,SUB00682,CNT00060,2023-05-07,21,Mobile,106,100%,TRUE,FALSE,TRUE,HD,SES703950,1,,,,,,,,,,,,,,,,,,,,,,,,,,,,,,,,,,,,,,,,,,,,,,,,,,,,,,,,,,,,,,,,,,,,,,,,,,,,,,,,,,,,,,,,,,,,,,,,,,,,,,,,,,,,,,,,,,,,,,,,,
EVT0000199,SUB00660,CNT00099,2023-03-08,18,Fire TV,87,100%,TRUE,FALSE,TRUE,HD,SES334410,1,,,,,,,,,,,,,,,,,,,,,,,,,,,,,,,,,,,,,,,,,,,,,,,,,,,,,,,,,,,,,,,,,,,,,,,,,,,,,,,,,,,,,,,,,,,,,,,,,,,,,,,,,,,,,,,,,,,,,,,,,
EVT0000200,SUB00119,CNT00018,2023-09-23,12,Fire TV,19,<25%,FALSE,FALSE,TRUE,HD,SES994781,0,,,,,,,,,,,,,,,,,,,,,,,,,,,,,,,,,,,,,,,,,,,,,,,,,,,,,,,,,,,,,,,,,,,,,,,,,,,,,,,,,,,,,,,,,,,,,,,,,,,,,,,,,,,,,,,,,,,,,,,,,
EVT0000201,SUB00390,CNT00001,2023-11-17,23,Smart TV,113,50-75%,FALSE,FALSE,TRUE,4K,SES908746,0,,,,,,,,,,,,,,,,,,,,,,,,,,,,,,,,,,,,,,,,,,,,,,,,,,,,,,,,,,,,,,,,,,,,,,,,,,,,,,,,,,,,,,,,,,,,,,,,,,,,,,,,,,,,,,,,,,,,,,,,,
EVT0000202,SUB00696,CNT00017,2024-01-09,13,Mobile,55,75-99%,FALSE,TRUE,FALSE,HD,SES431272,0,,,,,,,,,,,,,,,,,,,,,,,,,,,,,,,,,,,,,,,,,,,,,,,,,,,,,,,,,,,,,,,,,,,,,,,,,,,,,,,,,,,,,,,,,,,,,,,,,,,,,,,,,,,,,,,,,,,,,,,,,
EVT0000203,SUB00304,CNT00064,2023-05-29,10,Roku,41,100%,TRUE,TRUE,FALSE,SD,SES727971,1,,,,,,,,,,,,,,,,,,,,,,,,,,,,,,,,,,,,,,,,,,,,,,,,,,,,,,,,,,,,,,,,,,,,,,,,,,,,,,,,,,,,,,,,,,,,,,,,,,,,,,,,,,,,,,,,,,,,,,,,,
EVT0000204,SUB00317,CNT00089,2023-11-24,21,Fire TV,111,25-50%,FALSE,TRUE,TRUE,4K,SES838344,0,,,,,,,,,,,,,,,,,,,,,,,,,,,,,,,,,,,,,,,,,,,,,,,,,,,,,,,,,,,,,,,,,,,,,,,,,,,,,,,,,,,,,,,,,,,,,,,,,,,,,,,,,,,,,,,,,,,,,,,,,
EVT0000205,SUB00061,CNT00043,2024-01-21,12,Fire TV,108,25-50%,FALSE,TRUE,FALSE,SD,SES913735,0,,,,,,,,,,,,,,,,,,,,,,,,,,,,,,,,,,,,,,,,,,,,,,,,,,,,,,,,,,,,,,,,,,,,,,,,,,,,,,,,,,,,,,,,,,,,,,,,,,,,,,,,,,,,,,,,,,,,,,,,,
EVT0000206,SUB00500,CNT00039,2023-07-03,11,Mobile,75,100%,TRUE,FALSE,TRUE,HD,SES810828,1,,,,,,,,,,,,,,,,,,,,,,,,,,,,,,,,,,,,,,,,,,,,,,,,,,,,,,,,,,,,,,,,,,,,,,,,,,,,,,,,,,,,,,,,,,,,,,,,,,,,,,,,,,,,,,,,,,,,,,,,,
EVT0000207,SUB00357,CNT00051,2024-04-29,15,Tablet,94,<25%,FALSE,TRUE,FALSE,HD,SES512900,0,,,,,,,,,,,,,,,,,,,,,,,,,,,,,,,,,,,,,,,,,,,,,,,,,,,,,,,,,,,,,,,,,,,,,,,,,,,,,,,,,,,,,,,,,,,,,,,,,,,,,,,,,,,,,,,,,,,,,,,,,
EVT0000208,SUB00135,CNT00085,2023-04-10,7,Fire TV,43,100%,TRUE,FALSE,FALSE,HD,SES705193,1,,,,,,,,,,,,,,,,,,,,,,,,,,,,,,,,,,,,,,,,,,,,,,,,,,,,,,,,,,,,,,,,,,,,,,,,,,,,,,,,,,,,,,,,,,,,,,,,,,,,,,,,,,,,,,,,,,,,,,,,,
EVT0000209,SUB00453,CNT00038,2023-05-21,12,Smart TV,107,100%,TRUE,FALSE,TRUE,SD,SES479821,1,,,,,,,,,,,,,,,,,,,,,,,,,,,,,,,,,,,,,,,,,,,,,,,,,,,,,,,,,,,,,,,,,,,,,,,,,,,,,,,,,,,,,,,,,,,,,,,,,,,,,,,,,,,,,,,,,,,,,,,,,
EVT0000210,SUB00695,CNT00019,2023-04-15,19,Fire TV,112,75-99%,FALSE,TRUE,TRUE,SD,SES472856,0,,,,,,,,,,,,,,,,,,,,,,,,,,,,,,,,,,,,,,,,,,,,,,,,,,,,,,,,,,,,,,,,,,,,,,,,,,,,,,,,,,,,,,,,,,,,,,,,,,,,,,,,,,,,,,,,,,,,,,,,,
EVT0000211,SUB00184,CNT00016,2024-04-30,16,Roku,60,100%,TRUE,TRUE,FALSE,HD,SES356902,1,,,,,,,,,,,,,,,,,,,,,,,,,,,,,,,,,,,,,,,,,,,,,,,,,,,,,,,,,,,,,,,,,,,,,,,,,,,,,,,,,,,,,,,,,,,,,,,,,,,,,,,,,,,,,,,,,,,,,,,,,
EVT0000212,SUB00122,CNT00073,2023-02-04,11,Fire TV,100,50-75%,FALSE,FALSE,FALSE,SD,SES915509,0,,,,,,,,,,,,,,,,,,,,,,,,,,,,,,,,,,,,,,,,,,,,,,,,,,,,,,,,,,,,,,,,,,,,,,,,,,,,,,,,,,,,,,,,,,,,,,,,,,,,,,,,,,,,,,,,,,,,,,,,,
EVT0000213,SUB00666,CNT00075,2024-04-19,17,Mobile,20,100%,TRUE,TRUE,TRUE,SD,SES612982,1,,,,,,,,,,,,,,,,,,,,,,,,,,,,,,,,,,,,,,,,,,,,,,,,,,,,,,,,,,,,,,,,,,,,,,,,,,,,,,,,,,,,,,,,,,,,,,,,,,,,,,,,,,,,,,,,,,,,,,,,,
EVT0000214,SUB00231,CNT00062,2024-06-05,21,Tablet,93,100%,TRUE,FALSE,TRUE,HD,SES289893,1,,,,,,,,,,,,,,,,,,,,,,,,,,,,,,,,,,,,,,,,,,,,,,,,,,,,,,,,,,,,,,,,,,,,,,,,,,,,,,,,,,,,,,,,,,,,,,,,,,,,,,,,,,,,,,,,,,,,,,,,,
EVT0000215,SUB00496,CNT00090,2024-01-29,10,Mobile,46,75-99%,FALSE,TRUE,FALSE,HD,SES293871,0,,,,,,,,,,,,,,,,,,,,,,,,,,,,,,,,,,,,,,,,,,,,,,,,,,,,,,,,,,,,,,,,,,,,,,,,,,,,,,,,,,,,,,,,,,,,,,,,,,,,,,,,,,,,,,,,,,,,,,,,,
EVT0000216,SUB00021,CNT00087,2024-02-20,22,Desktop,13,75-99%,FALSE,FALSE,FALSE,HD,SES848420,0,,,,,,,,,,,,,,,,,,,,,,,,,,,,,,,,,,,,,,,,,,,,,,,,,,,,,,,,,,,,,,,,,,,,,,,,,,,,,,,,,,,,,,,,,,,,,,,,,,,,,,,,,,,,,,,,,,,,,,,,,
EVT0000217,SUB00213,CNT00016,2023-05-08,11,Mobile,76,25-50%,FALSE,FALSE,TRUE,SD,SES141044,0,,,,,,,,,,,,,,,,,,,,,,,,,,,,,,,,,,,,,,,,,,,,,,,,,,,,,,,,,,,,,,,,,,,,,,,,,,,,,,,,,,,,,,,,,,,,,,,,,,,,,,,,,,,,,,,,,,,,,,,,,
EVT0000218,SUB00589,CNT00021,2023-05-12,14,Mobile,15,<25%,FALSE,TRUE,FALSE,4K,SES481219,0,,,,,,,,,,,,,,,,,,,,,,,,,,,,,,,,,,,,,,,,,,,,,,,,,,,,,,,,,,,,,,,,,,,,,,,,,,,,,,,,,,,,,,,,,,,,,,,,,,,,,,,,,,,,,,,,,,,,,,,,,
EVT0000219,SUB00434,CNT00085,2023-06-25,15,Mobile,71,<25%,FALSE,FALSE,FALSE,HD,SES566532,0,,,,,,,,,,,,,,,,,,,,,,,,,,,,,,,,,,,,,,,,,,,,,,,,,,,,,,,,,,,,,,,,,,,,,,,,,,,,,,,,,,,,,,,,,,,,,,,,,,,,,,,,,,,,,,,,,,,,,,,,,
EVT0000220,SUB00591,CNT00041,2023-05-24,17,Roku,73,75-99%,FALSE,FALSE,TRUE,SD,SES794804,0,,,,,,,,,,,,,,,,,,,,,,,,,,,,,,,,,,,,,,,,,,,,,,,,,,,,,,,,,,,,,,,,,,,,,,,,,,,,,,,,,,,,,,,,,,,,,,,,,,,,,,,,,,,,,,,,,,,,,,,,,
EVT0000221,SUB00243,CNT00020,2023-02-15,12,Smart TV,82,50-75%,FALSE,FALSE,TRUE,HD,SES476507,0,,,,,,,,,,,,,,,,,,,,,,,,,,,,,,,,,,,,,,,,,,,,,,,,,,,,,,,,,,,,,,,,,,,,,,,,,,,,,,,,,,,,,,,,,,,,,,,,,,,,,,,,,,,,,,,,,,,,,,,,,
EVT0000222,SUB00132,CNT00055,2023-10-12,14,Tablet,53,<25%,FALSE,FALSE,TRUE,HD,SES578221,0,,,,,,,,,,,,,,,,,,,,,,,,,,,,,,,,,,,,,,,,,,,,,,,,,,,,,,,,,,,,,,,,,,,,,,,,,,,,,,,,,,,,,,,,,,,,,,,,,,,,,,,,,,,,,,,,,,,,,,,,,
EVT0000223,SUB00261,CNT00089,2023-03-27,12,Mobile,85,25-50%,FALSE,FALSE,TRUE,HD,SES849149,0,,,,,,,,,,,,,,,,,,,,,,,,,,,,,,,,,,,,,,,,,,,,,,,,,,,,,,,,,,,,,,,,,,,,,,,,,,,,,,,,,,,,,,,,,,,,,,,,,,,,,,,,,,,,,,,,,,,,,,,,,
EVT0000224,SUB00578,CNT00066,2024-01-17,19,Smart TV,45,100%,TRUE,FALSE,TRUE,SD,SES732928,1,,,,,,,,,,,,,,,,,,,,,,,,,,,,,,,,,,,,,,,,,,,,,,,,,,,,,,,,,,,,,,,,,,,,,,,,,,,,,,,,,,,,,,,,,,,,,,,,,,,,,,,,,,,,,,,,,,,,,,,,,
EVT0000225,SUB00080,CNT00069,2023-09-11,23,Desktop,13,25-50%,FALSE,FALSE,FALSE,SD,SES480443,0,,,,,,,,,,,,,,,,,,,,,,,,,,,,,,,,,,,,,,,,,,,,,,,,,,,,,,,,,,,,,,,,,,,,,,,,,,,,,,,,,,,,,,,,,,,,,,,,,,,,,,,,,,,,,,,,,,,,,,,,,
EVT0000226,SUB00280,CNT00051,2023-12-08,9,Desktop,33,50-75%,FALSE,FALSE,TRUE,SD,SES284267,0,,,,,,,,,,,,,,,,,,,,,,,,,,,,,,,,,,,,,,,,,,,,,,,,,,,,,,,,,,,,,,,,,,,,,,,,,,,,,,,,,,,,,,,,,,,,,,,,,,,,,,,,,,,,,,,,,,,,,,,,,
EVT0000227,SUB00314,CNT00063,2024-06-23,17,Fire TV,78,<25%,FALSE,FALSE,FALSE,4K,SES736975,0,,,,,,,,,,,,,,,,,,,,,,,,,,,,,,,,,,,,,,,,,,,,,,,,,,,,,,,,,,,,,,,,,,,,,,,,,,,,,,,,,,,,,,,,,,,,,,,,,,,,,,,,,,,,,,,,,,,,,,,,,
EVT0000228,SUB00050,CNT00047,2023-04-12,23,Roku,81,25-50%,FALSE,FALSE,TRUE,HD,SES233769,0,,,,,,,,,,,,,,,,,,,,,,,,,,,,,,,,,,,,,,,,,,,,,,,,,,,,,,,,,,,,,,,,,,,,,,,,,,,,,,,,,,,,,,,,,,,,,,,,,,,,,,,,,,,,,,,,,,,,,,,,,
EVT0000229,SUB00010,CNT00092,2023-09-23,10,Smart TV,53,25-50%,FALSE,FALSE,FALSE,4K,SES155432,0,,,,,,,,,,,,,,,,,,,,,,,,,,,,,,,,,,,,,,,,,,,,,,,,,,,,,,,,,,,,,,,,,,,,,,,,,,,,,,,,,,,,,,,,,,,,,,,,,,,,,,,,,,,,,,,,,,,,,,,,,
EVT0000230,SUB00256,CNT00054,2024-01-15,11,Desktop,50,100%,TRUE,FALSE,FALSE,4K,SES389221,1,,,,,,,,,,,,,,,,,,,,,,,,,,,,,,,,,,,,,,,,,,,,,,,,,,,,,,,,,,,,,,,,,,,,,,,,,,,,,,,,,,,,,,,,,,,,,,,,,,,,,,,,,,,,,,,,,,,,,,,,,
EVT0000231,SUB00534,CNT00030,2024-03-14,8,Tablet,57,50-75%,FALSE,FALSE,TRUE,SD,SES180418,0,,,,,,,,,,,,,,,,,,,,,,,,,,,,,,,,,,,,,,,,,,,,,,,,,,,,,,,,,,,,,,,,,,,,,,,,,,,,,,,,,,,,,,,,,,,,,,,,,,,,,,,,,,,,,,,,,,,,,,,,,
EVT0000232,SUB00096,CNT00012,2023-09-03,15,Roku,68,<25%,FALSE,TRUE,TRUE,HD,SES866296,0,,,,,,,,,,,,,,,,,,,,,,,,,,,,,,,,,,,,,,,,,,,,,,,,,,,,,,,,,,,,,,,,,,,,,,,,,,,,,,,,,,,,,,,,,,,,,,,,,,,,,,,,,,,,,,,,,,,,,,,,,
EVT0000233,SUB00492,CNT00088,2023-05-20,23,Fire TV,20,100%,TRUE,FALSE,TRUE,HD,SES299422,1,,,,,,,,,,,,,,,,,,,,,,,,,,,,,,,,,,,,,,,,,,,,,,,,,,,,,,,,,,,,,,,,,,,,,,,,,,,,,,,,,,,,,,,,,,,,,,,,,,,,,,,,,,,,,,,,,,,,,,,,,
EVT0000234,SUB00436,CNT00096,2023-01-08,22,Fire TV,82,50-75%,FALSE,TRUE,FALSE,HD,SES276718,0,,,,,,,,,,,,,,,,,,,,,,,,,,,,,,,,,,,,,,,,,,,,,,,,,,,,,,,,,,,,,,,,,,,,,,,,,,,,,,,,,,,,,,,,,,,,,,,,,,,,,,,,,,,,,,,,,,,,,,,,,
EVT0000235,SUB00231,CNT00042,2024-06-20,22,Tablet,11,100%,TRUE,FALSE,TRUE,HD,SES278765,1,,,,,,,,,,,,,,,,,,,,,,,,,,,,,,,,,,,,,,,,,,,,,,,,,,,,,,,,,,,,,,,,,,,,,,,,,,,,,,,,,,,,,,,,,,,,,,,,,,,,,,,,,,,,,,,,,,,,,,,,,
EVT0000236,SUB00116,CNT00078,2024-01-18,23,Mobile,42,50-75%,FALSE,FALSE,TRUE,4K,SES377611,0,,,,,,,,,,,,,,,,,,,,,,,,,,,,,,,,,,,,,,,,,,,,,,,,,,,,,,,,,,,,,,,,,,,,,,,,,,,,,,,,,,,,,,,,,,,,,,,,,,,,,,,,,,,,,,,,,,,,,,,,,
EVT0000237,SUB00003,CNT00073,2023-08-07,15,Fire TV,70,75-99%,FALSE,TRUE,TRUE,HD,SES989561,0,,,,,,,,,,,,,,,,,,,,,,,,,,,,,,,,,,,,,,,,,,,,,,,,,,,,,,,,,,,,,,,,,,,,,,,,,,,,,,,,,,,,,,,,,,,,,,,,,,,,,,,,,,,,,,,,,,,,,,,,,
EVT0000238,SUB00059,CNT00074,2024-05-14,15,Tablet,18,75-99%,FALSE,TRUE,TRUE,HD,SES521598,0,,,,,,,,,,,,,,,,,,,,,,,,,,,,,,,,,,,,,,,,,,,,,,,,,,,,,,,,,,,,,,,,,,,,,,,,,,,,,,,,,,,,,,,,,,,,,,,,,,,,,,,,,,,,,,,,,,,,,,,,,
EVT0000239,SUB00010,CNT00057,2023-12-30,22,Roku,120,25-50%,FALSE,TRUE,TRUE,SD,SES611088,0,,,,,,,,,,,,,,,,,,,,,,,,,,,,,,,,,,,,,,,,,,,,,,,,,,,,,,,,,,,,,,,,,,,,,,,,,,,,,,,,,,,,,,,,,,,,,,,,,,,,,,,,,,,,,,,,,,,,,,,,,
EVT0000240,SUB00160,CNT00033,2023-01-08,18,Tablet,43,50-75%,FALSE,FALSE,TRUE,HD,SES662484,0,,,,,,,,,,,,,,,,,,,,,,,,,,,,,,,,,,,,,,,,,,,,,,,,,,,,,,,,,,,,,,,,,,,,,,,,,,,,,,,,,,,,,,,,,,,,,,,,,,,,,,,,,,,,,,,,,,,,,,,,,
EVT0000241,SUB00112,CNT00085,2023-10-03,11,Smart TV,50,100%,TRUE,FALSE,TRUE,SD,SES476687,1,,,,,,,,,,,,,,,,,,,,,,,,,,,,,,,,,,,,,,,,,,,,,,,,,,,,,,,,,,,,,,,,,,,,,,,,,,,,,,,,,,,,,,,,,,,,,,,,,,,,,,,,,,,,,,,,,,,,,,,,,
EVT0000242,SUB00114,CNT00048,2023-07-23,19,Fire TV,47,25-50%,FALSE,TRUE,TRUE,HD,SES602577,0,,,,,,,,,,,,,,,,,,,,,,,,,,,,,,,,,,,,,,,,,,,,,,,,,,,,,,,,,,,,,,,,,,,,,,,,,,,,,,,,,,,,,,,,,,,,,,,,,,,,,,,,,,,,,,,,,,,,,,,,,
EVT0000243,SUB00122,CNT00071,2023-09-30,10,Tablet,101,75-99%,FALSE,FALSE,FALSE,HD,SES237801,0,,,,,,,,,,,,,,,,,,,,,,,,,,,,,,,,,,,,,,,,,,,,,,,,,,,,,,,,,,,,,,,,,,,,,,,,,,,,,,,,,,,,,,,,,,,,,,,,,,,,,,,,,,,,,,,,,,,,,,,,,
EVT0000244,SUB00111,CNT00017,2023-04-23,22,Mobile,103,25-50%,FALSE,FALSE,TRUE,SD,SES811259,0,,,,,,,,,,,,,,,,,,,,,,,,,,,,,,,,,,,,,,,,,,,,,,,,,,,,,,,,,,,,,,,,,,,,,,,,,,,,,,,,,,,,,,,,,,,,,,,,,,,,,,,,,,,,,,,,,,,,,,,,,
EVT0000245,SUB00440,CNT00095,2023-12-17,21,Tablet,41,<25%,FALSE,FALSE,TRUE,HD,SES359781,0,,,,,,,,,,,,,,,,,,,,,,,,,,,,,,,,,,,,,,,,,,,,,,,,,,,,,,,,,,,,,,,,,,,,,,,,,,,,,,,,,,,,,,,,,,,,,,,,,,,,,,,,,,,,,,,,,,,,,,,,,
EVT0000246,SUB00524,CNT00052,2023-06-06,14,Fire TV,36,100%,TRUE,FALSE,TRUE,HD,SES596912,1,,,,,,,,,,,,,,,,,,,,,,,,,,,,,,,,,,,,,,,,,,,,,,,,,,,,,,,,,,,,,,,,,,,,,,,,,,,,,,,,,,,,,,,,,,,,,,,,,,,,,,,,,,,,,,,,,,,,,,,,,
EVT0000247,SUB00515,CNT00025,2023-04-16,10,Smart TV,20,100%,TRUE,TRUE,TRUE,SD,SES387164,1,,,,,,,,,,,,,,,,,,,,,,,,,,,,,,,,,,,,,,,,,,,,,,,,,,,,,,,,,,,,,,,,,,,,,,,,,,,,,,,,,,,,,,,,,,,,,,,,,,,,,,,,,,,,,,,,,,,,,,,,,
EVT0000248,SUB00150,CNT00079,2023-07-16,7,Desktop,57,25-50%,FALSE,FALSE,TRUE,HD,SES332548,0,,,,,,,,,,,,,,,,,,,,,,,,,,,,,,,,,,,,,,,,,,,,,,,,,,,,,,,,,,,,,,,,,,,,,,,,,,,,,,,,,,,,,,,,,,,,,,,,,,,,,,,,,,,,,,,,,,,,,,,,,
EVT0000249,SUB00437,CNT00066,2023-12-11,7,Tablet,19,75-99%,FALSE,FALSE,TRUE,4K,SES468075,0,,,,,,,,,,,,,,,,,,,,,,,,,,,,,,,,,,,,,,,,,,,,,,,,,,,,,,,,,,,,,,,,,,,,,,,,,,,,,,,,,,,,,,,,,,,,,,,,,,,,,,,,,,,,,,,,,,,,,,,,,
EVT0000250,SUB00253,CNT00006,2024-03-04,6,Mobile,89,25-50%,FALSE,FALSE,TRUE,HD,SES399176,0,,,,,,,,,,,,,,,,,,,,,,,,,,,,,,,,,,,,,,,,,,,,,,,,,,,,,,,,,,,,,,,,,,,,,,,,,,,,,,,,,,,,,,,,,,,,,,,,,,,,,,,,,,,,,,,,,,,,,,,,,
EVT0000251,SUB00287,CNT00013,2024-04-28,14,Desktop,51,75-99%,FALSE,FALSE,TRUE,SD,SES201593,0,,,,,,,,,,,,,,,,,,,,,,,,,,,,,,,,,,,,,,,,,,,,,,,,,,,,,,,,,,,,,,,,,,,,,,,,,,,,,,,,,,,,,,,,,,,,,,,,,,,,,,,,,,,,,,,,,,,,,,,,,
EVT0000252,SUB00700,CNT00017,2023-01-14,17,Fire TV,104,50-75%,FALSE,FALSE,FALSE,HD,SES489642,0,,,,,,,,,,,,,,,,,,,,,,,,,,,,,,,,,,,,,,,,,,,,,,,,,,,,,,,,,,,,,,,,,,,,,,,,,,,,,,,,,,,,,,,,,,,,,,,,,,,,,,,,,,,,,,,,,,,,,,,,,
EVT0000253,SUB00666,CNT00063,2023-09-01,9,Smart TV,85,75-99%,FALSE,FALSE,FALSE,SD,SES143032,0,,,,,,,,,,,,,,,,,,,,,,,,,,,,,,,,,,,,,,,,,,,,,,,,,,,,,,,,,,,,,,,,,,,,,,,,,,,,,,,,,,,,,,,,,,,,,,,,,,,,,,,,,,,,,,,,,,,,,,,,,
EVT0000254,SUB00198,CNT00013,2023-07-15,23,Roku,48,<25%,FALSE,FALSE,FALSE,HD,SES897953,0,,,,,,,,,,,,,,,,,,,,,,,,,,,,,,,,,,,,,,,,,,,,,,,,,,,,,,,,,,,,,,,,,,,,,,,,,,,,,,,,,,,,,,,,,,,,,,,,,,,,,,,,,,,,,,,,,,,,,,,,,
EVT0000255,SUB00547,CNT00006,2023-07-26,19,Roku,96,25-50%,FALSE,FALSE,FALSE,4K,SES483791,0,,,,,,,,,,,,,,,,,,,,,,,,,,,,,,,,,,,,,,,,,,,,,,,,,,,,,,,,,,,,,,,,,,,,,,,,,,,,,,,,,,,,,,,,,,,,,,,,,,,,,,,,,,,,,,,,,,,,,,,,,
EVT0000256,SUB00645,CNT00056,2024-04-04,19,Roku,69,<25%,FALSE,TRUE,TRUE,HD,SES387465,0,,,,,,,,,,,,,,,,,,,,,,,,,,,,,,,,,,,,,,,,,,,,,,,,,,,,,,,,,,,,,,,,,,,,,,,,,,,,,,,,,,,,,,,,,,,,,,,,,,,,,,,,,,,,,,,,,,,,,,,,,
EVT0000257,SUB00297,CNT00097,2023-05-13,12,Fire TV,109,<25%,FALSE,FALSE,TRUE,HD,SES638430,0,,,,,,,,,,,,,,,,,,,,,,,,,,,,,,,,,,,,,,,,,,,,,,,,,,,,,,,,,,,,,,,,,,,,,,,,,,,,,,,,,,,,,,,,,,,,,,,,,,,,,,,,,,,,,,,,,,,,,,,,,
EVT0000258,SUB00170,CNT00066,2023-03-18,18,Desktop,82,75-99%,FALSE,FALSE,TRUE,HD,SES103775,0,,,,,,,,,,,,,,,,,,,,,,,,,,,,,,,,,,,,,,,,,,,,,,,,,,,,,,,,,,,,,,,,,,,,,,,,,,,,,,,,,,,,,,,,,,,,,,,,,,,,,,,,,,,,,,,,,,,,,,,,,
EVT0000259,SUB00586,CNT00001,2023-06-13,22,Desktop,69,100%,TRUE,FALSE,FALSE,HD,SES371407,1,,,,,,,,,,,,,,,,,,,,,,,,,,,,,,,,,,,,,,,,,,,,,,,,,,,,,,,,,,,,,,,,,,,,,,,,,,,,,,,,,,,,,,,,,,,,,,,,,,,,,,,,,,,,,,,,,,,,,,,,,
EVT0000260,SUB00226,CNT00052,2023-11-07,11,Smart TV,10,100%,TRUE,FALSE,TRUE,4K,SES140989,1,,,,,,,,,,,,,,,,,,,,,,,,,,,,,,,,,,,,,,,,,,,,,,,,,,,,,,,,,,,,,,,,,,,,,,,,,,,,,,,,,,,,,,,,,,,,,,,,,,,,,,,,,,,,,,,,,,,,,,,,,
EVT0000261,SUB00285,CNT00035,2023-06-01,7,Fire TV,36,100%,TRUE,TRUE,FALSE,SD,SES101467,1,,,,,,,,,,,,,,,,,,,,,,,,,,,,,,,,,,,,,,,,,,,,,,,,,,,,,,,,,,,,,,,,,,,,,,,,,,,,,,,,,,,,,,,,,,,,,,,,,,,,,,,,,,,,,,,,,,,,,,,,,
EVT0000262,SUB00648,CNT00048,2023-12-22,23,Tablet,97,50-75%,FALSE,TRUE,TRUE,HD,SES409220,0,,,,,,,,,,,,,,,,,,,,,,,,,,,,,,,,,,,,,,,,,,,,,,,,,,,,,,,,,,,,,,,,,,,,,,,,,,,,,,,,,,,,,,,,,,,,,,,,,,,,,,,,,,,,,,,,,,,,,,,,,
EVT0000263,SUB00059,CNT00002,2023-11-29,13,Fire TV,40,100%,TRUE,TRUE,TRUE,SD,SES663492,1,,,,,,,,,,,,,,,,,,,,,,,,,,,,,,,,,,,,,,,,,,,,,,,,,,,,,,,,,,,,,,,,,,,,,,,,,,,,,,,,,,,,,,,,,,,,,,,,,,,,,,,,,,,,,,,,,,,,,,,,,
EVT0000264,SUB00392,CNT00033,2023-04-19,23,Smart TV,109,100%,TRUE,FALSE,TRUE,4K,SES381850,1,,,,,,,,,,,,,,,,,,,,,,,,,,,,,,,,,,,,,,,,,,,,,,,,,,,,,,,,,,,,,,,,,,,,,,,,,,,,,,,,,,,,,,,,,,,,,,,,,,,,,,,,,,,,,,,,,,,,,,,,,
EVT0000265,SUB00596,CNT00097,2023-07-28,20,Smart TV,98,75-99%,FALSE,FALSE,TRUE,4K,SES255539,0,,,,,,,,,,,,,,,,,,,,,,,,,,,,,,,,,,,,,,,,,,,,,,,,,,,,,,,,,,,,,,,,,,,,,,,,,,,,,,,,,,,,,,,,,,,,,,,,,,,,,,,,,,,,,,,,,,,,,,,,,
EVT0000266,SUB00096,CNT00059,2024-05-05,11,Smart TV,77,25-50%,FALSE,FALSE,FALSE,HD,SES779020,0,,,,,,,,,,,,,,,,,,,,,,,,,,,,,,,,,,,,,,,,,,,,,,,,,,,,,,,,,,,,,,,,,,,,,,,,,,,,,,,,,,,,,,,,,,,,,,,,,,,,,,,,,,,,,,,,,,,,,,,,,
EVT0000267,SUB00022,CNT00091,2023-10-16,18,Fire TV,82,25-50%,FALSE,TRUE,TRUE,HD,SES175548,0,,,,,,,,,,,,,,,,,,,,,,,,,,,,,,,,,,,,,,,,,,,,,,,,,,,,,,,,,,,,,,,,,,,,,,,,,,,,,,,,,,,,,,,,,,,,,,,,,,,,,,,,,,,,,,,,,,,,,,,,,
EVT0000268,SUB00252,CNT00083,2024-03-12,9,Fire TV,72,100%,TRUE,TRUE,FALSE,SD,SES732599,1,,,,,,,,,,,,,,,,,,,,,,,,,,,,,,,,,,,,,,,,,,,,,,,,,,,,,,,,,,,,,,,,,,,,,,,,,,,,,,,,,,,,,,,,,,,,,,,,,,,,,,,,,,,,,,,,,,,,,,,,,
EVT0000269,SUB00387,CNT00018,2023-04-13,7,Smart TV,36,100%,TRUE,TRUE,TRUE,HD,SES757860,1,,,,,,,,,,,,,,,,,,,,,,,,,,,,,,,,,,,,,,,,,,,,,,,,,,,,,,,,,,,,,,,,,,,,,,,,,,,,,,,,,,,,,,,,,,,,,,,,,,,,,,,,,,,,,,,,,,,,,,,,,
EVT0000270,SUB00010,CNT00014,2023-01-14,16,Fire TV,15,75-99%,FALSE,TRUE,TRUE,HD,SES896573,0,,,,,,,,,,,,,,,,,,,,,,,,,,,,,,,,,,,,,,,,,,,,,,,,,,,,,,,,,,,,,,,,,,,,,,,,,,,,,,,,,,,,,,,,,,,,,,,,,,,,,,,,,,,,,,,,,,,,,,,,,
EVT0000271,SUB00168,CNT00073,2024-03-30,7,Roku,93,25-50%,FALSE,FALSE,FALSE,HD,SES229054,0,,,,,,,,,,,,,,,,,,,,,,,,,,,,,,,,,,,,,,,,,,,,,,,,,,,,,,,,,,,,,,,,,,,,,,,,,,,,,,,,,,,,,,,,,,,,,,,,,,,,,,,,,,,,,,,,,,,,,,,,,
EVT0000272,SUB00046,CNT00052,2023-01-22,19,Smart TV,5,25-50%,FALSE,TRUE,TRUE,HD,SES547883,0,,,,,,,,,,,,,,,,,,,,,,,,,,,,,,,,,,,,,,,,,,,,,,,,,,,,,,,,,,,,,,,,,,,,,,,,,,,,,,,,,,,,,,,,,,,,,,,,,,,,,,,,,,,,,,,,,,,,,,,,,
EVT0000273,SUB00151,CNT00038,2024-01-30,18,Fire TV,118,50-75%,FALSE,FALSE,TRUE,HD,SES277795,0,,,,,,,,,,,,,,,,,,,,,,,,,,,,,,,,,,,,,,,,,,,,,,,,,,,,,,,,,,,,,,,,,,,,,,,,,,,,,,,,,,,,,,,,,,,,,,,,,,,,,,,,,,,,,,,,,,,,,,,,,
EVT0000274,SUB00230,CNT00031,2023-04-23,16,Mobile,51,75-99%,FALSE,TRUE,TRUE,HD,SES258442,0,,,,,,,,,,,,,,,,,,,,,,,,,,,,,,,,,,,,,,,,,,,,,,,,,,,,,,,,,,,,,,,,,,,,,,,,,,,,,,,,,,,,,,,,,,,,,,,,,,,,,,,,,,,,,,,,,,,,,,,,,
EVT0000275,SUB00439,CNT00077,2023-07-02,19,Smart TV,119,25-50%,FALSE,FALSE,FALSE,4K,SES755106,0,,,,,,,,,,,,,,,,,,,,,,,,,,,,,,,,,,,,,,,,,,,,,,,,,,,,,,,,,,,,,,,,,,,,,,,,,,,,,,,,,,,,,,,,,,,,,,,,,,,,,,,,,,,,,,,,,,,,,,,,,
EVT0000276,SUB00357,CNT00035,2023-10-21,17,Tablet,108,100%,TRUE,FALSE,TRUE,SD,SES255863,1,,,,,,,,,,,,,,,,,,,,,,,,,,,,,,,,,,,,,,,,,,,,,,,,,,,,,,,,,,,,,,,,,,,,,,,,,,,,,,,,,,,,,,,,,,,,,,,,,,,,,,,,,,,,,,,,,,,,,,,,,
EVT0000277,SUB00328,CNT00054,2023-05-31,21,Mobile,19,100%,TRUE,FALSE,TRUE,4K,SES251695,1,,,,,,,,,,,,,,,,,,,,,,,,,,,,,,,,,,,,,,,,,,,,,,,,,,,,,,,,,,,,,,,,,,,,,,,,,,,,,,,,,,,,,,,,,,,,,,,,,,,,,,,,,,,,,,,,,,,,,,,,,
EVT0000278,SUB00331,CNT00024,2023-04-03,17,Tablet,68,100%,TRUE,FALSE,TRUE,HD,SES730973,1,,,,,,,,,,,,,,,,,,,,,,,,,,,,,,,,,,,,,,,,,,,,,,,,,,,,,,,,,,,,,,,,,,,,,,,,,,,,,,,,,,,,,,,,,,,,,,,,,,,,,,,,,,,,,,,,,,,,,,,,,
EVT0000279,SUB00142,CNT00084,2023-12-08,18,Desktop,75,100%,TRUE,FALSE,FALSE,HD,SES616530,1,,,,,,,,,,,,,,,,,,,,,,,,,,,,,,,,,,,,,,,,,,,,,,,,,,,,,,,,,,,,,,,,,,,,,,,,,,,,,,,,,,,,,,,,,,,,,,,,,,,,,,,,,,,,,,,,,,,,,,,,,
EVT0000280,SUB00550,CNT00050,2024-06-29,19,Roku,78,<25%,FALSE,FALSE,FALSE,HD,SES837246,0,,,,,,,,,,,,,,,,,,,,,,,,,,,,,,,,,,,,,,,,,,,,,,,,,,,,,,,,,,,,,,,,,,,,,,,,,,,,,,,,,,,,,,,,,,,,,,,,,,,,,,,,,,,,,,,,,,,,,,,,,
EVT0000281,SUB00241,CNT00051,2023-03-31,6,Tablet,76,100%,TRUE,FALSE,TRUE,SD,SES162471,1,,,,,,,,,,,,,,,,,,,,,,,,,,,,,,,,,,,,,,,,,,,,,,,,,,,,,,,,,,,,,,,,,,,,,,,,,,,,,,,,,,,,,,,,,,,,,,,,,,,,,,,,,,,,,,,,,,,,,,,,,
EVT0000282,SUB00370,CNT00100,2023-12-24,15,Desktop,23,100%,TRUE,FALSE,TRUE,HD,SES320974,1,,,,,,,,,,,,,,,,,,,,,,,,,,,,,,,,,,,,,,,,,,,,,,,,,,,,,,,,,,,,,,,,,,,,,,,,,,,,,,,,,,,,,,,,,,,,,,,,,,,,,,,,,,,,,,,,,,,,,,,,,
EVT0000283,SUB00058,CNT00016,2023-08-18,10,Desktop,98,100%,TRUE,TRUE,FALSE,HD,SES489739,1,,,,,,,,,,,,,,,,,,,,,,,,,,,,,,,,,,,,,,,,,,,,,,,,,,,,,,,,,,,,,,,,,,,,,,,,,,,,,,,,,,,,,,,,,,,,,,,,,,,,,,,,,,,,,,,,,,,,,,,,,
EVT0000284,SUB00109,CNT00010,2023-02-25,11,Mobile,23,75-99%,FALSE,FALSE,TRUE,SD,SES356949,0,,,,,,,,,,,,,,,,,,,,,,,,,,,,,,,,,,,,,,,,,,,,,,,,,,,,,,,,,,,,,,,,,,,,,,,,,,,,,,,,,,,,,,,,,,,,,,,,,,,,,,,,,,,,,,,,,,,,,,,,,
EVT0000285,SUB00013,CNT00054,2023-03-20,11,Desktop,100,25-50%,FALSE,TRUE,FALSE,HD,SES832497,0,,,,,,,,,,,,,,,,,,,,,,,,,,,,,,,,,,,,,,,,,,,,,,,,,,,,,,,,,,,,,,,,,,,,,,,,,,,,,,,,,,,,,,,,,,,,,,,,,,,,,,,,,,,,,,,,,,,,,,,,,
EVT0000286,SUB00482,CNT00044,2023-11-03,6,Tablet,19,75-99%,FALSE,TRUE,TRUE,SD,SES733521,0,,,,,,,,,,,,,,,,,,,,,,,,,,,,,,,,,,,,,,,,,,,,,,,,,,,,,,,,,,,,,,,,,,,,,,,,,,,,,,,,,,,,,,,,,,,,,,,,,,,,,,,,,,,,,,,,,,,,,,,,,
EVT0000287,SUB00516,CNT00028,2023-06-27,20,Roku,96,100%,TRUE,FALSE,FALSE,HD,SES420899,1,,,,,,,,,,,,,,,,,,,,,,,,,,,,,,,,,,,,,,,,,,,,,,,,,,,,,,,,,,,,,,,,,,,,,,,,,,,,,,,,,,,,,,,,,,,,,,,,,,,,,,,,,,,,,,,,,,,,,,,,,
EVT0000288,SUB00434,CNT00035,2023-08-21,22,Desktop,21,100%,TRUE,FALSE,TRUE,HD,SES749114,1,,,,,,,,,,,,,,,,,,,,,,,,,,,,,,,,,,,,,,,,,,,,,,,,,,,,,,,,,,,,,,,,,,,,,,,,,,,,,,,,,,,,,,,,,,,,,,,,,,,,,,,,,,,,,,,,,,,,,,,,,
EVT0000289,SUB00225,CNT00087,2023-02-27,23,Roku,112,100%,TRUE,TRUE,FALSE,HD,SES600607,1,,,,,,,,,,,,,,,,,,,,,,,,,,,,,,,,,,,,,,,,,,,,,,,,,,,,,,,,,,,,,,,,,,,,,,,,,,,,,,,,,,,,,,,,,,,,,,,,,,,,,,,,,,,,,,,,,,,,,,,,,
EVT0000290,SUB00669,CNT00049,2023-11-17,17,Fire TV,59,25-50%,FALSE,TRUE,TRUE,SD,SES209471,0,,,,,,,,,,,,,,,,,,,,,,,,,,,,,,,,,,,,,,,,,,,,,,,,,,,,,,,,,,,,,,,,,,,,,,,,,,,,,,,,,,,,,,,,,,,,,,,,,,,,,,,,,,,,,,,,,,,,,,,,,
EVT0000291,SUB00372,CNT00043,2023-03-21,15,Smart TV,74,<25%,FALSE,TRUE,TRUE,HD,SES726116,0,,,,,,,,,,,,,,,,,,,,,,,,,,,,,,,,,,,,,,,,,,,,,,,,,,,,,,,,,,,,,,,,,,,,,,,,,,,,,,,,,,,,,,,,,,,,,,,,,,,,,,,,,,,,,,,,,,,,,,,,,
EVT0000292,SUB00317,CNT00013,2023-01-12,7,Smart TV,39,100%,TRUE,TRUE,FALSE,HD,SES147054,1,,,,,,,,,,,,,,,,,,,,,,,,,,,,,,,,,,,,,,,,,,,,,,,,,,,,,,,,,,,,,,,,,,,,,,,,,,,,,,,,,,,,,,,,,,,,,,,,,,,,,,,,,,,,,,,,,,,,,,,,,
EVT0000293,SUB00047,CNT00027,2024-05-10,6,Tablet,101,100%,TRUE,FALSE,TRUE,HD,SES304350,1,,,,,,,,,,,,,,,,,,,,,,,,,,,,,,,,,,,,,,,,,,,,,,,,,,,,,,,,,,,,,,,,,,,,,,,,,,,,,,,,,,,,,,,,,,,,,,,,,,,,,,,,,,,,,,,,,,,,,,,,,
EVT0000294,SUB00401,CNT00017,2023-11-19,9,Tablet,57,100%,TRUE,FALSE,FALSE,SD,SES626570,1,,,,,,,,,,,,,,,,,,,,,,,,,,,,,,,,,,,,,,,,,,,,,,,,,,,,,,,,,,,,,,,,,,,,,,,,,,,,,,,,,,,,,,,,,,,,,,,,,,,,,,,,,,,,,,,,,,,,,,,,,
EVT0000295,SUB00025,CNT00049,2023-06-03,7,Tablet,25,75-99%,FALSE,TRUE,FALSE,HD,SES182578,0,,,,,,,,,,,,,,,,,,,,,,,,,,,,,,,,,,,,,,,,,,,,,,,,,,,,,,,,,,,,,,,,,,,,,,,,,,,,,,,,,,,,,,,,,,,,,,,,,,,,,,,,,,,,,,,,,,,,,,,,,
EVT0000296,SUB00238,CNT00088,2023-04-06,11,Roku,71,100%,TRUE,FALSE,FALSE,HD,SES905973,1,,,,,,,,,,,,,,,,,,,,,,,,,,,,,,,,,,,,,,,,,,,,,,,,,,,,,,,,,,,,,,,,,,,,,,,,,,,,,,,,,,,,,,,,,,,,,,,,,,,,,,,,,,,,,,,,,,,,,,,,,
EVT0000297,SUB00459,CNT00044,2023-12-16,19,Mobile,119,50-75%,FALSE,FALSE,FALSE,HD,SES350725,0,,,,,,,,,,,,,,,,,,,,,,,,,,,,,,,,,,,,,,,,,,,,,,,,,,,,,,,,,,,,,,,,,,,,,,,,,,,,,,,,,,,,,,,,,,,,,,,,,,,,,,,,,,,,,,,,,,,,,,,,,
EVT0000298,SUB00626,CNT00020,2023-08-02,21,Mobile,108,100%,TRUE,TRUE,TRUE,4K,SES673713,1,,,,,,,,,,,,,,,,,,,,,,,,,,,,,,,,,,,,,,,,,,,,,,,,,,,,,,,,,,,,,,,,,,,,,,,,,,,,,,,,,,,,,,,,,,,,,,,,,,,,,,,,,,,,,,,,,,,,,,,,,
EVT0000299,SUB00511,CNT00033,2023-03-31,15,Smart TV,13,25-50%,FALSE,FALSE,FALSE,4K,SES470533,0,,,,,,,,,,,,,,,,,,,,,,,,,,,,,,,,,,,,,,,,,,,,,,,,,,,,,,,,,,,,,,,,,,,,,,,,,,,,,,,,,,,,,,,,,,,,,,,,,,,,,,,,,,,,,,,,,,,,,,,,,
EVT0000300,SUB00073,CNT00084,2023-04-02,21,Tablet,102,75-99%,FALSE,FALSE,FALSE,HD,SES229988,0,,,,,,,,,,,,,,,,,,,,,,,,,,,,,,,,,,,,,,,,,,,,,,,,,,,,,,,,,,,,,,,,,,,,,,,,,,,,,,,,,,,,,,,,,,,,,,,,,,,,,,,,,,,,,,,,,,,,,,,,,
EVT0000301,SUB00041,CNT00067,2024-05-14,10,Desktop,51,75-99%,FALSE,FALSE,FALSE,4K,SES491835,0,,,,,,,,,,,,,,,,,,,,,,,,,,,,,,,,,,,,,,,,,,,,,,,,,,,,,,,,,,,,,,,,,,,,,,,,,,,,,,,,,,,,,,,,,,,,,,,,,,,,,,,,,,,,,,,,,,,,,,,,,
EVT0000302,SUB00699,CNT00058,2023-03-27,7,Roku,87,50-75%,FALSE,TRUE,FALSE,HD,SES833736,0,,,,,,,,,,,,,,,,,,,,,,,,,,,,,,,,,,,,,,,,,,,,,,,,,,,,,,,,,,,,,,,,,,,,,,,,,,,,,,,,,,,,,,,,,,,,,,,,,,,,,,,,,,,,,,,,,,,,,,,,,
EVT0000303,SUB00159,CNT00038,2023-01-09,18,Mobile,33,75-99%,FALSE,FALSE,TRUE,SD,SES465887,0,,,,,,,,,,,,,,,,,,,,,,,,,,,,,,,,,,,,,,,,,,,,,,,,,,,,,,,,,,,,,,,,,,,,,,,,,,,,,,,,,,,,,,,,,,,,,,,,,,,,,,,,,,,,,,,,,,,,,,,,,
EVT0000304,SUB00480,CNT00060,2024-04-22,11,Fire TV,18,25-50%,FALSE,FALSE,TRUE,HD,SES521024,0,,,,,,,,,,,,,,,,,,,,,,,,,,,,,,,,,,,,,,,,,,,,,,,,,,,,,,,,,,,,,,,,,,,,,,,,,,,,,,,,,,,,,,,,,,,,,,,,,,,,,,,,,,,,,,,,,,,,,,,,,
EVT0000305,SUB00067,CNT00094,2023-12-03,21,Mobile,40,50-75%,FALSE,FALSE,TRUE,HD,SES263306,0,,,,,,,,,,,,,,,,,,,,,,,,,,,,,,,,,,,,,,,,,,,,,,,,,,,,,,,,,,,,,,,,,,,,,,,,,,,,,,,,,,,,,,,,,,,,,,,,,,,,,,,,,,,,,,,,,,,,,,,,,
EVT0000306,SUB00150,CNT00041,2024-04-26,18,Mobile,108,100%,TRUE,FALSE,TRUE,HD,SES323787,1,,,,,,,,,,,,,,,,,,,,,,,,,,,,,,,,,,,,,,,,,,,,,,,,,,,,,,,,,,,,,,,,,,,,,,,,,,,,,,,,,,,,,,,,,,,,,,,,,,,,,,,,,,,,,,,,,,,,,,,,,
EVT0000307,SUB00217,CNT00098,2023-02-25,14,Tablet,86,100%,TRUE,TRUE,TRUE,HD,SES172623,1,,,,,,,,,,,,,,,,,,,,,,,,,,,,,,,,,,,,,,,,,,,,,,,,,,,,,,,,,,,,,,,,,,,,,,,,,,,,,,,,,,,,,,,,,,,,,,,,,,,,,,,,,,,,,,,,,,,,,,,,,
EVT0000308,SUB00415,CNT00028,2023-10-08,22,Smart TV,90,100%,TRUE,FALSE,TRUE,SD,SES196931,1,,,,,,,,,,,,,,,,,,,,,,,,,,,,,,,,,,,,,,,,,,,,,,,,,,,,,,,,,,,,,,,,,,,,,,,,,,,,,,,,,,,,,,,,,,,,,,,,,,,,,,,,,,,,,,,,,,,,,,,,,
EVT0000309,SUB00351,CNT00039,2024-03-14,17,Desktop,66,25-50%,FALSE,FALSE,FALSE,HD,SES830532,0,,,,,,,,,,,,,,,,,,,,,,,,,,,,,,,,,,,,,,,,,,,,,,,,,,,,,,,,,,,,,,,,,,,,,,,,,,,,,,,,,,,,,,,,,,,,,,,,,,,,,,,,,,,,,,,,,,,,,,,,,
EVT0000310,SUB00364,CNT00074,2024-03-23,6,Roku,105,75-99%,FALSE,FALSE,TRUE,SD,SES857830,0,,,,,,,,,,,,,,,,,,,,,,,,,,,,,,,,,,,,,,,,,,,,,,,,,,,,,,,,,,,,,,,,,,,,,,,,,,,,,,,,,,,,,,,,,,,,,,,,,,,,,,,,,,,,,,,,,,,,,,,,,
EVT0000311,SUB00332,CNT00094,2023-05-29,16,Mobile,24,100%,TRUE,FALSE,TRUE,HD,SES431777,1,,,,,,,,,,,,,,,,,,,,,,,,,,,,,,,,,,,,,,,,,,,,,,,,,,,,,,,,,,,,,,,,,,,,,,,,,,,,,,,,,,,,,,,,,,,,,,,,,,,,,,,,,,,,,,,,,,,,,,,,,
EVT0000312,SUB00691,CNT00067,2023-04-27,20,Smart TV,86,100%,TRUE,FALSE,FALSE,HD,SES202179,1,,,,,,,,,,,,,,,,,,,,,,,,,,,,,,,,,,,,,,,,,,,,,,,,,,,,,,,,,,,,,,,,,,,,,,,,,,,,,,,,,,,,,,,,,,,,,,,,,,,,,,,,,,,,,,,,,,,,,,,,,
EVT0000313,SUB00224,CNT00025,2023-02-07,23,Smart TV,81,75-99%,FALSE,FALSE,TRUE,4K,SES319952,0,,,,,,,,,,,,,,,,,,,,,,,,,,,,,,,,,,,,,,,,,,,,,,,,,,,,,,,,,,,,,,,,,,,,,,,,,,,,,,,,,,,,,,,,,,,,,,,,,,,,,,,,,,,,,,,,,,,,,,,,,
EVT0000314,SUB00696,CNT00002,2023-07-15,17,Mobile,43,75-99%,FALSE,FALSE,FALSE,SD,SES833287,0,,,,,,,,,,,,,,,,,,,,,,,,,,,,,,,,,,,,,,,,,,,,,,,,,,,,,,,,,,,,,,,,,,,,,,,,,,,,,,,,,,,,,,,,,,,,,,,,,,,,,,,,,,,,,,,,,,,,,,,,,
EVT0000315,SUB00665,CNT00053,2024-05-26,17,Roku,59,75-99%,FALSE,FALSE,TRUE,SD,SES284354,0,,,,,,,,,,,,,,,,,,,,,,,,,,,,,,,,,,,,,,,,,,,,,,,,,,,,,,,,,,,,,,,,,,,,,,,,,,,,,,,,,,,,,,,,,,,,,,,,,,,,,,,,,,,,,,,,,,,,,,,,,
EVT0000316,SUB00439,CNT00096,2024-04-14,23,Desktop,53,100%,TRUE,FALSE,FALSE,HD,SES764909,1,,,,,,,,,,,,,,,,,,,,,,,,,,,,,,,,,,,,,,,,,,,,,,,,,,,,,,,,,,,,,,,,,,,,,,,,,,,,,,,,,,,,,,,,,,,,,,,,,,,,,,,,,,,,,,,,,,,,,,,,,
EVT0000317,SUB00636,CNT00013,2023-10-18,9,Mobile,88,100%,TRUE,TRUE,FALSE,HD,SES208711,1,,,,,,,,,,,,,,,,,,,,,,,,,,,,,,,,,,,,,,,,,,,,,,,,,,,,,,,,,,,,,,,,,,,,,,,,,,,,,,,,,,,,,,,,,,,,,,,,,,,,,,,,,,,,,,,,,,,,,,,,,
EVT0000318,SUB00639,CNT00013,2024-05-23,22,Roku,108,100%,TRUE,TRUE,FALSE,4K,SES993077,1,,,,,,,,,,,,,,,,,,,,,,,,,,,,,,,,,,,,,,,,,,,,,,,,,,,,,,,,,,,,,,,,,,,,,,,,,,,,,,,,,,,,,,,,,,,,,,,,,,,,,,,,,,,,,,,,,,,,,,,,,
EVT0000319,SUB00217,CNT00073,2024-03-06,9,Smart TV,114,100%,TRUE,FALSE,TRUE,4K,SES932308,1,,,,,,,,,,,,,,,,,,,,,,,,,,,,,,,,,,,,,,,,,,,,,,,,,,,,,,,,,,,,,,,,,,,,,,,,,,,,,,,,,,,,,,,,,,,,,,,,,,,,,,,,,,,,,,,,,,,,,,,,,
EVT0000320,SUB00423,CNT00083,2024-04-20,18,Mobile,52,100%,TRUE,TRUE,FALSE,4K,SES380608,1,,,,,,,,,,,,,,,,,,,,,,,,,,,,,,,,,,,,,,,,,,,,,,,,,,,,,,,,,,,,,,,,,,,,,,,,,,,,,,,,,,,,,,,,,,,,,,,,,,,,,,,,,,,,,,,,,,,,,,,,,
EVT0000321,SUB00315,CNT00054,2023-09-28,6,Desktop,9,100%,TRUE,TRUE,TRUE,HD,SES928909,1,,,,,,,,,,,,,,,,,,,,,,,,,,,,,,,,,,,,,,,,,,,,,,,,,,,,,,,,,,,,,,,,,,,,,,,,,,,,,,,,,,,,,,,,,,,,,,,,,,,,,,,,,,,,,,,,,,,,,,,,,
EVT0000322,SUB00532,CNT00077,2024-01-19,11,Roku,60,50-75%,FALSE,TRUE,FALSE,HD,SES302019,0,,,,,,,,,,,,,,,,,,,,,,,,,,,,,,,,,,,,,,,,,,,,,,,,,,,,,,,,,,,,,,,,,,,,,,,,,,,,,,,,,,,,,,,,,,,,,,,,,,,,,,,,,,,,,,,,,,,,,,,,,
EVT0000323,SUB00053,CNT00074,2024-02-07,18,Fire TV,27,75-99%,FALSE,FALSE,TRUE,HD,SES266140,0,,,,,,,,,,,,,,,,,,,,,,,,,,,,,,,,,,,,,,,,,,,,,,,,,,,,,,,,,,,,,,,,,,,,,,,,,,,,,,,,,,,,,,,,,,,,,,,,,,,,,,,,,,,,,,,,,,,,,,,,,
EVT0000324,SUB00237,CNT00066,2024-03-23,18,Fire TV,38,75-99%,FALSE,FALSE,TRUE,4K,SES313660,0,,,,,,,,,,,,,,,,,,,,,,,,,,,,,,,,,,,,,,,,,,,,,,,,,,,,,,,,,,,,,,,,,,,,,,,,,,,,,,,,,,,,,,,,,,,,,,,,,,,,,,,,,,,,,,,,,,,,,,,,,
EVT0000325,SUB00096,CNT00003,2023-04-06,10,Mobile,84,100%,TRUE,FALSE,FALSE,SD,SES699569,1,,,,,,,,,,,,,,,,,,,,,,,,,,,,,,,,,,,,,,,,,,,,,,,,,,,,,,,,,,,,,,,,,,,,,,,,,,,,,,,,,,,,,,,,,,,,,,,,,,,,,,,,,,,,,,,,,,,,,,,,,
EVT0000326,SUB00026,CNT00017,2024-01-27,17,Smart TV,35,100%,TRUE,FALSE,TRUE,4K,SES303244,1,,,,,,,,,,,,,,,,,,,,,,,,,,,,,,,,,,,,,,,,,,,,,,,,,,,,,,,,,,,,,,,,,,,,,,,,,,,,,,,,,,,,,,,,,,,,,,,,,,,,,,,,,,,,,,,,,,,,,,,,,
EVT0000327,SUB00388,CNT00085,2023-09-09,8,Smart TV,85,<25%,FALSE,TRUE,FALSE,HD,SES208442,0,,,,,,,,,,,,,,,,,,,,,,,,,,,,,,,,,,,,,,,,,,,,,,,,,,,,,,,,,,,,,,,,,,,,,,,,,,,,,,,,,,,,,,,,,,,,,,,,,,,,,,,,,,,,,,,,,,,,,,,,,
EVT0000328,SUB00471,CNT00016,2023-04-24,15,Tablet,119,25-50%,FALSE,TRUE,TRUE,SD,SES618253,0,,,,,,,,,,,,,,,,,,,,,,,,,,,,,,,,,,,,,,,,,,,,,,,,,,,,,,,,,,,,,,,,,,,,,,,,,,,,,,,,,,,,,,,,,,,,,,,,,,,,,,,,,,,,,,,,,,,,,,,,,
EVT0000329,SUB00213,CNT00094,2024-01-06,19,Mobile,67,100%,TRUE,FALSE,TRUE,HD,SES820724,1,,,,,,,,,,,,,,,,,,,,,,,,,,,,,,,,,,,,,,,,,,,,,,,,,,,,,,,,,,,,,,,,,,,,,,,,,,,,,,,,,,,,,,,,,,,,,,,,,,,,,,,,,,,,,,,,,,,,,,,,,
EVT0000330,SUB00385,CNT00082,2024-03-05,11,Smart TV,43,100%,TRUE,TRUE,TRUE,HD,SES761875,1,,,,,,,,,,,,,,,,,,,,,,,,,,,,,,,,,,,,,,,,,,,,,,,,,,,,,,,,,,,,,,,,,,,,,,,,,,,,,,,,,,,,,,,,,,,,,,,,,,,,,,,,,,,,,,,,,,,,,,,,,
EVT0000331,SUB00121,CNT00045,2023-02-02,23,Mobile,25,75-99%,FALSE,FALSE,FALSE,4K,SES227500,0,,,,,,,,,,,,,,,,,,,,,,,,,,,,,,,,,,,,,,,,,,,,,,,,,,,,,,,,,,,,,,,,,,,,,,,,,,,,,,,,,,,,,,,,,,,,,,,,,,,,,,,,,,,,,,,,,,,,,,,,,
EVT0000332,SUB00621,CNT00004,2023-07-17,10,Smart TV,115,75-99%,FALSE,FALSE,TRUE,HD,SES130930,0,,,,,,,,,,,,,,,,,,,,,,,,,,,,,,,,,,,,,,,,,,,,,,,,,,,,,,,,,,,,,,,,,,,,,,,,,,,,,,,,,,,,,,,,,,,,,,,,,,,,,,,,,,,,,,,,,,,,,,,,,
EVT0000333,SUB00142,CNT00081,2023-12-02,10,Tablet,40,100%,TRUE,FALSE,TRUE,SD,SES465484,1,,,,,,,,,,,,,,,,,,,,,,,,,,,,,,,,,,,,,,,,,,,,,,,,,,,,,,,,,,,,,,,,,,,,,,,,,,,,,,,,,,,,,,,,,,,,,,,,,,,,,,,,,,,,,,,,,,,,,,,,,
EVT0000334,SUB00479,CNT00064,2023-10-29,18,Smart TV,37,75-99%,FALSE,TRUE,TRUE,4K,SES511907,0,,,,,,,,,,,,,,,,,,,,,,,,,,,,,,,,,,,,,,,,,,,,,,,,,,,,,,,,,,,,,,,,,,,,,,,,,,,,,,,,,,,,,,,,,,,,,,,,,,,,,,,,,,,,,,,,,,,,,,,,,
EVT0000335,SUB00598,CNT00076,2023-04-16,12,Fire TV,67,50-75%,FALSE,FALSE,TRUE,HD,SES725297,0,,,,,,,,,,,,,,,,,,,,,,,,,,,,,,,,,,,,,,,,,,,,,,,,,,,,,,,,,,,,,,,,,,,,,,,,,,,,,,,,,,,,,,,,,,,,,,,,,,,,,,,,,,,,,,,,,,,,,,,,,
EVT0000336,SUB00327,CNT00078,2023-10-06,12,Roku,50,75-99%,FALSE,FALSE,FALSE,SD,SES571233,0,,,,,,,,,,,,,,,,,,,,,,,,,,,,,,,,,,,,,,,,,,,,,,,,,,,,,,,,,,,,,,,,,,,,,,,,,,,,,,,,,,,,,,,,,,,,,,,,,,,,,,,,,,,,,,,,,,,,,,,,,
EVT0000337,SUB00035,CNT00033,2023-06-21,15,Roku,110,100%,TRUE,FALSE,FALSE,4K,SES517654,1,,,,,,,,,,,,,,,,,,,,,,,,,,,,,,,,,,,,,,,,,,,,,,,,,,,,,,,,,,,,,,,,,,,,,,,,,,,,,,,,,,,,,,,,,,,,,,,,,,,,,,,,,,,,,,,,,,,,,,,,,
EVT0000338,SUB00118,CNT00033,2023-01-31,11,Tablet,36,75-99%,FALSE,TRUE,TRUE,4K,SES490032,0,,,,,,,,,,,,,,,,,,,,,,,,,,,,,,,,,,,,,,,,,,,,,,,,,,,,,,,,,,,,,,,,,,,,,,,,,,,,,,,,,,,,,,,,,,,,,,,,,,,,,,,,,,,,,,,,,,,,,,,,,
EVT0000339,SUB00322,CNT00033,2023-05-29,16,Smart TV,64,100%,TRUE,FALSE,TRUE,HD,SES688922,1,,,,,,,,,,,,,,,,,,,,,,,,,,,,,,,,,,,,,,,,,,,,,,,,,,,,,,,,,,,,,,,,,,,,,,,,,,,,,,,,,,,,,,,,,,,,,,,,,,,,,,,,,,,,,,,,,,,,,,,,,
EVT0000340,SUB00395,CNT00024,2023-03-09,9,Roku,40,75-99%,FALSE,FALSE,FALSE,SD,SES701828,0,,,,,,,,,,,,,,,,,,,,,,,,,,,,,,,,,,,,,,,,,,,,,,,,,,,,,,,,,,,,,,,,,,,,,,,,,,,,,,,,,,,,,,,,,,,,,,,,,,,,,,,,,,,,,,,,,,,,,,,,,
EVT0000341,SUB00699,CNT00041,2024-03-07,12,Smart TV,11,100%,TRUE,FALSE,TRUE,SD,SES387745,1,,,,,,,,,,,,,,,,,,,,,,,,,,,,,,,,,,,,,,,,,,,,,,,,,,,,,,,,,,,,,,,,,,,,,,,,,,,,,,,,,,,,,,,,,,,,,,,,,,,,,,,,,,,,,,,,,,,,,,,,,
EVT0000342,SUB00123,CNT00021,2024-03-07,18,Smart TV,78,100%,TRUE,TRUE,TRUE,SD,SES774933,1,,,,,,,,,,,,,,,,,,,,,,,,,,,,,,,,,,,,,,,,,,,,,,,,,,,,,,,,,,,,,,,,,,,,,,,,,,,,,,,,,,,,,,,,,,,,,,,,,,,,,,,,,,,,,,,,,,,,,,,,,
EVT0000343,SUB00473,CNT00088,2023-01-05,7,Roku,72,100%,TRUE,TRUE,TRUE,SD,SES172827,1,,,,,,,,,,,,,,,,,,,,,,,,,,,,,,,,,,,,,,,,,,,,,,,,,,,,,,,,,,,,,,,,,,,,,,,,,,,,,,,,,,,,,,,,,,,,,,,,,,,,,,,,,,,,,,,,,,,,,,,,,
EVT0000344,SUB00098,CNT00054,2024-04-26,14,Tablet,101,100%,TRUE,FALSE,TRUE,SD,SES683480,1,,,,,,,,,,,,,,,,,,,,,,,,,,,,,,,,,,,,,,,,,,,,,,,,,,,,,,,,,,,,,,,,,,,,,,,,,,,,,,,,,,,,,,,,,,,,,,,,,,,,,,,,,,,,,,,,,,,,,,,,,
EVT0000345,SUB00506,CNT00051,2023-11-17,20,Desktop,113,50-75%,FALSE,FALSE,TRUE,4K,SES747995,0,,,,,,,,,,,,,,,,,,,,,,,,,,,,,,,,,,,,,,,,,,,,,,,,,,,,,,,,,,,,,,,,,,,,,,,,,,,,,,,,,,,,,,,,,,,,,,,,,,,,,,,,,,,,,,,,,,,,,,,,,
EVT0000346,SUB00030,CNT00087,2023-04-16,9,Tablet,115,<25%,FALSE,FALSE,FALSE,HD,SES337336,0,,,,,,,,,,,,,,,,,,,,,,,,,,,,,,,,,,,,,,,,,,,,,,,,,,,,,,,,,,,,,,,,,,,,,,,,,,,,,,,,,,,,,,,,,,,,,,,,,,,,,,,,,,,,,,,,,,,,,,,,,
EVT0000347,SUB00091,CNT00098,2023-06-24,23,Mobile,93,100%,TRUE,TRUE,TRUE,SD,SES216185,1,,,,,,,,,,,,,,,,,,,,,,,,,,,,,,,,,,,,,,,,,,,,,,,,,,,,,,,,,,,,,,,,,,,,,,,,,,,,,,,,,,,,,,,,,,,,,,,,,,,,,,,,,,,,,,,,,,,,,,,,,
EVT0000348,SUB00312,CNT00040,2023-02-19,18,Tablet,94,100%,TRUE,TRUE,TRUE,HD,SES583072,1,,,,,,,,,,,,,,,,,,,,,,,,,,,,,,,,,,,,,,,,,,,,,,,,,,,,,,,,,,,,,,,,,,,,,,,,,,,,,,,,,,,,,,,,,,,,,,,,,,,,,,,,,,,,,,,,,,,,,,,,,
EVT0000349,SUB00130,CNT00009,2023-05-03,19,Fire TV,62,100%,TRUE,FALSE,TRUE,HD,SES653217,1,,,,,,,,,,,,,,,,,,,,,,,,,,,,,,,,,,,,,,,,,,,,,,,,,,,,,,,,,,,,,,,,,,,,,,,,,,,,,,,,,,,,,,,,,,,,,,,,,,,,,,,,,,,,,,,,,,,,,,,,,
EVT0000350,SUB00592,CNT00063,2023-09-04,16,Fire TV,66,100%,TRUE,TRUE,TRUE,4K,SES903421,1,,,,,,,,,,,,,,,,,,,,,,,,,,,,,,,,,,,,,,,,,,,,,,,,,,,,,,,,,,,,,,,,,,,,,,,,,,,,,,,,,,,,,,,,,,,,,,,,,,,,,,,,,,,,,,,,,,,,,,,,,
EVT0000351,SUB00085,CNT00088,2023-10-31,12,Fire TV,14,100%,TRUE,TRUE,TRUE,SD,SES322796,1,,,,,,,,,,,,,,,,,,,,,,,,,,,,,,,,,,,,,,,,,,,,,,,,,,,,,,,,,,,,,,,,,,,,,,,,,,,,,,,,,,,,,,,,,,,,,,,,,,,,,,,,,,,,,,,,,,,,,,,,,
EVT0000352,SUB00687,CNT00049,2023-01-14,9,Tablet,31,25-50%,FALSE,FALSE,FALSE,HD,SES428580,0,,,,,,,,,,,,,,,,,,,,,,,,,,,,,,,,,,,,,,,,,,,,,,,,,,,,,,,,,,,,,,,,,,,,,,,,,,,,,,,,,,,,,,,,,,,,,,,,,,,,,,,,,,,,,,,,,,,,,,,,,
EVT0000353,SUB00465,CNT00065,2023-11-16,10,Smart TV,51,25-50%,FALSE,FALSE,TRUE,HD,SES638406,0,,,,,,,,,,,,,,,,,,,,,,,,,,,,,,,,,,,,,,,,,,,,,,,,,,,,,,,,,,,,,,,,,,,,,,,,,,,,,,,,,,,,,,,,,,,,,,,,,,,,,,,,,,,,,,,,,,,,,,,,,
EVT0000354,SUB00410,CNT00030,2023-07-27,15,Roku,87,75-99%,FALSE,TRUE,TRUE,HD,SES212379,0,,,,,,,,,,,,,,,,,,,,,,,,,,,,,,,,,,,,,,,,,,,,,,,,,,,,,,,,,,,,,,,,,,,,,,,,,,,,,,,,,,,,,,,,,,,,,,,,,,,,,,,,,,,,,,,,,,,,,,,,,
EVT0000355,SUB00247,CNT00093,2023-04-23,6,Desktop,89,25-50%,FALSE,FALSE,TRUE,4K,SES378479,0,,,,,,,,,,,,,,,,,,,,,,,,,,,,,,,,,,,,,,,,,,,,,,,,,,,,,,,,,,,,,,,,,,,,,,,,,,,,,,,,,,,,,,,,,,,,,,,,,,,,,,,,,,,,,,,,,,,,,,,,,
EVT0000356,SUB00564,CNT00002,2023-05-02,18,Roku,60,50-75%,FALSE,FALSE,TRUE,SD,SES562779,0,,,,,,,,,,,,,,,,,,,,,,,,,,,,,,,,,,,,,,,,,,,,,,,,,,,,,,,,,,,,,,,,,,,,,,,,,,,,,,,,,,,,,,,,,,,,,,,,,,,,,,,,,,,,,,,,,,,,,,,,,
EVT0000357,SUB00379,CNT00076,2023-10-07,19,Smart TV,42,75-99%,FALSE,TRUE,TRUE,HD,SES722905,0,,,,,,,,,,,,,,,,,,,,,,,,,,,,,,,,,,,,,,,,,,,,,,,,,,,,,,,,,,,,,,,,,,,,,,,,,,,,,,,,,,,,,,,,,,,,,,,,,,,,,,,,,,,,,,,,,,,,,,,,,
EVT0000358,SUB00543,CNT00067,2023-10-10,7,Fire TV,36,75-99%,FALSE,TRUE,TRUE,SD,SES155718,0,,,,,,,,,,,,,,,,,,,,,,,,,,,,,,,,,,,,,,,,,,,,,,,,,,,,,,,,,,,,,,,,,,,,,,,,,,,,,,,,,,,,,,,,,,,,,,,,,,,,,,,,,,,,,,,,,,,,,,,,,
EVT0000359,SUB00590,CNT00015,2023-02-06,14,Smart TV,117,75-99%,FALSE,FALSE,FALSE,HD,SES510945,0,,,,,,,,,,,,,,,,,,,,,,,,,,,,,,,,,,,,,,,,,,,,,,,,,,,,,,,,,,,,,,,,,,,,,,,,,,,,,,,,,,,,,,,,,,,,,,,,,,,,,,,,,,,,,,,,,,,,,,,,,
EVT0000360,SUB00104,CNT00087,2024-02-07,14,Desktop,31,100%,TRUE,TRUE,TRUE,4K,SES767837,1,,,,,,,,,,,,,,,,,,,,,,,,,,,,,,,,,,,,,,,,,,,,,,,,,,,,,,,,,,,,,,,,,,,,,,,,,,,,,,,,,,,,,,,,,,,,,,,,,,,,,,,,,,,,,,,,,,,,,,,,,
EVT0000361,SUB00611,CNT00034,2023-10-22,22,Fire TV,84,<25%,FALSE,FALSE,FALSE,4K,SES993978,0,,,,,,,,,,,,,,,,,,,,,,,,,,,,,,,,,,,,,,,,,,,,,,,,,,,,,,,,,,,,,,,,,,,,,,,,,,,,,,,,,,,,,,,,,,,,,,,,,,,,,,,,,,,,,,,,,,,,,,,,,
EVT0000362,SUB00175,CNT00007,2023-09-02,16,Desktop,23,25-50%,FALSE,TRUE,FALSE,HD,SES548709,0,,,,,,,,,,,,,,,,,,,,,,,,,,,,,,,,,,,,,,,,,,,,,,,,,,,,,,,,,,,,,,,,,,,,,,,,,,,,,,,,,,,,,,,,,,,,,,,,,,,,,,,,,,,,,,,,,,,,,,,,,
EVT0000363,SUB00022,CNT00029,2023-12-09,11,Fire TV,102,100%,TRUE,TRUE,FALSE,4K,SES596846,1,,,,,,,,,,,,,,,,,,,,,,,,,,,,,,,,,,,,,,,,,,,,,,,,,,,,,,,,,,,,,,,,,,,,,,,,,,,,,,,,,,,,,,,,,,,,,,,,,,,,,,,,,,,,,,,,,,,,,,,,,
EVT0000364,SUB00501,CNT00061,2023-01-02,6,Roku,92,25-50%,FALSE,FALSE,TRUE,HD,SES627587,0,,,,,,,,,,,,,,,,,,,,,,,,,,,,,,,,,,,,,,,,,,,,,,,,,,,,,,,,,,,,,,,,,,,,,,,,,,,,,,,,,,,,,,,,,,,,,,,,,,,,,,,,,,,,,,,,,,,,,,,,,
EVT0000365,SUB00151,CNT00013,2023-06-21,16,Desktop,67,50-75%,FALSE,FALSE,TRUE,HD,SES369840,0,,,,,,,,,,,,,,,,,,,,,,,,,,,,,,,,,,,,,,,,,,,,,,,,,,,,,,,,,,,,,,,,,,,,,,,,,,,,,,,,,,,,,,,,,,,,,,,,,,,,,,,,,,,,,,,,,,,,,,,,,
EVT0000366,SUB00260,CNT00003,2024-05-13,15,Fire TV,47,100%,TRUE,FALSE,FALSE,HD,SES607882,1,,,,,,,,,,,,,,,,,,,,,,,,,,,,,,,,,,,,,,,,,,,,,,,,,,,,,,,,,,,,,,,,,,,,,,,,,,,,,,,,,,,,,,,,,,,,,,,,,,,,,,,,,,,,,,,,,,,,,,,,,
EVT0000367,SUB00277,CNT00094,2023-04-26,10,Desktop,114,100%,TRUE,TRUE,FALSE,HD,SES474545,1,,,,,,,,,,,,,,,,,,,,,,,,,,,,,,,,,,,,,,,,,,,,,,,,,,,,,,,,,,,,,,,,,,,,,,,,,,,,,,,,,,,,,,,,,,,,,,,,,,,,,,,,,,,,,,,,,,,,,,,,,
EVT0000368,SUB00032,CNT00082,2024-05-24,19,Tablet,31,100%,TRUE,FALSE,TRUE,HD,SES496129,1,,,,,,,,,,,,,,,,,,,,,,,,,,,,,,,,,,,,,,,,,,,,,,,,,,,,,,,,,,,,,,,,,,,,,,,,,,,,,,,,,,,,,,,,,,,,,,,,,,,,,,,,,,,,,,,,,,,,,,,,,
EVT0000369,SUB00281,CNT00087,2023-04-21,20,Roku,27,75-99%,FALSE,FALSE,FALSE,4K,SES447283,0,,,,,,,,,,,,,,,,,,,,,,,,,,,,,,,,,,,,,,,,,,,,,,,,,,,,,,,,,,,,,,,,,,,,,,,,,,,,,,,,,,,,,,,,,,,,,,,,,,,,,,,,,,,,,,,,,,,,,,,,,
EVT0000370,SUB00604,CNT00036,2024-02-05,7,Roku,71,50-75%,FALSE,FALSE,TRUE,HD,SES228934,0,,,,,,,,,,,,,,,,,,,,,,,,,,,,,,,,,,,,,,,,,,,,,,,,,,,,,,,,,,,,,,,,,,,,,,,,,,,,,,,,,,,,,,,,,,,,,,,,,,,,,,,,,,,,,,,,,,,,,,,,,
EVT0000371,SUB00466,CNT00045,2024-03-19,6,Desktop,92,50-75%,FALSE,TRUE,TRUE,HD,SES648600,0,,,,,,,,,,,,,,,,,,,,,,,,,,,,,,,,,,,,,,,,,,,,,,,,,,,,,,,,,,,,,,,,,,,,,,,,,,,,,,,,,,,,,,,,,,,,,,,,,,,,,,,,,,,,,,,,,,,,,,,,,
EVT0000372,SUB00639,CNT00021,2023-10-24,15,Mobile,107,50-75%,FALSE,FALSE,TRUE,HD,SES142942,0,,,,,,,,,,,,,,,,,,,,,,,,,,,,,,,,,,,,,,,,,,,,,,,,,,,,,,,,,,,,,,,,,,,,,,,,,,,,,,,,,,,,,,,,,,,,,,,,,,,,,,,,,,,,,,,,,,,,,,,,,
EVT0000373,SUB00290,CNT00016,2023-08-11,15,Mobile,60,<25%,FALSE,FALSE,FALSE,SD,SES152326,0,,,,,,,,,,,,,,,,,,,,,,,,,,,,,,,,,,,,,,,,,,,,,,,,,,,,,,,,,,,,,,,,,,,,,,,,,,,,,,,,,,,,,,,,,,,,,,,,,,,,,,,,,,,,,,,,,,,,,,,,,
EVT0000374,SUB00142,CNT00031,2023-09-15,22,Fire TV,103,100%,TRUE,FALSE,TRUE,SD,SES847841,1,,,,,,,,,,,,,,,,,,,,,,,,,,,,,,,,,,,,,,,,,,,,,,,,,,,,,,,,,,,,,,,,,,,,,,,,,,,,,,,,,,,,,,,,,,,,,,,,,,,,,,,,,,,,,,,,,,,,,,,,,
EVT0000375,SUB00147,CNT00026,2023-10-05,8,Tablet,33,75-99%,FALSE,TRUE,TRUE,4K,SES360810,0,,,,,,,,,,,,,,,,,,,,,,,,,,,,,,,,,,,,,,,,,,,,,,,,,,,,,,,,,,,,,,,,,,,,,,,,,,,,,,,,,,,,,,,,,,,,,,,,,,,,,,,,,,,,,,,,,,,,,,,,,
EVT0000376,SUB00433,CNT00098,2024-01-31,14,Tablet,81,<25%,FALSE,FALSE,TRUE,HD,SES556986,0,,,,,,,,,,,,,,,,,,,,,,,,,,,,,,,,,,,,,,,,,,,,,,,,,,,,,,,,,,,,,,,,,,,,,,,,,,,,,,,,,,,,,,,,,,,,,,,,,,,,,,,,,,,,,,,,,,,,,,,,,
EVT0000377,SUB00593,CNT00084,2023-11-27,10,Desktop,75,25-50%,FALSE,TRUE,TRUE,4K,SES189755,0,,,,,,,,,,,,,,,,,,,,,,,,,,,,,,,,,,,,,,,,,,,,,,,,,,,,,,,,,,,,,,,,,,,,,,,,,,,,,,,,,,,,,,,,,,,,,,,,,,,,,,,,,,,,,,,,,,,,,,,,,
EVT0000378,SUB00581,CNT00060,2023-11-01,18,Desktop,17,75-99%,FALSE,TRUE,FALSE,HD,SES827851,0,,,,,,,,,,,,,,,,,,,,,,,,,,,,,,,,,,,,,,,,,,,,,,,,,,,,,,,,,,,,,,,,,,,,,,,,,,,,,,,,,,,,,,,,,,,,,,,,,,,,,,,,,,,,,,,,,,,,,,,,,
EVT0000379,SUB00516,CNT00092,2023-11-17,17,Desktop,64,75-99%,FALSE,FALSE,TRUE,HD,SES129017,0,,,,,,,,,,,,,,,,,,,,,,,,,,,,,,,,,,,,,,,,,,,,,,,,,,,,,,,,,,,,,,,,,,,,,,,,,,,,,,,,,,,,,,,,,,,,,,,,,,,,,,,,,,,,,,,,,,,,,,,,,
EVT0000380,SUB00432,CNT00027,2023-01-28,15,Smart TV,79,100%,TRUE,FALSE,TRUE,HD,SES751050,1,,,,,,,,,,,,,,,,,,,,,,,,,,,,,,,,,,,,,,,,,,,,,,,,,,,,,,,,,,,,,,,,,,,,,,,,,,,,,,,,,,,,,,,,,,,,,,,,,,,,,,,,,,,,,,,,,,,,,,,,,
EVT0000381,SUB00055,CNT00051,2023-10-28,6,Desktop,108,25-50%,FALSE,FALSE,TRUE,SD,SES188771,0,,,,,,,,,,,,,,,,,,,,,,,,,,,,,,,,,,,,,,,,,,,,,,,,,,,,,,,,,,,,,,,,,,,,,,,,,,,,,,,,,,,,,,,,,,,,,,,,,,,,,,,,,,,,,,,,,,,,,,,,,
EVT0000382,SUB00277,CNT00084,2023-02-26,9,Tablet,77,25-50%,FALSE,FALSE,FALSE,4K,SES163821,0,,,,,,,,,,,,,,,,,,,,,,,,,,,,,,,,,,,,,,,,,,,,,,,,,,,,,,,,,,,,,,,,,,,,,,,,,,,,,,,,,,,,,,,,,,,,,,,,,,,,,,,,,,,,,,,,,,,,,,,,,
EVT0000383,SUB00599,CNT00095,2023-05-05,12,Roku,23,100%,TRUE,FALSE,FALSE,HD,SES243028,1,,,,,,,,,,,,,,,,,,,,,,,,,,,,,,,,,,,,,,,,,,,,,,,,,,,,,,,,,,,,,,,,,,,,,,,,,,,,,,,,,,,,,,,,,,,,,,,,,,,,,,,,,,,,,,,,,,,,,,,,,
EVT0000384,SUB00692,CNT00020,2023-08-17,15,Fire TV,5,50-75%,FALSE,FALSE,FALSE,HD,SES220280,0,,,,,,,,,,,,,,,,,,,,,,,,,,,,,,,,,,,,,,,,,,,,,,,,,,,,,,,,,,,,,,,,,,,,,,,,,,,,,,,,,,,,,,,,,,,,,,,,,,,,,,,,,,,,,,,,,,,,,,,,,
EVT0000385,SUB00001,CNT00048,2023-03-10,13,Smart TV,18,75-99%,FALSE,FALSE,TRUE,HD,SES565374,0,,,,,,,,,,,,,,,,,,,,,,,,,,,,,,,,,,,,,,,,,,,,,,,,,,,,,,,,,,,,,,,,,,,,,,,,,,,,,,,,,,,,,,,,,,,,,,,,,,,,,,,,,,,,,,,,,,,,,,,,,
EVT0000386,SUB00057,CNT00039,2024-02-05,11,Smart TV,112,75-99%,FALSE,FALSE,TRUE,HD,SES814416,0,,,,,,,,,,,,,,,,,,,,,,,,,,,,,,,,,,,,,,,,,,,,,,,,,,,,,,,,,,,,,,,,,,,,,,,,,,,,,,,,,,,,,,,,,,,,,,,,,,,,,,,,,,,,,,,,,,,,,,,,,
EVT0000387,SUB00674,CNT00056,2024-03-25,6,Smart TV,23,25-50%,FALSE,FALSE,FALSE,HD,SES279071,0,,,,,,,,,,,,,,,,,,,,,,,,,,,,,,,,,,,,,,,,,,,,,,,,,,,,,,,,,,,,,,,,,,,,,,,,,,,,,,,,,,,,,,,,,,,,,,,,,,,,,,,,,,,,,,,,,,,,,,,,,
EVT0000388,SUB00560,CNT00056,2024-06-07,9,Roku,68,50-75%,FALSE,FALSE,FALSE,4K,SES510191,0,,,,,,,,,,,,,,,,,,,,,,,,,,,,,,,,,,,,,,,,,,,,,,,,,,,,,,,,,,,,,,,,,,,,,,,,,,,,,,,,,,,,,,,,,,,,,,,,,,,,,,,,,,,,,,,,,,,,,,,,,
EVT0000389,SUB00110,CNT00055,2024-01-31,15,Desktop,20,25-50%,FALSE,FALSE,TRUE,SD,SES708738,0,,,,,,,,,,,,,,,,,,,,,,,,,,,,,,,,,,,,,,,,,,,,,,,,,,,,,,,,,,,,,,,,,,,,,,,,,,,,,,,,,,,,,,,,,,,,,,,,,,,,,,,,,,,,,,,,,,,,,,,,,
EVT0000390,SUB00035,CNT00085,2023-11-07,7,Tablet,22,100%,TRUE,FALSE,FALSE,HD,SES390354,1,,,,,,,,,,,,,,,,,,,,,,,,,,,,,,,,,,,,,,,,,,,,,,,,,,,,,,,,,,,,,,,,,,,,,,,,,,,,,,,,,,,,,,,,,,,,,,,,,,,,,,,,,,,,,,,,,,,,,,,,,
EVT0000391,SUB00163,CNT00089,2023-01-10,12,Tablet,120,100%,TRUE,FALSE,FALSE,HD,SES637966,1,,,,,,,,,,,,,,,,,,,,,,,,,,,,,,,,,,,,,,,,,,,,,,,,,,,,,,,,,,,,,,,,,,,,,,,,,,,,,,,,,,,,,,,,,,,,,,,,,,,,,,,,,,,,,,,,,,,,,,,,,
EVT0000392,SUB00179,CNT00046,2023-03-06,16,Desktop,96,100%,TRUE,TRUE,TRUE,4K,SES513064,1,,,,,,,,,,,,,,,,,,,,,,,,,,,,,,,,,,,,,,,,,,,,,,,,,,,,,,,,,,,,,,,,,,,,,,,,,,,,,,,,,,,,,,,,,,,,,,,,,,,,,,,,,,,,,,,,,,,,,,,,,
EVT0000393,SUB00661,CNT00061,2023-03-11,11,Roku,95,100%,TRUE,FALSE,FALSE,HD,SES371818,1,,,,,,,,,,,,,,,,,,,,,,,,,,,,,,,,,,,,,,,,,,,,,,,,,,,,,,,,,,,,,,,,,,,,,,,,,,,,,,,,,,,,,,,,,,,,,,,,,,,,,,,,,,,,,,,,,,,,,,,,,
EVT0000394,SUB00332,CNT00075,2023-05-13,18,Mobile,10,50-75%,FALSE,TRUE,FALSE,HD,SES342959,0,,,,,,,,,,,,,,,,,,,,,,,,,,,,,,,,,,,,,,,,,,,,,,,,,,,,,,,,,,,,,,,,,,,,,,,,,,,,,,,,,,,,,,,,,,,,,,,,,,,,,,,,,,,,,,,,,,,,,,,,,
EVT0000395,SUB00682,CNT00078,2023-04-09,13,Fire TV,106,75-99%,FALSE,TRUE,TRUE,HD,SES863534,0,,,,,,,,,,,,,,,,,,,,,,,,,,,,,,,,,,,,,,,,,,,,,,,,,,,,,,,,,,,,,,,,,,,,,,,,,,,,,,,,,,,,,,,,,,,,,,,,,,,,,,,,,,,,,,,,,,,,,,,,,
EVT0000396,SUB00431,CNT00008,2024-01-29,9,Mobile,113,100%,TRUE,FALSE,TRUE,HD,SES900432,1,,,,,,,,,,,,,,,,,,,,,,,,,,,,,,,,,,,,,,,,,,,,,,,,,,,,,,,,,,,,,,,,,,,,,,,,,,,,,,,,,,,,,,,,,,,,,,,,,,,,,,,,,,,,,,,,,,,,,,,,,
EVT0000397,SUB00622,CNT00004,2024-01-19,16,Mobile,94,100%,TRUE,FALSE,TRUE,HD,SES768357,1,,,,,,,,,,,,,,,,,,,,,,,,,,,,,,,,,,,,,,,,,,,,,,,,,,,,,,,,,,,,,,,,,,,,,,,,,,,,,,,,,,,,,,,,,,,,,,,,,,,,,,,,,,,,,,,,,,,,,,,,,
EVT0000398,SUB00201,CNT00093,2023-07-24,13,Smart TV,99,100%,TRUE,TRUE,TRUE,HD,SES947954,1,,,,,,,,,,,,,,,,,,,,,,,,,,,,,,,,,,,,,,,,,,,,,,,,,,,,,,,,,,,,,,,,,,,,,,,,,,,,,,,,,,,,,,,,,,,,,,,,,,,,,,,,,,,,,,,,,,,,,,,,,
EVT0000399,SUB00089,CNT00081,2023-07-16,9,Smart TV,9,100%,TRUE,TRUE,TRUE,4K,SES912002,1,,,,,,,,,,,,,,,,,,,,,,,,,,,,,,,,,,,,,,,,,,,,,,,,,,,,,,,,,,,,,,,,,,,,,,,,,,,,,,,,,,,,,,,,,,,,,,,,,,,,,,,,,,,,,,,,,,,,,,,,,
EVT0000400,SUB00582,CNT00010,2024-02-22,22,Desktop,29,50-75%,FALSE,TRUE,FALSE,HD,SES625179,0,,,,,,,,,,,,,,,,,,,,,,,,,,,,,,,,,,,,,,,,,,,,,,,,,,,,,,,,,,,,,,,,,,,,,,,,,,,,,,,,,,,,,,,,,,,,,,,,,,,,,,,,,,,,,,,,,,,,,,,,,
EVT0000401,SUB00366,CNT00072,2023-12-27,8,Desktop,59,100%,TRUE,FALSE,TRUE,SD,SES696799,1,,,,,,,,,,,,,,,,,,,,,,,,,,,,,,,,,,,,,,,,,,,,,,,,,,,,,,,,,,,,,,,,,,,,,,,,,,,,,,,,,,,,,,,,,,,,,,,,,,,,,,,,,,,,,,,,,,,,,,,,,
EVT0000402,SUB00131,CNT00039,2023-03-22,21,Smart TV,11,25-50%,FALSE,FALSE,FALSE,4K,SES123637,0,,,,,,,,,,,,,,,,,,,,,,,,,,,,,,,,,,,,,,,,,,,,,,,,,,,,,,,,,,,,,,,,,,,,,,,,,,,,,,,,,,,,,,,,,,,,,,,,,,,,,,,,,,,,,,,,,,,,,,,,,
EVT0000403,SUB00297,CNT00033,2023-08-18,17,Mobile,116,75-99%,FALSE,TRUE,TRUE,SD,SES660383,0,,,,,,,,,,,,,,,,,,,,,,,,,,,,,,,,,,,,,,,,,,,,,,,,,,,,,,,,,,,,,,,,,,,,,,,,,,,,,,,,,,,,,,,,,,,,,,,,,,,,,,,,,,,,,,,,,,,,,,,,,
EVT0000404,SUB00531,CNT00065,2023-09-05,7,Roku,94,50-75%,FALSE,TRUE,FALSE,HD,SES375831,0,,,,,,,,,,,,,,,,,,,,,,,,,,,,,,,,,,,,,,,,,,,,,,,,,,,,,,,,,,,,,,,,,,,,,,,,,,,,,,,,,,,,,,,,,,,,,,,,,,,,,,,,,,,,,,,,,,,,,,,,,
EVT0000405,SUB00034,CNT00029,2023-01-31,7,Smart TV,31,50-75%,FALSE,FALSE,FALSE,4K,SES894133,0,,,,,,,,,,,,,,,,,,,,,,,,,,,,,,,,,,,,,,,,,,,,,,,,,,,,,,,,,,,,,,,,,,,,,,,,,,,,,,,,,,,,,,,,,,,,,,,,,,,,,,,,,,,,,,,,,,,,,,,,,
EVT0000406,SUB00242,CNT00073,2023-03-05,7,Tablet,14,100%,TRUE,FALSE,FALSE,HD,SES184508,1,,,,,,,,,,,,,,,,,,,,,,,,,,,,,,,,,,,,,,,,,,,,,,,,,,,,,,,,,,,,,,,,,,,,,,,,,,,,,,,,,,,,,,,,,,,,,,,,,,,,,,,,,,,,,,,,,,,,,,,,,
EVT0000407,SUB00133,CNT00011,2024-05-05,21,Roku,33,25-50%,FALSE,FALSE,TRUE,HD,SES600792,0,,,,,,,,,,,,,,,,,,,,,,,,,,,,,,,,,,,,,,,,,,,,,,,,,,,,,,,,,,,,,,,,,,,,,,,,,,,,,,,,,,,,,,,,,,,,,,,,,,,,,,,,,,,,,,,,,,,,,,,,,
EVT0000408,SUB00234,CNT00006,2023-11-07,12,Roku,82,<25%,FALSE,FALSE,FALSE,SD,SES679334,0,,,,,,,,,,,,,,,,,,,,,,,,,,,,,,,,,,,,,,,,,,,,,,,,,,,,,,,,,,,,,,,,,,,,,,,,,,,,,,,,,,,,,,,,,,,,,,,,,,,,,,,,,,,,,,,,,,,,,,,,,
EVT0000409,SUB00054,CNT00043,2024-05-08,19,Fire TV,59,100%,TRUE,FALSE,TRUE,SD,SES559226,1,,,,,,,,,,,,,,,,,,,,,,,,,,,,,,,,,,,,,,,,,,,,,,,,,,,,,,,,,,,,,,,,,,,,,,,,,,,,,,,,,,,,,,,,,,,,,,,,,,,,,,,,,,,,,,,,,,,,,,,,,
EVT0000410,SUB00631,CNT00048,2023-05-01,16,Desktop,12,75-99%,FALSE,TRUE,TRUE,SD,SES717210,0,,,,,,,,,,,,,,,,,,,,,,,,,,,,,,,,,,,,,,,,,,,,,,,,,,,,,,,,,,,,,,,,,,,,,,,,,,,,,,,,,,,,,,,,,,,,,,,,,,,,,,,,,,,,,,,,,,,,,,,,,
EVT0000411,SUB00233,CNT00097,2023-01-11,23,Roku,10,100%,TRUE,TRUE,FALSE,HD,SES952095,1,,,,,,,,,,,,,,,,,,,,,,,,,,,,,,,,,,,,,,,,,,,,,,,,,,,,,,,,,,,,,,,,,,,,,,,,,,,,,,,,,,,,,,,,,,,,,,,,,,,,,,,,,,,,,,,,,,,,,,,,,
EVT0000412,SUB00079,CNT00054,2023-02-28,7,Tablet,49,25-50%,FALSE,FALSE,FALSE,HD,SES406616,0,,,,,,,,,,,,,,,,,,,,,,,,,,,,,,,,,,,,,,,,,,,,,,,,,,,,,,,,,,,,,,,,,,,,,,,,,,,,,,,,,,,,,,,,,,,,,,,,,,,,,,,,,,,,,,,,,,,,,,,,,
EVT0000413,SUB00621,CNT00077,2023-05-13,8,Mobile,37,25-50%,FALSE,FALSE,TRUE,HD,SES839513,0,,,,,,,,,,,,,,,,,,,,,,,,,,,,,,,,,,,,,,,,,,,,,,,,,,,,,,,,,,,,,,,,,,,,,,,,,,,,,,,,,,,,,,,,,,,,,,,,,,,,,,,,,,,,,,,,,,,,,,,,,
EVT0000414,SUB00226,CNT00039,2024-01-01,23,Tablet,116,100%,TRUE,FALSE,TRUE,HD,SES380531,1,,,,,,,,,,,,,,,,,,,,,,,,,,,,,,,,,,,,,,,,,,,,,,,,,,,,,,,,,,,,,,,,,,,,,,,,,,,,,,,,,,,,,,,,,,,,,,,,,,,,,,,,,,,,,,,,,,,,,,,,,
EVT0000415,SUB00555,CNT00007,2023-11-23,19,Fire TV,84,50-75%,FALSE,FALSE,TRUE,SD,SES313442,0,,,,,,,,,,,,,,,,,,,,,,,,,,,,,,,,,,,,,,,,,,,,,,,,,,,,,,,,,,,,,,,,,,,,,,,,,,,,,,,,,,,,,,,,,,,,,,,,,,,,,,,,,,,,,,,,,,,,,,,,,
EVT0000416,SUB00534,CNT00082,2023-05-21,9,Tablet,97,100%,TRUE,TRUE,TRUE,HD,SES832264,1,,,,,,,,,,,,,,,,,,,,,,,,,,,,,,,,,,,,,,,,,,,,,,,,,,,,,,,,,,,,,,,,,,,,,,,,,,,,,,,,,,,,,,,,,,,,,,,,,,,,,,,,,,,,,,,,,,,,,,,,,
EVT0000417,SUB00666,CNT00015,2024-03-26,7,Tablet,40,<25%,FALSE,FALSE,TRUE,4K,SES967359,0,,,,,,,,,,,,,,,,,,,,,,,,,,,,,,,,,,,,,,,,,,,,,,,,,,,,,,,,,,,,,,,,,,,,,,,,,,,,,,,,,,,,,,,,,,,,,,,,,,,,,,,,,,,,,,,,,,,,,,,,,
EVT0000418,SUB00062,CNT00047,2023-03-28,18,Desktop,61,75-99%,FALSE,TRUE,TRUE,HD,SES497753,0,,,,,,,,,,,,,,,,,,,,,,,,,,,,,,,,,,,,,,,,,,,,,,,,,,,,,,,,,,,,,,,,,,,,,,,,,,,,,,,,,,,,,,,,,,,,,,,,,,,,,,,,,,,,,,,,,,,,,,,,,
EVT0000419,SUB00676,CNT00007,2023-07-08,7,Roku,102,100%,TRUE,FALSE,TRUE,HD,SES891127,1,,,,,,,,,,,,,,,,,,,,,,,,,,,,,,,,,,,,,,,,,,,,,,,,,,,,,,,,,,,,,,,,,,,,,,,,,,,,,,,,,,,,,,,,,,,,,,,,,,,,,,,,,,,,,,,,,,,,,,,,,
EVT0000420,SUB00269,CNT00076,2023-12-11,6,Tablet,97,50-75%,FALSE,FALSE,TRUE,HD,SES920628,0,,,,,,,,,,,,,,,,,,,,,,,,,,,,,,,,,,,,,,,,,,,,,,,,,,,,,,,,,,,,,,,,,,,,,,,,,,,,,,,,,,,,,,,,,,,,,,,,,,,,,,,,,,,,,,,,,,,,,,,,,
EVT0000421,SUB00112,CNT00093,2023-02-28,15,Roku,64,100%,TRUE,FALSE,FALSE,HD,SES906367,1,,,,,,,,,,,,,,,,,,,,,,,,,,,,,,,,,,,,,,,,,,,,,,,,,,,,,,,,,,,,,,,,,,,,,,,,,,,,,,,,,,,,,,,,,,,,,,,,,,,,,,,,,,,,,,,,,,,,,,,,,
EVT0000422,SUB00267,CNT00043,2024-06-15,13,Smart TV,6,75-99%,FALSE,FALSE,FALSE,4K,SES189691,0,,,,,,,,,,,,,,,,,,,,,,,,,,,,,,,,,,,,,,,,,,,,,,,,,,,,,,,,,,,,,,,,,,,,,,,,,,,,,,,,,,,,,,,,,,,,,,,,,,,,,,,,,,,,,,,,,,,,,,,,,
EVT0000423,SUB00556,CNT00062,2023-09-13,14,Tablet,39,75-99%,FALSE,FALSE,TRUE,HD,SES112938,0,,,,,,,,,,,,,,,,,,,,,,,,,,,,,,,,,,,,,,,,,,,,,,,,,,,,,,,,,,,,,,,,,,,,,,,,,,,,,,,,,,,,,,,,,,,,,,,,,,,,,,,,,,,,,,,,,,,,,,,,,
EVT0000424,SUB00315,CNT00042,2023-05-08,11,Desktop,64,100%,TRUE,TRUE,TRUE,SD,SES589097,1,,,,,,,,,,,,,,,,,,,,,,,,,,,,,,,,,,,,,,,,,,,,,,,,,,,,,,,,,,,,,,,,,,,,,,,,,,,,,,,,,,,,,,,,,,,,,,,,,,,,,,,,,,,,,,,,,,,,,,,,,
EVT0000425,SUB00368,CNT00072,2023-02-07,7,Roku,15,50-75%,FALSE,FALSE,FALSE,HD,SES429280,0,,,,,,,,,,,,,,,,,,,,,,,,,,,,,,,,,,,,,,,,,,,,,,,,,,,,,,,,,,,,,,,,,,,,,,,,,,,,,,,,,,,,,,,,,,,,,,,,,,,,,,,,,,,,,,,,,,,,,,,,,
EVT0000426,SUB00452,CNT00084,2023-03-07,14,Desktop,21,100%,TRUE,TRUE,FALSE,HD,SES254037,1,,,,,,,,,,,,,,,,,,,,,,,,,,,,,,,,,,,,,,,,,,,,,,,,,,,,,,,,,,,,,,,,,,,,,,,,,,,,,,,,,,,,,,,,,,,,,,,,,,,,,,,,,,,,,,,,,,,,,,,,,
EVT0000427,SUB00239,CNT00034,2023-02-20,22,Desktop,79,25-50%,FALSE,FALSE,TRUE,HD,SES852204,0,,,,,,,,,,,,,,,,,,,,,,,,,,,,,,,,,,,,,,,,,,,,,,,,,,,,,,,,,,,,,,,,,,,,,,,,,,,,,,,,,,,,,,,,,,,,,,,,,,,,,,,,,,,,,,,,,,,,,,,,,
EVT0000428,SUB00063,CNT00034,2023-08-22,6,Fire TV,113,100%,TRUE,FALSE,FALSE,SD,SES729752,1,,,,,,,,,,,,,,,,,,,,,,,,,,,,,,,,,,,,,,,,,,,,,,,,,,,,,,,,,,,,,,,,,,,,,,,,,,,,,,,,,,,,,,,,,,,,,,,,,,,,,,,,,,,,,,,,,,,,,,,,,
EVT0000429,SUB00359,CNT00058,2023-08-29,22,Mobile,35,75-99%,FALSE,TRUE,TRUE,HD,SES489398,0,,,,,,,,,,,,,,,,,,,,,,,,,,,,,,,,,,,,,,,,,,,,,,,,,,,,,,,,,,,,,,,,,,,,,,,,,,,,,,,,,,,,,,,,,,,,,,,,,,,,,,,,,,,,,,,,,,,,,,,,,
EVT0000430,SUB00074,CNT00037,2024-03-01,16,Roku,105,25-50%,FALSE,FALSE,TRUE,HD,SES783648,0,,,,,,,,,,,,,,,,,,,,,,,,,,,,,,,,,,,,,,,,,,,,,,,,,,,,,,,,,,,,,,,,,,,,,,,,,,,,,,,,,,,,,,,,,,,,,,,,,,,,,,,,,,,,,,,,,,,,,,,,,
EVT0000431,SUB00482,CNT00038,2024-01-19,11,Tablet,10,100%,TRUE,FALSE,TRUE,HD,SES126775,1,,,,,,,,,,,,,,,,,,,,,,,,,,,,,,,,,,,,,,,,,,,,,,,,,,,,,,,,,,,,,,,,,,,,,,,,,,,,,,,,,,,,,,,,,,,,,,,,,,,,,,,,,,,,,,,,,,,,,,,,,
EVT0000432,SUB00624,CNT00033,2023-04-19,22,Roku,96,75-99%,FALSE,FALSE,TRUE,HD,SES971080,0,,,,,,,,,,,,,,,,,,,,,,,,,,,,,,,,,,,,,,,,,,,,,,,,,,,,,,,,,,,,,,,,,,,,,,,,,,,,,,,,,,,,,,,,,,,,,,,,,,,,,,,,,,,,,,,,,,,,,,,,,
EVT0000433,SUB00673,CNT00049,2023-02-03,8,Mobile,33,100%,TRUE,FALSE,FALSE,HD,SES760943,1,,,,,,,,,,,,,,,,,,,,,,,,,,,,,,,,,,,,,,,,,,,,,,,,,,,,,,,,,,,,,,,,,,,,,,,,,,,,,,,,,,,,,,,,,,,,,,,,,,,,,,,,,,,,,,,,,,,,,,,,,
EVT0000434,SUB00552,CNT00068,2024-03-04,21,Fire TV,72,100%,TRUE,FALSE,TRUE,4K,SES382258,1,,,,,,,,,,,,,,,,,,,,,,,,,,,,,,,,,,,,,,,,,,,,,,,,,,,,,,,,,,,,,,,,,,,,,,,,,,,,,,,,,,,,,,,,,,,,,,,,,,,,,,,,,,,,,,,,,,,,,,,,,
EVT0000435,SUB00590,CNT00026,2023-07-19,17,Smart TV,63,50-75%,FALSE,FALSE,FALSE,SD,SES826739,0,,,,,,,,,,,,,,,,,,,,,,,,,,,,,,,,,,,,,,,,,,,,,,,,,,,,,,,,,,,,,,,,,,,,,,,,,,,,,,,,,,,,,,,,,,,,,,,,,,,,,,,,,,,,,,,,,,,,,,,,,
EVT0000436,SUB00456,CNT00053,2023-09-04,17,Roku,69,75-99%,FALSE,TRUE,TRUE,HD,SES734617,0,,,,,,,,,,,,,,,,,,,,,,,,,,,,,,,,,,,,,,,,,,,,,,,,,,,,,,,,,,,,,,,,,,,,,,,,,,,,,,,,,,,,,,,,,,,,,,,,,,,,,,,,,,,,,,,,,,,,,,,,,
EVT0000437,SUB00460,CNT00030,2023-08-24,10,Roku,36,100%,TRUE,FALSE,FALSE,HD,SES798249,1,,,,,,,,,,,,,,,,,,,,,,,,,,,,,,,,,,,,,,,,,,,,,,,,,,,,,,,,,,,,,,,,,,,,,,,,,,,,,,,,,,,,,,,,,,,,,,,,,,,,,,,,,,,,,,,,,,,,,,,,,
EVT0000438,SUB00621,CNT00031,2023-05-22,9,Mobile,57,50-75%,FALSE,FALSE,FALSE,HD,SES703992,0,,,,,,,,,,,,,,,,,,,,,,,,,,,,,,,,,,,,,,,,,,,,,,,,,,,,,,,,,,,,,,,,,,,,,,,,,,,,,,,,,,,,,,,,,,,,,,,,,,,,,,,,,,,,,,,,,,,,,,,,,
EVT0000439,SUB00648,CNT00026,2024-05-21,20,Mobile,26,100%,TRUE,TRUE,TRUE,4K,SES902694,1,,,,,,,,,,,,,,,,,,,,,,,,,,,,,,,,,,,,,,,,,,,,,,,,,,,,,,,,,,,,,,,,,,,,,,,,,,,,,,,,,,,,,,,,,,,,,,,,,,,,,,,,,,,,,,,,,,,,,,,,,
EVT0000440,SUB00104,CNT00011,2024-04-26,6,Fire TV,26,100%,TRUE,TRUE,TRUE,HD,SES655021,1,,,,,,,,,,,,,,,,,,,,,,,,,,,,,,,,,,,,,,,,,,,,,,,,,,,,,,,,,,,,,,,,,,,,,,,,,,,,,,,,,,,,,,,,,,,,,,,,,,,,,,,,,,,,,,,,,,,,,,,,,
EVT0000441,SUB00433,CNT00044,2024-02-02,13,Fire TV,42,100%,TRUE,TRUE,TRUE,4K,SES720209,1,,,,,,,,,,,,,,,,,,,,,,,,,,,,,,,,,,,,,,,,,,,,,,,,,,,,,,,,,,,,,,,,,,,,,,,,,,,,,,,,,,,,,,,,,,,,,,,,,,,,,,,,,,,,,,,,,,,,,,,,,
EVT0000442,SUB00047,CNT00028,2023-04-21,19,Fire TV,62,100%,TRUE,FALSE,TRUE,4K,SES894464,1,,,,,,,,,,,,,,,,,,,,,,,,,,,,,,,,,,,,,,,,,,,,,,,,,,,,,,,,,,,,,,,,,,,,,,,,,,,,,,,,,,,,,,,,,,,,,,,,,,,,,,,,,,,,,,,,,,,,,,,,,
EVT0000443,SUB00138,CNT00093,2024-05-03,22,Mobile,24,100%,TRUE,TRUE,FALSE,HD,SES487840,1,,,,,,,,,,,,,,,,,,,,,,,,,,,,,,,,,,,,,,,,,,,,,,,,,,,,,,,,,,,,,,,,,,,,,,,,,,,,,,,,,,,,,,,,,,,,,,,,,,,,,,,,,,,,,,,,,,,,,,,,,
EVT0000444,SUB00389,CNT00022,2024-04-09,14,Mobile,34,75-99%,FALSE,FALSE,TRUE,4K,SES150633,0,,,,,,,,,,,,,,,,,,,,,,,,,,,,,,,,,,,,,,,,,,,,,,,,,,,,,,,,,,,,,,,,,,,,,,,,,,,,,,,,,,,,,,,,,,,,,,,,,,,,,,,,,,,,,,,,,,,,,,,,,
EVT0000445,SUB00538,CNT00055,2024-06-14,18,Tablet,101,50-75%,FALSE,TRUE,TRUE,SD,SES953527,0,,,,,,,,,,,,,,,,,,,,,,,,,,,,,,,,,,,,,,,,,,,,,,,,,,,,,,,,,,,,,,,,,,,,,,,,,,,,,,,,,,,,,,,,,,,,,,,,,,,,,,,,,,,,,,,,,,,,,,,,,
EVT0000446,SUB00441,CNT00074,2023-08-04,16,Mobile,49,100%,TRUE,FALSE,TRUE,SD,SES401825,1,,,,,,,,,,,,,,,,,,,,,,,,,,,,,,,,,,,,,,,,,,,,,,,,,,,,,,,,,,,,,,,,,,,,,,,,,,,,,,,,,,,,,,,,,,,,,,,,,,,,,,,,,,,,,,,,,,,,,,,,,
EVT0000447,SUB00499,CNT00022,2023-10-08,14,Roku,101,50-75%,FALSE,TRUE,TRUE,4K,SES247852,0,,,,,,,,,,,,,,,,,,,,,,,,,,,,,,,,,,,,,,,,,,,,,,,,,,,,,,,,,,,,,,,,,,,,,,,,,,,,,,,,,,,,,,,,,,,,,,,,,,,,,,,,,,,,,,,,,,,,,,,,,
EVT0000448,SUB00212,CNT00066,2023-04-09,6,Roku,120,100%,TRUE,TRUE,FALSE,HD,SES937803,1,,,,,,,,,,,,,,,,,,,,,,,,,,,,,,,,,,,,,,,,,,,,,,,,,,,,,,,,,,,,,,,,,,,,,,,,,,,,,,,,,,,,,,,,,,,,,,,,,,,,,,,,,,,,,,,,,,,,,,,,,
EVT0000449,SUB00007,CNT00004,2023-07-19,15,Roku,59,75-99%,FALSE,FALSE,TRUE,HD,SES232307,0,,,,,,,,,,,,,,,,,,,,,,,,,,,,,,,,,,,,,,,,,,,,,,,,,,,,,,,,,,,,,,,,,,,,,,,,,,,,,,,,,,,,,,,,,,,,,,,,,,,,,,,,,,,,,,,,,,,,,,,,,
EVT0000450,SUB00303,CNT00092,2024-04-09,9,Desktop,118,100%,TRUE,FALSE,TRUE,4K,SES191083,1,,,,,,,,,,,,,,,,,,,,,,,,,,,,,,,,,,,,,,,,,,,,,,,,,,,,,,,,,,,,,,,,,,,,,,,,,,,,,,,,,,,,,,,,,,,,,,,,,,,,,,,,,,,,,,,,,,,,,,,,,
EVT0000451,SUB00286,CNT00015,2023-05-21,8,Fire TV,106,100%,TRUE,TRUE,FALSE,SD,SES443005,1,,,,,,,,,,,,,,,,,,,,,,,,,,,,,,,,,,,,,,,,,,,,,,,,,,,,,,,,,,,,,,,,,,,,,,,,,,,,,,,,,,,,,,,,,,,,,,,,,,,,,,,,,,,,,,,,,,,,,,,,,
EVT0000452,SUB00520,CNT00055,2023-06-10,22,Fire TV,104,100%,TRUE,TRUE,FALSE,4K,SES140220,1,,,,,,,,,,,,,,,,,,,,,,,,,,,,,,,,,,,,,,,,,,,,,,,,,,,,,,,,,,,,,,,,,,,,,,,,,,,,,,,,,,,,,,,,,,,,,,,,,,,,,,,,,,,,,,,,,,,,,,,,,
EVT0000453,SUB00103,CNT00067,2024-03-19,23,Fire TV,112,50-75%,FALSE,FALSE,TRUE,SD,SES357859,0,,,,,,,,,,,,,,,,,,,,,,,,,,,,,,,,,,,,,,,,,,,,,,,,,,,,,,,,,,,,,,,,,,,,,,,,,,,,,,,,,,,,,,,,,,,,,,,,,,,,,,,,,,,,,,,,,,,,,,,,,
EVT0000454,SUB00601,CNT00014,2023-05-21,14,Desktop,24,100%,TRUE,FALSE,TRUE,HD,SES396327,1,,,,,,,,,,,,,,,,,,,,,,,,,,,,,,,,,,,,,,,,,,,,,,,,,,,,,,,,,,,,,,,,,,,,,,,,,,,,,,,,,,,,,,,,,,,,,,,,,,,,,,,,,,,,,,,,,,,,,,,,,
EVT0000455,SUB00204,CNT00012,2023-05-15,12,Mobile,60,100%,TRUE,TRUE,TRUE,HD,SES740907,1,,,,,,,,,,,,,,,,,,,,,,,,,,,,,,,,,,,,,,,,,,,,,,,,,,,,,,,,,,,,,,,,,,,,,,,,,,,,,,,,,,,,,,,,,,,,,,,,,,,,,,,,,,,,,,,,,,,,,,,,,
EVT0000456,SUB00183,CNT00052,2023-08-02,13,Fire TV,49,100%,TRUE,FALSE,FALSE,HD,SES414678,1,,,,,,,,,,,,,,,,,,,,,,,,,,,,,,,,,,,,,,,,,,,,,,,,,,,,,,,,,,,,,,,,,,,,,,,,,,,,,,,,,,,,,,,,,,,,,,,,,,,,,,,,,,,,,,,,,,,,,,,,,
EVT0000457,SUB00300,CNT00063,2023-08-26,18,Roku,50,100%,TRUE,FALSE,TRUE,4K,SES201222,1,,,,,,,,,,,,,,,,,,,,,,,,,,,,,,,,,,,,,,,,,,,,,,,,,,,,,,,,,,,,,,,,,,,,,,,,,,,,,,,,,,,,,,,,,,,,,,,,,,,,,,,,,,,,,,,,,,,,,,,,,
EVT0000458,SUB00116,CNT00097,2023-08-13,19,Desktop,46,100%,TRUE,TRUE,FALSE,HD,SES221445,1,,,,,,,,,,,,,,,,,,,,,,,,,,,,,,,,,,,,,,,,,,,,,,,,,,,,,,,,,,,,,,,,,,,,,,,,,,,,,,,,,,,,,,,,,,,,,,,,,,,,,,,,,,,,,,,,,,,,,,,,,
EVT0000459,SUB00476,CNT00085,2023-06-30,18,Fire TV,21,25-50%,FALSE,FALSE,TRUE,HD,SES532016,0,,,,,,,,,,,,,,,,,,,,,,,,,,,,,,,,,,,,,,,,,,,,,,,,,,,,,,,,,,,,,,,,,,,,,,,,,,,,,,,,,,,,,,,,,,,,,,,,,,,,,,,,,,,,,,,,,,,,,,,,,
EVT0000460,SUB00030,CNT00058,2023-08-29,19,Mobile,76,50-75%,FALSE,FALSE,TRUE,4K,SES531204,0,,,,,,,,,,,,,,,,,,,,,,,,,,,,,,,,,,,,,,,,,,,,,,,,,,,,,,,,,,,,,,,,,,,,,,,,,,,,,,,,,,,,,,,,,,,,,,,,,,,,,,,,,,,,,,,,,,,,,,,,,
EVT0000461,SUB00453,CNT00034,2024-02-05,14,Desktop,98,100%,TRUE,TRUE,TRUE,SD,SES423496,1,,,,,,,,,,,,,,,,,,,,,,,,,,,,,,,,,,,,,,,,,,,,,,,,,,,,,,,,,,,,,,,,,,,,,,,,,,,,,,,,,,,,,,,,,,,,,,,,,,,,,,,,,,,,,,,,,,,,,,,,,
EVT0000462,SUB00420,CNT00036,2024-04-03,9,Roku,83,75-99%,FALSE,FALSE,TRUE,HD,SES665987,0,,,,,,,,,,,,,,,,,,,,,,,,,,,,,,,,,,,,,,,,,,,,,,,,,,,,,,,,,,,,,,,,,,,,,,,,,,,,,,,,,,,,,,,,,,,,,,,,,,,,,,,,,,,,,,,,,,,,,,,,,
EVT0000463,SUB00022,CNT00012,2023-01-21,16,Tablet,103,100%,TRUE,FALSE,TRUE,SD,SES643842,1,,,,,,,,,,,,,,,,,,,,,,,,,,,,,,,,,,,,,,,,,,,,,,,,,,,,,,,,,,,,,,,,,,,,,,,,,,,,,,,,,,,,,,,,,,,,,,,,,,,,,,,,,,,,,,,,,,,,,,,,,
EVT0000464,SUB00371,CNT00021,2023-08-04,18,Fire TV,34,100%,TRUE,FALSE,TRUE,4K,SES447605,1,,,,,,,,,,,,,,,,,,,,,,,,,,,,,,,,,,,,,,,,,,,,,,,,,,,,,,,,,,,,,,,,,,,,,,,,,,,,,,,,,,,,,,,,,,,,,,,,,,,,,,,,,,,,,,,,,,,,,,,,,
EVT0000465,SUB00221,CNT00032,2024-02-28,7,Mobile,101,100%,TRUE,FALSE,TRUE,HD,SES517267,1,,,,,,,,,,,,,,,,,,,,,,,,,,,,,,,,,,,,,,,,,,,,,,,,,,,,,,,,,,,,,,,,,,,,,,,,,,,,,,,,,,,,,,,,,,,,,,,,,,,,,,,,,,,,,,,,,,,,,,,,,
EVT0000466,SUB00044,CNT00067,2024-05-11,13,Mobile,39,<25%,FALSE,FALSE,TRUE,HD,SES787106,0,,,,,,,,,,,,,,,,,,,,,,,,,,,,,,,,,,,,,,,,,,,,,,,,,,,,,,,,,,,,,,,,,,,,,,,,,,,,,,,,,,,,,,,,,,,,,,,,,,,,,,,,,,,,,,,,,,,,,,,,,
EVT0000467,SUB00135,CNT00035,2024-02-15,8,Mobile,69,100%,TRUE,FALSE,FALSE,HD,SES121133,1,,,,,,,,,,,,,,,,,,,,,,,,,,,,,,,,,,,,,,,,,,,,,,,,,,,,,,,,,,,,,,,,,,,,,,,,,,,,,,,,,,,,,,,,,,,,,,,,,,,,,,,,,,,,,,,,,,,,,,,,,
EVT0000468,SUB00555,CNT00020,2023-01-16,18,Smart TV,111,<25%,FALSE,FALSE,TRUE,4K,SES545804,0,,,,,,,,,,,,,,,,,,,,,,,,,,,,,,,,,,,,,,,,,,,,,,,,,,,,,,,,,,,,,,,,,,,,,,,,,,,,,,,,,,,,,,,,,,,,,,,,,,,,,,,,,,,,,,,,,,,,,,,,,
EVT0000469,SUB00024,CNT00073,2024-06-08,14,Fire TV,78,50-75%,FALSE,FALSE,TRUE,4K,SES550399,0,,,,,,,,,,,,,,,,,,,,,,,,,,,,,,,,,,,,,,,,,,,,,,,,,,,,,,,,,,,,,,,,,,,,,,,,,,,,,,,,,,,,,,,,,,,,,,,,,,,,,,,,,,,,,,,,,,,,,,,,,
EVT0000470,SUB00228,CNT00072,2023-04-06,15,Fire TV,73,50-75%,FALSE,FALSE,TRUE,HD,SES118048,0,,,,,,,,,,,,,,,,,,,,,,,,,,,,,,,,,,,,,,,,,,,,,,,,,,,,,,,,,,,,,,,,,,,,,,,,,,,,,,,,,,,,,,,,,,,,,,,,,,,,,,,,,,,,,,,,,,,,,,,,,
EVT0000471,SUB00404,CNT00098,2024-05-23,9,Desktop,33,75-99%,FALSE,FALSE,TRUE,HD,SES908667,0,,,,,,,,,,,,,,,,,,,,,,,,,,,,,,,,,,,,,,,,,,,,,,,,,,,,,,,,,,,,,,,,,,,,,,,,,,,,,,,,,,,,,,,,,,,,,,,,,,,,,,,,,,,,,,,,,,,,,,,,,
EVT0000472,SUB00458,CNT00062,2023-08-26,15,Tablet,23,25-50%,FALSE,FALSE,TRUE,SD,SES688130,0,,,,,,,,,,,,,,,,,,,,,,,,,,,,,,,,,,,,,,,,,,,,,,,,,,,,,,,,,,,,,,,,,,,,,,,,,,,,,,,,,,,,,,,,,,,,,,,,,,,,,,,,,,,,,,,,,,,,,,,,,
EVT0000473,SUB00213,CNT00063,2023-06-23,8,Smart TV,56,100%,TRUE,FALSE,TRUE,HD,SES858154,1,,,,,,,,,,,,,,,,,,,,,,,,,,,,,,,,,,,,,,,,,,,,,,,,,,,,,,,,,,,,,,,,,,,,,,,,,,,,,,,,,,,,,,,,,,,,,,,,,,,,,,,,,,,,,,,,,,,,,,,,,
EVT0000474,SUB00061,CNT00033,2023-08-27,16,Smart TV,9,75-99%,FALSE,FALSE,FALSE,HD,SES727814,0,,,,,,,,,,,,,,,,,,,,,,,,,,,,,,,,,,,,,,,,,,,,,,,,,,,,,,,,,,,,,,,,,,,,,,,,,,,,,,,,,,,,,,,,,,,,,,,,,,,,,,,,,,,,,,,,,,,,,,,,,
EVT0000475,SUB00006,CNT00024,2024-02-21,21,Roku,68,100%,TRUE,FALSE,FALSE,HD,SES437471,1,,,,,,,,,,,,,,,,,,,,,,,,,,,,,,,,,,,,,,,,,,,,,,,,,,,,,,,,,,,,,,,,,,,,,,,,,,,,,,,,,,,,,,,,,,,,,,,,,,,,,,,,,,,,,,,,,,,,,,,,,
EVT0000476,SUB00495,CNT00095,2024-04-17,8,Mobile,59,100%,TRUE,FALSE,TRUE,HD,SES233465,1,,,,,,,,,,,,,,,,,,,,,,,,,,,,,,,,,,,,,,,,,,,,,,,,,,,,,,,,,,,,,,,,,,,,,,,,,,,,,,,,,,,,,,,,,,,,,,,,,,,,,,,,,,,,,,,,,,,,,,,,,
EVT0000477,SUB00166,CNT00016,2023-01-14,20,Mobile,9,25-50%,FALSE,FALSE,TRUE,HD,SES756581,0,,,,,,,,,,,,,,,,,,,,,,,,,,,,,,,,,,,,,,,,,,,,,,,,,,,,,,,,,,,,,,,,,,,,,,,,,,,,,,,,,,,,,,,,,,,,,,,,,,,,,,,,,,,,,,,,,,,,,,,,,
EVT0000478,SUB00499,CNT00090,2024-06-21,18,Mobile,42,75-99%,FALSE,TRUE,TRUE,4K,SES854914,0,,,,,,,,,,,,,,,,,,,,,,,,,,,,,,,,,,,,,,,,,,,,,,,,,,,,,,,,,,,,,,,,,,,,,,,,,,,,,,,,,,,,,,,,,,,,,,,,,,,,,,,,,,,,,,,,,,,,,,,,,
EVT0000479,SUB00536,CNT00002,2023-10-05,11,Smart TV,42,100%,TRUE,FALSE,FALSE,HD,SES941811,1,,,,,,,,,,,,,,,,,,,,,,,,,,,,,,,,,,,,,,,,,,,,,,,,,,,,,,,,,,,,,,,,,,,,,,,,,,,,,,,,,,,,,,,,,,,,,,,,,,,,,,,,,,,,,,,,,,,,,,,,,
EVT0000480,SUB00532,CNT00061,2024-01-16,16,Fire TV,97,75-99%,FALSE,TRUE,TRUE,HD,SES849817,0,,,,,,,,,,,,,,,,,,,,,,,,,,,,,,,,,,,,,,,,,,,,,,,,,,,,,,,,,,,,,,,,,,,,,,,,,,,,,,,,,,,,,,,,,,,,,,,,,,,,,,,,,,,,,,,,,,,,,,,,,
EVT0000481,SUB00011,CNT00048,2024-04-30,8,Mobile,44,25-50%,FALSE,FALSE,TRUE,HD,SES827759,0,,,,,,,,,,,,,,,,,,,,,,,,,,,,,,,,,,,,,,,,,,,,,,,,,,,,,,,,,,,,,,,,,,,,,,,,,,,,,,,,,,,,,,,,,,,,,,,,,,,,,,,,,,,,,,,,,,,,,,,,,
EVT0000482,SUB00551,CNT00013,2023-04-07,20,Roku,25,<25%,FALSE,TRUE,TRUE,HD,SES337009,0,,,,,,,,,,,,,,,,,,,,,,,,,,,,,,,,,,,,,,,,,,,,,,,,,,,,,,,,,,,,,,,,,,,,,,,,,,,,,,,,,,,,,,,,,,,,,,,,,,,,,,,,,,,,,,,,,,,,,,,,,
EVT0000483,SUB00644,CNT00027,2023-12-20,19,Roku,98,50-75%,FALSE,FALSE,TRUE,HD,SES904246,0,,,,,,,,,,,,,,,,,,,,,,,,,,,,,,,,,,,,,,,,,,,,,,,,,,,,,,,,,,,,,,,,,,,,,,,,,,,,,,,,,,,,,,,,,,,,,,,,,,,,,,,,,,,,,,,,,,,,,,,,,
EVT0000484,SUB00261,CNT00083,2024-02-17,8,Roku,24,100%,TRUE,TRUE,FALSE,HD,SES393586,1,,,,,,,,,,,,,,,,,,,,,,,,,,,,,,,,,,,,,,,,,,,,,,,,,,,,,,,,,,,,,,,,,,,,,,,,,,,,,,,,,,,,,,,,,,,,,,,,,,,,,,,,,,,,,,,,,,,,,,,,,
EVT0000485,SUB00270,CNT00017,2023-07-02,18,Tablet,78,100%,TRUE,FALSE,FALSE,4K,SES946514,1,,,,,,,,,,,,,,,,,,,,,,,,,,,,,,,,,,,,,,,,,,,,,,,,,,,,,,,,,,,,,,,,,,,,,,,,,,,,,,,,,,,,,,,,,,,,,,,,,,,,,,,,,,,,,,,,,,,,,,,,,
EVT0000486,SUB00215,CNT00085,2024-04-29,12,Mobile,107,50-75%,FALSE,FALSE,TRUE,HD,SES272824,0,,,,,,,,,,,,,,,,,,,,,,,,,,,,,,,,,,,,,,,,,,,,,,,,,,,,,,,,,,,,,,,,,,,,,,,,,,,,,,,,,,,,,,,,,,,,,,,,,,,,,,,,,,,,,,,,,,,,,,,,,
EVT0000487,SUB00001,CNT00048,2024-05-01,20,Desktop,90,25-50%,FALSE,FALSE,TRUE,4K,SES624681,0,,,,,,,,,,,,,,,,,,,,,,,,,,,,,,,,,,,,,,,,,,,,,,,,,,,,,,,,,,,,,,,,,,,,,,,,,,,,,,,,,,,,,,,,,,,,,,,,,,,,,,,,,,,,,,,,,,,,,,,,,
EVT0000488,SUB00247,CNT00049,2023-05-01,21,Tablet,44,100%,TRUE,FALSE,TRUE,HD,SES181998,1,,,,,,,,,,,,,,,,,,,,,,,,,,,,,,,,,,,,,,,,,,,,,,,,,,,,,,,,,,,,,,,,,,,,,,,,,,,,,,,,,,,,,,,,,,,,,,,,,,,,,,,,,,,,,,,,,,,,,,,,,
EVT0000489,SUB00171,CNT00036,2023-08-08,19,Roku,61,100%,TRUE,FALSE,FALSE,4K,SES818660,1,,,,,,,,,,,,,,,,,,,,,,,,,,,,,,,,,,,,,,,,,,,,,,,,,,,,,,,,,,,,,,,,,,,,,,,,,,,,,,,,,,,,,,,,,,,,,,,,,,,,,,,,,,,,,,,,,,,,,,,,,
EVT0000490,SUB00572,CNT00084,2023-05-04,6,Tablet,114,50-75%,FALSE,FALSE,FALSE,4K,SES863878,0,,,,,,,,,,,,,,,,,,,,,,,,,,,,,,,,,,,,,,,,,,,,,,,,,,,,,,,,,,,,,,,,,,,,,,,,,,,,,,,,,,,,,,,,,,,,,,,,,,,,,,,,,,,,,,,,,,,,,,,,,
EVT0000491,SUB00219,CNT00025,2024-03-10,11,Fire TV,6,75-99%,FALSE,TRUE,TRUE,4K,SES651553,0,,,,,,,,,,,,,,,,,,,,,,,,,,,,,,,,,,,,,,,,,,,,,,,,,,,,,,,,,,,,,,,,,,,,,,,,,,,,,,,,,,,,,,,,,,,,,,,,,,,,,,,,,,,,,,,,,,,,,,,,,
EVT0000492,SUB00006,CNT00043,2023-07-19,17,Tablet,69,<25%,FALSE,TRUE,FALSE,4K,SES135156,0,,,,,,,,,,,,,,,,,,,,,,,,,,,,,,,,,,,,,,,,,,,,,,,,,,,,,,,,,,,,,,,,,,,,,,,,,,,,,,,,,,,,,,,,,,,,,,,,,,,,,,,,,,,,,,,,,,,,,,,,,
EVT0000493,SUB00658,CNT00006,2023-10-09,14,Tablet,85,100%,TRUE,TRUE,FALSE,SD,SES852908,1,,,,,,,,,,,,,,,,,,,,,,,,,,,,,,,,,,,,,,,,,,,,,,,,,,,,,,,,,,,,,,,,,,,,,,,,,,,,,,,,,,,,,,,,,,,,,,,,,,,,,,,,,,,,,,,,,,,,,,,,,
EVT0000494,SUB00623,CNT00063,2024-04-27,23,Mobile,9,25-50%,FALSE,FALSE,TRUE,HD,SES847960,0,,,,,,,,,,,,,,,,,,,,,,,,,,,,,,,,,,,,,,,,,,,,,,,,,,,,,,,,,,,,,,,,,,,,,,,,,,,,,,,,,,,,,,,,,,,,,,,,,,,,,,,,,,,,,,,,,,,,,,,,,
EVT0000495,SUB00182,CNT00017,2023-06-06,9,Mobile,61,<25%,FALSE,FALSE,FALSE,SD,SES429500,0,,,,,,,,,,,,,,,,,,,,,,,,,,,,,,,,,,,,,,,,,,,,,,,,,,,,,,,,,,,,,,,,,,,,,,,,,,,,,,,,,,,,,,,,,,,,,,,,,,,,,,,,,,,,,,,,,,,,,,,,,
EVT0000496,SUB00558,CNT00089,2023-04-10,6,Tablet,112,25-50%,FALSE,FALSE,TRUE,HD,SES715354,0,,,,,,,,,,,,,,,,,,,,,,,,,,,,,,,,,,,,,,,,,,,,,,,,,,,,,,,,,,,,,,,,,,,,,,,,,,,,,,,,,,,,,,,,,,,,,,,,,,,,,,,,,,,,,,,,,,,,,,,,,
EVT0000497,SUB00529,CNT00077,2024-01-11,7,Mobile,29,75-99%,FALSE,FALSE,TRUE,4K,SES188047,0,,,,,,,,,,,,,,,,,,,,,,,,,,,,,,,,,,,,,,,,,,,,,,,,,,,,,,,,,,,,,,,,,,,,,,,,,,,,,,,,,,,,,,,,,,,,,,,,,,,,,,,,,,,,,,,,,,,,,,,,,
EVT0000498,SUB00455,CNT00064,2023-06-26,22,Desktop,27,25-50%,FALSE,FALSE,FALSE,SD,SES426279,0,,,,,,,,,,,,,,,,,,,,,,,,,,,,,,,,,,,,,,,,,,,,,,,,,,,,,,,,,,,,,,,,,,,,,,,,,,,,,,,,,,,,,,,,,,,,,,,,,,,,,,,,,,,,,,,,,,,,,,,,,
EVT0000499,SUB00575,CNT00040,2023-10-08,8,Roku,64,75-99%,FALSE,TRUE,TRUE,SD,SES291366,0,,,,,,,,,,,,,,,,,,,,,,,,,,,,,,,,,,,,,,,,,,,,,,,,,,,,,,,,,,,,,,,,,,,,,,,,,,,,,,,,,,,,,,,,,,,,,,,,,,,,,,,,,,,,,,,,,,,,,,,,,
EVT0000500,SUB00191,CNT00005,2023-03-30,6,Smart TV,86,100%,TRUE,FALSE,TRUE,SD,SES859459,1,,,,,,,,,,,,,,,,,,,,,,,,,,,,,,,,,,,,,,,,,,,,,,,,,,,,,,,,,,,,,,,,,,,,,,,,,,,,,,,,,,,,,,,,,,,,,,,,,,,,,,,,,,,,,,,,,,,,,,,,,
EVT0000501,SUB00316,CNT00083,2023-09-10,12,Fire TV,101,100%,TRUE,FALSE,TRUE,4K,SES155926,1,,,,,,,,,,,,,,,,,,,,,,,,,,,,,,,,,,,,,,,,,,,,,,,,,,,,,,,,,,,,,,,,,,,,,,,,,,,,,,,,,,,,,,,,,,,,,,,,,,,,,,,,,,,,,,,,,,,,,,,,,
EVT0000502,SUB00294,CNT00036,2024-01-24,19,Smart TV,111,100%,TRUE,TRUE,TRUE,HD,SES285715,1,,,,,,,,,,,,,,,,,,,,,,,,,,,,,,,,,,,,,,,,,,,,,,,,,,,,,,,,,,,,,,,,,,,,,,,,,,,,,,,,,,,,,,,,,,,,,,,,,,,,,,,,,,,,,,,,,,,,,,,,,
EVT0000503,SUB00266,CNT00034,2023-10-30,17,Roku,51,<25%,FALSE,FALSE,FALSE,HD,SES571516,0,,,,,,,,,,,,,,,,,,,,,,,,,,,,,,,,,,,,,,,,,,,,,,,,,,,,,,,,,,,,,,,,,,,,,,,,,,,,,,,,,,,,,,,,,,,,,,,,,,,,,,,,,,,,,,,,,,,,,,,,,
EVT0000504,SUB00038,CNT00075,2023-06-24,23,Roku,31,75-99%,FALSE,FALSE,TRUE,4K,SES777388,0,,,,,,,,,,,,,,,,,,,,,,,,,,,,,,,,,,,,,,,,,,,,,,,,,,,,,,,,,,,,,,,,,,,,,,,,,,,,,,,,,,,,,,,,,,,,,,,,,,,,,,,,,,,,,,,,,,,,,,,,,
EVT0000505,SUB00213,CNT00095,2023-10-23,14,Mobile,70,100%,TRUE,TRUE,TRUE,HD,SES590406,1,,,,,,,,,,,,,,,,,,,,,,,,,,,,,,,,,,,,,,,,,,,,,,,,,,,,,,,,,,,,,,,,,,,,,,,,,,,,,,,,,,,,,,,,,,,,,,,,,,,,,,,,,,,,,,,,,,,,,,,,,
EVT0000506,SUB00033,CNT00067,2023-09-25,11,Desktop,22,100%,TRUE,FALSE,FALSE,4K,SES490366,1,,,,,,,,,,,,,,,,,,,,,,,,,,,,,,,,,,,,,,,,,,,,,,,,,,,,,,,,,,,,,,,,,,,,,,,,,,,,,,,,,,,,,,,,,,,,,,,,,,,,,,,,,,,,,,,,,,,,,,,,,
EVT0000507,SUB00675,CNT00005,2024-01-22,9,Fire TV,50,50-75%,FALSE,TRUE,TRUE,HD,SES598593,0,,,,,,,,,,,,,,,,,,,,,,,,,,,,,,,,,,,,,,,,,,,,,,,,,,,,,,,,,,,,,,,,,,,,,,,,,,,,,,,,,,,,,,,,,,,,,,,,,,,,,,,,,,,,,,,,,,,,,,,,,
EVT0000508,SUB00345,CNT00013,2023-12-09,17,Tablet,25,25-50%,FALSE,FALSE,FALSE,HD,SES888576,0,,,,,,,,,,,,,,,,,,,,,,,,,,,,,,,,,,,,,,,,,,,,,,,,,,,,,,,,,,,,,,,,,,,,,,,,,,,,,,,,,,,,,,,,,,,,,,,,,,,,,,,,,,,,,,,,,,,,,,,,,
EVT0000509,SUB00450,CNT00059,2023-01-23,19,Fire TV,56,100%,TRUE,FALSE,TRUE,4K,SES858510,1,,,,,,,,,,,,,,,,,,,,,,,,,,,,,,,,,,,,,,,,,,,,,,,,,,,,,,,,,,,,,,,,,,,,,,,,,,,,,,,,,,,,,,,,,,,,,,,,,,,,,,,,,,,,,,,,,,,,,,,,,
EVT0000510,SUB00616,CNT00047,2024-01-18,13,Roku,18,50-75%,FALSE,FALSE,TRUE,4K,SES705540,0,,,,,,,,,,,,,,,,,,,,,,,,,,,,,,,,,,,,,,,,,,,,,,,,,,,,,,,,,,,,,,,,,,,,,,,,,,,,,,,,,,,,,,,,,,,,,,,,,,,,,,,,,,,,,,,,,,,,,,,,,
EVT0000511,SUB00608,CNT00001,2024-02-15,22,Smart TV,77,100%,TRUE,TRUE,TRUE,4K,SES926874,1,,,,,,,,,,,,,,,,,,,,,,,,,,,,,,,,,,,,,,,,,,,,,,,,,,,,,,,,,,,,,,,,,,,,,,,,,,,,,,,,,,,,,,,,,,,,,,,,,,,,,,,,,,,,,,,,,,,,,,,,,
EVT0000512,SUB00093,CNT00036,2023-02-25,20,Desktop,26,100%,TRUE,FALSE,TRUE,HD,SES310141,1,,,,,,,,,,,,,,,,,,,,,,,,,,,,,,,,,,,,,,,,,,,,,,,,,,,,,,,,,,,,,,,,,,,,,,,,,,,,,,,,,,,,,,,,,,,,,,,,,,,,,,,,,,,,,,,,,,,,,,,,,
EVT0000513,SUB00309,CNT00001,2023-06-26,12,Desktop,16,50-75%,FALSE,FALSE,TRUE,HD,SES817974,0,,,,,,,,,,,,,,,,,,,,,,,,,,,,,,,,,,,,,,,,,,,,,,,,,,,,,,,,,,,,,,,,,,,,,,,,,,,,,,,,,,,,,,,,,,,,,,,,,,,,,,,,,,,,,,,,,,,,,,,,,
EVT0000514,SUB00006,CNT00045,2024-01-19,23,Fire TV,55,<25%,FALSE,FALSE,TRUE,HD,SES800906,0,,,,,,,,,,,,,,,,,,,,,,,,,,,,,,,,,,,,,,,,,,,,,,,,,,,,,,,,,,,,,,,,,,,,,,,,,,,,,,,,,,,,,,,,,,,,,,,,,,,,,,,,,,,,,,,,,,,,,,,,,
EVT0000515,SUB00475,CNT00098,2024-01-21,18,Smart TV,45,100%,TRUE,TRUE,TRUE,4K,SES396951,1,,,,,,,,,,,,,,,,,,,,,,,,,,,,,,,,,,,,,,,,,,,,,,,,,,,,,,,,,,,,,,,,,,,,,,,,,,,,,,,,,,,,,,,,,,,,,,,,,,,,,,,,,,,,,,,,,,,,,,,,,
EVT0000516,SUB00612,CNT00048,2024-03-10,6,Smart TV,118,50-75%,FALSE,FALSE,TRUE,HD,SES487063,0,,,,,,,,,,,,,,,,,,,,,,,,,,,,,,,,,,,,,,,,,,,,,,,,,,,,,,,,,,,,,,,,,,,,,,,,,,,,,,,,,,,,,,,,,,,,,,,,,,,,,,,,,,,,,,,,,,,,,,,,,
EVT0000517,SUB00349,CNT00001,2024-01-06,18,Mobile,87,100%,TRUE,TRUE,TRUE,HD,SES297101,1,,,,,,,,,,,,,,,,,,,,,,,,,,,,,,,,,,,,,,,,,,,,,,,,,,,,,,,,,,,,,,,,,,,,,,,,,,,,,,,,,,,,,,,,,,,,,,,,,,,,,,,,,,,,,,,,,,,,,,,,,
EVT0000518,SUB00217,CNT00035,2023-02-15,11,Desktop,24,50-75%,FALSE,FALSE,TRUE,HD,SES808074,0,,,,,,,,,,,,,,,,,,,,,,,,,,,,,,,,,,,,,,,,,,,,,,,,,,,,,,,,,,,,,,,,,,,,,,,,,,,,,,,,,,,,,,,,,,,,,,,,,,,,,,,,,,,,,,,,,,,,,,,,,
EVT0000519,SUB00036,CNT00045,2024-05-07,18,Fire TV,71,25-50%,FALSE,TRUE,TRUE,SD,SES463108,0,,,,,,,,,,,,,,,,,,,,,,,,,,,,,,,,,,,,,,,,,,,,,,,,,,,,,,,,,,,,,,,,,,,,,,,,,,,,,,,,,,,,,,,,,,,,,,,,,,,,,,,,,,,,,,,,,,,,,,,,,
EVT0000520,SUB00672,CNT00002,2023-04-14,10,Roku,69,25-50%,FALSE,FALSE,FALSE,HD,SES112151,0,,,,,,,,,,,,,,,,,,,,,,,,,,,,,,,,,,,,,,,,,,,,,,,,,,,,,,,,,,,,,,,,,,,,,,,,,,,,,,,,,,,,,,,,,,,,,,,,,,,,,,,,,,,,,,,,,,,,,,,,,
EVT0000521,SUB00670,CNT00052,2024-05-12,7,Tablet,59,75-99%,FALSE,FALSE,FALSE,SD,SES732958,0,,,,,,,,,,,,,,,,,,,,,,,,,,,,,,,,,,,,,,,,,,,,,,,,,,,,,,,,,,,,,,,,,,,,,,,,,,,,,,,,,,,,,,,,,,,,,,,,,,,,,,,,,,,,,,,,,,,,,,,,,
EVT0000522,SUB00515,CNT00073,2024-04-06,23,Tablet,19,100%,TRUE,TRUE,TRUE,HD,SES896509,1,,,,,,,,,,,,,,,,,,,,,,,,,,,,,,,,,,,,,,,,,,,,,,,,,,,,,,,,,,,,,,,,,,,,,,,,,,,,,,,,,,,,,,,,,,,,,,,,,,,,,,,,,,,,,,,,,,,,,,,,,
EVT0000523,SUB00691,CNT00005,2024-01-28,14,Smart TV,70,50-75%,FALSE,FALSE,FALSE,HD,SES556013,0,,,,,,,,,,,,,,,,,,,,,,,,,,,,,,,,,,,,,,,,,,,,,,,,,,,,,,,,,,,,,,,,,,,,,,,,,,,,,,,,,,,,,,,,,,,,,,,,,,,,,,,,,,,,,,,,,,,,,,,,,
EVT0000524,SUB00476,CNT00035,2023-02-19,20,Tablet,11,100%,TRUE,FALSE,FALSE,4K,SES364583,1,,,,,,,,,,,,,,,,,,,,,,,,,,,,,,,,,,,,,,,,,,,,,,,,,,,,,,,,,,,,,,,,,,,,,,,,,,,,,,,,,,,,,,,,,,,,,,,,,,,,,,,,,,,,,,,,,,,,,,,,,
EVT0000525,SUB00346,CNT00099,2024-03-11,23,Tablet,27,100%,TRUE,FALSE,TRUE,HD,SES118369,1,,,,,,,,,,,,,,,,,,,,,,,,,,,,,,,,,,,,,,,,,,,,,,,,,,,,,,,,,,,,,,,,,,,,,,,,,,,,,,,,,,,,,,,,,,,,,,,,,,,,,,,,,,,,,,,,,,,,,,,,,
EVT0000526,SUB00333,CNT00011,2024-04-02,17,Fire TV,9,100%,TRUE,FALSE,FALSE,HD,SES360704,1,,,,,,,,,,,,,,,,,,,,,,,,,,,,,,,,,,,,,,,,,,,,,,,,,,,,,,,,,,,,,,,,,,,,,,,,,,,,,,,,,,,,,,,,,,,,,,,,,,,,,,,,,,,,,,,,,,,,,,,,,
EVT0000527,SUB00087,CNT00017,2023-06-29,21,Desktop,119,100%,TRUE,FALSE,TRUE,HD,SES822460,1,,,,,,,,,,,,,,,,,,,,,,,,,,,,,,,,,,,,,,,,,,,,,,,,,,,,,,,,,,,,,,,,,,,,,,,,,,,,,,,,,,,,,,,,,,,,,,,,,,,,,,,,,,,,,,,,,,,,,,,,,
EVT0000528,SUB00537,CNT00006,2023-09-07,17,Mobile,23,<25%,FALSE,FALSE,FALSE,SD,SES500464,0,,,,,,,,,,,,,,,,,,,,,,,,,,,,,,,,,,,,,,,,,,,,,,,,,,,,,,,,,,,,,,,,,,,,,,,,,,,,,,,,,,,,,,,,,,,,,,,,,,,,,,,,,,,,,,,,,,,,,,,,,
EVT0000529,SUB00081,CNT00052,2024-06-08,6,Smart TV,100,75-99%,FALSE,FALSE,FALSE,SD,SES977504,0,,,,,,,,,,,,,,,,,,,,,,,,,,,,,,,,,,,,,,,,,,,,,,,,,,,,,,,,,,,,,,,,,,,,,,,,,,,,,,,,,,,,,,,,,,,,,,,,,,,,,,,,,,,,,,,,,,,,,,,,,
EVT0000530,SUB00120,CNT00074,2024-03-19,15,Roku,70,50-75%,FALSE,FALSE,TRUE,SD,SES492415,0,,,,,,,,,,,,,,,,,,,,,,,,,,,,,,,,,,,,,,,,,,,,,,,,,,,,,,,,,,,,,,,,,,,,,,,,,,,,,,,,,,,,,,,,,,,,,,,,,,,,,,,,,,,,,,,,,,,,,,,,,
EVT0000531,SUB00221,CNT00056,2024-04-29,11,Tablet,69,50-75%,FALSE,FALSE,TRUE,HD,SES518036,0,,,,,,,,,,,,,,,,,,,,,,,,,,,,,,,,,,,,,,,,,,,,,,,,,,,,,,,,,,,,,,,,,,,,,,,,,,,,,,,,,,,,,,,,,,,,,,,,,,,,,,,,,,,,,,,,,,,,,,,,,
EVT0000532,SUB00695,CNT00005,2023-07-05,6,Desktop,89,75-99%,FALSE,TRUE,TRUE,4K,SES584904,0,,,,,,,,,,,,,,,,,,,,,,,,,,,,,,,,,,,,,,,,,,,,,,,,,,,,,,,,,,,,,,,,,,,,,,,,,,,,,,,,,,,,,,,,,,,,,,,,,,,,,,,,,,,,,,,,,,,,,,,,,
EVT0000533,SUB00100,CNT00005,2023-11-22,13,Mobile,83,100%,TRUE,FALSE,FALSE,HD,SES967146,1,,,,,,,,,,,,,,,,,,,,,,,,,,,,,,,,,,,,,,,,,,,,,,,,,,,,,,,,,,,,,,,,,,,,,,,,,,,,,,,,,,,,,,,,,,,,,,,,,,,,,,,,,,,,,,,,,,,,,,,,,
EVT0000534,SUB00603,CNT00077,2024-04-16,18,Desktop,76,50-75%,FALSE,TRUE,TRUE,4K,SES435169,0,,,,,,,,,,,,,,,,,,,,,,,,,,,,,,,,,,,,,,,,,,,,,,,,,,,,,,,,,,,,,,,,,,,,,,,,,,,,,,,,,,,,,,,,,,,,,,,,,,,,,,,,,,,,,,,,,,,,,,,,,
EVT0000535,SUB00456,CNT00073,2023-12-21,11,Fire TV,54,50-75%,FALSE,FALSE,TRUE,SD,SES792792,0,,,,,,,,,,,,,,,,,,,,,,,,,,,,,,,,,,,,,,,,,,,,,,,,,,,,,,,,,,,,,,,,,,,,,,,,,,,,,,,,,,,,,,,,,,,,,,,,,,,,,,,,,,,,,,,,,,,,,,,,,
EVT0000536,SUB00647,CNT00045,2023-03-22,22,Tablet,43,<25%,FALSE,FALSE,TRUE,HD,SES807265,0,,,,,,,,,,,,,,,,,,,,,,,,,,,,,,,,,,,,,,,,,,,,,,,,,,,,,,,,,,,,,,,,,,,,,,,,,,,,,,,,,,,,,,,,,,,,,,,,,,,,,,,,,,,,,,,,,,,,,,,,,
EVT0000537,SUB00031,CNT00001,2024-04-23,19,Desktop,102,100%,TRUE,TRUE,TRUE,HD,SES880195,1,,,,,,,,,,,,,,,,,,,,,,,,,,,,,,,,,,,,,,,,,,,,,,,,,,,,,,,,,,,,,,,,,,,,,,,,,,,,,,,,,,,,,,,,,,,,,,,,,,,,,,,,,,,,,,,,,,,,,,,,,
EVT0000538,SUB00241,CNT00100,2024-05-17,9,Mobile,55,25-50%,FALSE,TRUE,TRUE,SD,SES698469,0,,,,,,,,,,,,,,,,,,,,,,,,,,,,,,,,,,,,,,,,,,,,,,,,,,,,,,,,,,,,,,,,,,,,,,,,,,,,,,,,,,,,,,,,,,,,,,,,,,,,,,,,,,,,,,,,,,,,,,,,,
EVT0000539,SUB00183,CNT00099,2023-10-24,18,Roku,57,100%,TRUE,FALSE,TRUE,HD,SES728357,1,,,,,,,,,,,,,,,,,,,,,,,,,,,,,,,,,,,,,,,,,,,,,,,,,,,,,,,,,,,,,,,,,,,,,,,,,,,,,,,,,,,,,,,,,,,,,,,,,,,,,,,,,,,,,,,,,,,,,,,,,
EVT0000540,SUB00328,CNT00081,2023-10-13,16,Roku,73,25-50%,FALSE,FALSE,TRUE,HD,SES523589,0,,,,,,,,,,,,,,,,,,,,,,,,,,,,,,,,,,,,,,,,,,,,,,,,,,,,,,,,,,,,,,,,,,,,,,,,,,,,,,,,,,,,,,,,,,,,,,,,,,,,,,,,,,,,,,,,,,,,,,,,,
EVT0000541,SUB00476,CNT00073,2024-05-21,11,Desktop,41,25-50%,FALSE,TRUE,FALSE,4K,SES899995,0,,,,,,,,,,,,,,,,,,,,,,,,,,,,,,,,,,,,,,,,,,,,,,,,,,,,,,,,,,,,,,,,,,,,,,,,,,,,,,,,,,,,,,,,,,,,,,,,,,,,,,,,,,,,,,,,,,,,,,,,,
EVT0000542,SUB00672,CNT00099,2024-04-20,19,Desktop,57,<25%,FALSE,TRUE,FALSE,SD,SES748938,0,,,,,,,,,,,,,,,,,,,,,,,,,,,,,,,,,,,,,,,,,,,,,,,,,,,,,,,,,,,,,,,,,,,,,,,,,,,,,,,,,,,,,,,,,,,,,,,,,,,,,,,,,,,,,,,,,,,,,,,,,
EVT0000543,SUB00142,CNT00065,2023-08-18,19,Mobile,46,100%,TRUE,FALSE,TRUE,HD,SES696960,1,,,,,,,,,,,,,,,,,,,,,,,,,,,,,,,,,,,,,,,,,,,,,,,,,,,,,,,,,,,,,,,,,,,,,,,,,,,,,,,,,,,,,,,,,,,,,,,,,,,,,,,,,,,,,,,,,,,,,,,,,
EVT0000544,SUB00094,CNT00003,2024-04-28,18,Roku,70,100%,TRUE,TRUE,TRUE,HD,SES486991,1,,,,,,,,,,,,,,,,,,,,,,,,,,,,,,,,,,,,,,,,,,,,,,,,,,,,,,,,,,,,,,,,,,,,,,,,,,,,,,,,,,,,,,,,,,,,,,,,,,,,,,,,,,,,,,,,,,,,,,,,,
EVT0000545,SUB00180,CNT00092,2023-09-03,16,Smart TV,42,100%,TRUE,TRUE,TRUE,HD,SES705659,1,,,,,,,,,,,,,,,,,,,,,,,,,,,,,,,,,,,,,,,,,,,,,,,,,,,,,,,,,,,,,,,,,,,,,,,,,,,,,,,,,,,,,,,,,,,,,,,,,,,,,,,,,,,,,,,,,,,,,,,,,
EVT0000546,SUB00471,CNT00064,2024-04-17,13,Smart TV,64,75-99%,FALSE,FALSE,FALSE,SD,SES942726,0,,,,,,,,,,,,,,,,,,,,,,,,,,,,,,,,,,,,,,,,,,,,,,,,,,,,,,,,,,,,,,,,,,,,,,,,,,,,,,,,,,,,,,,,,,,,,,,,,,,,,,,,,,,,,,,,,,,,,,,,,
EVT0000547,SUB00164,CNT00070,2023-12-06,6,Fire TV,9,100%,TRUE,FALSE,FALSE,HD,SES645015,1,,,,,,,,,,,,,,,,,,,,,,,,,,,,,,,,,,,,,,,,,,,,,,,,,,,,,,,,,,,,,,,,,,,,,,,,,,,,,,,,,,,,,,,,,,,,,,,,,,,,,,,,,,,,,,,,,,,,,,,,,
EVT0000548,SUB00395,CNT00045,2024-04-26,23,Mobile,96,100%,TRUE,FALSE,FALSE,HD,SES849484,1,,,,,,,,,,,,,,,,,,,,,,,,,,,,,,,,,,,,,,,,,,,,,,,,,,,,,,,,,,,,,,,,,,,,,,,,,,,,,,,,,,,,,,,,,,,,,,,,,,,,,,,,,,,,,,,,,,,,,,,,,
EVT0000549,SUB00450,CNT00093,2023-01-25,18,Fire TV,103,<25%,FALSE,TRUE,TRUE,HD,SES851435,0,,,,,,,,,,,,,,,,,,,,,,,,,,,,,,,,,,,,,,,,,,,,,,,,,,,,,,,,,,,,,,,,,,,,,,,,,,,,,,,,,,,,,,,,,,,,,,,,,,,,,,,,,,,,,,,,,,,,,,,,,
EVT0000550,SUB00645,CNT00055,2024-06-07,9,Smart TV,113,100%,TRUE,FALSE,FALSE,SD,SES857065,1,,,,,,,,,,,,,,,,,,,,,,,,,,,,,,,,,,,,,,,,,,,,,,,,,,,,,,,,,,,,,,,,,,,,,,,,,,,,,,,,,,,,,,,,,,,,,,,,,,,,,,,,,,,,,,,,,,,,,,,,,
EVT0000551,SUB00376,CNT00044,2023-06-23,13,Desktop,31,25-50%,FALSE,FALSE,TRUE,4K,SES773223,0,,,,,,,,,,,,,,,,,,,,,,,,,,,,,,,,,,,,,,,,,,,,,,,,,,,,,,,,,,,,,,,,,,,,,,,,,,,,,,,,,,,,,,,,,,,,,,,,,,,,,,,,,,,,,,,,,,,,,,,,,
EVT0000552,SUB00470,CNT00063,2023-03-17,14,Tablet,42,100%,TRUE,FALSE,TRUE,4K,SES925621,1,,,,,,,,,,,,,,,,,,,,,,,,,,,,,,,,,,,,,,,,,,,,,,,,,,,,,,,,,,,,,,,,,,,,,,,,,,,,,,,,,,,,,,,,,,,,,,,,,,,,,,,,,,,,,,,,,,,,,,,,,
EVT0000553,SUB00265,CNT00077,2024-04-06,10,Smart TV,71,<25%,FALSE,FALSE,TRUE,HD,SES488865,0,,,,,,,,,,,,,,,,,,,,,,,,,,,,,,,,,,,,,,,,,,,,,,,,,,,,,,,,,,,,,,,,,,,,,,,,,,,,,,,,,,,,,,,,,,,,,,,,,,,,,,,,,,,,,,,,,,,,,,,,,
EVT0000554,SUB00299,CNT00036,2024-01-07,15,Desktop,96,100%,TRUE,FALSE,FALSE,4K,SES261943,1,,,,,,,,,,,,,,,,,,,,,,,,,,,,,,,,,,,,,,,,,,,,,,,,,,,,,,,,,,,,,,,,,,,,,,,,,,,,,,,,,,,,,,,,,,,,,,,,,,,,,,,,,,,,,,,,,,,,,,,,,
EVT0000555,SUB00151,CNT00050,2023-05-12,13,Mobile,113,50-75%,FALSE,TRUE,FALSE,4K,SES255570,0,,,,,,,,,,,,,,,,,,,,,,,,,,,,,,,,,,,,,,,,,,,,,,,,,,,,,,,,,,,,,,,,,,,,,,,,,,,,,,,,,,,,,,,,,,,,,,,,,,,,,,,,,,,,,,,,,,,,,,,,,
EVT0000556,SUB00266,CNT00058,2023-01-13,22,Desktop,66,100%,TRUE,FALSE,TRUE,4K,SES775127,1,,,,,,,,,,,,,,,,,,,,,,,,,,,,,,,,,,,,,,,,,,,,,,,,,,,,,,,,,,,,,,,,,,,,,,,,,,,,,,,,,,,,,,,,,,,,,,,,,,,,,,,,,,,,,,,,,,,,,,,,,
EVT0000557,SUB00602,CNT00041,2023-06-09,18,Desktop,87,75-99%,FALSE,TRUE,FALSE,HD,SES283906,0,,,,,,,,,,,,,,,,,,,,,,,,,,,,,,,,,,,,,,,,,,,,,,,,,,,,,,,,,,,,,,,,,,,,,,,,,,,,,,,,,,,,,,,,,,,,,,,,,,,,,,,,,,,,,,,,,,,,,,,,,
EVT0000558,SUB00389,CNT00015,2024-05-10,15,Smart TV,33,50-75%,FALSE,TRUE,TRUE,HD,SES915807,0,,,,,,,,,,,,,,,,,,,,,,,,,,,,,,,,,,,,,,,,,,,,,,,,,,,,,,,,,,,,,,,,,,,,,,,,,,,,,,,,,,,,,,,,,,,,,,,,,,,,,,,,,,,,,,,,,,,,,,,,,
EVT0000559,SUB00666,CNT00057,2023-05-03,6,Fire TV,113,75-99%,FALSE,FALSE,TRUE,HD,SES481220,0,,,,,,,,,,,,,,,,,,,,,,,,,,,,,,,,,,,,,,,,,,,,,,,,,,,,,,,,,,,,,,,,,,,,,,,,,,,,,,,,,,,,,,,,,,,,,,,,,,,,,,,,,,,,,,,,,,,,,,,,,
EVT0000560,SUB00409,CNT00043,2023-02-03,14,Roku,73,75-99%,FALSE,FALSE,FALSE,SD,SES936677,0,,,,,,,,,,,,,,,,,,,,,,,,,,,,,,,,,,,,,,,,,,,,,,,,,,,,,,,,,,,,,,,,,,,,,,,,,,,,,,,,,,,,,,,,,,,,,,,,,,,,,,,,,,,,,,,,,,,,,,,,,
EVT0000561,SUB00458,CNT00032,2023-02-27,11,Fire TV,88,50-75%,FALSE,TRUE,TRUE,HD,SES286049,0,,,,,,,,,,,,,,,,,,,,,,,,,,,,,,,,,,,,,,,,,,,,,,,,,,,,,,,,,,,,,,,,,,,,,,,,,,,,,,,,,,,,,,,,,,,,,,,,,,,,,,,,,,,,,,,,,,,,,,,,,
EVT0000562,SUB00624,CNT00030,2023-02-11,12,Fire TV,111,<25%,FALSE,TRUE,TRUE,HD,SES417467,0,,,,,,,,,,,,,,,,,,,,,,,,,,,,,,,,,,,,,,,,,,,,,,,,,,,,,,,,,,,,,,,,,,,,,,,,,,,,,,,,,,,,,,,,,,,,,,,,,,,,,,,,,,,,,,,,,,,,,,,,,
EVT0000563,SUB00213,CNT00097,2023-03-04,21,Desktop,17,100%,TRUE,FALSE,TRUE,4K,SES928391,1,,,,,,,,,,,,,,,,,,,,,,,,,,,,,,,,,,,,,,,,,,,,,,,,,,,,,,,,,,,,,,,,,,,,,,,,,,,,,,,,,,,,,,,,,,,,,,,,,,,,,,,,,,,,,,,,,,,,,,,,,
EVT0000564,SUB00202,CNT00057,2023-03-16,12,Mobile,74,<25%,FALSE,FALSE,TRUE,HD,SES610898,0,,,,,,,,,,,,,,,,,,,,,,,,,,,,,,,,,,,,,,,,,,,,,,,,,,,,,,,,,,,,,,,,,,,,,,,,,,,,,,,,,,,,,,,,,,,,,,,,,,,,,,,,,,,,,,,,,,,,,,,,,
EVT0000565,SUB00583,CNT00092,2023-11-04,9,Fire TV,118,100%,TRUE,FALSE,FALSE,HD,SES717545,1,,,,,,,,,,,,,,,,,,,,,,,,,,,,,,,,,,,,,,,,,,,,,,,,,,,,,,,,,,,,,,,,,,,,,,,,,,,,,,,,,,,,,,,,,,,,,,,,,,,,,,,,,,,,,,,,,,,,,,,,,
EVT0000566,SUB00001,CNT00049,2024-04-12,21,Fire TV,27,100%,TRUE,FALSE,FALSE,HD,SES639178,1,,,,,,,,,,,,,,,,,,,,,,,,,,,,,,,,,,,,,,,,,,,,,,,,,,,,,,,,,,,,,,,,,,,,,,,,,,,,,,,,,,,,,,,,,,,,,,,,,,,,,,,,,,,,,,,,,,,,,,,,,
EVT0000567,SUB00661,CNT00090,2023-10-18,16,Tablet,91,75-99%,FALSE,FALSE,FALSE,4K,SES756326,0,,,,,,,,,,,,,,,,,,,,,,,,,,,,,,,,,,,,,,,,,,,,,,,,,,,,,,,,,,,,,,,,,,,,,,,,,,,,,,,,,,,,,,,,,,,,,,,,,,,,,,,,,,,,,,,,,,,,,,,,,
EVT0000568,SUB00115,CNT00024,2024-03-26,16,Roku,65,75-99%,FALSE,FALSE,TRUE,HD,SES168744,0,,,,,,,,,,,,,,,,,,,,,,,,,,,,,,,,,,,,,,,,,,,,,,,,,,,,,,,,,,,,,,,,,,,,,,,,,,,,,,,,,,,,,,,,,,,,,,,,,,,,,,,,,,,,,,,,,,,,,,,,,
EVT0000569,SUB00690,CNT00090,2024-03-18,23,Smart TV,29,75-99%,FALSE,TRUE,TRUE,HD,SES422122,0,,,,,,,,,,,,,,,,,,,,,,,,,,,,,,,,,,,,,,,,,,,,,,,,,,,,,,,,,,,,,,,,,,,,,,,,,,,,,,,,,,,,,,,,,,,,,,,,,,,,,,,,,,,,,,,,,,,,,,,,,
EVT0000570,SUB00313,CNT00100,2024-05-28,15,Roku,31,75-99%,FALSE,FALSE,FALSE,HD,SES439492,0,,,,,,,,,,,,,,,,,,,,,,,,,,,,,,,,,,,,,,,,,,,,,,,,,,,,,,,,,,,,,,,,,,,,,,,,,,,,,,,,,,,,,,,,,,,,,,,,,,,,,,,,,,,,,,,,,,,,,,,,,
EVT0000571,SUB00197,CNT00022,2023-06-10,11,Tablet,71,100%,TRUE,FALSE,FALSE,HD,SES927062,1,,,,,,,,,,,,,,,,,,,,,,,,,,,,,,,,,,,,,,,,,,,,,,,,,,,,,,,,,,,,,,,,,,,,,,,,,,,,,,,,,,,,,,,,,,,,,,,,,,,,,,,,,,,,,,,,,,,,,,,,,
EVT0000572,SUB00276,CNT00037,2024-03-02,15,Tablet,23,75-99%,FALSE,FALSE,TRUE,4K,SES969512,0,,,,,,,,,,,,,,,,,,,,,,,,,,,,,,,,,,,,,,,,,,,,,,,,,,,,,,,,,,,,,,,,,,,,,,,,,,,,,,,,,,,,,,,,,,,,,,,,,,,,,,,,,,,,,,,,,,,,,,,,,
EVT0000573,SUB00461,CNT00028,2023-11-19,6,Desktop,12,100%,TRUE,FALSE,TRUE,HD,SES579083,1,,,,,,,,,,,,,,,,,,,,,,,,,,,,,,,,,,,,,,,,,,,,,,,,,,,,,,,,,,,,,,,,,,,,,,,,,,,,,,,,,,,,,,,,,,,,,,,,,,,,,,,,,,,,,,,,,,,,,,,,,
EVT0000574,SUB00020,CNT00026,2023-10-08,14,Tablet,111,50-75%,FALSE,FALSE,TRUE,4K,SES548264,0,,,,,,,,,,,,,,,,,,,,,,,,,,,,,,,,,,,,,,,,,,,,,,,,,,,,,,,,,,,,,,,,,,,,,,,,,,,,,,,,,,,,,,,,,,,,,,,,,,,,,,,,,,,,,,,,,,,,,,,,,
EVT0000575,SUB00334,CNT00095,2024-01-27,12,Roku,69,25-50%,FALSE,FALSE,TRUE,SD,SES178042,0,,,,,,,,,,,,,,,,,,,,,,,,,,,,,,,,,,,,,,,,,,,,,,,,,,,,,,,,,,,,,,,,,,,,,,,,,,,,,,,,,,,,,,,,,,,,,,,,,,,,,,,,,,,,,,,,,,,,,,,,,
EVT0000576,SUB00165,CNT00073,2023-09-06,21,Mobile,104,100%,TRUE,FALSE,TRUE,HD,SES361982,1,,,,,,,,,,,,,,,,,,,,,,,,,,,,,,,,,,,,,,,,,,,,,,,,,,,,,,,,,,,,,,,,,,,,,,,,,,,,,,,,,,,,,,,,,,,,,,,,,,,,,,,,,,,,,,,,,,,,,,,,,
EVT0000577,SUB00622,CNT00008,2023-10-14,16,Tablet,73,25-50%,FALSE,FALSE,TRUE,4K,SES216424,0,,,,,,,,,,,,,,,,,,,,,,,,,,,,,,,,,,,,,,,,,,,,,,,,,,,,,,,,,,,,,,,,,,,,,,,,,,,,,,,,,,,,,,,,,,,,,,,,,,,,,,,,,,,,,,,,,,,,,,,,,
EVT0000578,SUB00138,CNT00010,2024-04-28,19,Smart TV,116,50-75%,FALSE,TRUE,FALSE,4K,SES701975,0,,,,,,,,,,,,,,,,,,,,,,,,,,,,,,,,,,,,,,,,,,,,,,,,,,,,,,,,,,,,,,,,,,,,,,,,,,,,,,,,,,,,,,,,,,,,,,,,,,,,,,,,,,,,,,,,,,,,,,,,,
EVT0000579,SUB00576,CNT00014,2023-07-24,23,Fire TV,38,50-75%,FALSE,FALSE,FALSE,4K,SES823066,0,,,,,,,,,,,,,,,,,,,,,,,,,,,,,,,,,,,,,,,,,,,,,,,,,,,,,,,,,,,,,,,,,,,,,,,,,,,,,,,,,,,,,,,,,,,,,,,,,,,,,,,,,,,,,,,,,,,,,,,,,
EVT0000580,SUB00144,CNT00009,2023-01-23,16,Tablet,120,100%,TRUE,FALSE,FALSE,HD,SES293084,1,,,,,,,,,,,,,,,,,,,,,,,,,,,,,,,,,,,,,,,,,,,,,,,,,,,,,,,,,,,,,,,,,,,,,,,,,,,,,,,,,,,,,,,,,,,,,,,,,,,,,,,,,,,,,,,,,,,,,,,,,
EVT0000581,SUB00480,CNT00042,2023-11-25,14,Tablet,82,50-75%,FALSE,FALSE,TRUE,HD,SES224980,0,,,,,,,,,,,,,,,,,,,,,,,,,,,,,,,,,,,,,,,,,,,,,,,,,,,,,,,,,,,,,,,,,,,,,,,,,,,,,,,,,,,,,,,,,,,,,,,,,,,,,,,,,,,,,,,,,,,,,,,,,
EVT0000582,SUB00438,CNT00057,2024-02-25,22,Mobile,70,100%,TRUE,FALSE,TRUE,HD,SES558444,1,,,,,,,,,,,,,,,,,,,,,,,,,,,,,,,,,,,,,,,,,,,,,,,,,,,,,,,,,,,,,,,,,,,,,,,,,,,,,,,,,,,,,,,,,,,,,,,,,,,,,,,,,,,,,,,,,,,,,,,,,
EVT0000583,SUB00517,CNT00042,2023-02-02,21,Tablet,78,100%,TRUE,FALSE,FALSE,SD,SES870109,1,,,,,,,,,,,,,,,,,,,,,,,,,,,,,,,,,,,,,,,,,,,,,,,,,,,,,,,,,,,,,,,,,,,,,,,,,,,,,,,,,,,,,,,,,,,,,,,,,,,,,,,,,,,,,,,,,,,,,,,,,
EVT0000584,SUB00579,CNT00100,2023-03-19,23,Smart TV,107,100%,TRUE,FALSE,TRUE,HD,SES591202,1,,,,,,,,,,,,,,,,,,,,,,,,,,,,,,,,,,,,,,,,,,,,,,,,,,,,,,,,,,,,,,,,,,,,,,,,,,,,,,,,,,,,,,,,,,,,,,,,,,,,,,,,,,,,,,,,,,,,,,,,,
EVT0000585,SUB00075,CNT00056,2023-07-15,20,Desktop,118,100%,TRUE,FALSE,TRUE,4K,SES176573,1,,,,,,,,,,,,,,,,,,,,,,,,,,,,,,,,,,,,,,,,,,,,,,,,,,,,,,,,,,,,,,,,,,,,,,,,,,,,,,,,,,,,,,,,,,,,,,,,,,,,,,,,,,,,,,,,,,,,,,,,,
EVT0000586,SUB00664,CNT00059,2023-07-06,19,Mobile,56,75-99%,FALSE,FALSE,TRUE,SD,SES753986,0,,,,,,,,,,,,,,,,,,,,,,,,,,,,,,,,,,,,,,,,,,,,,,,,,,,,,,,,,,,,,,,,,,,,,,,,,,,,,,,,,,,,,,,,,,,,,,,,,,,,,,,,,,,,,,,,,,,,,,,,,
EVT0000587,SUB00020,CNT00071,2024-02-04,14,Smart TV,79,75-99%,FALSE,FALSE,TRUE,HD,SES579989,0,,,,,,,,,,,,,,,,,,,,,,,,,,,,,,,,,,,,,,,,,,,,,,,,,,,,,,,,,,,,,,,,,,,,,,,,,,,,,,,,,,,,,,,,,,,,,,,,,,,,,,,,,,,,,,,,,,,,,,,,,
EVT0000588,SUB00589,CNT00092,2023-07-25,10,Smart TV,103,100%,TRUE,TRUE,TRUE,4K,SES290407,1,,,,,,,,,,,,,,,,,,,,,,,,,,,,,,,,,,,,,,,,,,,,,,,,,,,,,,,,,,,,,,,,,,,,,,,,,,,,,,,,,,,,,,,,,,,,,,,,,,,,,,,,,,,,,,,,,,,,,,,,,
EVT0000589,SUB00027,CNT00006,2023-04-14,23,Tablet,13,100%,TRUE,FALSE,TRUE,HD,SES790138,1,,,,,,,,,,,,,,,,,,,,,,,,,,,,,,,,,,,,,,,,,,,,,,,,,,,,,,,,,,,,,,,,,,,,,,,,,,,,,,,,,,,,,,,,,,,,,,,,,,,,,,,,,,,,,,,,,,,,,,,,,
EVT0000590,SUB00207,CNT00049,2023-08-02,13,Smart TV,103,100%,TRUE,FALSE,TRUE,HD,SES560996,1,,,,,,,,,,,,,,,,,,,,,,,,,,,,,,,,,,,,,,,,,,,,,,,,,,,,,,,,,,,,,,,,,,,,,,,,,,,,,,,,,,,,,,,,,,,,,,,,,,,,,,,,,,,,,,,,,,,,,,,,,
EVT0000591,SUB00385,CNT00090,2023-05-07,12,Desktop,11,100%,TRUE,FALSE,TRUE,HD,SES308286,1,,,,,,,,,,,,,,,,,,,,,,,,,,,,,,,,,,,,,,,,,,,,,,,,,,,,,,,,,,,,,,,,,,,,,,,,,,,,,,,,,,,,,,,,,,,,,,,,,,,,,,,,,,,,,,,,,,,,,,,,,
EVT0000592,SUB00390,CNT00016,2023-07-30,11,Roku,79,<25%,FALSE,FALSE,FALSE,SD,SES270795,0,,,,,,,,,,,,,,,,,,,,,,,,,,,,,,,,,,,,,,,,,,,,,,,,,,,,,,,,,,,,,,,,,,,,,,,,,,,,,,,,,,,,,,,,,,,,,,,,,,,,,,,,,,,,,,,,,,,,,,,,,
EVT0000593,SUB00124,CNT00095,2023-08-03,16,Desktop,29,100%,TRUE,TRUE,TRUE,HD,SES477338,1,,,,,,,,,,,,,,,,,,,,,,,,,,,,,,,,,,,,,,,,,,,,,,,,,,,,,,,,,,,,,,,,,,,,,,,,,,,,,,,,,,,,,,,,,,,,,,,,,,,,,,,,,,,,,,,,,,,,,,,,,
EVT0000594,SUB00262,CNT00059,2024-05-04,18,Desktop,56,<25%,FALSE,TRUE,TRUE,4K,SES425039,0,,,,,,,,,,,,,,,,,,,,,,,,,,,,,,,,,,,,,,,,,,,,,,,,,,,,,,,,,,,,,,,,,,,,,,,,,,,,,,,,,,,,,,,,,,,,,,,,,,,,,,,,,,,,,,,,,,,,,,,,,
EVT0000595,SUB00445,CNT00084,2023-03-08,8,Fire TV,87,50-75%,FALSE,FALSE,TRUE,SD,SES388060,0,,,,,,,,,,,,,,,,,,,,,,,,,,,,,,,,,,,,,,,,,,,,,,,,,,,,,,,,,,,,,,,,,,,,,,,,,,,,,,,,,,,,,,,,,,,,,,,,,,,,,,,,,,,,,,,,,,,,,,,,,
EVT0000596,SUB00047,CNT00027,2023-11-28,6,Smart TV,71,25-50%,FALSE,TRUE,TRUE,HD,SES899316,0,,,,,,,,,,,,,,,,,,,,,,,,,,,,,,,,,,,,,,,,,,,,,,,,,,,,,,,,,,,,,,,,,,,,,,,,,,,,,,,,,,,,,,,,,,,,,,,,,,,,,,,,,,,,,,,,,,,,,,,,,
EVT0000597,SUB00063,CNT00027,2023-02-09,15,Tablet,84,100%,TRUE,FALSE,TRUE,HD,SES280795,1,,,,,,,,,,,,,,,,,,,,,,,,,,,,,,,,,,,,,,,,,,,,,,,,,,,,,,,,,,,,,,,,,,,,,,,,,,,,,,,,,,,,,,,,,,,,,,,,,,,,,,,,,,,,,,,,,,,,,,,,,
EVT0000598,SUB00532,CNT00095,2023-06-28,11,Tablet,117,100%,TRUE,TRUE,TRUE,SD,SES621724,1,,,,,,,,,,,,,,,,,,,,,,,,,,,,,,,,,,,,,,,,,,,,,,,,,,,,,,,,,,,,,,,,,,,,,,,,,,,,,,,,,,,,,,,,,,,,,,,,,,,,,,,,,,,,,,,,,,,,,,,,,
EVT0000599,SUB00314,CNT00048,2023-07-28,14,Roku,46,100%,TRUE,TRUE,TRUE,4K,SES129881,1,,,,,,,,,,,,,,,,,,,,,,,,,,,,,,,,,,,,,,,,,,,,,,,,,,,,,,,,,,,,,,,,,,,,,,,,,,,,,,,,,,,,,,,,,,,,,,,,,,,,,,,,,,,,,,,,,,,,,,,,,
EVT0000600,SUB00036,CNT00019,2024-04-26,7,Roku,53,100%,TRUE,FALSE,FALSE,HD,SES277985,1,,,,,,,,,,,,,,,,,,,,,,,,,,,,,,,,,,,,,,,,,,,,,,,,,,,,,,,,,,,,,,,,,,,,,,,,,,,,,,,,,,,,,,,,,,,,,,,,,,,,,,,,,,,,,,,,,,,,,,,,,
EVT0000601,SUB00103,CNT00098,2023-06-11,19,Mobile,19,50-75%,FALSE,FALSE,TRUE,HD,SES997728,0,,,,,,,,,,,,,,,,,,,,,,,,,,,,,,,,,,,,,,,,,,,,,,,,,,,,,,,,,,,,,,,,,,,,,,,,,,,,,,,,,,,,,,,,,,,,,,,,,,,,,,,,,,,,,,,,,,,,,,,,,
EVT0000602,SUB00138,CNT00082,2024-03-26,21,Desktop,120,<25%,FALSE,FALSE,TRUE,4K,SES788258,0,,,,,,,,,,,,,,,,,,,,,,,,,,,,,,,,,,,,,,,,,,,,,,,,,,,,,,,,,,,,,,,,,,,,,,,,,,,,,,,,,,,,,,,,,,,,,,,,,,,,,,,,,,,,,,,,,,,,,,,,,
EVT0000603,SUB00629,CNT00013,2024-01-10,12,Smart TV,33,75-99%,FALSE,FALSE,TRUE,HD,SES336508,0,,,,,,,,,,,,,,,,,,,,,,,,,,,,,,,,,,,,,,,,,,,,,,,,,,,,,,,,,,,,,,,,,,,,,,,,,,,,,,,,,,,,,,,,,,,,,,,,,,,,,,,,,,,,,,,,,,,,,,,,,
EVT0000604,SUB00098,CNT00037,2023-03-26,9,Smart TV,33,100%,TRUE,FALSE,TRUE,4K,SES444589,1,,,,,,,,,,,,,,,,,,,,,,,,,,,,,,,,,,,,,,,,,,,,,,,,,,,,,,,,,,,,,,,,,,,,,,,,,,,,,,,,,,,,,,,,,,,,,,,,,,,,,,,,,,,,,,,,,,,,,,,,,
EVT0000605,SUB00685,CNT00067,2024-04-18,14,Smart TV,46,100%,TRUE,FALSE,TRUE,HD,SES707511,1,,,,,,,,,,,,,,,,,,,,,,,,,,,,,,,,,,,,,,,,,,,,,,,,,,,,,,,,,,,,,,,,,,,,,,,,,,,,,,,,,,,,,,,,,,,,,,,,,,,,,,,,,,,,,,,,,,,,,,,,,
EVT0000606,SUB00395,CNT00026,2023-02-05,6,Smart TV,86,100%,TRUE,TRUE,TRUE,HD,SES516036,1,,,,,,,,,,,,,,,,,,,,,,,,,,,,,,,,,,,,,,,,,,,,,,,,,,,,,,,,,,,,,,,,,,,,,,,,,,,,,,,,,,,,,,,,,,,,,,,,,,,,,,,,,,,,,,,,,,,,,,,,,
EVT0000607,SUB00012,CNT00062,2023-11-27,12,Fire TV,116,100%,TRUE,FALSE,TRUE,HD,SES325272,1,,,,,,,,,,,,,,,,,,,,,,,,,,,,,,,,,,,,,,,,,,,,,,,,,,,,,,,,,,,,,,,,,,,,,,,,,,,,,,,,,,,,,,,,,,,,,,,,,,,,,,,,,,,,,,,,,,,,,,,,,
EVT0000608,SUB00637,CNT00049,2024-04-09,14,Fire TV,103,25-50%,FALSE,FALSE,TRUE,4K,SES295370,0,,,,,,,,,,,,,,,,,,,,,,,,,,,,,,,,,,,,,,,,,,,,,,,,,,,,,,,,,,,,,,,,,,,,,,,,,,,,,,,,,,,,,,,,,,,,,,,,,,,,,,,,,,,,,,,,,,,,,,,,,
EVT0000609,SUB00350,CNT00063,2023-09-19,20,Fire TV,17,100%,TRUE,FALSE,TRUE,HD,SES375632,1,,,,,,,,,,,,,,,,,,,,,,,,,,,,,,,,,,,,,,,,,,,,,,,,,,,,,,,,,,,,,,,,,,,,,,,,,,,,,,,,,,,,,,,,,,,,,,,,,,,,,,,,,,,,,,,,,,,,,,,,,
EVT0000610,SUB00375,CNT00004,2023-03-06,10,Mobile,34,100%,TRUE,FALSE,TRUE,SD,SES677204,1,,,,,,,,,,,,,,,,,,,,,,,,,,,,,,,,,,,,,,,,,,,,,,,,,,,,,,,,,,,,,,,,,,,,,,,,,,,,,,,,,,,,,,,,,,,,,,,,,,,,,,,,,,,,,,,,,,,,,,,,,
EVT0000611,SUB00130,CNT00040,2023-10-30,23,Mobile,115,75-99%,FALSE,FALSE,TRUE,HD,SES959860,0,,,,,,,,,,,,,,,,,,,,,,,,,,,,,,,,,,,,,,,,,,,,,,,,,,,,,,,,,,,,,,,,,,,,,,,,,,,,,,,,,,,,,,,,,,,,,,,,,,,,,,,,,,,,,,,,,,,,,,,,,
EVT0000612,SUB00200,CNT00078,2024-06-07,6,Smart TV,98,50-75%,FALSE,FALSE,TRUE,HD,SES730127,0,,,,,,,,,,,,,,,,,,,,,,,,,,,,,,,,,,,,,,,,,,,,,,,,,,,,,,,,,,,,,,,,,,,,,,,,,,,,,,,,,,,,,,,,,,,,,,,,,,,,,,,,,,,,,,,,,,,,,,,,,
EVT0000613,SUB00577,CNT00068,2023-06-05,23,Tablet,74,<25%,FALSE,TRUE,FALSE,HD,SES274853,0,,,,,,,,,,,,,,,,,,,,,,,,,,,,,,,,,,,,,,,,,,,,,,,,,,,,,,,,,,,,,,,,,,,,,,,,,,,,,,,,,,,,,,,,,,,,,,,,,,,,,,,,,,,,,,,,,,,,,,,,,
EVT0000614,SUB00163,CNT00021,2024-01-19,13,Fire TV,24,100%,TRUE,FALSE,FALSE,HD,SES999987,1,,,,,,,,,,,,,,,,,,,,,,,,,,,,,,,,,,,,,,,,,,,,,,,,,,,,,,,,,,,,,,,,,,,,,,,,,,,,,,,,,,,,,,,,,,,,,,,,,,,,,,,,,,,,,,,,,,,,,,,,,
EVT0000615,SUB00286,CNT00044,2023-07-27,22,Desktop,119,50-75%,FALSE,FALSE,TRUE,4K,SES242732,0,,,,,,,,,,,,,,,,,,,,,,,,,,,,,,,,,,,,,,,,,,,,,,,,,,,,,,,,,,,,,,,,,,,,,,,,,,,,,,,,,,,,,,,,,,,,,,,,,,,,,,,,,,,,,,,,,,,,,,,,,
EVT0000616,SUB00001,CNT00050,2023-11-04,15,Smart TV,98,100%,TRUE,FALSE,FALSE,SD,SES162099,1,,,,,,,,,,,,,,,,,,,,,,,,,,,,,,,,,,,,,,,,,,,,,,,,,,,,,,,,,,,,,,,,,,,,,,,,,,,,,,,,,,,,,,,,,,,,,,,,,,,,,,,,,,,,,,,,,,,,,,,,,
EVT0000617,SUB00144,CNT00001,2024-02-25,13,Desktop,105,100%,TRUE,TRUE,FALSE,HD,SES509992,1,,,,,,,,,,,,,,,,,,,,,,,,,,,,,,,,,,,,,,,,,,,,,,,,,,,,,,,,,,,,,,,,,,,,,,,,,,,,,,,,,,,,,,,,,,,,,,,,,,,,,,,,,,,,,,,,,,,,,,,,,
EVT0000618,SUB00255,CNT00010,2023-07-18,14,Smart TV,119,50-75%,FALSE,FALSE,TRUE,HD,SES804975,0,,,,,,,,,,,,,,,,,,,,,,,,,,,,,,,,,,,,,,,,,,,,,,,,,,,,,,,,,,,,,,,,,,,,,,,,,,,,,,,,,,,,,,,,,,,,,,,,,,,,,,,,,,,,,,,,,,,,,,,,,
EVT0000619,SUB00211,CNT00087,2023-06-05,16,Mobile,86,50-75%,FALSE,TRUE,FALSE,4K,SES649706,0,,,,,,,,,,,,,,,,,,,,,,,,,,,,,,,,,,,,,,,,,,,,,,,,,,,,,,,,,,,,,,,,,,,,,,,,,,,,,,,,,,,,,,,,,,,,,,,,,,,,,,,,,,,,,,,,,,,,,,,,,
EVT0000620,SUB00644,CNT00030,2023-04-16,15,Mobile,74,100%,TRUE,FALSE,FALSE,HD,SES261141,1,,,,,,,,,,,,,,,,,,,,,,,,,,,,,,,,,,,,,,,,,,,,,,,,,,,,,,,,,,,,,,,,,,,,,,,,,,,,,,,,,,,,,,,,,,,,,,,,,,,,,,,,,,,,,,,,,,,,,,,,,
EVT0000621,SUB00350,CNT00006,2023-03-14,14,Mobile,85,75-99%,FALSE,FALSE,TRUE,HD,SES276638,0,,,,,,,,,,,,,,,,,,,,,,,,,,,,,,,,,,,,,,,,,,,,,,,,,,,,,,,,,,,,,,,,,,,,,,,,,,,,,,,,,,,,,,,,,,,,,,,,,,,,,,,,,,,,,,,,,,,,,,,,,
EVT0000622,SUB00299,CNT00035,2024-05-13,17,Smart TV,116,<25%,FALSE,FALSE,TRUE,HD,SES542157,0,,,,,,,,,,,,,,,,,,,,,,,,,,,,,,,,,,,,,,,,,,,,,,,,,,,,,,,,,,,,,,,,,,,,,,,,,,,,,,,,,,,,,,,,,,,,,,,,,,,,,,,,,,,,,,,,,,,,,,,,,
EVT0000623,SUB00654,CNT00052,2023-02-28,14,Tablet,86,100%,TRUE,FALSE,TRUE,HD,SES799377,1,,,,,,,,,,,,,,,,,,,,,,,,,,,,,,,,,,,,,,,,,,,,,,,,,,,,,,,,,,,,,,,,,,,,,,,,,,,,,,,,,,,,,,,,,,,,,,,,,,,,,,,,,,,,,,,,,,,,,,,,,
EVT0000624,SUB00366,CNT00035,2023-09-15,21,Smart TV,79,100%,TRUE,FALSE,TRUE,HD,SES554837,1,,,,,,,,,,,,,,,,,,,,,,,,,,,,,,,,,,,,,,,,,,,,,,,,,,,,,,,,,,,,,,,,,,,,,,,,,,,,,,,,,,,,,,,,,,,,,,,,,,,,,,,,,,,,,,,,,,,,,,,,,
EVT0000625,SUB00107,CNT00091,2023-09-30,18,Roku,71,75-99%,FALSE,FALSE,TRUE,SD,SES730888,0,,,,,,,,,,,,,,,,,,,,,,,,,,,,,,,,,,,,,,,,,,,,,,,,,,,,,,,,,,,,,,,,,,,,,,,,,,,,,,,,,,,,,,,,,,,,,,,,,,,,,,,,,,,,,,,,,,,,,,,,,
EVT0000626,SUB00605,CNT00083,2023-04-21,9,Mobile,102,100%,TRUE,TRUE,TRUE,HD,SES805282,1,,,,,,,,,,,,,,,,,,,,,,,,,,,,,,,,,,,,,,,,,,,,,,,,,,,,,,,,,,,,,,,,,,,,,,,,,,,,,,,,,,,,,,,,,,,,,,,,,,,,,,,,,,,,,,,,,,,,,,,,,
EVT0000627,SUB00404,CNT00006,2024-03-07,20,Desktop,78,50-75%,FALSE,FALSE,TRUE,HD,SES952660,0,,,,,,,,,,,,,,,,,,,,,,,,,,,,,,,,,,,,,,,,,,,,,,,,,,,,,,,,,,,,,,,,,,,,,,,,,,,,,,,,,,,,,,,,,,,,,,,,,,,,,,,,,,,,,,,,,,,,,,,,,
EVT0000628,SUB00686,CNT00028,2024-03-18,6,Fire TV,47,100%,TRUE,TRUE,TRUE,HD,SES940848,1,,,,,,,,,,,,,,,,,,,,,,,,,,,,,,,,,,,,,,,,,,,,,,,,,,,,,,,,,,,,,,,,,,,,,,,,,,,,,,,,,,,,,,,,,,,,,,,,,,,,,,,,,,,,,,,,,,,,,,,,,
EVT0000629,SUB00468,CNT00033,2023-01-30,17,Tablet,36,75-99%,FALSE,FALSE,TRUE,SD,SES440275,0,,,,,,,,,,,,,,,,,,,,,,,,,,,,,,,,,,,,,,,,,,,,,,,,,,,,,,,,,,,,,,,,,,,,,,,,,,,,,,,,,,,,,,,,,,,,,,,,,,,,,,,,,,,,,,,,,,,,,,,,,
EVT0000630,SUB00651,CNT00085,2024-04-14,23,Roku,87,25-50%,FALSE,FALSE,FALSE,HD,SES889912,0,,,,,,,,,,,,,,,,,,,,,,,,,,,,,,,,,,,,,,,,,,,,,,,,,,,,,,,,,,,,,,,,,,,,,,,,,,,,,,,,,,,,,,,,,,,,,,,,,,,,,,,,,,,,,,,,,,,,,,,,,
EVT0000631,SUB00177,CNT00012,2023-12-23,23,Fire TV,108,50-75%,FALSE,TRUE,TRUE,4K,SES206218,0,,,,,,,,,,,,,,,,,,,,,,,,,,,,,,,,,,,,,,,,,,,,,,,,,,,,,,,,,,,,,,,,,,,,,,,,,,,,,,,,,,,,,,,,,,,,,,,,,,,,,,,,,,,,,,,,,,,,,,,,,
EVT0000632,SUB00655,CNT00080,2023-04-03,11,Desktop,30,75-99%,FALSE,FALSE,FALSE,HD,SES467624,0,,,,,,,,,,,,,,,,,,,,,,,,,,,,,,,,,,,,,,,,,,,,,,,,,,,,,,,,,,,,,,,,,,,,,,,,,,,,,,,,,,,,,,,,,,,,,,,,,,,,,,,,,,,,,,,,,,,,,,,,,
EVT0000633,SUB00449,CNT00097,2023-12-12,11,Tablet,7,25-50%,FALSE,TRUE,TRUE,HD,SES425611,0,,,,,,,,,,,,,,,,,,,,,,,,,,,,,,,,,,,,,,,,,,,,,,,,,,,,,,,,,,,,,,,,,,,,,,,,,,,,,,,,,,,,,,,,,,,,,,,,,,,,,,,,,,,,,,,,,,,,,,,,,
EVT0000634,SUB00658,CNT00097,2024-06-02,11,Desktop,84,100%,TRUE,FALSE,TRUE,HD,SES197898,1,,,,,,,,,,,,,,,,,,,,,,,,,,,,,,,,,,,,,,,,,,,,,,,,,,,,,,,,,,,,,,,,,,,,,,,,,,,,,,,,,,,,,,,,,,,,,,,,,,,,,,,,,,,,,,,,,,,,,,,,,
EVT0000635,SUB00613,CNT00085,2023-04-03,14,Smart TV,96,75-99%,FALSE,FALSE,FALSE,4K,SES516029,0,,,,,,,,,,,,,,,,,,,,,,,,,,,,,,,,,,,,,,,,,,,,,,,,,,,,,,,,,,,,,,,,,,,,,,,,,,,,,,,,,,,,,,,,,,,,,,,,,,,,,,,,,,,,,,,,,,,,,,,,,
EVT0000636,SUB00395,CNT00082,2023-05-17,15,Roku,77,100%,TRUE,TRUE,TRUE,HD,SES564032,1,,,,,,,,,,,,,,,,,,,,,,,,,,,,,,,,,,,,,,,,,,,,,,,,,,,,,,,,,,,,,,,,,,,,,,,,,,,,,,,,,,,,,,,,,,,,,,,,,,,,,,,,,,,,,,,,,,,,,,,,,
EVT0000637,SUB00252,CNT00086,2023-02-11,6,Desktop,33,100%,TRUE,FALSE,TRUE,HD,SES336802,1,,,,,,,,,,,,,,,,,,,,,,,,,,,,,,,,,,,,,,,,,,,,,,,,,,,,,,,,,,,,,,,,,,,,,,,,,,,,,,,,,,,,,,,,,,,,,,,,,,,,,,,,,,,,,,,,,,,,,,,,,
EVT0000638,SUB00664,CNT00019,2024-03-26,13,Mobile,114,<25%,FALSE,FALSE,TRUE,HD,SES534661,0,,,,,,,,,,,,,,,,,,,,,,,,,,,,,,,,,,,,,,,,,,,,,,,,,,,,,,,,,,,,,,,,,,,,,,,,,,,,,,,,,,,,,,,,,,,,,,,,,,,,,,,,,,,,,,,,,,,,,,,,,
EVT0000639,SUB00423,CNT00059,2023-07-16,18,Fire TV,38,100%,TRUE,FALSE,TRUE,4K,SES552266,1,,,,,,,,,,,,,,,,,,,,,,,,,,,,,,,,,,,,,,,,,,,,,,,,,,,,,,,,,,,,,,,,,,,,,,,,,,,,,,,,,,,,,,,,,,,,,,,,,,,,,,,,,,,,,,,,,,,,,,,,,
EVT0000640,SUB00374,CNT00031,2024-01-15,17,Mobile,93,50-75%,FALSE,TRUE,TRUE,HD,SES934202,0,,,,,,,,,,,,,,,,,,,,,,,,,,,,,,,,,,,,,,,,,,,,,,,,,,,,,,,,,,,,,,,,,,,,,,,,,,,,,,,,,,,,,,,,,,,,,,,,,,,,,,,,,,,,,,,,,,,,,,,,,
EVT0000641,SUB00099,CNT00065,2023-05-12,23,Tablet,18,100%,TRUE,FALSE,TRUE,4K,SES852420,1,,,,,,,,,,,,,,,,,,,,,,,,,,,,,,,,,,,,,,,,,,,,,,,,,,,,,,,,,,,,,,,,,,,,,,,,,,,,,,,,,,,,,,,,,,,,,,,,,,,,,,,,,,,,,,,,,,,,,,,,,
EVT0000642,SUB00477,CNT00088,2023-08-18,20,Desktop,80,<25%,FALSE,FALSE,TRUE,HD,SES123189,0,,,,,,,,,,,,,,,,,,,,,,,,,,,,,,,,,,,,,,,,,,,,,,,,,,,,,,,,,,,,,,,,,,,,,,,,,,,,,,,,,,,,,,,,,,,,,,,,,,,,,,,,,,,,,,,,,,,,,,,,,
EVT0000643,SUB00573,CNT00045,2024-04-04,10,Mobile,92,75-99%,FALSE,FALSE,TRUE,4K,SES697429,0,,,,,,,,,,,,,,,,,,,,,,,,,,,,,,,,,,,,,,,,,,,,,,,,,,,,,,,,,,,,,,,,,,,,,,,,,,,,,,,,,,,,,,,,,,,,,,,,,,,,,,,,,,,,,,,,,,,,,,,,,
EVT0000644,SUB00029,CNT00063,2023-09-16,10,Desktop,32,75-99%,FALSE,FALSE,TRUE,4K,SES664548,0,,,,,,,,,,,,,,,,,,,,,,,,,,,,,,,,,,,,,,,,,,,,,,,,,,,,,,,,,,,,,,,,,,,,,,,,,,,,,,,,,,,,,,,,,,,,,,,,,,,,,,,,,,,,,,,,,,,,,,,,,
EVT0000645,SUB00339,CNT00100,2023-11-08,10,Roku,92,100%,TRUE,FALSE,TRUE,SD,SES739206,1,,,,,,,,,,,,,,,,,,,,,,,,,,,,,,,,,,,,,,,,,,,,,,,,,,,,,,,,,,,,,,,,,,,,,,,,,,,,,,,,,,,,,,,,,,,,,,,,,,,,,,,,,,,,,,,,,,,,,,,,,
EVT0000646,SUB00367,CNT00100,2023-02-24,8,Roku,57,100%,TRUE,FALSE,TRUE,HD,SES360885,1,,,,,,,,,,,,,,,,,,,,,,,,,,,,,,,,,,,,,,,,,,,,,,,,,,,,,,,,,,,,,,,,,,,,,,,,,,,,,,,,,,,,,,,,,,,,,,,,,,,,,,,,,,,,,,,,,,,,,,,,,
EVT0000647,SUB00186,CNT00057,2023-07-03,16,Mobile,17,100%,TRUE,FALSE,FALSE,HD,SES944013,1,,,,,,,,,,,,,,,,,,,,,,,,,,,,,,,,,,,,,,,,,,,,,,,,,,,,,,,,,,,,,,,,,,,,,,,,,,,,,,,,,,,,,,,,,,,,,,,,,,,,,,,,,,,,,,,,,,,,,,,,,
EVT0000648,SUB00391,CNT00018,2024-02-22,11,Mobile,44,100%,TRUE,FALSE,TRUE,HD,SES364255,1,,,,,,,,,,,,,,,,,,,,,,,,,,,,,,,,,,,,,,,,,,,,,,,,,,,,,,,,,,,,,,,,,,,,,,,,,,,,,,,,,,,,,,,,,,,,,,,,,,,,,,,,,,,,,,,,,,,,,,,,,
EVT0000649,SUB00093,CNT00072,2024-05-26,17,Fire TV,86,50-75%,FALSE,TRUE,TRUE,HD,SES888335,0,,,,,,,,,,,,,,,,,,,,,,,,,,,,,,,,,,,,,,,,,,,,,,,,,,,,,,,,,,,,,,,,,,,,,,,,,,,,,,,,,,,,,,,,,,,,,,,,,,,,,,,,,,,,,,,,,,,,,,,,,
EVT0000650,SUB00537,CNT00034,2023-04-07,7,Fire TV,52,100%,TRUE,TRUE,TRUE,SD,SES654823,1,,,,,,,,,,,,,,,,,,,,,,,,,,,,,,,,,,,,,,,,,,,,,,,,,,,,,,,,,,,,,,,,,,,,,,,,,,,,,,,,,,,,,,,,,,,,,,,,,,,,,,,,,,,,,,,,,,,,,,,,,
EVT0000651,SUB00005,CNT00032,2023-01-13,17,Mobile,27,<25%,FALSE,TRUE,FALSE,HD,SES622401,0,,,,,,,,,,,,,,,,,,,,,,,,,,,,,,,,,,,,,,,,,,,,,,,,,,,,,,,,,,,,,,,,,,,,,,,,,,,,,,,,,,,,,,,,,,,,,,,,,,,,,,,,,,,,,,,,,,,,,,,,,
EVT0000652,SUB00549,CNT00041,2023-07-06,10,Roku,52,<25%,FALSE,FALSE,TRUE,HD,SES840680,0,,,,,,,,,,,,,,,,,,,,,,,,,,,,,,,,,,,,,,,,,,,,,,,,,,,,,,,,,,,,,,,,,,,,,,,,,,,,,,,,,,,,,,,,,,,,,,,,,,,,,,,,,,,,,,,,,,,,,,,,,
EVT0000653,SUB00520,CNT00087,2023-07-01,7,Roku,118,75-99%,FALSE,TRUE,TRUE,4K,SES213010,0,,,,,,,,,,,,,,,,,,,,,,,,,,,,,,,,,,,,,,,,,,,,,,,,,,,,,,,,,,,,,,,,,,,,,,,,,,,,,,,,,,,,,,,,,,,,,,,,,,,,,,,,,,,,,,,,,,,,,,,,,
EVT0000654,SUB00700,CNT00100,2023-12-24,9,Desktop,29,25-50%,FALSE,FALSE,TRUE,HD,SES453786,0,,,,,,,,,,,,,,,,,,,,,,,,,,,,,,,,,,,,,,,,,,,,,,,,,,,,,,,,,,,,,,,,,,,,,,,,,,,,,,,,,,,,,,,,,,,,,,,,,,,,,,,,,,,,,,,,,,,,,,,,,
EVT0000655,SUB00675,CNT00050,2024-04-10,9,Fire TV,75,100%,TRUE,TRUE,TRUE,HD,SES483457,1,,,,,,,,,,,,,,,,,,,,,,,,,,,,,,,,,,,,,,,,,,,,,,,,,,,,,,,,,,,,,,,,,,,,,,,,,,,,,,,,,,,,,,,,,,,,,,,,,,,,,,,,,,,,,,,,,,,,,,,,,
EVT0000656,SUB00246,CNT00063,2023-05-25,18,Mobile,50,25-50%,FALSE,TRUE,TRUE,HD,SES203578,0,,,,,,,,,,,,,,,,,,,,,,,,,,,,,,,,,,,,,,,,,,,,,,,,,,,,,,,,,,,,,,,,,,,,,,,,,,,,,,,,,,,,,,,,,,,,,,,,,,,,,,,,,,,,,,,,,,,,,,,,,
EVT0000657,SUB00094,CNT00042,2024-06-16,23,Roku,55,100%,TRUE,FALSE,FALSE,HD,SES396287,1,,,,,,,,,,,,,,,,,,,,,,,,,,,,,,,,,,,,,,,,,,,,,,,,,,,,,,,,,,,,,,,,,,,,,,,,,,,,,,,,,,,,,,,,,,,,,,,,,,,,,,,,,,,,,,,,,,,,,,,,,
EVT0000658,SUB00139,CNT00026,2023-11-25,19,Desktop,60,50-75%,FALSE,FALSE,TRUE,HD,SES124991,0,,,,,,,,,,,,,,,,,,,,,,,,,,,,,,,,,,,,,,,,,,,,,,,,,,,,,,,,,,,,,,,,,,,,,,,,,,,,,,,,,,,,,,,,,,,,,,,,,,,,,,,,,,,,,,,,,,,,,,,,,
EVT0000659,SUB00107,CNT00073,2024-05-18,15,Desktop,105,100%,TRUE,FALSE,FALSE,SD,SES653176,1,,,,,,,,,,,,,,,,,,,,,,,,,,,,,,,,,,,,,,,,,,,,,,,,,,,,,,,,,,,,,,,,,,,,,,,,,,,,,,,,,,,,,,,,,,,,,,,,,,,,,,,,,,,,,,,,,,,,,,,,,
EVT0000660,SUB00193,CNT00040,2023-02-12,23,Smart TV,87,100%,TRUE,FALSE,FALSE,SD,SES660245,1,,,,,,,,,,,,,,,,,,,,,,,,,,,,,,,,,,,,,,,,,,,,,,,,,,,,,,,,,,,,,,,,,,,,,,,,,,,,,,,,,,,,,,,,,,,,,,,,,,,,,,,,,,,,,,,,,,,,,,,,,
EVT0000661,SUB00049,CNT00050,2023-01-29,23,Mobile,110,25-50%,FALSE,FALSE,TRUE,HD,SES649437,0,,,,,,,,,,,,,,,,,,,,,,,,,,,,,,,,,,,,,,,,,,,,,,,,,,,,,,,,,,,,,,,,,,,,,,,,,,,,,,,,,,,,,,,,,,,,,,,,,,,,,,,,,,,,,,,,,,,,,,,,,
EVT0000662,SUB00521,CNT00079,2023-07-02,12,Mobile,63,<25%,FALSE,TRUE,TRUE,4K,SES176507,0,,,,,,,,,,,,,,,,,,,,,,,,,,,,,,,,,,,,,,,,,,,,,,,,,,,,,,,,,,,,,,,,,,,,,,,,,,,,,,,,,,,,,,,,,,,,,,,,,,,,,,,,,,,,,,,,,,,,,,,,,
EVT0000663,SUB00508,CNT00034,2023-07-28,18,Smart TV,120,<25%,FALSE,FALSE,TRUE,4K,SES104968,0,,,,,,,,,,,,,,,,,,,,,,,,,,,,,,,,,,,,,,,,,,,,,,,,,,,,,,,,,,,,,,,,,,,,,,,,,,,,,,,,,,,,,,,,,,,,,,,,,,,,,,,,,,,,,,,,,,,,,,,,,
EVT0000664,SUB00676,CNT00043,2023-09-04,18,Smart TV,52,100%,TRUE,FALSE,TRUE,HD,SES248551,1,,,,,,,,,,,,,,,,,,,,,,,,,,,,,,,,,,,,,,,,,,,,,,,,,,,,,,,,,,,,,,,,,,,,,,,,,,,,,,,,,,,,,,,,,,,,,,,,,,,,,,,,,,,,,,,,,,,,,,,,,
EVT0000665,SUB00637,CNT00055,2023-09-10,15,Smart TV,117,100%,TRUE,FALSE,FALSE,4K,SES529080,1,,,,,,,,,,,,,,,,,,,,,,,,,,,,,,,,,,,,,,,,,,,,,,,,,,,,,,,,,,,,,,,,,,,,,,,,,,,,,,,,,,,,,,,,,,,,,,,,,,,,,,,,,,,,,,,,,,,,,,,,,
EVT0000666,SUB00426,CNT00049,2023-01-11,12,Desktop,37,50-75%,FALSE,FALSE,TRUE,HD,SES143829,0,,,,,,,,,,,,,,,,,,,,,,,,,,,,,,,,,,,,,,,,,,,,,,,,,,,,,,,,,,,,,,,,,,,,,,,,,,,,,,,,,,,,,,,,,,,,,,,,,,,,,,,,,,,,,,,,,,,,,,,,,
EVT0000667,SUB00132,CNT00029,2024-04-04,9,Mobile,25,<25%,FALSE,FALSE,TRUE,HD,SES663022,0,,,,,,,,,,,,,,,,,,,,,,,,,,,,,,,,,,,,,,,,,,,,,,,,,,,,,,,,,,,,,,,,,,,,,,,,,,,,,,,,,,,,,,,,,,,,,,,,,,,,,,,,,,,,,,,,,,,,,,,,,
EVT0000668,SUB00172,CNT00033,2023-12-02,18,Tablet,73,100%,TRUE,FALSE,TRUE,HD,SES374201,1,,,,,,,,,,,,,,,,,,,,,,,,,,,,,,,,,,,,,,,,,,,,,,,,,,,,,,,,,,,,,,,,,,,,,,,,,,,,,,,,,,,,,,,,,,,,,,,,,,,,,,,,,,,,,,,,,,,,,,,,,
EVT0000669,SUB00123,CNT00091,2023-04-22,8,Roku,113,100%,TRUE,FALSE,TRUE,HD,SES643398,1,,,,,,,,,,,,,,,,,,,,,,,,,,,,,,,,,,,,,,,,,,,,,,,,,,,,,,,,,,,,,,,,,,,,,,,,,,,,,,,,,,,,,,,,,,,,,,,,,,,,,,,,,,,,,,,,,,,,,,,,,
EVT0000670,SUB00481,CNT00015,2023-02-06,18,Smart TV,15,50-75%,FALSE,FALSE,TRUE,HD,SES557125,0,,,,,,,,,,,,,,,,,,,,,,,,,,,,,,,,,,,,,,,,,,,,,,,,,,,,,,,,,,,,,,,,,,,,,,,,,,,,,,,,,,,,,,,,,,,,,,,,,,,,,,,,,,,,,,,,,,,,,,,,,
EVT0000671,SUB00449,CNT00057,2024-01-15,7,Fire TV,69,100%,TRUE,TRUE,TRUE,4K,SES145883,1,,,,,,,,,,,,,,,,,,,,,,,,,,,,,,,,,,,,,,,,,,,,,,,,,,,,,,,,,,,,,,,,,,,,,,,,,,,,,,,,,,,,,,,,,,,,,,,,,,,,,,,,,,,,,,,,,,,,,,,,,
EVT0000672,SUB00157,CNT00067,2023-01-15,17,Desktop,30,100%,TRUE,FALSE,TRUE,HD,SES498494,1,,,,,,,,,,,,,,,,,,,,,,,,,,,,,,,,,,,,,,,,,,,,,,,,,,,,,,,,,,,,,,,,,,,,,,,,,,,,,,,,,,,,,,,,,,,,,,,,,,,,,,,,,,,,,,,,,,,,,,,,,
EVT0000673,SUB00299,CNT00029,2023-06-06,12,Tablet,89,25-50%,FALSE,FALSE,TRUE,SD,SES561929,0,,,,,,,,,,,,,,,,,,,,,,,,,,,,,,,,,,,,,,,,,,,,,,,,,,,,,,,,,,,,,,,,,,,,,,,,,,,,,,,,,,,,,,,,,,,,,,,,,,,,,,,,,,,,,,,,,,,,,,,,,
EVT0000674,SUB00252,CNT00037,2023-03-13,10,Roku,45,100%,TRUE,TRUE,TRUE,SD,SES529836,1,,,,,,,,,,,,,,,,,,,,,,,,,,,,,,,,,,,,,,,,,,,,,,,,,,,,,,,,,,,,,,,,,,,,,,,,,,,,,,,,,,,,,,,,,,,,,,,,,,,,,,,,,,,,,,,,,,,,,,,,,
EVT0000675,SUB00548,CNT00081,2024-06-14,16,Tablet,9,25-50%,FALSE,TRUE,TRUE,HD,SES106188,0,,,,,,,,,,,,,,,,,,,,,,,,,,,,,,,,,,,,,,,,,,,,,,,,,,,,,,,,,,,,,,,,,,,,,,,,,,,,,,,,,,,,,,,,,,,,,,,,,,,,,,,,,,,,,,,,,,,,,,,,,
EVT0000676,SUB00004,CNT00050,2024-01-26,9,Smart TV,102,100%,TRUE,FALSE,TRUE,HD,SES672084,1,,,,,,,,,,,,,,,,,,,,,,,,,,,,,,,,,,,,,,,,,,,,,,,,,,,,,,,,,,,,,,,,,,,,,,,,,,,,,,,,,,,,,,,,,,,,,,,,,,,,,,,,,,,,,,,,,,,,,,,,,
EVT0000677,SUB00021,CNT00061,2023-03-17,18,Tablet,92,100%,TRUE,FALSE,TRUE,HD,SES884407,1,,,,,,,,,,,,,,,,,,,,,,,,,,,,,,,,,,,,,,,,,,,,,,,,,,,,,,,,,,,,,,,,,,,,,,,,,,,,,,,,,,,,,,,,,,,,,,,,,,,,,,,,,,,,,,,,,,,,,,,,,
EVT0000678,SUB00700,CNT00033,2023-09-01,20,Desktop,120,50-75%,FALSE,TRUE,TRUE,HD,SES477629,0,,,,,,,,,,,,,,,,,,,,,,,,,,,,,,,,,,,,,,,,,,,,,,,,,,,,,,,,,,,,,,,,,,,,,,,,,,,,,,,,,,,,,,,,,,,,,,,,,,,,,,,,,,,,,,,,,,,,,,,,,
EVT0000679,SUB00148,CNT00081,2023-08-18,18,Tablet,117,25-50%,FALSE,TRUE,TRUE,SD,SES552708,0,,,,,,,,,,,,,,,,,,,,,,,,,,,,,,,,,,,,,,,,,,,,,,,,,,,,,,,,,,,,,,,,,,,,,,,,,,,,,,,,,,,,,,,,,,,,,,,,,,,,,,,,,,,,,,,,,,,,,,,,,
EVT0000680,SUB00148,CNT00045,2023-11-04,23,Smart TV,56,100%,TRUE,TRUE,FALSE,4K,SES318209,1,,,,,,,,,,,,,,,,,,,,,,,,,,,,,,,,,,,,,,,,,,,,,,,,,,,,,,,,,,,,,,,,,,,,,,,,,,,,,,,,,,,,,,,,,,,,,,,,,,,,,,,,,,,,,,,,,,,,,,,,,
EVT0000681,SUB00432,CNT00059,2024-02-20,20,Desktop,64,100%,TRUE,FALSE,TRUE,4K,SES797694,1,,,,,,,,,,,,,,,,,,,,,,,,,,,,,,,,,,,,,,,,,,,,,,,,,,,,,,,,,,,,,,,,,,,,,,,,,,,,,,,,,,,,,,,,,,,,,,,,,,,,,,,,,,,,,,,,,,,,,,,,,
EVT0000682,SUB00137,CNT00027,2024-02-13,12,Roku,29,50-75%,FALSE,FALSE,FALSE,HD,SES481068,0,,,,,,,,,,,,,,,,,,,,,,,,,,,,,,,,,,,,,,,,,,,,,,,,,,,,,,,,,,,,,,,,,,,,,,,,,,,,,,,,,,,,,,,,,,,,,,,,,,,,,,,,,,,,,,,,,,,,,,,,,
EVT0000683,SUB00562,CNT00053,2024-04-19,15,Smart TV,55,75-99%,FALSE,TRUE,TRUE,SD,SES669197,0,,,,,,,,,,,,,,,,,,,,,,,,,,,,,,,,,,,,,,,,,,,,,,,,,,,,,,,,,,,,,,,,,,,,,,,,,,,,,,,,,,,,,,,,,,,,,,,,,,,,,,,,,,,,,,,,,,,,,,,,,
EVT0000684,SUB00308,CNT00100,2024-04-08,19,Mobile,30,100%,TRUE,TRUE,TRUE,HD,SES264332,1,,,,,,,,,,,,,,,,,,,,,,,,,,,,,,,,,,,,,,,,,,,,,,,,,,,,,,,,,,,,,,,,,,,,,,,,,,,,,,,,,,,,,,,,,,,,,,,,,,,,,,,,,,,,,,,,,,,,,,,,,
EVT0000685,SUB00530,CNT00057,2024-01-29,12,Desktop,77,<25%,FALSE,FALSE,TRUE,4K,SES882208,0,,,,,,,,,,,,,,,,,,,,,,,,,,,,,,,,,,,,,,,,,,,,,,,,,,,,,,,,,,,,,,,,,,,,,,,,,,,,,,,,,,,,,,,,,,,,,,,,,,,,,,,,,,,,,,,,,,,,,,,,,
EVT0000686,SUB00657,CNT00026,2023-06-09,16,Desktop,36,25-50%,FALSE,FALSE,TRUE,HD,SES431575,0,,,,,,,,,,,,,,,,,,,,,,,,,,,,,,,,,,,,,,,,,,,,,,,,,,,,,,,,,,,,,,,,,,,,,,,,,,,,,,,,,,,,,,,,,,,,,,,,,,,,,,,,,,,,,,,,,,,,,,,,,
EVT0000687,SUB00644,CNT00087,2024-06-27,8,Mobile,7,<25%,FALSE,TRUE,TRUE,4K,SES994016,0,,,,,,,,,,,,,,,,,,,,,,,,,,,,,,,,,,,,,,,,,,,,,,,,,,,,,,,,,,,,,,,,,,,,,,,,,,,,,,,,,,,,,,,,,,,,,,,,,,,,,,,,,,,,,,,,,,,,,,,,,
EVT0000688,SUB00321,CNT00046,2023-04-03,10,Smart TV,44,50-75%,FALSE,TRUE,TRUE,HD,SES430825,0,,,,,,,,,,,,,,,,,,,,,,,,,,,,,,,,,,,,,,,,,,,,,,,,,,,,,,,,,,,,,,,,,,,,,,,,,,,,,,,,,,,,,,,,,,,,,,,,,,,,,,,,,,,,,,,,,,,,,,,,,
EVT0000689,SUB00487,CNT00022,2024-04-02,9,Roku,25,50-75%,FALSE,TRUE,TRUE,HD,SES224193,0,,,,,,,,,,,,,,,,,,,,,,,,,,,,,,,,,,,,,,,,,,,,,,,,,,,,,,,,,,,,,,,,,,,,,,,,,,,,,,,,,,,,,,,,,,,,,,,,,,,,,,,,,,,,,,,,,,,,,,,,,
EVT0000690,SUB00634,CNT00072,2024-06-29,21,Fire TV,40,100%,TRUE,FALSE,TRUE,SD,SES796117,1,,,,,,,,,,,,,,,,,,,,,,,,,,,,,,,,,,,,,,,,,,,,,,,,,,,,,,,,,,,,,,,,,,,,,,,,,,,,,,,,,,,,,,,,,,,,,,,,,,,,,,,,,,,,,,,,,,,,,,,,,
EVT0000691,SUB00456,CNT00034,2023-05-31,18,Desktop,53,25-50%,FALSE,FALSE,TRUE,SD,SES714649,0,,,,,,,,,,,,,,,,,,,,,,,,,,,,,,,,,,,,,,,,,,,,,,,,,,,,,,,,,,,,,,,,,,,,,,,,,,,,,,,,,,,,,,,,,,,,,,,,,,,,,,,,,,,,,,,,,,,,,,,,,
EVT0000692,SUB00452,CNT00024,2024-01-07,6,Desktop,90,75-99%,FALSE,FALSE,TRUE,4K,SES189139,0,,,,,,,,,,,,,,,,,,,,,,,,,,,,,,,,,,,,,,,,,,,,,,,,,,,,,,,,,,,,,,,,,,,,,,,,,,,,,,,,,,,,,,,,,,,,,,,,,,,,,,,,,,,,,,,,,,,,,,,,,
EVT0000693,SUB00071,CNT00038,2024-01-14,10,Mobile,106,100%,TRUE,FALSE,TRUE,4K,SES406550,1,,,,,,,,,,,,,,,,,,,,,,,,,,,,,,,,,,,,,,,,,,,,,,,,,,,,,,,,,,,,,,,,,,,,,,,,,,,,,,,,,,,,,,,,,,,,,,,,,,,,,,,,,,,,,,,,,,,,,,,,,
EVT0000694,SUB00364,CNT00064,2023-03-27,19,Smart TV,51,<25%,FALSE,FALSE,TRUE,HD,SES393859,0,,,,,,,,,,,,,,,,,,,,,,,,,,,,,,,,,,,,,,,,,,,,,,,,,,,,,,,,,,,,,,,,,,,,,,,,,,,,,,,,,,,,,,,,,,,,,,,,,,,,,,,,,,,,,,,,,,,,,,,,,
EVT0000695,SUB00025,CNT00022,2024-06-16,13,Fire TV,44,<25%,FALSE,FALSE,TRUE,HD,SES453913,0,,,,,,,,,,,,,,,,,,,,,,,,,,,,,,,,,,,,,,,,,,,,,,,,,,,,,,,,,,,,,,,,,,,,,,,,,,,,,,,,,,,,,,,,,,,,,,,,,,,,,,,,,,,,,,,,,,,,,,,,,
EVT0000696,SUB00280,CNT00098,2023-02-11,8,Tablet,75,100%,TRUE,TRUE,TRUE,HD,SES111196,1,,,,,,,,,,,,,,,,,,,,,,,,,,,,,,,,,,,,,,,,,,,,,,,,,,,,,,,,,,,,,,,,,,,,,,,,,,,,,,,,,,,,,,,,,,,,,,,,,,,,,,,,,,,,,,,,,,,,,,,,,
EVT0000697,SUB00310,CNT00098,2023-01-20,18,Mobile,93,75-99%,FALSE,FALSE,TRUE,HD,SES451938,0,,,,,,,,,,,,,,,,,,,,,,,,,,,,,,,,,,,,,,,,,,,,,,,,,,,,,,,,,,,,,,,,,,,,,,,,,,,,,,,,,,,,,,,,,,,,,,,,,,,,,,,,,,,,,,,,,,,,,,,,,
EVT0000698,SUB00525,CNT00055,2024-01-11,16,Smart TV,49,75-99%,FALSE,FALSE,TRUE,HD,SES302273,0,,,,,,,,,,,,,,,,,,,,,,,,,,,,,,,,,,,,,,,,,,,,,,,,,,,,,,,,,,,,,,,,,,,,,,,,,,,,,,,,,,,,,,,,,,,,,,,,,,,,,,,,,,,,,,,,,,,,,,,,,
EVT0000699,SUB00289,CNT00099,2024-05-15,8,Fire TV,45,75-99%,FALSE,FALSE,TRUE,SD,SES950138,0,,,,,,,,,,,,,,,,,,,,,,,,,,,,,,,,,,,,,,,,,,,,,,,,,,,,,,,,,,,,,,,,,,,,,,,,,,,,,,,,,,,,,,,,,,,,,,,,,,,,,,,,,,,,,,,,,,,,,,,,,
EVT0000700,SUB00110,CNT00010,2023-05-12,10,Roku,107,75-99%,FALSE,TRUE,TRUE,SD,SES110113,0,,,,,,,,,,,,,,,,,,,,,,,,,,,,,,,,,,,,,,,,,,,,,,,,,,,,,,,,,,,,,,,,,,,,,,,,,,,,,,,,,,,,,,,,,,,,,,,,,,,,,,,,,,,,,,,,,,,,,,,,,
EVT0000701,SUB00350,CNT00080,2023-01-14,20,Fire TV,116,<25%,FALSE,FALSE,FALSE,SD,SES742321,0,,,,,,,,,,,,,,,,,,,,,,,,,,,,,,,,,,,,,,,,,,,,,,,,,,,,,,,,,,,,,,,,,,,,,,,,,,,,,,,,,,,,,,,,,,,,,,,,,,,,,,,,,,,,,,,,,,,,,,,,,
EVT0000702,SUB00058,CNT00026,2023-05-05,8,Smart TV,16,100%,TRUE,FALSE,TRUE,SD,SES554001,1,,,,,,,,,,,,,,,,,,,,,,,,,,,,,,,,,,,,,,,,,,,,,,,,,,,,,,,,,,,,,,,,,,,,,,,,,,,,,,,,,,,,,,,,,,,,,,,,,,,,,,,,,,,,,,,,,,,,,,,,,
EVT0000703,SUB00216,CNT00007,2023-08-27,22,Smart TV,65,75-99%,FALSE,TRUE,FALSE,HD,SES734868,0,,,,,,,,,,,,,,,,,,,,,,,,,,,,,,,,,,,,,,,,,,,,,,,,,,,,,,,,,,,,,,,,,,,,,,,,,,,,,,,,,,,,,,,,,,,,,,,,,,,,,,,,,,,,,,,,,,,,,,,,,
EVT0000704,SUB00481,CNT00078,2023-07-10,7,Desktop,28,100%,TRUE,FALSE,TRUE,SD,SES284393,1,,,,,,,,,,,,,,,,,,,,,,,,,,,,,,,,,,,,,,,,,,,,,,,,,,,,,,,,,,,,,,,,,,,,,,,,,,,,,,,,,,,,,,,,,,,,,,,,,,,,,,,,,,,,,,,,,,,,,,,,,
EVT0000705,SUB00270,CNT00069,2023-07-22,12,Fire TV,20,100%,TRUE,FALSE,TRUE,HD,SES296134,1,,,,,,,,,,,,,,,,,,,,,,,,,,,,,,,,,,,,,,,,,,,,,,,,,,,,,,,,,,,,,,,,,,,,,,,,,,,,,,,,,,,,,,,,,,,,,,,,,,,,,,,,,,,,,,,,,,,,,,,,,
EVT0000706,SUB00234,CNT00097,2023-11-26,19,Roku,86,50-75%,FALSE,FALSE,TRUE,HD,SES363139,0,,,,,,,,,,,,,,,,,,,,,,,,,,,,,,,,,,,,,,,,,,,,,,,,,,,,,,,,,,,,,,,,,,,,,,,,,,,,,,,,,,,,,,,,,,,,,,,,,,,,,,,,,,,,,,,,,,,,,,,,,
EVT0000707,SUB00247,CNT00084,2023-12-20,14,Tablet,101,100%,TRUE,TRUE,TRUE,SD,SES165832,1,,,,,,,,,,,,,,,,,,,,,,,,,,,,,,,,,,,,,,,,,,,,,,,,,,,,,,,,,,,,,,,,,,,,,,,,,,,,,,,,,,,,,,,,,,,,,,,,,,,,,,,,,,,,,,,,,,,,,,,,,
EVT0000708,SUB00353,CNT00008,2024-05-20,19,Mobile,91,100%,TRUE,FALSE,TRUE,SD,SES880422,1,,,,,,,,,,,,,,,,,,,,,,,,,,,,,,,,,,,,,,,,,,,,,,,,,,,,,,,,,,,,,,,,,,,,,,,,,,,,,,,,,,,,,,,,,,,,,,,,,,,,,,,,,,,,,,,,,,,,,,,,,
EVT0000709,SUB00327,CNT00047,2023-04-01,8,Roku,38,100%,TRUE,FALSE,TRUE,HD,SES475508,1,,,,,,,,,,,,,,,,,,,,,,,,,,,,,,,,,,,,,,,,,,,,,,,,,,,,,,,,,,,,,,,,,,,,,,,,,,,,,,,,,,,,,,,,,,,,,,,,,,,,,,,,,,,,,,,,,,,,,,,,,
EVT0000710,SUB00380,CNT00098,2024-05-06,23,Fire TV,29,75-99%,FALSE,TRUE,FALSE,HD,SES144773,0,,,,,,,,,,,,,,,,,,,,,,,,,,,,,,,,,,,,,,,,,,,,,,,,,,,,,,,,,,,,,,,,,,,,,,,,,,,,,,,,,,,,,,,,,,,,,,,,,,,,,,,,,,,,,,,,,,,,,,,,,
EVT0000711,SUB00420,CNT00060,2023-12-28,18,Desktop,116,50-75%,FALSE,FALSE,TRUE,HD,SES248984,0,,,,,,,,,,,,,,,,,,,,,,,,,,,,,,,,,,,,,,,,,,,,,,,,,,,,,,,,,,,,,,,,,,,,,,,,,,,,,,,,,,,,,,,,,,,,,,,,,,,,,,,,,,,,,,,,,,,,,,,,,
EVT0000712,SUB00430,CNT00018,2024-01-30,18,Fire TV,24,100%,TRUE,FALSE,TRUE,SD,SES555481,1,,,,,,,,,,,,,,,,,,,,,,,,,,,,,,,,,,,,,,,,,,,,,,,,,,,,,,,,,,,,,,,,,,,,,,,,,,,,,,,,,,,,,,,,,,,,,,,,,,,,,,,,,,,,,,,,,,,,,,,,,
EVT0000713,SUB00155,CNT00024,2023-06-26,6,Desktop,65,50-75%,FALSE,TRUE,TRUE,4K,SES307362,0,,,,,,,,,,,,,,,,,,,,,,,,,,,,,,,,,,,,,,,,,,,,,,,,,,,,,,,,,,,,,,,,,,,,,,,,,,,,,,,,,,,,,,,,,,,,,,,,,,,,,,,,,,,,,,,,,,,,,,,,,
EVT0000714,SUB00510,CNT00032,2023-01-23,23,Tablet,34,100%,TRUE,TRUE,TRUE,HD,SES858885,1,,,,,,,,,,,,,,,,,,,,,,,,,,,,,,,,,,,,,,,,,,,,,,,,,,,,,,,,,,,,,,,,,,,,,,,,,,,,,,,,,,,,,,,,,,,,,,,,,,,,,,,,,,,,,,,,,,,,,,,,,
EVT0000715,SUB00444,CNT00021,2024-05-26,7,Tablet,18,75-99%,FALSE,TRUE,TRUE,HD,SES737343,0,,,,,,,,,,,,,,,,,,,,,,,,,,,,,,,,,,,,,,,,,,,,,,,,,,,,,,,,,,,,,,,,,,,,,,,,,,,,,,,,,,,,,,,,,,,,,,,,,,,,,,,,,,,,,,,,,,,,,,,,,
EVT0000716,SUB00145,CNT00057,2023-10-24,19,Desktop,6,100%,TRUE,FALSE,FALSE,HD,SES455027,1,,,,,,,,,,,,,,,,,,,,,,,,,,,,,,,,,,,,,,,,,,,,,,,,,,,,,,,,,,,,,,,,,,,,,,,,,,,,,,,,,,,,,,,,,,,,,,,,,,,,,,,,,,,,,,,,,,,,,,,,,
EVT0000717,SUB00634,CNT00016,2023-11-15,22,Tablet,48,100%,TRUE,FALSE,TRUE,HD,SES487519,1,,,,,,,,,,,,,,,,,,,,,,,,,,,,,,,,,,,,,,,,,,,,,,,,,,,,,,,,,,,,,,,,,,,,,,,,,,,,,,,,,,,,,,,,,,,,,,,,,,,,,,,,,,,,,,,,,,,,,,,,,
EVT0000718,SUB00065,CNT00042,2024-04-29,12,Tablet,93,75-99%,FALSE,TRUE,TRUE,HD,SES925026,0,,,,,,,,,,,,,,,,,,,,,,,,,,,,,,,,,,,,,,,,,,,,,,,,,,,,,,,,,,,,,,,,,,,,,,,,,,,,,,,,,,,,,,,,,,,,,,,,,,,,,,,,,,,,,,,,,,,,,,,,,
EVT0000719,SUB00569,CNT00085,2023-10-15,12,Smart TV,46,50-75%,FALSE,FALSE,FALSE,HD,SES842501,0,,,,,,,,,,,,,,,,,,,,,,,,,,,,,,,,,,,,,,,,,,,,,,,,,,,,,,,,,,,,,,,,,,,,,,,,,,,,,,,,,,,,,,,,,,,,,,,,,,,,,,,,,,,,,,,,,,,,,,,,,
EVT0000720,SUB00256,CNT00061,2023-08-31,16,Roku,117,100%,TRUE,TRUE,TRUE,HD,SES753899,1,,,,,,,,,,,,,,,,,,,,,,,,,,,,,,,,,,,,,,,,,,,,,,,,,,,,,,,,,,,,,,,,,,,,,,,,,,,,,,,,,,,,,,,,,,,,,,,,,,,,,,,,,,,,,,,,,,,,,,,,,
EVT0000721,SUB00084,CNT00060,2023-11-26,14,Mobile,62,100%,TRUE,FALSE,TRUE,4K,SES846489,1,,,,,,,,,,,,,,,,,,,,,,,,,,,,,,,,,,,,,,,,,,,,,,,,,,,,,,,,,,,,,,,,,,,,,,,,,,,,,,,,,,,,,,,,,,,,,,,,,,,,,,,,,,,,,,,,,,,,,,,,,
EVT0000722,SUB00373,CNT00008,2023-05-27,13,Fire TV,5,75-99%,FALSE,FALSE,TRUE,HD,SES605993,0,,,,,,,,,,,,,,,,,,,,,,,,,,,,,,,,,,,,,,,,,,,,,,,,,,,,,,,,,,,,,,,,,,,,,,,,,,,,,,,,,,,,,,,,,,,,,,,,,,,,,,,,,,,,,,,,,,,,,,,,,
EVT0000723,SUB00280,CNT00063,2023-05-30,23,Smart TV,110,100%,TRUE,FALSE,TRUE,HD,SES734473,1,,,,,,,,,,,,,,,,,,,,,,,,,,,,,,,,,,,,,,,,,,,,,,,,,,,,,,,,,,,,,,,,,,,,,,,,,,,,,,,,,,,,,,,,,,,,,,,,,,,,,,,,,,,,,,,,,,,,,,,,,
EVT0000724,SUB00303,CNT00095,2023-05-04,22,Roku,41,100%,TRUE,TRUE,TRUE,HD,SES834680,1,,,,,,,,,,,,,,,,,,,,,,,,,,,,,,,,,,,,,,,,,,,,,,,,,,,,,,,,,,,,,,,,,,,,,,,,,,,,,,,,,,,,,,,,,,,,,,,,,,,,,,,,,,,,,,,,,,,,,,,,,
EVT0000725,SUB00306,CNT00036,2023-01-12,6,Fire TV,87,50-75%,FALSE,FALSE,TRUE,4K,SES587524,0,,,,,,,,,,,,,,,,,,,,,,,,,,,,,,,,,,,,,,,,,,,,,,,,,,,,,,,,,,,,,,,,,,,,,,,,,,,,,,,,,,,,,,,,,,,,,,,,,,,,,,,,,,,,,,,,,,,,,,,,,
EVT0000726,SUB00458,CNT00072,2023-06-01,20,Tablet,18,25-50%,FALSE,FALSE,TRUE,4K,SES307388,0,,,,,,,,,,,,,,,,,,,,,,,,,,,,,,,,,,,,,,,,,,,,,,,,,,,,,,,,,,,,,,,,,,,,,,,,,,,,,,,,,,,,,,,,,,,,,,,,,,,,,,,,,,,,,,,,,,,,,,,,,
EVT0000727,SUB00292,CNT00019,2024-04-09,6,Mobile,11,50-75%,FALSE,FALSE,FALSE,HD,SES486737,0,,,,,,,,,,,,,,,,,,,,,,,,,,,,,,,,,,,,,,,,,,,,,,,,,,,,,,,,,,,,,,,,,,,,,,,,,,,,,,,,,,,,,,,,,,,,,,,,,,,,,,,,,,,,,,,,,,,,,,,,,
EVT0000728,SUB00323,CNT00049,2023-05-26,19,Fire TV,46,100%,TRUE,FALSE,TRUE,4K,SES742863,1,,,,,,,,,,,,,,,,,,,,,,,,,,,,,,,,,,,,,,,,,,,,,,,,,,,,,,,,,,,,,,,,,,,,,,,,,,,,,,,,,,,,,,,,,,,,,,,,,,,,,,,,,,,,,,,,,,,,,,,,,
EVT0000729,SUB00660,CNT00062,2023-02-05,7,Roku,12,100%,TRUE,FALSE,FALSE,HD,SES620803,1,,,,,,,,,,,,,,,,,,,,,,,,,,,,,,,,,,,,,,,,,,,,,,,,,,,,,,,,,,,,,,,,,,,,,,,,,,,,,,,,,,,,,,,,,,,,,,,,,,,,,,,,,,,,,,,,,,,,,,,,,
EVT0000730,SUB00070,CNT00001,2023-03-07,13,Mobile,101,75-99%,FALSE,FALSE,TRUE,4K,SES185101,0,,,,,,,,,,,,,,,,,,,,,,,,,,,,,,,,,,,,,,,,,,,,,,,,,,,,,,,,,,,,,,,,,,,,,,,,,,,,,,,,,,,,,,,,,,,,,,,,,,,,,,,,,,,,,,,,,,,,,,,,,
EVT0000731,SUB00352,CNT00064,2024-02-27,7,Roku,58,75-99%,FALSE,FALSE,TRUE,HD,SES674721,0,,,,,,,,,,,,,,,,,,,,,,,,,,,,,,,,,,,,,,,,,,,,,,,,,,,,,,,,,,,,,,,,,,,,,,,,,,,,,,,,,,,,,,,,,,,,,,,,,,,,,,,,,,,,,,,,,,,,,,,,,
EVT0000732,SUB00213,CNT00015,2023-04-02,14,Smart TV,35,100%,TRUE,TRUE,FALSE,HD,SES125401,1,,,,,,,,,,,,,,,,,,,,,,,,,,,,,,,,,,,,,,,,,,,,,,,,,,,,,,,,,,,,,,,,,,,,,,,,,,,,,,,,,,,,,,,,,,,,,,,,,,,,,,,,,,,,,,,,,,,,,,,,,
EVT0000733,SUB00659,CNT00029,2023-02-23,7,Smart TV,102,75-99%,FALSE,TRUE,TRUE,HD,SES624900,0,,,,,,,,,,,,,,,,,,,,,,,,,,,,,,,,,,,,,,,,,,,,,,,,,,,,,,,,,,,,,,,,,,,,,,,,,,,,,,,,,,,,,,,,,,,,,,,,,,,,,,,,,,,,,,,,,,,,,,,,,
EVT0000734,SUB00331,CNT00047,2023-11-24,15,Desktop,8,<25%,FALSE,FALSE,FALSE,HD,SES676749,0,,,,,,,,,,,,,,,,,,,,,,,,,,,,,,,,,,,,,,,,,,,,,,,,,,,,,,,,,,,,,,,,,,,,,,,,,,,,,,,,,,,,,,,,,,,,,,,,,,,,,,,,,,,,,,,,,,,,,,,,,
EVT0000735,SUB00042,CNT00034,2023-03-11,21,Mobile,49,50-75%,FALSE,FALSE,TRUE,HD,SES485999,0,,,,,,,,,,,,,,,,,,,,,,,,,,,,,,,,,,,,,,,,,,,,,,,,,,,,,,,,,,,,,,,,,,,,,,,,,,,,,,,,,,,,,,,,,,,,,,,,,,,,,,,,,,,,,,,,,,,,,,,,,
EVT0000736,SUB00169,CNT00020,2024-06-05,15,Tablet,76,75-99%,FALSE,FALSE,FALSE,HD,SES267628,0,,,,,,,,,,,,,,,,,,,,,,,,,,,,,,,,,,,,,,,,,,,,,,,,,,,,,,,,,,,,,,,,,,,,,,,,,,,,,,,,,,,,,,,,,,,,,,,,,,,,,,,,,,,,,,,,,,,,,,,,,
EVT0000737,SUB00623,CNT00027,2023-07-26,14,Desktop,20,50-75%,FALSE,FALSE,TRUE,HD,SES130217,0,,,,,,,,,,,,,,,,,,,,,,,,,,,,,,,,,,,,,,,,,,,,,,,,,,,,,,,,,,,,,,,,,,,,,,,,,,,,,,,,,,,,,,,,,,,,,,,,,,,,,,,,,,,,,,,,,,,,,,,,,
EVT0000738,SUB00618,CNT00086,2024-04-01,18,Smart TV,28,75-99%,FALSE,TRUE,TRUE,HD,SES943721,0,,,,,,,,,,,,,,,,,,,,,,,,,,,,,,,,,,,,,,,,,,,,,,,,,,,,,,,,,,,,,,,,,,,,,,,,,,,,,,,,,,,,,,,,,,,,,,,,,,,,,,,,,,,,,,,,,,,,,,,,,
EVT0000739,SUB00211,CNT00062,2023-04-20,15,Fire TV,91,100%,TRUE,TRUE,FALSE,4K,SES478471,1,,,,,,,,,,,,,,,,,,,,,,,,,,,,,,,,,,,,,,,,,,,,,,,,,,,,,,,,,,,,,,,,,,,,,,,,,,,,,,,,,,,,,,,,,,,,,,,,,,,,,,,,,,,,,,,,,,,,,,,,,
EVT0000740,SUB00056,CNT00030,2024-04-19,14,Smart TV,70,100%,TRUE,TRUE,TRUE,SD,SES326936,1,,,,,,,,,,,,,,,,,,,,,,,,,,,,,,,,,,,,,,,,,,,,,,,,,,,,,,,,,,,,,,,,,,,,,,,,,,,,,,,,,,,,,,,,,,,,,,,,,,,,,,,,,,,,,,,,,,,,,,,,,
EVT0000741,SUB00342,CNT00081,2023-07-05,16,Desktop,55,75-99%,FALSE,FALSE,TRUE,HD,SES603500,0,,,,,,,,,,,,,,,,,,,,,,,,,,,,,,,,,,,,,,,,,,,,,,,,,,,,,,,,,,,,,,,,,,,,,,,,,,,,,,,,,,,,,,,,,,,,,,,,,,,,,,,,,,,,,,,,,,,,,,,,,
EVT0000742,SUB00684,CNT00032,2023-10-20,9,Mobile,114,<25%,FALSE,TRUE,FALSE,SD,SES998803,0,,,,,,,,,,,,,,,,,,,,,,,,,,,,,,,,,,,,,,,,,,,,,,,,,,,,,,,,,,,,,,,,,,,,,,,,,,,,,,,,,,,,,,,,,,,,,,,,,,,,,,,,,,,,,,,,,,,,,,,,,
EVT0000743,SUB00281,CNT00039,2023-01-12,11,Mobile,11,75-99%,FALSE,FALSE,TRUE,HD,SES543721,0,,,,,,,,,,,,,,,,,,,,,,,,,,,,,,,,,,,,,,,,,,,,,,,,,,,,,,,,,,,,,,,,,,,,,,,,,,,,,,,,,,,,,,,,,,,,,,,,,,,,,,,,,,,,,,,,,,,,,,,,,
EVT0000744,SUB00078,CNT00070,2024-01-17,7,Mobile,43,<25%,FALSE,TRUE,TRUE,HD,SES939444,0,,,,,,,,,,,,,,,,,,,,,,,,,,,,,,,,,,,,,,,,,,,,,,,,,,,,,,,,,,,,,,,,,,,,,,,,,,,,,,,,,,,,,,,,,,,,,,,,,,,,,,,,,,,,,,,,,,,,,,,,,
EVT0000745,SUB00124,CNT00096,2023-07-29,6,Desktop,27,100%,TRUE,TRUE,TRUE,SD,SES860017,1,,,,,,,,,,,,,,,,,,,,,,,,,,,,,,,,,,,,,,,,,,,,,,,,,,,,,,,,,,,,,,,,,,,,,,,,,,,,,,,,,,,,,,,,,,,,,,,,,,,,,,,,,,,,,,,,,,,,,,,,,
EVT0000746,SUB00467,CNT00075,2023-08-29,14,Tablet,7,100%,TRUE,FALSE,FALSE,HD,SES166357,1,,,,,,,,,,,,,,,,,,,,,,,,,,,,,,,,,,,,,,,,,,,,,,,,,,,,,,,,,,,,,,,,,,,,,,,,,,,,,,,,,,,,,,,,,,,,,,,,,,,,,,,,,,,,,,,,,,,,,,,,,
EVT0000747,SUB00221,CNT00047,2023-06-06,21,Desktop,111,<25%,FALSE,FALSE,TRUE,HD,SES113913,0,,,,,,,,,,,,,,,,,,,,,,,,,,,,,,,,,,,,,,,,,,,,,,,,,,,,,,,,,,,,,,,,,,,,,,,,,,,,,,,,,,,,,,,,,,,,,,,,,,,,,,,,,,,,,,,,,,,,,,,,,
EVT0000748,SUB00673,CNT00084,2023-02-15,15,Fire TV,66,100%,TRUE,TRUE,TRUE,SD,SES803848,1,,,,,,,,,,,,,,,,,,,,,,,,,,,,,,,,,,,,,,,,,,,,,,,,,,,,,,,,,,,,,,,,,,,,,,,,,,,,,,,,,,,,,,,,,,,,,,,,,,,,,,,,,,,,,,,,,,,,,,,,,
EVT0000749,SUB00193,CNT00073,2023-10-06,7,Roku,111,100%,TRUE,FALSE,FALSE,HD,SES930434,1,,,,,,,,,,,,,,,,,,,,,,,,,,,,,,,,,,,,,,,,,,,,,,,,,,,,,,,,,,,,,,,,,,,,,,,,,,,,,,,,,,,,,,,,,,,,,,,,,,,,,,,,,,,,,,,,,,,,,,,,,
EVT0000750,SUB00049,CNT00016,2023-08-26,20,Desktop,74,100%,TRUE,TRUE,TRUE,4K,SES861474,1,,,,,,,,,,,,,,,,,,,,,,,,,,,,,,,,,,,,,,,,,,,,,,,,,,,,,,,,,,,,,,,,,,,,,,,,,,,,,,,,,,,,,,,,,,,,,,,,,,,,,,,,,,,,,,,,,,,,,,,,,
EVT0000751,SUB00329,CNT00045,2023-05-30,18,Tablet,64,75-99%,FALSE,FALSE,TRUE,HD,SES953779,0,,,,,,,,,,,,,,,,,,,,,,,,,,,,,,,,,,,,,,,,,,,,,,,,,,,,,,,,,,,,,,,,,,,,,,,,,,,,,,,,,,,,,,,,,,,,,,,,,,,,,,,,,,,,,,,,,,,,,,,,,
EVT0000752,SUB00692,CNT00047,2024-05-21,8,Roku,37,100%,TRUE,TRUE,TRUE,4K,SES776818,1,,,,,,,,,,,,,,,,,,,,,,,,,,,,,,,,,,,,,,,,,,,,,,,,,,,,,,,,,,,,,,,,,,,,,,,,,,,,,,,,,,,,,,,,,,,,,,,,,,,,,,,,,,,,,,,,,,,,,,,,,
EVT0000753,SUB00462,CNT00088,2024-04-22,7,Tablet,69,25-50%,FALSE,FALSE,TRUE,HD,SES458245,0,,,,,,,,,,,,,,,,,,,,,,,,,,,,,,,,,,,,,,,,,,,,,,,,,,,,,,,,,,,,,,,,,,,,,,,,,,,,,,,,,,,,,,,,,,,,,,,,,,,,,,,,,,,,,,,,,,,,,,,,,
EVT0000754,SUB00588,CNT00087,2023-06-13,18,Mobile,110,100%,TRUE,FALSE,TRUE,HD,SES670421,1,,,,,,,,,,,,,,,,,,,,,,,,,,,,,,,,,,,,,,,,,,,,,,,,,,,,,,,,,,,,,,,,,,,,,,,,,,,,,,,,,,,,,,,,,,,,,,,,,,,,,,,,,,,,,,,,,,,,,,,,,
EVT0000755,SUB00533,CNT00003,2023-02-12,23,Fire TV,26,50-75%,FALSE,FALSE,TRUE,4K,SES612942,0,,,,,,,,,,,,,,,,,,,,,,,,,,,,,,,,,,,,,,,,,,,,,,,,,,,,,,,,,,,,,,,,,,,,,,,,,,,,,,,,,,,,,,,,,,,,,,,,,,,,,,,,,,,,,,,,,,,,,,,,,
EVT0000756,SUB00334,CNT00048,2023-04-30,18,Roku,89,75-99%,FALSE,FALSE,TRUE,HD,SES468191,0,,,,,,,,,,,,,,,,,,,,,,,,,,,,,,,,,,,,,,,,,,,,,,,,,,,,,,,,,,,,,,,,,,,,,,,,,,,,,,,,,,,,,,,,,,,,,,,,,,,,,,,,,,,,,,,,,,,,,,,,,
EVT0000757,SUB00109,CNT00076,2024-02-22,12,Fire TV,5,75-99%,FALSE,FALSE,TRUE,HD,SES251367,0,,,,,,,,,,,,,,,,,,,,,,,,,,,,,,,,,,,,,,,,,,,,,,,,,,,,,,,,,,,,,,,,,,,,,,,,,,,,,,,,,,,,,,,,,,,,,,,,,,,,,,,,,,,,,,,,,,,,,,,,,
EVT0000758,SUB00314,CNT00044,2023-03-15,12,Roku,86,50-75%,FALSE,TRUE,TRUE,SD,SES117007,0,,,,,,,,,,,,,,,,,,,,,,,,,,,,,,,,,,,,,,,,,,,,,,,,,,,,,,,,,,,,,,,,,,,,,,,,,,,,,,,,,,,,,,,,,,,,,,,,,,,,,,,,,,,,,,,,,,,,,,,,,
EVT0000759,SUB00303,CNT00022,2023-02-01,8,Mobile,37,100%,TRUE,FALSE,TRUE,HD,SES474880,1,,,,,,,,,,,,,,,,,,,,,,,,,,,,,,,,,,,,,,,,,,,,,,,,,,,,,,,,,,,,,,,,,,,,,,,,,,,,,,,,,,,,,,,,,,,,,,,,,,,,,,,,,,,,,,,,,,,,,,,,,
EVT0000760,SUB00011,CNT00039,2024-02-17,17,Smart TV,43,50-75%,FALSE,FALSE,FALSE,HD,SES601680,0,,,,,,,,,,,,,,,,,,,,,,,,,,,,,,,,,,,,,,,,,,,,,,,,,,,,,,,,,,,,,,,,,,,,,,,,,,,,,,,,,,,,,,,,,,,,,,,,,,,,,,,,,,,,,,,,,,,,,,,,,
EVT0000761,SUB00696,CNT00005,2023-02-12,17,Mobile,37,75-99%,FALSE,FALSE,TRUE,HD,SES889491,0,,,,,,,,,,,,,,,,,,,,,,,,,,,,,,,,,,,,,,,,,,,,,,,,,,,,,,,,,,,,,,,,,,,,,,,,,,,,,,,,,,,,,,,,,,,,,,,,,,,,,,,,,,,,,,,,,,,,,,,,,
EVT0000762,SUB00433,CNT00080,2023-04-11,21,Mobile,53,100%,TRUE,TRUE,TRUE,SD,SES597939,1,,,,,,,,,,,,,,,,,,,,,,,,,,,,,,,,,,,,,,,,,,,,,,,,,,,,,,,,,,,,,,,,,,,,,,,,,,,,,,,,,,,,,,,,,,,,,,,,,,,,,,,,,,,,,,,,,,,,,,,,,
EVT0000763,SUB00557,CNT00026,2023-09-16,9,Desktop,53,100%,TRUE,FALSE,TRUE,HD,SES732929,1,,,,,,,,,,,,,,,,,,,,,,,,,,,,,,,,,,,,,,,,,,,,,,,,,,,,,,,,,,,,,,,,,,,,,,,,,,,,,,,,,,,,,,,,,,,,,,,,,,,,,,,,,,,,,,,,,,,,,,,,,
EVT0000764,SUB00036,CNT00061,2024-04-25,20,Smart TV,83,100%,TRUE,FALSE,TRUE,SD,SES817041,1,,,,,,,,,,,,,,,,,,,,,,,,,,,,,,,,,,,,,,,,,,,,,,,,,,,,,,,,,,,,,,,,,,,,,,,,,,,,,,,,,,,,,,,,,,,,,,,,,,,,,,,,,,,,,,,,,,,,,,,,,
EVT0000765,SUB00608,CNT00100,2023-05-12,22,Desktop,13,<25%,FALSE,FALSE,TRUE,HD,SES388086,0,,,,,,,,,,,,,,,,,,,,,,,,,,,,,,,,,,,,,,,,,,,,,,,,,,,,,,,,,,,,,,,,,,,,,,,,,,,,,,,,,,,,,,,,,,,,,,,,,,,,,,,,,,,,,,,,,,,,,,,,,
EVT0000766,SUB00549,CNT00007,2024-02-02,9,Fire TV,71,50-75%,FALSE,FALSE,TRUE,HD,SES407641,0,,,,,,,,,,,,,,,,,,,,,,,,,,,,,,,,,,,,,,,,,,,,,,,,,,,,,,,,,,,,,,,,,,,,,,,,,,,,,,,,,,,,,,,,,,,,,,,,,,,,,,,,,,,,,,,,,,,,,,,,,
EVT0000767,SUB00041,CNT00067,2023-06-16,10,Mobile,30,75-99%,FALSE,FALSE,TRUE,HD,SES105969,0,,,,,,,,,,,,,,,,,,,,,,,,,,,,,,,,,,,,,,,,,,,,,,,,,,,,,,,,,,,,,,,,,,,,,,,,,,,,,,,,,,,,,,,,,,,,,,,,,,,,,,,,,,,,,,,,,,,,,,,,,
EVT0000768,SUB00670,CNT00099,2024-02-01,15,Smart TV,33,75-99%,FALSE,FALSE,FALSE,HD,SES986611,0,,,,,,,,,,,,,,,,,,,,,,,,,,,,,,,,,,,,,,,,,,,,,,,,,,,,,,,,,,,,,,,,,,,,,,,,,,,,,,,,,,,,,,,,,,,,,,,,,,,,,,,,,,,,,,,,,,,,,,,,,
EVT0000769,SUB00235,CNT00090,2024-05-20,9,Mobile,26,100%,TRUE,TRUE,TRUE,HD,SES690107,1,,,,,,,,,,,,,,,,,,,,,,,,,,,,,,,,,,,,,,,,,,,,,,,,,,,,,,,,,,,,,,,,,,,,,,,,,,,,,,,,,,,,,,,,,,,,,,,,,,,,,,,,,,,,,,,,,,,,,,,,,
EVT0000770,SUB00449,CNT00090,2023-01-25,22,Fire TV,52,75-99%,FALSE,FALSE,FALSE,SD,SES538959,0,,,,,,,,,,,,,,,,,,,,,,,,,,,,,,,,,,,,,,,,,,,,,,,,,,,,,,,,,,,,,,,,,,,,,,,,,,,,,,,,,,,,,,,,,,,,,,,,,,,,,,,,,,,,,,,,,,,,,,,,,
EVT0000771,SUB00035,CNT00061,2024-04-30,8,Mobile,16,100%,TRUE,FALSE,FALSE,4K,SES597680,1,,,,,,,,,,,,,,,,,,,,,,,,,,,,,,,,,,,,,,,,,,,,,,,,,,,,,,,,,,,,,,,,,,,,,,,,,,,,,,,,,,,,,,,,,,,,,,,,,,,,,,,,,,,,,,,,,,,,,,,,,
EVT0000772,SUB00520,CNT00018,2024-02-15,11,Mobile,78,25-50%,FALSE,TRUE,FALSE,HD,SES567771,0,,,,,,,,,,,,,,,,,,,,,,,,,,,,,,,,,,,,,,,,,,,,,,,,,,,,,,,,,,,,,,,,,,,,,,,,,,,,,,,,,,,,,,,,,,,,,,,,,,,,,,,,,,,,,,,,,,,,,,,,,
EVT0000773,SUB00571,CNT00035,2024-01-18,11,Roku,57,100%,TRUE,TRUE,FALSE,SD,SES343529,1,,,,,,,,,,,,,,,,,,,,,,,,,,,,,,,,,,,,,,,,,,,,,,,,,,,,,,,,,,,,,,,,,,,,,,,,,,,,,,,,,,,,,,,,,,,,,,,,,,,,,,,,,,,,,,,,,,,,,,,,,
EVT0000774,SUB00151,CNT00047,2023-07-27,7,Roku,105,<25%,FALSE,TRUE,TRUE,HD,SES798258,0,,,,,,,,,,,,,,,,,,,,,,,,,,,,,,,,,,,,,,,,,,,,,,,,,,,,,,,,,,,,,,,,,,,,,,,,,,,,,,,,,,,,,,,,,,,,,,,,,,,,,,,,,,,,,,,,,,,,,,,,,
EVT0000775,SUB00600,CNT00039,2023-09-30,10,Tablet,36,100%,TRUE,FALSE,TRUE,HD,SES796292,1,,,,,,,,,,,,,,,,,,,,,,,,,,,,,,,,,,,,,,,,,,,,,,,,,,,,,,,,,,,,,,,,,,,,,,,,,,,,,,,,,,,,,,,,,,,,,,,,,,,,,,,,,,,,,,,,,,,,,,,,,
EVT0000776,SUB00490,CNT00013,2024-05-01,23,Fire TV,85,25-50%,FALSE,FALSE,TRUE,HD,SES799486,0,,,,,,,,,,,,,,,,,,,,,,,,,,,,,,,,,,,,,,,,,,,,,,,,,,,,,,,,,,,,,,,,,,,,,,,,,,,,,,,,,,,,,,,,,,,,,,,,,,,,,,,,,,,,,,,,,,,,,,,,,
EVT0000777,SUB00523,CNT00035,2023-05-11,8,Roku,26,75-99%,FALSE,TRUE,FALSE,HD,SES980563,0,,,,,,,,,,,,,,,,,,,,,,,,,,,,,,,,,,,,,,,,,,,,,,,,,,,,,,,,,,,,,,,,,,,,,,,,,,,,,,,,,,,,,,,,,,,,,,,,,,,,,,,,,,,,,,,,,,,,,,,,,
EVT0000778,SUB00231,CNT00053,2024-01-06,19,Mobile,116,<25%,FALSE,FALSE,TRUE,SD,SES301961,0,,,,,,,,,,,,,,,,,,,,,,,,,,,,,,,,,,,,,,,,,,,,,,,,,,,,,,,,,,,,,,,,,,,,,,,,,,,,,,,,,,,,,,,,,,,,,,,,,,,,,,,,,,,,,,,,,,,,,,,,,
EVT0000779,SUB00401,CNT00029,2024-01-18,10,Desktop,83,100%,TRUE,FALSE,TRUE,HD,SES353063,1,,,,,,,,,,,,,,,,,,,,,,,,,,,,,,,,,,,,,,,,,,,,,,,,,,,,,,,,,,,,,,,,,,,,,,,,,,,,,,,,,,,,,,,,,,,,,,,,,,,,,,,,,,,,,,,,,,,,,,,,,
EVT0000780,SUB00295,CNT00010,2024-06-17,6,Desktop,13,75-99%,FALSE,FALSE,TRUE,HD,SES910463,0,,,,,,,,,,,,,,,,,,,,,,,,,,,,,,,,,,,,,,,,,,,,,,,,,,,,,,,,,,,,,,,,,,,,,,,,,,,,,,,,,,,,,,,,,,,,,,,,,,,,,,,,,,,,,,,,,,,,,,,,,
EVT0000781,SUB00379,CNT00030,2023-02-10,16,Tablet,112,75-99%,FALSE,FALSE,FALSE,4K,SES423110,0,,,,,,,,,,,,,,,,,,,,,,,,,,,,,,,,,,,,,,,,,,,,,,,,,,,,,,,,,,,,,,,,,,,,,,,,,,,,,,,,,,,,,,,,,,,,,,,,,,,,,,,,,,,,,,,,,,,,,,,,,
EVT0000782,SUB00524,CNT00097,2024-04-26,23,Fire TV,82,100%,TRUE,FALSE,FALSE,HD,SES243935,1,,,,,,,,,,,,,,,,,,,,,,,,,,,,,,,,,,,,,,,,,,,,,,,,,,,,,,,,,,,,,,,,,,,,,,,,,,,,,,,,,,,,,,,,,,,,,,,,,,,,,,,,,,,,,,,,,,,,,,,,,
EVT0000783,SUB00346,CNT00057,2024-04-25,23,Roku,83,100%,TRUE,FALSE,TRUE,4K,SES759681,1,,,,,,,,,,,,,,,,,,,,,,,,,,,,,,,,,,,,,,,,,,,,,,,,,,,,,,,,,,,,,,,,,,,,,,,,,,,,,,,,,,,,,,,,,,,,,,,,,,,,,,,,,,,,,,,,,,,,,,,,,
EVT0000784,SUB00278,CNT00077,2023-10-02,16,Tablet,35,75-99%,FALSE,FALSE,TRUE,4K,SES421228,0,,,,,,,,,,,,,,,,,,,,,,,,,,,,,,,,,,,,,,,,,,,,,,,,,,,,,,,,,,,,,,,,,,,,,,,,,,,,,,,,,,,,,,,,,,,,,,,,,,,,,,,,,,,,,,,,,,,,,,,,,
EVT0000785,SUB00344,CNT00053,2023-07-16,19,Fire TV,89,50-75%,FALSE,TRUE,FALSE,HD,SES941214,0,,,,,,,,,,,,,,,,,,,,,,,,,,,,,,,,,,,,,,,,,,,,,,,,,,,,,,,,,,,,,,,,,,,,,,,,,,,,,,,,,,,,,,,,,,,,,,,,,,,,,,,,,,,,,,,,,,,,,,,,,
EVT0000786,SUB00195,CNT00047,2023-10-30,23,Tablet,31,100%,TRUE,FALSE,FALSE,HD,SES281839,1,,,,,,,,,,,,,,,,,,,,,,,,,,,,,,,,,,,,,,,,,,,,,,,,,,,,,,,,,,,,,,,,,,,,,,,,,,,,,,,,,,,,,,,,,,,,,,,,,,,,,,,,,,,,,,,,,,,,,,,,,
EVT0000787,SUB00299,CNT00027,2023-05-01,16,Smart TV,118,100%,TRUE,FALSE,TRUE,4K,SES357565,1,,,,,,,,,,,,,,,,,,,,,,,,,,,,,,,,,,,,,,,,,,,,,,,,,,,,,,,,,,,,,,,,,,,,,,,,,,,,,,,,,,,,,,,,,,,,,,,,,,,,,,,,,,,,,,,,,,,,,,,,,
EVT0000788,SUB00496,CNT00073,2024-02-06,16,Smart TV,37,75-99%,FALSE,FALSE,TRUE,4K,SES230473,0,,,,,,,,,,,,,,,,,,,,,,,,,,,,,,,,,,,,,,,,,,,,,,,,,,,,,,,,,,,,,,,,,,,,,,,,,,,,,,,,,,,,,,,,,,,,,,,,,,,,,,,,,,,,,,,,,,,,,,,,,
EVT0000789,SUB00564,CNT00001,2024-01-21,14,Desktop,63,<25%,FALSE,FALSE,FALSE,4K,SES635946,0,,,,,,,,,,,,,,,,,,,,,,,,,,,,,,,,,,,,,,,,,,,,,,,,,,,,,,,,,,,,,,,,,,,,,,,,,,,,,,,,,,,,,,,,,,,,,,,,,,,,,,,,,,,,,,,,,,,,,,,,,
EVT0000790,SUB00204,CNT00092,2024-03-06,21,Roku,18,100%,TRUE,FALSE,TRUE,HD,SES428353,1,,,,,,,,,,,,,,,,,,,,,,,,,,,,,,,,,,,,,,,,,,,,,,,,,,,,,,,,,,,,,,,,,,,,,,,,,,,,,,,,,,,,,,,,,,,,,,,,,,,,,,,,,,,,,,,,,,,,,,,,,
EVT0000791,SUB00144,CNT00002,2023-05-03,7,Mobile,113,100%,TRUE,TRUE,TRUE,SD,SES675134,1,,,,,,,,,,,,,,,,,,,,,,,,,,,,,,,,,,,,,,,,,,,,,,,,,,,,,,,,,,,,,,,,,,,,,,,,,,,,,,,,,,,,,,,,,,,,,,,,,,,,,,,,,,,,,,,,,,,,,,,,,
EVT0000792,SUB00131,CNT00096,2023-10-02,12,Mobile,119,100%,TRUE,FALSE,FALSE,SD,SES110334,1,,,,,,,,,,,,,,,,,,,,,,,,,,,,,,,,,,,,,,,,,,,,,,,,,,,,,,,,,,,,,,,,,,,,,,,,,,,,,,,,,,,,,,,,,,,,,,,,,,,,,,,,,,,,,,,,,,,,,,,,,
EVT0000793,SUB00346,CNT00093,2023-04-25,19,Smart TV,34,50-75%,FALSE,TRUE,FALSE,HD,SES698335,0,,,,,,,,,,,,,,,,,,,,,,,,,,,,,,,,,,,,,,,,,,,,,,,,,,,,,,,,,,,,,,,,,,,,,,,,,,,,,,,,,,,,,,,,,,,,,,,,,,,,,,,,,,,,,,,,,,,,,,,,,
EVT0000794,SUB00566,CNT00048,2023-10-01,23,Roku,45,25-50%,FALSE,TRUE,TRUE,HD,SES313008,0,,,,,,,,,,,,,,,,,,,,,,,,,,,,,,,,,,,,,,,,,,,,,,,,,,,,,,,,,,,,,,,,,,,,,,,,,,,,,,,,,,,,,,,,,,,,,,,,,,,,,,,,,,,,,,,,,,,,,,,,,
EVT0000795,SUB00165,CNT00052,2023-01-18,9,Mobile,36,100%,TRUE,FALSE,TRUE,HD,SES581827,1,,,,,,,,,,,,,,,,,,,,,,,,,,,,,,,,,,,,,,,,,,,,,,,,,,,,,,,,,,,,,,,,,,,,,,,,,,,,,,,,,,,,,,,,,,,,,,,,,,,,,,,,,,,,,,,,,,,,,,,,,
EVT0000796,SUB00178,CNT00036,2023-06-19,13,Fire TV,44,25-50%,FALSE,FALSE,FALSE,HD,SES990859,0,,,,,,,,,,,,,,,,,,,,,,,,,,,,,,,,,,,,,,,,,,,,,,,,,,,,,,,,,,,,,,,,,,,,,,,,,,,,,,,,,,,,,,,,,,,,,,,,,,,,,,,,,,,,,,,,,,,,,,,,,
EVT0000797,SUB00457,CNT00008,2024-01-31,19,Fire TV,61,100%,TRUE,FALSE,TRUE,HD,SES991904,1,,,,,,,,,,,,,,,,,,,,,,,,,,,,,,,,,,,,,,,,,,,,,,,,,,,,,,,,,,,,,,,,,,,,,,,,,,,,,,,,,,,,,,,,,,,,,,,,,,,,,,,,,,,,,,,,,,,,,,,,,
EVT0000798,SUB00024,CNT00035,2024-01-25,21,Desktop,106,50-75%,FALSE,FALSE,TRUE,4K,SES121722,0,,,,,,,,,,,,,,,,,,,,,,,,,,,,,,,,,,,,,,,,,,,,,,,,,,,,,,,,,,,,,,,,,,,,,,,,,,,,,,,,,,,,,,,,,,,,,,,,,,,,,,,,,,,,,,,,,,,,,,,,,
EVT0000799,SUB00520,CNT00057,2024-05-26,17,Smart TV,95,100%,TRUE,TRUE,FALSE,HD,SES276560,1,,,,,,,,,,,,,,,,,,,,,,,,,,,,,,,,,,,,,,,,,,,,,,,,,,,,,,,,,,,,,,,,,,,,,,,,,,,,,,,,,,,,,,,,,,,,,,,,,,,,,,,,,,,,,,,,,,,,,,,,,
EVT0000800,SUB00213,CNT00046,2024-02-18,13,Fire TV,42,75-99%,FALSE,TRUE,TRUE,HD,SES592529,0,,,,,,,,,,,,,,,,,,,,,,,,,,,,,,,,,,,,,,,,,,,,,,,,,,,,,,,,,,,,,,,,,,,,,,,,,,,,,,,,,,,,,,,,,,,,,,,,,,,,,,,,,,,,,,,,,,,,,,,,,
EVT0000801,SUB00577,CNT00007,2023-01-25,6,Desktop,78,75-99%,FALSE,FALSE,TRUE,HD,SES121489,0,,,,,,,,,,,,,,,,,,,,,,,,,,,,,,,,,,,,,,,,,,,,,,,,,,,,,,,,,,,,,,,,,,,,,,,,,,,,,,,,,,,,,,,,,,,,,,,,,,,,,,,,,,,,,,,,,,,,,,,,,
EVT0000802,SUB00447,CNT00055,2024-05-17,14,Tablet,34,<25%,FALSE,FALSE,TRUE,4K,SES601775,0,,,,,,,,,,,,,,,,,,,,,,,,,,,,,,,,,,,,,,,,,,,,,,,,,,,,,,,,,,,,,,,,,,,,,,,,,,,,,,,,,,,,,,,,,,,,,,,,,,,,,,,,,,,,,,,,,,,,,,,,,
EVT0000803,SUB00173,CNT00100,2023-06-11,12,Mobile,53,100%,TRUE,FALSE,TRUE,HD,SES194343,1,,,,,,,,,,,,,,,,,,,,,,,,,,,,,,,,,,,,,,,,,,,,,,,,,,,,,,,,,,,,,,,,,,,,,,,,,,,,,,,,,,,,,,,,,,,,,,,,,,,,,,,,,,,,,,,,,,,,,,,,,
EVT0000804,SUB00095,CNT00071,2023-06-12,8,Roku,37,<25%,FALSE,FALSE,TRUE,4K,SES248514,0,,,,,,,,,,,,,,,,,,,,,,,,,,,,,,,,,,,,,,,,,,,,,,,,,,,,,,,,,,,,,,,,,,,,,,,,,,,,,,,,,,,,,,,,,,,,,,,,,,,,,,,,,,,,,,,,,,,,,,,,,
EVT0000805,SUB00286,CNT00024,2024-03-22,15,Smart TV,71,50-75%,FALSE,TRUE,TRUE,SD,SES751107,0,,,,,,,,,,,,,,,,,,,,,,,,,,,,,,,,,,,,,,,,,,,,,,,,,,,,,,,,,,,,,,,,,,,,,,,,,,,,,,,,,,,,,,,,,,,,,,,,,,,,,,,,,,,,,,,,,,,,,,,,,
EVT0000806,SUB00587,CNT00095,2023-02-23,23,Desktop,59,25-50%,FALSE,TRUE,TRUE,SD,SES946964,0,,,,,,,,,,,,,,,,,,,,,,,,,,,,,,,,,,,,,,,,,,,,,,,,,,,,,,,,,,,,,,,,,,,,,,,,,,,,,,,,,,,,,,,,,,,,,,,,,,,,,,,,,,,,,,,,,,,,,,,,,
EVT0000807,SUB00618,CNT00009,2023-07-20,14,Smart TV,73,100%,TRUE,TRUE,TRUE,HD,SES897819,1,,,,,,,,,,,,,,,,,,,,,,,,,,,,,,,,,,,,,,,,,,,,,,,,,,,,,,,,,,,,,,,,,,,,,,,,,,,,,,,,,,,,,,,,,,,,,,,,,,,,,,,,,,,,,,,,,,,,,,,,,
EVT0000808,SUB00184,CNT00022,2024-01-13,6,Tablet,114,50-75%,FALSE,TRUE,TRUE,HD,SES952812,0,,,,,,,,,,,,,,,,,,,,,,,,,,,,,,,,,,,,,,,,,,,,,,,,,,,,,,,,,,,,,,,,,,,,,,,,,,,,,,,,,,,,,,,,,,,,,,,,,,,,,,,,,,,,,,,,,,,,,,,,,
EVT0000809,SUB00513,CNT00008,2023-01-22,11,Mobile,65,75-99%,FALSE,TRUE,TRUE,HD,SES738550,0,,,,,,,,,,,,,,,,,,,,,,,,,,,,,,,,,,,,,,,,,,,,,,,,,,,,,,,,,,,,,,,,,,,,,,,,,,,,,,,,,,,,,,,,,,,,,,,,,,,,,,,,,,,,,,,,,,,,,,,,,
EVT0000810,SUB00588,CNT00060,2024-01-12,11,Fire TV,19,50-75%,FALSE,FALSE,TRUE,HD,SES771231,0,,,,,,,,,,,,,,,,,,,,,,,,,,,,,,,,,,,,,,,,,,,,,,,,,,,,,,,,,,,,,,,,,,,,,,,,,,,,,,,,,,,,,,,,,,,,,,,,,,,,,,,,,,,,,,,,,,,,,,,,,
EVT0000811,SUB00069,CNT00018,2023-02-13,20,Roku,107,<25%,FALSE,FALSE,FALSE,HD,SES677047,0,,,,,,,,,,,,,,,,,,,,,,,,,,,,,,,,,,,,,,,,,,,,,,,,,,,,,,,,,,,,,,,,,,,,,,,,,,,,,,,,,,,,,,,,,,,,,,,,,,,,,,,,,,,,,,,,,,,,,,,,,
EVT0000812,SUB00538,CNT00083,2024-02-18,17,Roku,78,100%,TRUE,FALSE,FALSE,HD,SES888142,1,,,,,,,,,,,,,,,,,,,,,,,,,,,,,,,,,,,,,,,,,,,,,,,,,,,,,,,,,,,,,,,,,,,,,,,,,,,,,,,,,,,,,,,,,,,,,,,,,,,,,,,,,,,,,,,,,,,,,,,,,
EVT0000813,SUB00537,CNT00022,2023-09-15,21,Smart TV,108,75-99%,FALSE,TRUE,TRUE,SD,SES728934,0,,,,,,,,,,,,,,,,,,,,,,,,,,,,,,,,,,,,,,,,,,,,,,,,,,,,,,,,,,,,,,,,,,,,,,,,,,,,,,,,,,,,,,,,,,,,,,,,,,,,,,,,,,,,,,,,,,,,,,,,,
EVT0000814,SUB00306,CNT00072,2024-01-12,15,Tablet,8,75-99%,FALSE,FALSE,TRUE,HD,SES886758,0,,,,,,,,,,,,,,,,,,,,,,,,,,,,,,,,,,,,,,,,,,,,,,,,,,,,,,,,,,,,,,,,,,,,,,,,,,,,,,,,,,,,,,,,,,,,,,,,,,,,,,,,,,,,,,,,,,,,,,,,,
EVT0000815,SUB00221,CNT00082,2023-01-17,20,Roku,106,100%,TRUE,FALSE,TRUE,4K,SES515614,1,,,,,,,,,,,,,,,,,,,,,,,,,,,,,,,,,,,,,,,,,,,,,,,,,,,,,,,,,,,,,,,,,,,,,,,,,,,,,,,,,,,,,,,,,,,,,,,,,,,,,,,,,,,,,,,,,,,,,,,,,
EVT0000816,SUB00146,CNT00025,2023-09-08,14,Desktop,56,100%,TRUE,FALSE,FALSE,HD,SES489616,1,,,,,,,,,,,,,,,,,,,,,,,,,,,,,,,,,,,,,,,,,,,,,,,,,,,,,,,,,,,,,,,,,,,,,,,,,,,,,,,,,,,,,,,,,,,,,,,,,,,,,,,,,,,,,,,,,,,,,,,,,
EVT0000817,SUB00475,CNT00034,2023-07-29,10,Fire TV,17,50-75%,FALSE,FALSE,TRUE,SD,SES467583,0,,,,,,,,,,,,,,,,,,,,,,,,,,,,,,,,,,,,,,,,,,,,,,,,,,,,,,,,,,,,,,,,,,,,,,,,,,,,,,,,,,,,,,,,,,,,,,,,,,,,,,,,,,,,,,,,,,,,,,,,,
EVT0000818,SUB00396,CNT00056,2024-04-21,15,Tablet,110,<25%,FALSE,FALSE,FALSE,HD,SES142492,0,,,,,,,,,,,,,,,,,,,,,,,,,,,,,,,,,,,,,,,,,,,,,,,,,,,,,,,,,,,,,,,,,,,,,,,,,,,,,,,,,,,,,,,,,,,,,,,,,,,,,,,,,,,,,,,,,,,,,,,,,
EVT0000819,SUB00070,CNT00001,2024-05-05,22,Smart TV,6,50-75%,FALSE,TRUE,TRUE,HD,SES382705,0,,,,,,,,,,,,,,,,,,,,,,,,,,,,,,,,,,,,,,,,,,,,,,,,,,,,,,,,,,,,,,,,,,,,,,,,,,,,,,,,,,,,,,,,,,,,,,,,,,,,,,,,,,,,,,,,,,,,,,,,,
EVT0000820,SUB00026,CNT00081,2023-03-03,6,Desktop,56,75-99%,FALSE,FALSE,FALSE,HD,SES463778,0,,,,,,,,,,,,,,,,,,,,,,,,,,,,,,,,,,,,,,,,,,,,,,,,,,,,,,,,,,,,,,,,,,,,,,,,,,,,,,,,,,,,,,,,,,,,,,,,,,,,,,,,,,,,,,,,,,,,,,,,,
EVT0000821,SUB00292,CNT00086,2023-12-01,9,Desktop,102,75-99%,FALSE,FALSE,TRUE,HD,SES137912,0,,,,,,,,,,,,,,,,,,,,,,,,,,,,,,,,,,,,,,,,,,,,,,,,,,,,,,,,,,,,,,,,,,,,,,,,,,,,,,,,,,,,,,,,,,,,,,,,,,,,,,,,,,,,,,,,,,,,,,,,,
EVT0000822,SUB00069,CNT00020,2024-06-02,18,Tablet,89,100%,TRUE,FALSE,TRUE,4K,SES250944,1,,,,,,,,,,,,,,,,,,,,,,,,,,,,,,,,,,,,,,,,,,,,,,,,,,,,,,,,,,,,,,,,,,,,,,,,,,,,,,,,,,,,,,,,,,,,,,,,,,,,,,,,,,,,,,,,,,,,,,,,,
EVT0000823,SUB00202,CNT00047,2023-05-26,13,Mobile,10,50-75%,FALSE,FALSE,TRUE,HD,SES303941,0,,,,,,,,,,,,,,,,,,,,,,,,,,,,,,,,,,,,,,,,,,,,,,,,,,,,,,,,,,,,,,,,,,,,,,,,,,,,,,,,,,,,,,,,,,,,,,,,,,,,,,,,,,,,,,,,,,,,,,,,,
EVT0000824,SUB00583,CNT00009,2024-03-04,14,Smart TV,5,75-99%,FALSE,TRUE,TRUE,SD,SES378404,0,,,,,,,,,,,,,,,,,,,,,,,,,,,,,,,,,,,,,,,,,,,,,,,,,,,,,,,,,,,,,,,,,,,,,,,,,,,,,,,,,,,,,,,,,,,,,,,,,,,,,,,,,,,,,,,,,,,,,,,,,
EVT0000825,SUB00068,CNT00066,2024-05-09,21,Mobile,15,100%,TRUE,FALSE,TRUE,4K,SES746759,1,,,,,,,,,,,,,,,,,,,,,,,,,,,,,,,,,,,,,,,,,,,,,,,,,,,,,,,,,,,,,,,,,,,,,,,,,,,,,,,,,,,,,,,,,,,,,,,,,,,,,,,,,,,,,,,,,,,,,,,,,
EVT0000826,SUB00481,CNT00034,2024-01-17,23,Fire TV,47,100%,TRUE,FALSE,FALSE,4K,SES652294,1,,,,,,,,,,,,,,,,,,,,,,,,,,,,,,,,,,,,,,,,,,,,,,,,,,,,,,,,,,,,,,,,,,,,,,,,,,,,,,,,,,,,,,,,,,,,,,,,,,,,,,,,,,,,,,,,,,,,,,,,,
EVT0000827,SUB00684,CNT00092,2023-06-09,14,Roku,104,100%,TRUE,TRUE,TRUE,SD,SES554949,1,,,,,,,,,,,,,,,,,,,,,,,,,,,,,,,,,,,,,,,,,,,,,,,,,,,,,,,,,,,,,,,,,,,,,,,,,,,,,,,,,,,,,,,,,,,,,,,,,,,,,,,,,,,,,,,,,,,,,,,,,
EVT0000828,SUB00279,CNT00100,2024-05-09,18,Mobile,80,50-75%,FALSE,FALSE,TRUE,SD,SES964098,0,,,,,,,,,,,,,,,,,,,,,,,,,,,,,,,,,,,,,,,,,,,,,,,,,,,,,,,,,,,,,,,,,,,,,,,,,,,,,,,,,,,,,,,,,,,,,,,,,,,,,,,,,,,,,,,,,,,,,,,,,
EVT0000829,SUB00569,CNT00085,2023-06-01,13,Desktop,120,50-75%,FALSE,TRUE,TRUE,HD,SES630415,0,,,,,,,,,,,,,,,,,,,,,,,,,,,,,,,,,,,,,,,,,,,,,,,,,,,,,,,,,,,,,,,,,,,,,,,,,,,,,,,,,,,,,,,,,,,,,,,,,,,,,,,,,,,,,,,,,,,,,,,,,
EVT0000830,SUB00423,CNT00054,2024-01-07,15,Mobile,36,100%,TRUE,TRUE,FALSE,HD,SES795082,1,,,,,,,,,,,,,,,,,,,,,,,,,,,,,,,,,,,,,,,,,,,,,,,,,,,,,,,,,,,,,,,,,,,,,,,,,,,,,,,,,,,,,,,,,,,,,,,,,,,,,,,,,,,,,,,,,,,,,,,,,
EVT0000831,SUB00322,CNT00008,2023-03-09,19,Smart TV,58,75-99%,FALSE,FALSE,TRUE,4K,SES488371,0,,,,,,,,,,,,,,,,,,,,,,,,,,,,,,,,,,,,,,,,,,,,,,,,,,,,,,,,,,,,,,,,,,,,,,,,,,,,,,,,,,,,,,,,,,,,,,,,,,,,,,,,,,,,,,,,,,,,,,,,,
EVT0000832,SUB00316,CNT00091,2023-05-02,18,Roku,32,100%,TRUE,FALSE,TRUE,HD,SES400383,1,,,,,,,,,,,,,,,,,,,,,,,,,,,,,,,,,,,,,,,,,,,,,,,,,,,,,,,,,,,,,,,,,,,,,,,,,,,,,,,,,,,,,,,,,,,,,,,,,,,,,,,,,,,,,,,,,,,,,,,,,
EVT0000833,SUB00626,CNT00044,2023-09-07,16,Roku,53,25-50%,FALSE,TRUE,TRUE,SD,SES186308,0,,,,,,,,,,,,,,,,,,,,,,,,,,,,,,,,,,,,,,,,,,,,,,,,,,,,,,,,,,,,,,,,,,,,,,,,,,,,,,,,,,,,,,,,,,,,,,,,,,,,,,,,,,,,,,,,,,,,,,,,,
EVT0000834,SUB00154,CNT00064,2023-01-09,10,Mobile,5,100%,TRUE,FALSE,TRUE,SD,SES239967,1,,,,,,,,,,,,,,,,,,,,,,,,,,,,,,,,,,,,,,,,,,,,,,,,,,,,,,,,,,,,,,,,,,,,,,,,,,,,,,,,,,,,,,,,,,,,,,,,,,,,,,,,,,,,,,,,,,,,,,,,,
EVT0000835,SUB00376,CNT00090,2023-10-26,8,Mobile,26,75-99%,FALSE,FALSE,TRUE,SD,SES140833,0,,,,,,,,,,,,,,,,,,,,,,,,,,,,,,,,,,,,,,,,,,,,,,,,,,,,,,,,,,,,,,,,,,,,,,,,,,,,,,,,,,,,,,,,,,,,,,,,,,,,,,,,,,,,,,,,,,,,,,,,,
EVT0000836,SUB00041,CNT00025,2023-03-26,18,Desktop,18,100%,TRUE,FALSE,FALSE,4K,SES745330,1,,,,,,,,,,,,,,,,,,,,,,,,,,,,,,,,,,,,,,,,,,,,,,,,,,,,,,,,,,,,,,,,,,,,,,,,,,,,,,,,,,,,,,,,,,,,,,,,,,,,,,,,,,,,,,,,,,,,,,,,,
EVT0000837,SUB00074,CNT00037,2024-06-22,20,Roku,114,25-50%,FALSE,FALSE,TRUE,HD,SES200789,0,,,,,,,,,,,,,,,,,,,,,,,,,,,,,,,,,,,,,,,,,,,,,,,,,,,,,,,,,,,,,,,,,,,,,,,,,,,,,,,,,,,,,,,,,,,,,,,,,,,,,,,,,,,,,,,,,,,,,,,,,
EVT0000838,SUB00622,CNT00052,2024-05-23,16,Fire TV,25,<25%,FALSE,FALSE,TRUE,HD,SES476178,0,,,,,,,,,,,,,,,,,,,,,,,,,,,,,,,,,,,,,,,,,,,,,,,,,,,,,,,,,,,,,,,,,,,,,,,,,,,,,,,,,,,,,,,,,,,,,,,,,,,,,,,,,,,,,,,,,,,,,,,,,
EVT0000839,SUB00314,CNT00080,2024-06-05,19,Smart TV,106,100%,TRUE,FALSE,FALSE,4K,SES320774,1,,,,,,,,,,,,,,,,,,,,,,,,,,,,,,,,,,,,,,,,,,,,,,,,,,,,,,,,,,,,,,,,,,,,,,,,,,,,,,,,,,,,,,,,,,,,,,,,,,,,,,,,,,,,,,,,,,,,,,,,,
EVT0000840,SUB00473,CNT00020,2023-09-04,7,Roku,117,<25%,FALSE,TRUE,TRUE,SD,SES570726,0,,,,,,,,,,,,,,,,,,,,,,,,,,,,,,,,,,,,,,,,,,,,,,,,,,,,,,,,,,,,,,,,,,,,,,,,,,,,,,,,,,,,,,,,,,,,,,,,,,,,,,,,,,,,,,,,,,,,,,,,,
EVT0000841,SUB00153,CNT00037,2023-05-10,16,Roku,35,100%,TRUE,FALSE,TRUE,HD,SES529790,1,,,,,,,,,,,,,,,,,,,,,,,,,,,,,,,,,,,,,,,,,,,,,,,,,,,,,,,,,,,,,,,,,,,,,,,,,,,,,,,,,,,,,,,,,,,,,,,,,,,,,,,,,,,,,,,,,,,,,,,,,
EVT0000842,SUB00660,CNT00086,2023-05-06,15,Fire TV,31,100%,TRUE,FALSE,FALSE,SD,SES481901,1,,,,,,,,,,,,,,,,,,,,,,,,,,,,,,,,,,,,,,,,,,,,,,,,,,,,,,,,,,,,,,,,,,,,,,,,,,,,,,,,,,,,,,,,,,,,,,,,,,,,,,,,,,,,,,,,,,,,,,,,,
EVT0000843,SUB00401,CNT00007,2023-06-10,14,Desktop,28,<25%,FALSE,FALSE,TRUE,HD,SES921794,0,,,,,,,,,,,,,,,,,,,,,,,,,,,,,,,,,,,,,,,,,,,,,,,,,,,,,,,,,,,,,,,,,,,,,,,,,,,,,,,,,,,,,,,,,,,,,,,,,,,,,,,,,,,,,,,,,,,,,,,,,
EVT0000844,SUB00461,CNT00028,2023-11-28,19,Fire TV,45,100%,TRUE,FALSE,FALSE,HD,SES107800,1,,,,,,,,,,,,,,,,,,,,,,,,,,,,,,,,,,,,,,,,,,,,,,,,,,,,,,,,,,,,,,,,,,,,,,,,,,,,,,,,,,,,,,,,,,,,,,,,,,,,,,,,,,,,,,,,,,,,,,,,,
EVT0000845,SUB00257,CNT00063,2023-06-18,16,Smart TV,10,100%,TRUE,TRUE,TRUE,HD,SES733257,1,,,,,,,,,,,,,,,,,,,,,,,,,,,,,,,,,,,,,,,,,,,,,,,,,,,,,,,,,,,,,,,,,,,,,,,,,,,,,,,,,,,,,,,,,,,,,,,,,,,,,,,,,,,,,,,,,,,,,,,,,
EVT0000846,SUB00285,CNT00093,2024-05-22,7,Mobile,85,25-50%,FALSE,FALSE,FALSE,4K,SES939079,0,,,,,,,,,,,,,,,,,,,,,,,,,,,,,,,,,,,,,,,,,,,,,,,,,,,,,,,,,,,,,,,,,,,,,,,,,,,,,,,,,,,,,,,,,,,,,,,,,,,,,,,,,,,,,,,,,,,,,,,,,
EVT0000847,SUB00346,CNT00056,2024-01-17,22,Smart TV,32,100%,TRUE,TRUE,TRUE,HD,SES386728,1,,,,,,,,,,,,,,,,,,,,,,,,,,,,,,,,,,,,,,,,,,,,,,,,,,,,,,,,,,,,,,,,,,,,,,,,,,,,,,,,,,,,,,,,,,,,,,,,,,,,,,,,,,,,,,,,,,,,,,,,,
EVT0000848,SUB00401,CNT00076,2024-06-27,12,Desktop,103,100%,TRUE,FALSE,TRUE,HD,SES854038,1,,,,,,,,,,,,,,,,,,,,,,,,,,,,,,,,,,,,,,,,,,,,,,,,,,,,,,,,,,,,,,,,,,,,,,,,,,,,,,,,,,,,,,,,,,,,,,,,,,,,,,,,,,,,,,,,,,,,,,,,,
EVT0000849,SUB00552,CNT00059,2023-10-25,16,Mobile,57,<25%,FALSE,FALSE,FALSE,SD,SES597567,0,,,,,,,,,,,,,,,,,,,,,,,,,,,,,,,,,,,,,,,,,,,,,,,,,,,,,,,,,,,,,,,,,,,,,,,,,,,,,,,,,,,,,,,,,,,,,,,,,,,,,,,,,,,,,,,,,,,,,,,,,
EVT0000850,SUB00475,CNT00078,2024-03-03,16,Roku,33,100%,TRUE,FALSE,TRUE,4K,SES783728,1,,,,,,,,,,,,,,,,,,,,,,,,,,,,,,,,,,,,,,,,,,,,,,,,,,,,,,,,,,,,,,,,,,,,,,,,,,,,,,,,,,,,,,,,,,,,,,,,,,,,,,,,,,,,,,,,,,,,,,,,,
EVT0000851,SUB00235,CNT00075,2023-02-09,14,Mobile,72,50-75%,FALSE,TRUE,TRUE,HD,SES961412,0,,,,,,,,,,,,,,,,,,,,,,,,,,,,,,,,,,,,,,,,,,,,,,,,,,,,,,,,,,,,,,,,,,,,,,,,,,,,,,,,,,,,,,,,,,,,,,,,,,,,,,,,,,,,,,,,,,,,,,,,,
EVT0000852,SUB00245,CNT00072,2024-04-05,8,Tablet,73,<25%,FALSE,FALSE,TRUE,SD,SES626124,0,,,,,,,,,,,,,,,,,,,,,,,,,,,,,,,,,,,,,,,,,,,,,,,,,,,,,,,,,,,,,,,,,,,,,,,,,,,,,,,,,,,,,,,,,,,,,,,,,,,,,,,,,,,,,,,,,,,,,,,,,
EVT0000853,SUB00615,CNT00064,2023-11-10,12,Roku,89,100%,TRUE,FALSE,TRUE,SD,SES996777,1,,,,,,,,,,,,,,,,,,,,,,,,,,,,,,,,,,,,,,,,,,,,,,,,,,,,,,,,,,,,,,,,,,,,,,,,,,,,,,,,,,,,,,,,,,,,,,,,,,,,,,,,,,,,,,,,,,,,,,,,,
EVT0000854,SUB00399,CNT00043,2023-08-29,12,Mobile,92,25-50%,FALSE,FALSE,TRUE,4K,SES778264,0,,,,,,,,,,,,,,,,,,,,,,,,,,,,,,,,,,,,,,,,,,,,,,,,,,,,,,,,,,,,,,,,,,,,,,,,,,,,,,,,,,,,,,,,,,,,,,,,,,,,,,,,,,,,,,,,,,,,,,,,,
EVT0000855,SUB00492,CNT00019,2023-09-09,14,Smart TV,89,100%,TRUE,FALSE,FALSE,4K,SES535762,1,,,,,,,,,,,,,,,,,,,,,,,,,,,,,,,,,,,,,,,,,,,,,,,,,,,,,,,,,,,,,,,,,,,,,,,,,,,,,,,,,,,,,,,,,,,,,,,,,,,,,,,,,,,,,,,,,,,,,,,,,
EVT0000856,SUB00437,CNT00027,2023-06-15,15,Tablet,74,75-99%,FALSE,FALSE,FALSE,SD,SES179928,0,,,,,,,,,,,,,,,,,,,,,,,,,,,,,,,,,,,,,,,,,,,,,,,,,,,,,,,,,,,,,,,,,,,,,,,,,,,,,,,,,,,,,,,,,,,,,,,,,,,,,,,,,,,,,,,,,,,,,,,,,
EVT0000857,SUB00125,CNT00001,2023-06-09,8,Tablet,27,100%,TRUE,TRUE,TRUE,4K,SES227338,1,,,,,,,,,,,,,,,,,,,,,,,,,,,,,,,,,,,,,,,,,,,,,,,,,,,,,,,,,,,,,,,,,,,,,,,,,,,,,,,,,,,,,,,,,,,,,,,,,,,,,,,,,,,,,,,,,,,,,,,,,
EVT0000858,SUB00548,CNT00016,2024-05-27,14,Mobile,50,75-99%,FALSE,TRUE,TRUE,HD,SES506722,0,,,,,,,,,,,,,,,,,,,,,,,,,,,,,,,,,,,,,,,,,,,,,,,,,,,,,,,,,,,,,,,,,,,,,,,,,,,,,,,,,,,,,,,,,,,,,,,,,,,,,,,,,,,,,,,,,,,,,,,,,
EVT0000859,SUB00559,CNT00093,2023-07-13,8,Mobile,25,<25%,FALSE,TRUE,TRUE,HD,SES647447,0,,,,,,,,,,,,,,,,,,,,,,,,,,,,,,,,,,,,,,,,,,,,,,,,,,,,,,,,,,,,,,,,,,,,,,,,,,,,,,,,,,,,,,,,,,,,,,,,,,,,,,,,,,,,,,,,,,,,,,,,,
EVT0000860,SUB00491,CNT00097,2023-07-18,6,Tablet,114,100%,TRUE,FALSE,TRUE,SD,SES946489,1,,,,,,,,,,,,,,,,,,,,,,,,,,,,,,,,,,,,,,,,,,,,,,,,,,,,,,,,,,,,,,,,,,,,,,,,,,,,,,,,,,,,,,,,,,,,,,,,,,,,,,,,,,,,,,,,,,,,,,,,,
EVT0000861,SUB00413,CNT00066,2024-06-08,21,Roku,100,100%,TRUE,FALSE,TRUE,HD,SES975048,1,,,,,,,,,,,,,,,,,,,,,,,,,,,,,,,,,,,,,,,,,,,,,,,,,,,,,,,,,,,,,,,,,,,,,,,,,,,,,,,,,,,,,,,,,,,,,,,,,,,,,,,,,,,,,,,,,,,,,,,,,
EVT0000862,SUB00571,CNT00050,2024-05-21,17,Smart TV,120,50-75%,FALSE,TRUE,TRUE,HD,SES297216,0,,,,,,,,,,,,,,,,,,,,,,,,,,,,,,,,,,,,,,,,,,,,,,,,,,,,,,,,,,,,,,,,,,,,,,,,,,,,,,,,,,,,,,,,,,,,,,,,,,,,,,,,,,,,,,,,,,,,,,,,,
EVT0000863,SUB00585,CNT00046,2023-01-04,19,Fire TV,112,100%,TRUE,TRUE,TRUE,HD,SES189365,1,,,,,,,,,,,,,,,,,,,,,,,,,,,,,,,,,,,,,,,,,,,,,,,,,,,,,,,,,,,,,,,,,,,,,,,,,,,,,,,,,,,,,,,,,,,,,,,,,,,,,,,,,,,,,,,,,,,,,,,,,
EVT0000864,SUB00099,CNT00072,2023-05-18,10,Desktop,68,100%,TRUE,FALSE,FALSE,4K,SES225570,1,,,,,,,,,,,,,,,,,,,,,,,,,,,,,,,,,,,,,,,,,,,,,,,,,,,,,,,,,,,,,,,,,,,,,,,,,,,,,,,,,,,,,,,,,,,,,,,,,,,,,,,,,,,,,,,,,,,,,,,,,
EVT0000865,SUB00654,CNT00052,2023-02-03,19,Tablet,9,75-99%,FALSE,TRUE,TRUE,4K,SES797118,0,,,,,,,,,,,,,,,,,,,,,,,,,,,,,,,,,,,,,,,,,,,,,,,,,,,,,,,,,,,,,,,,,,,,,,,,,,,,,,,,,,,,,,,,,,,,,,,,,,,,,,,,,,,,,,,,,,,,,,,,,
EVT0000866,SUB00265,CNT00020,2023-05-21,19,Mobile,72,50-75%,FALSE,FALSE,TRUE,HD,SES423365,0,,,,,,,,,,,,,,,,,,,,,,,,,,,,,,,,,,,,,,,,,,,,,,,,,,,,,,,,,,,,,,,,,,,,,,,,,,,,,,,,,,,,,,,,,,,,,,,,,,,,,,,,,,,,,,,,,,,,,,,,,
EVT0000867,SUB00417,CNT00002,2023-11-04,8,Smart TV,72,50-75%,FALSE,FALSE,FALSE,SD,SES480142,0,,,,,,,,,,,,,,,,,,,,,,,,,,,,,,,,,,,,,,,,,,,,,,,,,,,,,,,,,,,,,,,,,,,,,,,,,,,,,,,,,,,,,,,,,,,,,,,,,,,,,,,,,,,,,,,,,,,,,,,,,
EVT0000868,SUB00098,CNT00099,2023-04-27,9,Smart TV,78,50-75%,FALSE,TRUE,FALSE,SD,SES342765,0,,,,,,,,,,,,,,,,,,,,,,,,,,,,,,,,,,,,,,,,,,,,,,,,,,,,,,,,,,,,,,,,,,,,,,,,,,,,,,,,,,,,,,,,,,,,,,,,,,,,,,,,,,,,,,,,,,,,,,,,,
EVT0000869,SUB00284,CNT00001,2023-02-20,23,Roku,116,100%,TRUE,FALSE,FALSE,4K,SES679198,1,,,,,,,,,,,,,,,,,,,,,,,,,,,,,,,,,,,,,,,,,,,,,,,,,,,,,,,,,,,,,,,,,,,,,,,,,,,,,,,,,,,,,,,,,,,,,,,,,,,,,,,,,,,,,,,,,,,,,,,,,
EVT0000870,SUB00103,CNT00097,2023-11-01,15,Desktop,16,100%,TRUE,FALSE,TRUE,4K,SES877093,1,,,,,,,,,,,,,,,,,,,,,,,,,,,,,,,,,,,,,,,,,,,,,,,,,,,,,,,,,,,,,,,,,,,,,,,,,,,,,,,,,,,,,,,,,,,,,,,,,,,,,,,,,,,,,,,,,,,,,,,,,
EVT0000871,SUB00141,CNT00034,2023-02-23,21,Mobile,65,25-50%,FALSE,FALSE,TRUE,HD,SES212083,0,,,,,,,,,,,,,,,,,,,,,,,,,,,,,,,,,,,,,,,,,,,,,,,,,,,,,,,,,,,,,,,,,,,,,,,,,,,,,,,,,,,,,,,,,,,,,,,,,,,,,,,,,,,,,,,,,,,,,,,,,
EVT0000872,SUB00163,CNT00072,2023-09-28,13,Mobile,47,100%,TRUE,TRUE,TRUE,HD,SES834734,1,,,,,,,,,,,,,,,,,,,,,,,,,,,,,,,,,,,,,,,,,,,,,,,,,,,,,,,,,,,,,,,,,,,,,,,,,,,,,,,,,,,,,,,,,,,,,,,,,,,,,,,,,,,,,,,,,,,,,,,,,
EVT0000873,SUB00646,CNT00061,2023-04-17,10,Smart TV,99,50-75%,FALSE,FALSE,FALSE,HD,SES527725,0,,,,,,,,,,,,,,,,,,,,,,,,,,,,,,,,,,,,,,,,,,,,,,,,,,,,,,,,,,,,,,,,,,,,,,,,,,,,,,,,,,,,,,,,,,,,,,,,,,,,,,,,,,,,,,,,,,,,,,,,,
EVT0000874,SUB00698,CNT00035,2023-01-06,12,Desktop,75,100%,TRUE,TRUE,TRUE,HD,SES321257,1,,,,,,,,,,,,,,,,,,,,,,,,,,,,,,,,,,,,,,,,,,,,,,,,,,,,,,,,,,,,,,,,,,,,,,,,,,,,,,,,,,,,,,,,,,,,,,,,,,,,,,,,,,,,,,,,,,,,,,,,,
EVT0000875,SUB00198,CNT00038,2024-02-02,18,Roku,57,50-75%,FALSE,FALSE,TRUE,4K,SES361127,0,,,,,,,,,,,,,,,,,,,,,,,,,,,,,,,,,,,,,,,,,,,,,,,,,,,,,,,,,,,,,,,,,,,,,,,,,,,,,,,,,,,,,,,,,,,,,,,,,,,,,,,,,,,,,,,,,,,,,,,,,
EVT0000876,SUB00431,CNT00064,2023-05-08,9,Desktop,80,75-99%,FALSE,TRUE,FALSE,4K,SES824880,0,,,,,,,,,,,,,,,,,,,,,,,,,,,,,,,,,,,,,,,,,,,,,,,,,,,,,,,,,,,,,,,,,,,,,,,,,,,,,,,,,,,,,,,,,,,,,,,,,,,,,,,,,,,,,,,,,,,,,,,,,
EVT0000877,SUB00591,CNT00035,2023-05-12,13,Smart TV,96,100%,TRUE,TRUE,TRUE,HD,SES881063,1,,,,,,,,,,,,,,,,,,,,,,,,,,,,,,,,,,,,,,,,,,,,,,,,,,,,,,,,,,,,,,,,,,,,,,,,,,,,,,,,,,,,,,,,,,,,,,,,,,,,,,,,,,,,,,,,,,,,,,,,,
EVT0000878,SUB00074,CNT00018,2023-02-17,14,Mobile,78,100%,TRUE,TRUE,FALSE,HD,SES852076,1,,,,,,,,,,,,,,,,,,,,,,,,,,,,,,,,,,,,,,,,,,,,,,,,,,,,,,,,,,,,,,,,,,,,,,,,,,,,,,,,,,,,,,,,,,,,,,,,,,,,,,,,,,,,,,,,,,,,,,,,,
EVT0000879,SUB00015,CNT00044,2023-04-24,10,Smart TV,97,50-75%,FALSE,FALSE,TRUE,4K,SES440904,0,,,,,,,,,,,,,,,,,,,,,,,,,,,,,,,,,,,,,,,,,,,,,,,,,,,,,,,,,,,,,,,,,,,,,,,,,,,,,,,,,,,,,,,,,,,,,,,,,,,,,,,,,,,,,,,,,,,,,,,,,
EVT0000880,SUB00388,CNT00088,2024-02-25,12,Fire TV,23,50-75%,FALSE,TRUE,TRUE,4K,SES297133,0,,,,,,,,,,,,,,,,,,,,,,,,,,,,,,,,,,,,,,,,,,,,,,,,,,,,,,,,,,,,,,,,,,,,,,,,,,,,,,,,,,,,,,,,,,,,,,,,,,,,,,,,,,,,,,,,,,,,,,,,,
EVT0000881,SUB00502,CNT00036,2023-09-06,14,Mobile,60,75-99%,FALSE,FALSE,TRUE,SD,SES919350,0,,,,,,,,,,,,,,,,,,,,,,,,,,,,,,,,,,,,,,,,,,,,,,,,,,,,,,,,,,,,,,,,,,,,,,,,,,,,,,,,,,,,,,,,,,,,,,,,,,,,,,,,,,,,,,,,,,,,,,,,,
EVT0000882,SUB00470,CNT00027,2023-03-03,15,Smart TV,41,75-99%,FALSE,FALSE,TRUE,HD,SES906411,0,,,,,,,,,,,,,,,,,,,,,,,,,,,,,,,,,,,,,,,,,,,,,,,,,,,,,,,,,,,,,,,,,,,,,,,,,,,,,,,,,,,,,,,,,,,,,,,,,,,,,,,,,,,,,,,,,,,,,,,,,
EVT0000883,SUB00485,CNT00068,2023-01-15,20,Tablet,43,<25%,FALSE,FALSE,TRUE,HD,SES310684,0,,,,,,,,,,,,,,,,,,,,,,,,,,,,,,,,,,,,,,,,,,,,,,,,,,,,,,,,,,,,,,,,,,,,,,,,,,,,,,,,,,,,,,,,,,,,,,,,,,,,,,,,,,,,,,,,,,,,,,,,,
EVT0000884,SUB00489,CNT00035,2023-10-10,13,Desktop,120,25-50%,FALSE,TRUE,TRUE,HD,SES776562,0,,,,,,,,,,,,,,,,,,,,,,,,,,,,,,,,,,,,,,,,,,,,,,,,,,,,,,,,,,,,,,,,,,,,,,,,,,,,,,,,,,,,,,,,,,,,,,,,,,,,,,,,,,,,,,,,,,,,,,,,,
EVT0000885,SUB00394,CNT00061,2024-05-12,10,Mobile,39,75-99%,FALSE,FALSE,TRUE,HD,SES367188,0,,,,,,,,,,,,,,,,,,,,,,,,,,,,,,,,,,,,,,,,,,,,,,,,,,,,,,,,,,,,,,,,,,,,,,,,,,,,,,,,,,,,,,,,,,,,,,,,,,,,,,,,,,,,,,,,,,,,,,,,,
EVT0000886,SUB00279,CNT00067,2023-04-12,18,Mobile,13,100%,TRUE,FALSE,TRUE,HD,SES396551,1,,,,,,,,,,,,,,,,,,,,,,,,,,,,,,,,,,,,,,,,,,,,,,,,,,,,,,,,,,,,,,,,,,,,,,,,,,,,,,,,,,,,,,,,,,,,,,,,,,,,,,,,,,,,,,,,,,,,,,,,,
EVT0000887,SUB00251,CNT00086,2023-09-16,22,Smart TV,85,100%,TRUE,FALSE,FALSE,SD,SES256338,1,,,,,,,,,,,,,,,,,,,,,,,,,,,,,,,,,,,,,,,,,,,,,,,,,,,,,,,,,,,,,,,,,,,,,,,,,,,,,,,,,,,,,,,,,,,,,,,,,,,,,,,,,,,,,,,,,,,,,,,,,
EVT0000888,SUB00336,CNT00099,2023-01-21,16,Mobile,66,100%,TRUE,TRUE,TRUE,SD,SES868206,1,,,,,,,,,,,,,,,,,,,,,,,,,,,,,,,,,,,,,,,,,,,,,,,,,,,,,,,,,,,,,,,,,,,,,,,,,,,,,,,,,,,,,,,,,,,,,,,,,,,,,,,,,,,,,,,,,,,,,,,,,
EVT0000889,SUB00436,CNT00086,2023-11-10,12,Fire TV,56,50-75%,FALSE,FALSE,FALSE,HD,SES691419,0,,,,,,,,,,,,,,,,,,,,,,,,,,,,,,,,,,,,,,,,,,,,,,,,,,,,,,,,,,,,,,,,,,,,,,,,,,,,,,,,,,,,,,,,,,,,,,,,,,,,,,,,,,,,,,,,,,,,,,,,,
EVT0000890,SUB00099,CNT00074,2024-01-01,13,Tablet,10,25-50%,FALSE,FALSE,TRUE,HD,SES895792,0,,,,,,,,,,,,,,,,,,,,,,,,,,,,,,,,,,,,,,,,,,,,,,,,,,,,,,,,,,,,,,,,,,,,,,,,,,,,,,,,,,,,,,,,,,,,,,,,,,,,,,,,,,,,,,,,,,,,,,,,,
EVT0000891,SUB00546,CNT00025,2023-09-04,23,Mobile,93,75-99%,FALSE,TRUE,TRUE,HD,SES243650,0,,,,,,,,,,,,,,,,,,,,,,,,,,,,,,,,,,,,,,,,,,,,,,,,,,,,,,,,,,,,,,,,,,,,,,,,,,,,,,,,,,,,,,,,,,,,,,,,,,,,,,,,,,,,,,,,,,,,,,,,,
EVT0000892,SUB00421,CNT00027,2023-08-25,23,Fire TV,14,75-99%,FALSE,TRUE,FALSE,HD,SES562716,0,,,,,,,,,,,,,,,,,,,,,,,,,,,,,,,,,,,,,,,,,,,,,,,,,,,,,,,,,,,,,,,,,,,,,,,,,,,,,,,,,,,,,,,,,,,,,,,,,,,,,,,,,,,,,,,,,,,,,,,,,
EVT0000893,SUB00227,CNT00028,2023-05-19,7,Tablet,6,75-99%,FALSE,FALSE,TRUE,SD,SES394032,0,,,,,,,,,,,,,,,,,,,,,,,,,,,,,,,,,,,,,,,,,,,,,,,,,,,,,,,,,,,,,,,,,,,,,,,,,,,,,,,,,,,,,,,,,,,,,,,,,,,,,,,,,,,,,,,,,,,,,,,,,
EVT0000894,SUB00215,CNT00026,2024-04-05,8,Tablet,106,100%,TRUE,FALSE,FALSE,HD,SES146316,1,,,,,,,,,,,,,,,,,,,,,,,,,,,,,,,,,,,,,,,,,,,,,,,,,,,,,,,,,,,,,,,,,,,,,,,,,,,,,,,,,,,,,,,,,,,,,,,,,,,,,,,,,,,,,,,,,,,,,,,,,
EVT0000895,SUB00284,CNT00085,2024-05-02,6,Desktop,109,100%,TRUE,TRUE,TRUE,4K,SES204955,1,,,,,,,,,,,,,,,,,,,,,,,,,,,,,,,,,,,,,,,,,,,,,,,,,,,,,,,,,,,,,,,,,,,,,,,,,,,,,,,,,,,,,,,,,,,,,,,,,,,,,,,,,,,,,,,,,,,,,,,,,
EVT0000896,SUB00516,CNT00074,2023-04-01,19,Fire TV,49,50-75%,FALSE,FALSE,TRUE,HD,SES829744,0,,,,,,,,,,,,,,,,,,,,,,,,,,,,,,,,,,,,,,,,,,,,,,,,,,,,,,,,,,,,,,,,,,,,,,,,,,,,,,,,,,,,,,,,,,,,,,,,,,,,,,,,,,,,,,,,,,,,,,,,,
EVT0000897,SUB00028,CNT00081,2023-06-18,14,Smart TV,27,100%,TRUE,TRUE,TRUE,SD,SES868019,1,,,,,,,,,,,,,,,,,,,,,,,,,,,,,,,,,,,,,,,,,,,,,,,,,,,,,,,,,,,,,,,,,,,,,,,,,,,,,,,,,,,,,,,,,,,,,,,,,,,,,,,,,,,,,,,,,,,,,,,,,
EVT0000898,SUB00201,CNT00026,2023-07-03,20,Mobile,89,25-50%,FALSE,FALSE,TRUE,HD,SES241049,0,,,,,,,,,,,,,,,,,,,,,,,,,,,,,,,,,,,,,,,,,,,,,,,,,,,,,,,,,,,,,,,,,,,,,,,,,,,,,,,,,,,,,,,,,,,,,,,,,,,,,,,,,,,,,,,,,,,,,,,,,
EVT0000899,SUB00121,CNT00093,2023-02-02,15,Fire TV,60,50-75%,FALSE,TRUE,FALSE,SD,SES974113,0,,,,,,,,,,,,,,,,,,,,,,,,,,,,,,,,,,,,,,,,,,,,,,,,,,,,,,,,,,,,,,,,,,,,,,,,,,,,,,,,,,,,,,,,,,,,,,,,,,,,,,,,,,,,,,,,,,,,,,,,,
EVT0000900,SUB00486,CNT00021,2023-06-12,23,Smart TV,92,75-99%,FALSE,FALSE,TRUE,SD,SES901549,0,,,,,,,,,,,,,,,,,,,,,,,,,,,,,,,,,,,,,,,,,,,,,,,,,,,,,,,,,,,,,,,,,,,,,,,,,,,,,,,,,,,,,,,,,,,,,,,,,,,,,,,,,,,,,,,,,,,,,,,,,
EVT0000901,SUB00217,CNT00072,2023-06-11,13,Fire TV,109,25-50%,FALSE,TRUE,TRUE,HD,SES848392,0,,,,,,,,,,,,,,,,,,,,,,,,,,,,,,,,,,,,,,,,,,,,,,,,,,,,,,,,,,,,,,,,,,,,,,,,,,,,,,,,,,,,,,,,,,,,,,,,,,,,,,,,,,,,,,,,,,,,,,,,,
EVT0000902,SUB00606,CNT00075,2024-06-27,20,Smart TV,111,100%,TRUE,FALSE,FALSE,HD,SES326059,1,,,,,,,,,,,,,,,,,,,,,,,,,,,,,,,,,,,,,,,,,,,,,,,,,,,,,,,,,,,,,,,,,,,,,,,,,,,,,,,,,,,,,,,,,,,,,,,,,,,,,,,,,,,,,,,,,,,,,,,,,
EVT0000903,SUB00436,CNT00088,2024-04-04,14,Tablet,38,100%,TRUE,FALSE,TRUE,SD,SES305803,1,,,,,,,,,,,,,,,,,,,,,,,,,,,,,,,,,,,,,,,,,,,,,,,,,,,,,,,,,,,,,,,,,,,,,,,,,,,,,,,,,,,,,,,,,,,,,,,,,,,,,,,,,,,,,,,,,,,,,,,,,
EVT0000904,SUB00303,CNT00060,2024-02-20,8,Roku,19,75-99%,FALSE,FALSE,TRUE,SD,SES340897,0,,,,,,,,,,,,,,,,,,,,,,,,,,,,,,,,,,,,,,,,,,,,,,,,,,,,,,,,,,,,,,,,,,,,,,,,,,,,,,,,,,,,,,,,,,,,,,,,,,,,,,,,,,,,,,,,,,,,,,,,,
EVT0000905,SUB00116,CNT00051,2024-06-30,10,Mobile,71,100%,TRUE,TRUE,FALSE,HD,SES937752,1,,,,,,,,,,,,,,,,,,,,,,,,,,,,,,,,,,,,,,,,,,,,,,,,,,,,,,,,,,,,,,,,,,,,,,,,,,,,,,,,,,,,,,,,,,,,,,,,,,,,,,,,,,,,,,,,,,,,,,,,,
EVT0000906,SUB00247,CNT00066,2023-05-10,23,Mobile,35,100%,TRUE,FALSE,FALSE,SD,SES455584,1,,,,,,,,,,,,,,,,,,,,,,,,,,,,,,,,,,,,,,,,,,,,,,,,,,,,,,,,,,,,,,,,,,,,,,,,,,,,,,,,,,,,,,,,,,,,,,,,,,,,,,,,,,,,,,,,,,,,,,,,,
EVT0000907,SUB00551,CNT00029,2024-06-21,10,Smart TV,10,50-75%,FALSE,FALSE,TRUE,HD,SES246499,0,,,,,,,,,,,,,,,,,,,,,,,,,,,,,,,,,,,,,,,,,,,,,,,,,,,,,,,,,,,,,,,,,,,,,,,,,,,,,,,,,,,,,,,,,,,,,,,,,,,,,,,,,,,,,,,,,,,,,,,,,
EVT0000908,SUB00652,CNT00036,2023-08-14,8,Desktop,97,100%,TRUE,FALSE,FALSE,SD,SES873577,1,,,,,,,,,,,,,,,,,,,,,,,,,,,,,,,,,,,,,,,,,,,,,,,,,,,,,,,,,,,,,,,,,,,,,,,,,,,,,,,,,,,,,,,,,,,,,,,,,,,,,,,,,,,,,,,,,,,,,,,,,
EVT0000909,SUB00472,CNT00030,2023-11-26,16,Mobile,9,100%,TRUE,TRUE,TRUE,SD,SES948924,1,,,,,,,,,,,,,,,,,,,,,,,,,,,,,,,,,,,,,,,,,,,,,,,,,,,,,,,,,,,,,,,,,,,,,,,,,,,,,,,,,,,,,,,,,,,,,,,,,,,,,,,,,,,,,,,,,,,,,,,,,
EVT0000910,SUB00086,CNT00083,2023-02-01,8,Mobile,93,100%,TRUE,TRUE,TRUE,SD,SES560302,1,,,,,,,,,,,,,,,,,,,,,,,,,,,,,,,,,,,,,,,,,,,,,,,,,,,,,,,,,,,,,,,,,,,,,,,,,,,,,,,,,,,,,,,,,,,,,,,,,,,,,,,,,,,,,,,,,,,,,,,,,
EVT0000911,SUB00059,CNT00096,2024-01-16,6,Fire TV,24,100%,TRUE,FALSE,TRUE,HD,SES804830,1,,,,,,,,,,,,,,,,,,,,,,,,,,,,,,,,,,,,,,,,,,,,,,,,,,,,,,,,,,,,,,,,,,,,,,,,,,,,,,,,,,,,,,,,,,,,,,,,,,,,,,,,,,,,,,,,,,,,,,,,,
EVT0000912,SUB00517,CNT00097,2023-04-28,11,Mobile,74,50-75%,FALSE,TRUE,FALSE,HD,SES666245,0,,,,,,,,,,,,,,,,,,,,,,,,,,,,,,,,,,,,,,,,,,,,,,,,,,,,,,,,,,,,,,,,,,,,,,,,,,,,,,,,,,,,,,,,,,,,,,,,,,,,,,,,,,,,,,,,,,,,,,,,,
EVT0000913,SUB00295,CNT00099,2024-05-03,11,Tablet,69,<25%,FALSE,FALSE,TRUE,4K,SES497877,0,,,,,,,,,,,,,,,,,,,,,,,,,,,,,,,,,,,,,,,,,,,,,,,,,,,,,,,,,,,,,,,,,,,,,,,,,,,,,,,,,,,,,,,,,,,,,,,,,,,,,,,,,,,,,,,,,,,,,,,,,
EVT0000914,SUB00042,CNT00060,2024-04-25,7,Mobile,89,<25%,FALSE,FALSE,TRUE,HD,SES462127,0,,,,,,,,,,,,,,,,,,,,,,,,,,,,,,,,,,,,,,,,,,,,,,,,,,,,,,,,,,,,,,,,,,,,,,,,,,,,,,,,,,,,,,,,,,,,,,,,,,,,,,,,,,,,,,,,,,,,,,,,,
EVT0000915,SUB00091,CNT00059,2023-12-16,10,Desktop,53,50-75%,FALSE,FALSE,TRUE,HD,SES533032,0,,,,,,,,,,,,,,,,,,,,,,,,,,,,,,,,,,,,,,,,,,,,,,,,,,,,,,,,,,,,,,,,,,,,,,,,,,,,,,,,,,,,,,,,,,,,,,,,,,,,,,,,,,,,,,,,,,,,,,,,,
EVT0000916,SUB00276,CNT00042,2023-06-02,7,Tablet,44,75-99%,FALSE,TRUE,FALSE,HD,SES865040,0,,,,,,,,,,,,,,,,,,,,,,,,,,,,,,,,,,,,,,,,,,,,,,,,,,,,,,,,,,,,,,,,,,,,,,,,,,,,,,,,,,,,,,,,,,,,,,,,,,,,,,,,,,,,,,,,,,,,,,,,,
EVT0000917,SUB00566,CNT00081,2023-02-12,19,Smart TV,35,75-99%,FALSE,FALSE,FALSE,HD,SES685380,0,,,,,,,,,,,,,,,,,,,,,,,,,,,,,,,,,,,,,,,,,,,,,,,,,,,,,,,,,,,,,,,,,,,,,,,,,,,,,,,,,,,,,,,,,,,,,,,,,,,,,,,,,,,,,,,,,,,,,,,,,
EVT0000918,SUB00633,CNT00005,2024-04-16,22,Smart TV,21,100%,TRUE,TRUE,TRUE,4K,SES940951,1,,,,,,,,,,,,,,,,,,,,,,,,,,,,,,,,,,,,,,,,,,,,,,,,,,,,,,,,,,,,,,,,,,,,,,,,,,,,,,,,,,,,,,,,,,,,,,,,,,,,,,,,,,,,,,,,,,,,,,,,,
EVT0000919,SUB00126,CNT00033,2023-02-18,9,Roku,72,100%,TRUE,FALSE,TRUE,4K,SES755966,1,,,,,,,,,,,,,,,,,,,,,,,,,,,,,,,,,,,,,,,,,,,,,,,,,,,,,,,,,,,,,,,,,,,,,,,,,,,,,,,,,,,,,,,,,,,,,,,,,,,,,,,,,,,,,,,,,,,,,,,,,
EVT0000920,SUB00660,CNT00056,2023-09-22,13,Roku,29,75-99%,FALSE,FALSE,FALSE,HD,SES653985,0,,,,,,,,,,,,,,,,,,,,,,,,,,,,,,,,,,,,,,,,,,,,,,,,,,,,,,,,,,,,,,,,,,,,,,,,,,,,,,,,,,,,,,,,,,,,,,,,,,,,,,,,,,,,,,,,,,,,,,,,,
EVT0000921,SUB00410,CNT00020,2023-03-07,10,Fire TV,56,100%,TRUE,FALSE,FALSE,4K,SES861255,1,,,,,,,,,,,,,,,,,,,,,,,,,,,,,,,,,,,,,,,,,,,,,,,,,,,,,,,,,,,,,,,,,,,,,,,,,,,,,,,,,,,,,,,,,,,,,,,,,,,,,,,,,,,,,,,,,,,,,,,,,
EVT0000922,SUB00535,CNT00086,2023-06-24,15,Desktop,43,100%,TRUE,TRUE,TRUE,HD,SES540191,1,,,,,,,,,,,,,,,,,,,,,,,,,,,,,,,,,,,,,,,,,,,,,,,,,,,,,,,,,,,,,,,,,,,,,,,,,,,,,,,,,,,,,,,,,,,,,,,,,,,,,,,,,,,,,,,,,,,,,,,,,
EVT0000923,SUB00378,CNT00068,2023-05-14,9,Tablet,104,75-99%,FALSE,FALSE,TRUE,HD,SES142759,0,,,,,,,,,,,,,,,,,,,,,,,,,,,,,,,,,,,,,,,,,,,,,,,,,,,,,,,,,,,,,,,,,,,,,,,,,,,,,,,,,,,,,,,,,,,,,,,,,,,,,,,,,,,,,,,,,,,,,,,,,
EVT0000924,SUB00299,CNT00081,2024-02-04,17,Tablet,101,75-99%,FALSE,FALSE,TRUE,HD,SES522868,0,,,,,,,,,,,,,,,,,,,,,,,,,,,,,,,,,,,,,,,,,,,,,,,,,,,,,,,,,,,,,,,,,,,,,,,,,,,,,,,,,,,,,,,,,,,,,,,,,,,,,,,,,,,,,,,,,,,,,,,,,
EVT0000925,SUB00692,CNT00060,2023-08-23,15,Smart TV,115,100%,TRUE,FALSE,TRUE,SD,SES592654,1,,,,,,,,,,,,,,,,,,,,,,,,,,,,,,,,,,,,,,,,,,,,,,,,,,,,,,,,,,,,,,,,,,,,,,,,,,,,,,,,,,,,,,,,,,,,,,,,,,,,,,,,,,,,,,,,,,,,,,,,,
EVT0000926,SUB00316,CNT00036,2024-01-22,22,Roku,109,100%,TRUE,FALSE,FALSE,SD,SES909539,1,,,,,,,,,,,,,,,,,,,,,,,,,,,,,,,,,,,,,,,,,,,,,,,,,,,,,,,,,,,,,,,,,,,,,,,,,,,,,,,,,,,,,,,,,,,,,,,,,,,,,,,,,,,,,,,,,,,,,,,,,
EVT0000927,SUB00112,CNT00027,2023-08-20,14,Tablet,97,100%,TRUE,TRUE,TRUE,HD,SES972156,1,,,,,,,,,,,,,,,,,,,,,,,,,,,,,,,,,,,,,,,,,,,,,,,,,,,,,,,,,,,,,,,,,,,,,,,,,,,,,,,,,,,,,,,,,,,,,,,,,,,,,,,,,,,,,,,,,,,,,,,,,
EVT0000928,SUB00690,CNT00005,2023-03-05,7,Tablet,35,50-75%,FALSE,TRUE,TRUE,HD,SES902209,0,,,,,,,,,,,,,,,,,,,,,,,,,,,,,,,,,,,,,,,,,,,,,,,,,,,,,,,,,,,,,,,,,,,,,,,,,,,,,,,,,,,,,,,,,,,,,,,,,,,,,,,,,,,,,,,,,,,,,,,,,
EVT0000929,SUB00199,CNT00033,2023-12-30,9,Desktop,98,100%,TRUE,TRUE,TRUE,SD,SES194432,1,,,,,,,,,,,,,,,,,,,,,,,,,,,,,,,,,,,,,,,,,,,,,,,,,,,,,,,,,,,,,,,,,,,,,,,,,,,,,,,,,,,,,,,,,,,,,,,,,,,,,,,,,,,,,,,,,,,,,,,,,
EVT0000930,SUB00615,CNT00060,2023-04-07,9,Roku,11,100%,TRUE,FALSE,TRUE,HD,SES722138,1,,,,,,,,,,,,,,,,,,,,,,,,,,,,,,,,,,,,,,,,,,,,,,,,,,,,,,,,,,,,,,,,,,,,,,,,,,,,,,,,,,,,,,,,,,,,,,,,,,,,,,,,,,,,,,,,,,,,,,,,,
EVT0000931,SUB00647,CNT00064,2023-04-04,18,Fire TV,46,50-75%,FALSE,TRUE,TRUE,HD,SES996336,0,,,,,,,,,,,,,,,,,,,,,,,,,,,,,,,,,,,,,,,,,,,,,,,,,,,,,,,,,,,,,,,,,,,,,,,,,,,,,,,,,,,,,,,,,,,,,,,,,,,,,,,,,,,,,,,,,,,,,,,,,
EVT0000932,SUB00079,CNT00097,2023-02-05,22,Desktop,102,100%,TRUE,FALSE,TRUE,SD,SES584141,1,,,,,,,,,,,,,,,,,,,,,,,,,,,,,,,,,,,,,,,,,,,,,,,,,,,,,,,,,,,,,,,,,,,,,,,,,,,,,,,,,,,,,,,,,,,,,,,,,,,,,,,,,,,,,,,,,,,,,,,,,
EVT0000933,SUB00417,CNT00093,2024-05-27,6,Mobile,28,100%,TRUE,TRUE,TRUE,SD,SES714560,1,,,,,,,,,,,,,,,,,,,,,,,,,,,,,,,,,,,,,,,,,,,,,,,,,,,,,,,,,,,,,,,,,,,,,,,,,,,,,,,,,,,,,,,,,,,,,,,,,,,,,,,,,,,,,,,,,,,,,,,,,
EVT0000934,SUB00343,CNT00015,2023-04-20,22,Mobile,36,75-99%,FALSE,FALSE,TRUE,4K,SES595214,0,,,,,,,,,,,,,,,,,,,,,,,,,,,,,,,,,,,,,,,,,,,,,,,,,,,,,,,,,,,,,,,,,,,,,,,,,,,,,,,,,,,,,,,,,,,,,,,,,,,,,,,,,,,,,,,,,,,,,,,,,
EVT0000935,SUB00271,CNT00077,2024-05-24,19,Mobile,117,25-50%,FALSE,FALSE,FALSE,HD,SES510791,0,,,,,,,,,,,,,,,,,,,,,,,,,,,,,,,,,,,,,,,,,,,,,,,,,,,,,,,,,,,,,,,,,,,,,,,,,,,,,,,,,,,,,,,,,,,,,,,,,,,,,,,,,,,,,,,,,,,,,,,,,
EVT0000936,SUB00625,CNT00018,2024-01-12,8,Tablet,82,100%,TRUE,TRUE,TRUE,HD,SES770342,1,,,,,,,,,,,,,,,,,,,,,,,,,,,,,,,,,,,,,,,,,,,,,,,,,,,,,,,,,,,,,,,,,,,,,,,,,,,,,,,,,,,,,,,,,,,,,,,,,,,,,,,,,,,,,,,,,,,,,,,,,
EVT0000937,SUB00112,CNT00029,2023-10-21,22,Desktop,48,50-75%,FALSE,TRUE,FALSE,HD,SES893269,0,,,,,,,,,,,,,,,,,,,,,,,,,,,,,,,,,,,,,,,,,,,,,,,,,,,,,,,,,,,,,,,,,,,,,,,,,,,,,,,,,,,,,,,,,,,,,,,,,,,,,,,,,,,,,,,,,,,,,,,,,
EVT0000938,SUB00200,CNT00081,2024-02-22,12,Roku,82,25-50%,FALSE,FALSE,TRUE,SD,SES351807,0,,,,,,,,,,,,,,,,,,,,,,,,,,,,,,,,,,,,,,,,,,,,,,,,,,,,,,,,,,,,,,,,,,,,,,,,,,,,,,,,,,,,,,,,,,,,,,,,,,,,,,,,,,,,,,,,,,,,,,,,,
EVT0000939,SUB00282,CNT00002,2024-04-07,14,Mobile,94,<25%,FALSE,FALSE,FALSE,4K,SES236369,0,,,,,,,,,,,,,,,,,,,,,,,,,,,,,,,,,,,,,,,,,,,,,,,,,,,,,,,,,,,,,,,,,,,,,,,,,,,,,,,,,,,,,,,,,,,,,,,,,,,,,,,,,,,,,,,,,,,,,,,,,
EVT0000940,SUB00549,CNT00096,2024-06-16,17,Fire TV,7,<25%,FALSE,FALSE,TRUE,HD,SES514708,0,,,,,,,,,,,,,,,,,,,,,,,,,,,,,,,,,,,,,,,,,,,,,,,,,,,,,,,,,,,,,,,,,,,,,,,,,,,,,,,,,,,,,,,,,,,,,,,,,,,,,,,,,,,,,,,,,,,,,,,,,
EVT0000941,SUB00446,CNT00096,2024-03-14,9,Mobile,100,<25%,FALSE,TRUE,TRUE,SD,SES144206,0,,,,,,,,,,,,,,,,,,,,,,,,,,,,,,,,,,,,,,,,,,,,,,,,,,,,,,,,,,,,,,,,,,,,,,,,,,,,,,,,,,,,,,,,,,,,,,,,,,,,,,,,,,,,,,,,,,,,,,,,,
EVT0000942,SUB00057,CNT00027,2023-07-17,18,Roku,16,75-99%,FALSE,TRUE,TRUE,HD,SES818178,0,,,,,,,,,,,,,,,,,,,,,,,,,,,,,,,,,,,,,,,,,,,,,,,,,,,,,,,,,,,,,,,,,,,,,,,,,,,,,,,,,,,,,,,,,,,,,,,,,,,,,,,,,,,,,,,,,,,,,,,,,
EVT0000943,SUB00075,CNT00082,2024-04-11,11,Smart TV,37,50-75%,FALSE,FALSE,TRUE,SD,SES957103,0,,,,,,,,,,,,,,,,,,,,,,,,,,,,,,,,,,,,,,,,,,,,,,,,,,,,,,,,,,,,,,,,,,,,,,,,,,,,,,,,,,,,,,,,,,,,,,,,,,,,,,,,,,,,,,,,,,,,,,,,,
EVT0000944,SUB00522,CNT00056,2024-03-16,21,Fire TV,113,100%,TRUE,FALSE,TRUE,HD,SES775441,1,,,,,,,,,,,,,,,,,,,,,,,,,,,,,,,,,,,,,,,,,,,,,,,,,,,,,,,,,,,,,,,,,,,,,,,,,,,,,,,,,,,,,,,,,,,,,,,,,,,,,,,,,,,,,,,,,,,,,,,,,
EVT0000945,SUB00637,CNT00050,2023-05-27,15,Fire TV,10,100%,TRUE,TRUE,TRUE,4K,SES681467,1,,,,,,,,,,,,,,,,,,,,,,,,,,,,,,,,,,,,,,,,,,,,,,,,,,,,,,,,,,,,,,,,,,,,,,,,,,,,,,,,,,,,,,,,,,,,,,,,,,,,,,,,,,,,,,,,,,,,,,,,,
EVT0000946,SUB00541,CNT00100,2023-01-06,15,Smart TV,66,25-50%,FALSE,FALSE,FALSE,HD,SES243125,0,,,,,,,,,,,,,,,,,,,,,,,,,,,,,,,,,,,,,,,,,,,,,,,,,,,,,,,,,,,,,,,,,,,,,,,,,,,,,,,,,,,,,,,,,,,,,,,,,,,,,,,,,,,,,,,,,,,,,,,,,
EVT0000947,SUB00048,CNT00071,2024-02-22,9,Mobile,18,100%,TRUE,FALSE,TRUE,HD,SES824679,1,,,,,,,,,,,,,,,,,,,,,,,,,,,,,,,,,,,,,,,,,,,,,,,,,,,,,,,,,,,,,,,,,,,,,,,,,,,,,,,,,,,,,,,,,,,,,,,,,,,,,,,,,,,,,,,,,,,,,,,,,
EVT0000948,SUB00621,CNT00065,2023-01-19,8,Tablet,41,75-99%,FALSE,FALSE,TRUE,SD,SES849367,0,,,,,,,,,,,,,,,,,,,,,,,,,,,,,,,,,,,,,,,,,,,,,,,,,,,,,,,,,,,,,,,,,,,,,,,,,,,,,,,,,,,,,,,,,,,,,,,,,,,,,,,,,,,,,,,,,,,,,,,,,
EVT0000949,SUB00262,CNT00022,2024-04-08,19,Roku,78,75-99%,FALSE,FALSE,FALSE,4K,SES970613,0,,,,,,,,,,,,,,,,,,,,,,,,,,,,,,,,,,,,,,,,,,,,,,,,,,,,,,,,,,,,,,,,,,,,,,,,,,,,,,,,,,,,,,,,,,,,,,,,,,,,,,,,,,,,,,,,,,,,,,,,,
EVT0000950,SUB00092,CNT00038,2024-04-12,17,Roku,54,25-50%,FALSE,FALSE,FALSE,HD,SES254069,0,,,,,,,,,,,,,,,,,,,,,,,,,,,,,,,,,,,,,,,,,,,,,,,,,,,,,,,,,,,,,,,,,,,,,,,,,,,,,,,,,,,,,,,,,,,,,,,,,,,,,,,,,,,,,,,,,,,,,,,,,
EVT0000951,SUB00579,CNT00034,2023-12-05,15,Roku,84,100%,TRUE,TRUE,TRUE,HD,SES213618,1,,,,,,,,,,,,,,,,,,,,,,,,,,,,,,,,,,,,,,,,,,,,,,,,,,,,,,,,,,,,,,,,,,,,,,,,,,,,,,,,,,,,,,,,,,,,,,,,,,,,,,,,,,,,,,,,,,,,,,,,,
EVT0000952,SUB00229,CNT00048,2023-07-09,19,Desktop,77,100%,TRUE,FALSE,TRUE,HD,SES752442,1,,,,,,,,,,,,,,,,,,,,,,,,,,,,,,,,,,,,,,,,,,,,,,,,,,,,,,,,,,,,,,,,,,,,,,,,,,,,,,,,,,,,,,,,,,,,,,,,,,,,,,,,,,,,,,,,,,,,,,,,,
EVT0000953,SUB00572,CNT00051,2023-01-24,20,Desktop,119,100%,TRUE,TRUE,FALSE,HD,SES282362,1,,,,,,,,,,,,,,,,,,,,,,,,,,,,,,,,,,,,,,,,,,,,,,,,,,,,,,,,,,,,,,,,,,,,,,,,,,,,,,,,,,,,,,,,,,,,,,,,,,,,,,,,,,,,,,,,,,,,,,,,,
EVT0000954,SUB00317,CNT00093,2023-08-10,13,Tablet,90,50-75%,FALSE,FALSE,FALSE,4K,SES781773,0,,,,,,,,,,,,,,,,,,,,,,,,,,,,,,,,,,,,,,,,,,,,,,,,,,,,,,,,,,,,,,,,,,,,,,,,,,,,,,,,,,,,,,,,,,,,,,,,,,,,,,,,,,,,,,,,,,,,,,,,,
EVT0000955,SUB00533,CNT00098,2023-09-07,6,Tablet,110,100%,TRUE,TRUE,TRUE,HD,SES795817,1,,,,,,,,,,,,,,,,,,,,,,,,,,,,,,,,,,,,,,,,,,,,,,,,,,,,,,,,,,,,,,,,,,,,,,,,,,,,,,,,,,,,,,,,,,,,,,,,,,,,,,,,,,,,,,,,,,,,,,,,,
EVT0000956,SUB00146,CNT00073,2023-05-01,16,Mobile,75,100%,TRUE,TRUE,TRUE,HD,SES900173,1,,,,,,,,,,,,,,,,,,,,,,,,,,,,,,,,,,,,,,,,,,,,,,,,,,,,,,,,,,,,,,,,,,,,,,,,,,,,,,,,,,,,,,,,,,,,,,,,,,,,,,,,,,,,,,,,,,,,,,,,,
EVT0000957,SUB00558,CNT00056,2024-01-03,8,Roku,53,100%,TRUE,FALSE,TRUE,4K,SES526691,1,,,,,,,,,,,,,,,,,,,,,,,,,,,,,,,,,,,,,,,,,,,,,,,,,,,,,,,,,,,,,,,,,,,,,,,,,,,,,,,,,,,,,,,,,,,,,,,,,,,,,,,,,,,,,,,,,,,,,,,,,
EVT0000958,SUB00222,CNT00094,2023-03-16,9,Fire TV,111,100%,TRUE,FALSE,TRUE,HD,SES946444,1,,,,,,,,,,,,,,,,,,,,,,,,,,,,,,,,,,,,,,,,,,,,,,,,,,,,,,,,,,,,,,,,,,,,,,,,,,,,,,,,,,,,,,,,,,,,,,,,,,,,,,,,,,,,,,,,,,,,,,,,,
EVT0000959,SUB00322,CNT00097,2024-06-25,12,Tablet,56,25-50%,FALSE,FALSE,TRUE,HD,SES716155,0,,,,,,,,,,,,,,,,,,,,,,,,,,,,,,,,,,,,,,,,,,,,,,,,,,,,,,,,,,,,,,,,,,,,,,,,,,,,,,,,,,,,,,,,,,,,,,,,,,,,,,,,,,,,,,,,,,,,,,,,,
EVT0000960,SUB00522,CNT00098,2023-11-15,6,Smart TV,66,<25%,FALSE,TRUE,TRUE,SD,SES800151,0,,,,,,,,,,,,,,,,,,,,,,,,,,,,,,,,,,,,,,,,,,,,,,,,,,,,,,,,,,,,,,,,,,,,,,,,,,,,,,,,,,,,,,,,,,,,,,,,,,,,,,,,,,,,,,,,,,,,,,,,,
EVT0000961,SUB00445,CNT00050,2024-06-10,7,Mobile,111,<25%,FALSE,FALSE,FALSE,HD,SES178702,0,,,,,,,,,,,,,,,,,,,,,,,,,,,,,,,,,,,,,,,,,,,,,,,,,,,,,,,,,,,,,,,,,,,,,,,,,,,,,,,,,,,,,,,,,,,,,,,,,,,,,,,,,,,,,,,,,,,,,,,,,
EVT0000962,SUB00685,CNT00071,2023-03-25,6,Mobile,13,100%,TRUE,FALSE,FALSE,SD,SES741799,1,,,,,,,,,,,,,,,,,,,,,,,,,,,,,,,,,,,,,,,,,,,,,,,,,,,,,,,,,,,,,,,,,,,,,,,,,,,,,,,,,,,,,,,,,,,,,,,,,,,,,,,,,,,,,,,,,,,,,,,,,
EVT0000963,SUB00083,CNT00064,2023-10-13,16,Mobile,63,<25%,FALSE,FALSE,TRUE,HD,SES305415,0,,,,,,,,,,,,,,,,,,,,,,,,,,,,,,,,,,,,,,,,,,,,,,,,,,,,,,,,,,,,,,,,,,,,,,,,,,,,,,,,,,,,,,,,,,,,,,,,,,,,,,,,,,,,,,,,,,,,,,,,,
EVT0000964,SUB00658,CNT00019,2024-03-29,17,Smart TV,86,<25%,FALSE,FALSE,TRUE,SD,SES619326,0,,,,,,,,,,,,,,,,,,,,,,,,,,,,,,,,,,,,,,,,,,,,,,,,,,,,,,,,,,,,,,,,,,,,,,,,,,,,,,,,,,,,,,,,,,,,,,,,,,,,,,,,,,,,,,,,,,,,,,,,,
EVT0000965,SUB00454,CNT00051,2024-03-27,20,Smart TV,97,25-50%,FALSE,FALSE,TRUE,HD,SES725278,0,,,,,,,,,,,,,,,,,,,,,,,,,,,,,,,,,,,,,,,,,,,,,,,,,,,,,,,,,,,,,,,,,,,,,,,,,,,,,,,,,,,,,,,,,,,,,,,,,,,,,,,,,,,,,,,,,,,,,,,,,
EVT0000966,SUB00353,CNT00086,2023-05-21,21,Fire TV,85,<25%,FALSE,FALSE,TRUE,SD,SES268791,0,,,,,,,,,,,,,,,,,,,,,,,,,,,,,,,,,,,,,,,,,,,,,,,,,,,,,,,,,,,,,,,,,,,,,,,,,,,,,,,,,,,,,,,,,,,,,,,,,,,,,,,,,,,,,,,,,,,,,,,,,
EVT0000967,SUB00270,CNT00069,2023-03-10,14,Mobile,29,100%,TRUE,TRUE,TRUE,HD,SES343388,1,,,,,,,,,,,,,,,,,,,,,,,,,,,,,,,,,,,,,,,,,,,,,,,,,,,,,,,,,,,,,,,,,,,,,,,,,,,,,,,,,,,,,,,,,,,,,,,,,,,,,,,,,,,,,,,,,,,,,,,,,
EVT0000968,SUB00136,CNT00041,2023-04-02,11,Smart TV,49,75-99%,FALSE,FALSE,TRUE,HD,SES671144,0,,,,,,,,,,,,,,,,,,,,,,,,,,,,,,,,,,,,,,,,,,,,,,,,,,,,,,,,,,,,,,,,,,,,,,,,,,,,,,,,,,,,,,,,,,,,,,,,,,,,,,,,,,,,,,,,,,,,,,,,,
EVT0000969,SUB00476,CNT00036,2023-03-23,8,Roku,25,100%,TRUE,TRUE,TRUE,SD,SES329502,1,,,,,,,,,,,,,,,,,,,,,,,,,,,,,,,,,,,,,,,,,,,,,,,,,,,,,,,,,,,,,,,,,,,,,,,,,,,,,,,,,,,,,,,,,,,,,,,,,,,,,,,,,,,,,,,,,,,,,,,,,
EVT0000970,SUB00244,CNT00086,2024-03-08,20,Desktop,74,50-75%,FALSE,FALSE,TRUE,HD,SES227154,0,,,,,,,,,,,,,,,,,,,,,,,,,,,,,,,,,,,,,,,,,,,,,,,,,,,,,,,,,,,,,,,,,,,,,,,,,,,,,,,,,,,,,,,,,,,,,,,,,,,,,,,,,,,,,,,,,,,,,,,,,
EVT0000971,SUB00224,CNT00086,2023-07-14,15,Tablet,80,75-99%,FALSE,TRUE,FALSE,HD,SES706922,0,,,,,,,,,,,,,,,,,,,,,,,,,,,,,,,,,,,,,,,,,,,,,,,,,,,,,,,,,,,,,,,,,,,,,,,,,,,,,,,,,,,,,,,,,,,,,,,,,,,,,,,,,,,,,,,,,,,,,,,,,
EVT0000972,SUB00049,CNT00044,2023-11-27,7,Mobile,60,50-75%,FALSE,FALSE,TRUE,SD,SES347996,0,,,,,,,,,,,,,,,,,,,,,,,,,,,,,,,,,,,,,,,,,,,,,,,,,,,,,,,,,,,,,,,,,,,,,,,,,,,,,,,,,,,,,,,,,,,,,,,,,,,,,,,,,,,,,,,,,,,,,,,,,
EVT0000973,SUB00210,CNT00014,2024-04-07,23,Mobile,23,75-99%,FALSE,FALSE,FALSE,HD,SES799689,0,,,,,,,,,,,,,,,,,,,,,,,,,,,,,,,,,,,,,,,,,,,,,,,,,,,,,,,,,,,,,,,,,,,,,,,,,,,,,,,,,,,,,,,,,,,,,,,,,,,,,,,,,,,,,,,,,,,,,,,,,
EVT0000974,SUB00175,CNT00010,2024-06-09,11,Fire TV,16,<25%,FALSE,FALSE,FALSE,HD,SES967510,0,,,,,,,,,,,,,,,,,,,,,,,,,,,,,,,,,,,,,,,,,,,,,,,,,,,,,,,,,,,,,,,,,,,,,,,,,,,,,,,,,,,,,,,,,,,,,,,,,,,,,,,,,,,,,,,,,,,,,,,,,
EVT0000975,SUB00105,CNT00034,2023-07-06,19,Smart TV,78,75-99%,FALSE,FALSE,TRUE,HD,SES922497,0,,,,,,,,,,,,,,,,,,,,,,,,,,,,,,,,,,,,,,,,,,,,,,,,,,,,,,,,,,,,,,,,,,,,,,,,,,,,,,,,,,,,,,,,,,,,,,,,,,,,,,,,,,,,,,,,,,,,,,,,,
EVT0000976,SUB00240,CNT00030,2024-03-24,23,Smart TV,117,100%,TRUE,TRUE,FALSE,HD,SES669913,1,,,,,,,,,,,,,,,,,,,,,,,,,,,,,,,,,,,,,,,,,,,,,,,,,,,,,,,,,,,,,,,,,,,,,,,,,,,,,,,,,,,,,,,,,,,,,,,,,,,,,,,,,,,,,,,,,,,,,,,,,
EVT0000977,SUB00419,CNT00025,2023-11-23,20,Fire TV,7,100%,TRUE,FALSE,FALSE,HD,SES671052,1,,,,,,,,,,,,,,,,,,,,,,,,,,,,,,,,,,,,,,,,,,,,,,,,,,,,,,,,,,,,,,,,,,,,,,,,,,,,,,,,,,,,,,,,,,,,,,,,,,,,,,,,,,,,,,,,,,,,,,,,,
EVT0000978,SUB00413,CNT00016,2024-03-14,7,Desktop,115,75-99%,FALSE,FALSE,TRUE,HD,SES643453,0,,,,,,,,,,,,,,,,,,,,,,,,,,,,,,,,,,,,,,,,,,,,,,,,,,,,,,,,,,,,,,,,,,,,,,,,,,,,,,,,,,,,,,,,,,,,,,,,,,,,,,,,,,,,,,,,,,,,,,,,,
EVT0000979,SUB00016,CNT00005,2023-05-31,10,Mobile,89,75-99%,FALSE,TRUE,TRUE,HD,SES759737,0,,,,,,,,,,,,,,,,,,,,,,,,,,,,,,,,,,,,,,,,,,,,,,,,,,,,,,,,,,,,,,,,,,,,,,,,,,,,,,,,,,,,,,,,,,,,,,,,,,,,,,,,,,,,,,,,,,,,,,,,,
EVT0000980,SUB00336,CNT00012,2023-12-24,17,Mobile,104,100%,TRUE,FALSE,FALSE,HD,SES209996,1,,,,,,,,,,,,,,,,,,,,,,,,,,,,,,,,,,,,,,,,,,,,,,,,,,,,,,,,,,,,,,,,,,,,,,,,,,,,,,,,,,,,,,,,,,,,,,,,,,,,,,,,,,,,,,,,,,,,,,,,,
EVT0000981,SUB00415,CNT00094,2023-09-29,11,Mobile,78,<25%,FALSE,TRUE,TRUE,HD,SES517260,0,,,,,,,,,,,,,,,,,,,,,,,,,,,,,,,,,,,,,,,,,,,,,,,,,,,,,,,,,,,,,,,,,,,,,,,,,,,,,,,,,,,,,,,,,,,,,,,,,,,,,,,,,,,,,,,,,,,,,,,,,
EVT0000982,SUB00609,CNT00072,2024-04-12,14,Smart TV,60,100%,TRUE,FALSE,FALSE,HD,SES402833,1,,,,,,,,,,,,,,,,,,,,,,,,,,,,,,,,,,,,,,,,,,,,,,,,,,,,,,,,,,,,,,,,,,,,,,,,,,,,,,,,,,,,,,,,,,,,,,,,,,,,,,,,,,,,,,,,,,,,,,,,,
EVT0000983,SUB00163,CNT00099,2023-01-17,16,Mobile,82,<25%,FALSE,FALSE,FALSE,HD,SES794486,0,,,,,,,,,,,,,,,,,,,,,,,,,,,,,,,,,,,,,,,,,,,,,,,,,,,,,,,,,,,,,,,,,,,,,,,,,,,,,,,,,,,,,,,,,,,,,,,,,,,,,,,,,,,,,,,,,,,,,,,,,
EVT0000984,SUB00613,CNT00033,2024-03-19,15,Fire TV,21,75-99%,FALSE,FALSE,FALSE,4K,SES987237,0,,,,,,,,,,,,,,,,,,,,,,,,,,,,,,,,,,,,,,,,,,,,,,,,,,,,,,,,,,,,,,,,,,,,,,,,,,,,,,,,,,,,,,,,,,,,,,,,,,,,,,,,,,,,,,,,,,,,,,,,,
EVT0000985,SUB00567,CNT00083,2024-06-08,17,Desktop,85,<25%,FALSE,FALSE,FALSE,HD,SES949618,0,,,,,,,,,,,,,,,,,,,,,,,,,,,,,,,,,,,,,,,,,,,,,,,,,,,,,,,,,,,,,,,,,,,,,,,,,,,,,,,,,,,,,,,,,,,,,,,,,,,,,,,,,,,,,,,,,,,,,,,,,
EVT0000986,SUB00671,CNT00046,2023-02-06,13,Roku,56,100%,TRUE,FALSE,TRUE,HD,SES305509,1,,,,,,,,,,,,,,,,,,,,,,,,,,,,,,,,,,,,,,,,,,,,,,,,,,,,,,,,,,,,,,,,,,,,,,,,,,,,,,,,,,,,,,,,,,,,,,,,,,,,,,,,,,,,,,,,,,,,,,,,,
EVT0000987,SUB00027,CNT00058,2023-07-11,8,Roku,13,50-75%,FALSE,FALSE,FALSE,HD,SES618938,0,,,,,,,,,,,,,,,,,,,,,,,,,,,,,,,,,,,,,,,,,,,,,,,,,,,,,,,,,,,,,,,,,,,,,,,,,,,,,,,,,,,,,,,,,,,,,,,,,,,,,,,,,,,,,,,,,,,,,,,,,
EVT0000988,SUB00505,CNT00020,2024-06-28,19,Roku,68,100%,TRUE,FALSE,TRUE,HD,SES435666,1,,,,,,,,,,,,,,,,,,,,,,,,,,,,,,,,,,,,,,,,,,,,,,,,,,,,,,,,,,,,,,,,,,,,,,,,,,,,,,,,,,,,,,,,,,,,,,,,,,,,,,,,,,,,,,,,,,,,,,,,,
EVT0000989,SUB00591,CNT00034,2024-06-12,23,Tablet,92,100%,TRUE,FALSE,TRUE,HD,SES774810,1,,,,,,,,,,,,,,,,,,,,,,,,,,,,,,,,,,,,,,,,,,,,,,,,,,,,,,,,,,,,,,,,,,,,,,,,,,,,,,,,,,,,,,,,,,,,,,,,,,,,,,,,,,,,,,,,,,,,,,,,,
EVT0000990,SUB00699,CNT00031,2023-07-10,14,Mobile,89,75-99%,FALSE,FALSE,TRUE,HD,SES863036,0,,,,,,,,,,,,,,,,,,,,,,,,,,,,,,,,,,,,,,,,,,,,,,,,,,,,,,,,,,,,,,,,,,,,,,,,,,,,,,,,,,,,,,,,,,,,,,,,,,,,,,,,,,,,,,,,,,,,,,,,,
EVT0000991,SUB00468,CNT00004,2023-12-06,11,Tablet,120,100%,TRUE,FALSE,TRUE,4K,SES993891,1,,,,,,,,,,,,,,,,,,,,,,,,,,,,,,,,,,,,,,,,,,,,,,,,,,,,,,,,,,,,,,,,,,,,,,,,,,,,,,,,,,,,,,,,,,,,,,,,,,,,,,,,,,,,,,,,,,,,,,,,,
EVT0000992,SUB00275,CNT00059,2024-01-19,18,Smart TV,22,75-99%,FALSE,FALSE,FALSE,4K,SES294708,0,,,,,,,,,,,,,,,,,,,,,,,,,,,,,,,,,,,,,,,,,,,,,,,,,,,,,,,,,,,,,,,,,,,,,,,,,,,,,,,,,,,,,,,,,,,,,,,,,,,,,,,,,,,,,,,,,,,,,,,,,
EVT0000993,SUB00650,CNT00088,2023-09-10,14,Desktop,111,75-99%,FALSE,TRUE,TRUE,HD,SES700408,0,,,,,,,,,,,,,,,,,,,,,,,,,,,,,,,,,,,,,,,,,,,,,,,,,,,,,,,,,,,,,,,,,,,,,,,,,,,,,,,,,,,,,,,,,,,,,,,,,,,,,,,,,,,,,,,,,,,,,,,,,
EVT0000994,SUB00349,CNT00034,2023-04-16,16,Smart TV,73,<25%,FALSE,FALSE,FALSE,HD,SES286540,0,,,,,,,,,,,,,,,,,,,,,,,,,,,,,,,,,,,,,,,,,,,,,,,,,,,,,,,,,,,,,,,,,,,,,,,,,,,,,,,,,,,,,,,,,,,,,,,,,,,,,,,,,,,,,,,,,,,,,,,,,
EVT0000995,SUB00399,CNT00062,2023-12-18,13,Fire TV,33,25-50%,FALSE,FALSE,FALSE,HD,SES919653,0,,,,,,,,,,,,,,,,,,,,,,,,,,,,,,,,,,,,,,,,,,,,,,,,,,,,,,,,,,,,,,,,,,,,,,,,,,,,,,,,,,,,,,,,,,,,,,,,,,,,,,,,,,,,,,,,,,,,,,,,,
EVT0000996,SUB00105,CNT00100,2024-01-14,18,Tablet,51,25-50%,FALSE,TRUE,FALSE,HD,SES644142,0,,,,,,,,,,,,,,,,,,,,,,,,,,,,,,,,,,,,,,,,,,,,,,,,,,,,,,,,,,,,,,,,,,,,,,,,,,,,,,,,,,,,,,,,,,,,,,,,,,,,,,,,,,,,,,,,,,,,,,,,,
EVT0000997,SUB00396,CNT00072,2023-09-27,16,Desktop,103,50-75%,FALSE,FALSE,TRUE,4K,SES335097,0,,,,,,,,,,,,,,,,,,,,,,,,,,,,,,,,,,,,,,,,,,,,,,,,,,,,,,,,,,,,,,,,,,,,,,,,,,,,,,,,,,,,,,,,,,,,,,,,,,,,,,,,,,,,,,,,,,,,,,,,,
EVT0000998,SUB00199,CNT00074,2023-01-08,22,Roku,14,25-50%,FALSE,TRUE,TRUE,HD,SES607771,0,,,,,,,,,,,,,,,,,,,,,,,,,,,,,,,,,,,,,,,,,,,,,,,,,,,,,,,,,,,,,,,,,,,,,,,,,,,,,,,,,,,,,,,,,,,,,,,,,,,,,,,,,,,,,,,,,,,,,,,,,
EVT0000999,SUB00049,CNT00088,2023-06-18,13,Tablet,106,100%,TRUE,TRUE,TRUE,4K,SES320395,1,,,,,,,,,,,,,,,,,,,,,,,,,,,,,,,,,,,,,,,,,,,,,,,,,,,,,,,,,,,,,,,,,,,,,,,,,,,,,,,,,,,,,,,,,,,,,,,,,,,,,,,,,,,,,,,,,,,,,,,,,
EVT0001000,SUB00315,CNT00031,2024-02-08,16,Tablet,30,75-99%,FALSE,TRUE,TRUE,HD,SES483894,0,,,,,,,,,,,,,,,,,,,,,,,,,,,,,,,,,,,,,,,,,,,,,,,,,,,,,,,,,,,,,,,,,,,,,,,,,,,,,,,,,,,,,,,,,,,,,,,,,,,,,,,,,,,,,,,,,,,,,,,,,
EVT0001001,SUB00430,CNT00068,2023-08-08,19,Desktop,113,<25%,FALSE,FALSE,TRUE,SD,SES750925,0,,,,,,,,,,,,,,,,,,,,,,,,,,,,,,,,,,,,,,,,,,,,,,,,,,,,,,,,,,,,,,,,,,,,,,,,,,,,,,,,,,,,,,,,,,,,,,,,,,,,,,,,,,,,,,,,,,,,,,,,,
EVT0001002,SUB00154,CNT00083,2023-09-30,15,Mobile,9,100%,TRUE,FALSE,TRUE,HD,SES501533,1,,,,,,,,,,,,,,,,,,,,,,,,,,,,,,,,,,,,,,,,,,,,,,,,,,,,,,,,,,,,,,,,,,,,,,,,,,,,,,,,,,,,,,,,,,,,,,,,,,,,,,,,,,,,,,,,,,,,,,,,,
EVT0001003,SUB00125,CNT00068,2024-06-25,7,Roku,98,75-99%,FALSE,TRUE,TRUE,SD,SES384879,0,,,,,,,,,,,,,,,,,,,,,,,,,,,,,,,,,,,,,,,,,,,,,,,,,,,,,,,,,,,,,,,,,,,,,,,,,,,,,,,,,,,,,,,,,,,,,,,,,,,,,,,,,,,,,,,,,,,,,,,,,
EVT0001004,SUB00133,CNT00058,2024-01-05,17,Desktop,25,75-99%,FALSE,TRUE,TRUE,HD,SES948400,0,,,,,,,,,,,,,,,,,,,,,,,,,,,,,,,,,,,,,,,,,,,,,,,,,,,,,,,,,,,,,,,,,,,,,,,,,,,,,,,,,,,,,,,,,,,,,,,,,,,,,,,,,,,,,,,,,,,,,,,,,
EVT0001005,SUB00427,CNT00033,2024-03-14,22,Desktop,106,100%,TRUE,FALSE,FALSE,HD,SES393116,1,,,,,,,,,,,,,,,,,,,,,,,,,,,,,,,,,,,,,,,,,,,,,,,,,,,,,,,,,,,,,,,,,,,,,,,,,,,,,,,,,,,,,,,,,,,,,,,,,,,,,,,,,,,,,,,,,,,,,,,,,
EVT0001006,SUB00172,CNT00080,2023-11-02,16,Fire TV,119,50-75%,FALSE,FALSE,TRUE,HD,SES762880,0,,,,,,,,,,,,,,,,,,,,,,,,,,,,,,,,,,,,,,,,,,,,,,,,,,,,,,,,,,,,,,,,,,,,,,,,,,,,,,,,,,,,,,,,,,,,,,,,,,,,,,,,,,,,,,,,,,,,,,,,,
EVT0001007,SUB00603,CNT00047,2023-12-14,16,Fire TV,112,100%,TRUE,FALSE,TRUE,HD,SES626417,1,,,,,,,,,,,,,,,,,,,,,,,,,,,,,,,,,,,,,,,,,,,,,,,,,,,,,,,,,,,,,,,,,,,,,,,,,,,,,,,,,,,,,,,,,,,,,,,,,,,,,,,,,,,,,,,,,,,,,,,,,
EVT0001008,SUB00312,CNT00016,2023-05-12,19,Tablet,8,100%,TRUE,TRUE,TRUE,SD,SES144957,1,,,,,,,,,,,,,,,,,,,,,,,,,,,,,,,,,,,,,,,,,,,,,,,,,,,,,,,,,,,,,,,,,,,,,,,,,,,,,,,,,,,,,,,,,,,,,,,,,,,,,,,,,,,,,,,,,,,,,,,,,
EVT0001009,SUB00315,CNT00025,2023-06-09,13,Mobile,35,100%,TRUE,TRUE,FALSE,SD,SES938139,1,,,,,,,,,,,,,,,,,,,,,,,,,,,,,,,,,,,,,,,,,,,,,,,,,,,,,,,,,,,,,,,,,,,,,,,,,,,,,,,,,,,,,,,,,,,,,,,,,,,,,,,,,,,,,,,,,,,,,,,,,
EVT0001010,SUB00325,CNT00003,2023-11-30,21,Mobile,71,50-75%,FALSE,TRUE,FALSE,HD,SES682532,0,,,,,,,,,,,,,,,,,,,,,,,,,,,,,,,,,,,,,,,,,,,,,,,,,,,,,,,,,,,,,,,,,,,,,,,,,,,,,,,,,,,,,,,,,,,,,,,,,,,,,,,,,,,,,,,,,,,,,,,,,
EVT0001011,SUB00699,CNT00032,2023-07-06,22,Roku,83,50-75%,FALSE,FALSE,TRUE,HD,SES750077,0,,,,,,,,,,,,,,,,,,,,,,,,,,,,,,,,,,,,,,,,,,,,,,,,,,,,,,,,,,,,,,,,,,,,,,,,,,,,,,,,,,,,,,,,,,,,,,,,,,,,,,,,,,,,,,,,,,,,,,,,,
EVT0001012,SUB00148,CNT00089,2024-05-17,13,Desktop,62,100%,TRUE,FALSE,TRUE,4K,SES774387,1,,,,,,,,,,,,,,,,,,,,,,,,,,,,,,,,,,,,,,,,,,,,,,,,,,,,,,,,,,,,,,,,,,,,,,,,,,,,,,,,,,,,,,,,,,,,,,,,,,,,,,,,,,,,,,,,,,,,,,,,,
EVT0001013,SUB00154,CNT00017,2024-02-28,22,Fire TV,95,75-99%,FALSE,TRUE,TRUE,4K,SES319310,0,,,,,,,,,,,,,,,,,,,,,,,,,,,,,,,,,,,,,,,,,,,,,,,,,,,,,,,,,,,,,,,,,,,,,,,,,,,,,,,,,,,,,,,,,,,,,,,,,,,,,,,,,,,,,,,,,,,,,,,,,
EVT0001014,SUB00539,CNT00087,2023-03-13,23,Mobile,99,25-50%,FALSE,TRUE,TRUE,SD,SES232430,0,,,,,,,,,,,,,,,,,,,,,,,,,,,,,,,,,,,,,,,,,,,,,,,,,,,,,,,,,,,,,,,,,,,,,,,,,,,,,,,,,,,,,,,,,,,,,,,,,,,,,,,,,,,,,,,,,,,,,,,,,
EVT0001015,SUB00622,CNT00034,2023-07-24,8,Mobile,53,100%,TRUE,FALSE,TRUE,SD,SES644830,1,,,,,,,,,,,,,,,,,,,,,,,,,,,,,,,,,,,,,,,,,,,,,,,,,,,,,,,,,,,,,,,,,,,,,,,,,,,,,,,,,,,,,,,,,,,,,,,,,,,,,,,,,,,,,,,,,,,,,,,,,
EVT0001016,SUB00426,CNT00021,2023-09-08,23,Desktop,49,50-75%,FALSE,TRUE,FALSE,HD,SES904189,0,,,,,,,,,,,,,,,,,,,,,,,,,,,,,,,,,,,,,,,,,,,,,,,,,,,,,,,,,,,,,,,,,,,,,,,,,,,,,,,,,,,,,,,,,,,,,,,,,,,,,,,,,,,,,,,,,,,,,,,,,
EVT0001017,SUB00414,CNT00012,2024-04-27,11,Smart TV,120,100%,TRUE,FALSE,TRUE,HD,SES436434,1,,,,,,,,,,,,,,,,,,,,,,,,,,,,,,,,,,,,,,,,,,,,,,,,,,,,,,,,,,,,,,,,,,,,,,,,,,,,,,,,,,,,,,,,,,,,,,,,,,,,,,,,,,,,,,,,,,,,,,,,,
EVT0001018,SUB00372,CNT00035,2023-09-24,18,Smart TV,115,75-99%,FALSE,FALSE,TRUE,4K,SES249365,0,,,,,,,,,,,,,,,,,,,,,,,,,,,,,,,,,,,,,,,,,,,,,,,,,,,,,,,,,,,,,,,,,,,,,,,,,,,,,,,,,,,,,,,,,,,,,,,,,,,,,,,,,,,,,,,,,,,,,,,,,
EVT0001019,SUB00524,CNT00086,2023-04-03,18,Fire TV,75,100%,TRUE,TRUE,FALSE,SD,SES511561,1,,,,,,,,,,,,,,,,,,,,,,,,,,,,,,,,,,,,,,,,,,,,,,,,,,,,,,,,,,,,,,,,,,,,,,,,,,,,,,,,,,,,,,,,,,,,,,,,,,,,,,,,,,,,,,,,,,,,,,,,,
EVT0001020,SUB00563,CNT00092,2023-02-24,9,Fire TV,65,75-99%,FALSE,TRUE,TRUE,HD,SES820878,0,,,,,,,,,,,,,,,,,,,,,,,,,,,,,,,,,,,,,,,,,,,,,,,,,,,,,,,,,,,,,,,,,,,,,,,,,,,,,,,,,,,,,,,,,,,,,,,,,,,,,,,,,,,,,,,,,,,,,,,,,
EVT0001021,SUB00204,CNT00092,2023-08-09,11,Mobile,46,100%,TRUE,TRUE,TRUE,HD,SES704659,1,,,,,,,,,,,,,,,,,,,,,,,,,,,,,,,,,,,,,,,,,,,,,,,,,,,,,,,,,,,,,,,,,,,,,,,,,,,,,,,,,,,,,,,,,,,,,,,,,,,,,,,,,,,,,,,,,,,,,,,,,
EVT0001022,SUB00422,CNT00013,2023-08-08,16,Fire TV,114,100%,TRUE,FALSE,TRUE,4K,SES347749,1,,,,,,,,,,,,,,,,,,,,,,,,,,,,,,,,,,,,,,,,,,,,,,,,,,,,,,,,,,,,,,,,,,,,,,,,,,,,,,,,,,,,,,,,,,,,,,,,,,,,,,,,,,,,,,,,,,,,,,,,,
EVT0001023,SUB00243,CNT00042,2023-05-28,13,Roku,114,100%,TRUE,FALSE,TRUE,4K,SES682949,1,,,,,,,,,,,,,,,,,,,,,,,,,,,,,,,,,,,,,,,,,,,,,,,,,,,,,,,,,,,,,,,,,,,,,,,,,,,,,,,,,,,,,,,,,,,,,,,,,,,,,,,,,,,,,,,,,,,,,,,,,
EVT0001024,SUB00274,CNT00063,2023-11-12,20,Fire TV,100,100%,TRUE,FALSE,TRUE,HD,SES947502,1,,,,,,,,,,,,,,,,,,,,,,,,,,,,,,,,,,,,,,,,,,,,,,,,,,,,,,,,,,,,,,,,,,,,,,,,,,,,,,,,,,,,,,,,,,,,,,,,,,,,,,,,,,,,,,,,,,,,,,,,,
EVT0001025,SUB00297,CNT00005,2024-02-07,14,Tablet,78,100%,TRUE,FALSE,FALSE,SD,SES289226,1,,,,,,,,,,,,,,,,,,,,,,,,,,,,,,,,,,,,,,,,,,,,,,,,,,,,,,,,,,,,,,,,,,,,,,,,,,,,,,,,,,,,,,,,,,,,,,,,,,,,,,,,,,,,,,,,,,,,,,,,,
EVT0001026,SUB00619,CNT00075,2024-04-02,11,Roku,27,75-99%,FALSE,FALSE,TRUE,HD,SES158130,0,,,,,,,,,,,,,,,,,,,,,,,,,,,,,,,,,,,,,,,,,,,,,,,,,,,,,,,,,,,,,,,,,,,,,,,,,,,,,,,,,,,,,,,,,,,,,,,,,,,,,,,,,,,,,,,,,,,,,,,,,
EVT0001027,SUB00253,CNT00077,2023-12-06,22,Desktop,97,75-99%,FALSE,TRUE,TRUE,HD,SES842306,0,,,,,,,,,,,,,,,,,,,,,,,,,,,,,,,,,,,,,,,,,,,,,,,,,,,,,,,,,,,,,,,,,,,,,,,,,,,,,,,,,,,,,,,,,,,,,,,,,,,,,,,,,,,,,,,,,,,,,,,,,
EVT0001028,SUB00142,CNT00072,2023-12-01,22,Smart TV,21,100%,TRUE,TRUE,TRUE,SD,SES241260,1,,,,,,,,,,,,,,,,,,,,,,,,,,,,,,,,,,,,,,,,,,,,,,,,,,,,,,,,,,,,,,,,,,,,,,,,,,,,,,,,,,,,,,,,,,,,,,,,,,,,,,,,,,,,,,,,,,,,,,,,,
EVT0001029,SUB00407,CNT00093,2024-01-09,23,Smart TV,27,100%,TRUE,TRUE,TRUE,4K,SES897962,1,,,,,,,,,,,,,,,,,,,,,,,,,,,,,,,,,,,,,,,,,,,,,,,,,,,,,,,,,,,,,,,,,,,,,,,,,,,,,,,,,,,,,,,,,,,,,,,,,,,,,,,,,,,,,,,,,,,,,,,,,
EVT0001030,SUB00622,CNT00088,2024-05-15,22,Roku,69,100%,TRUE,FALSE,TRUE,4K,SES816803,1,,,,,,,,,,,,,,,,,,,,,,,,,,,,,,,,,,,,,,,,,,,,,,,,,,,,,,,,,,,,,,,,,,,,,,,,,,,,,,,,,,,,,,,,,,,,,,,,,,,,,,,,,,,,,,,,,,,,,,,,,
EVT0001031,SUB00382,CNT00046,2023-08-04,23,Desktop,12,25-50%,FALSE,TRUE,TRUE,SD,SES391640,0,,,,,,,,,,,,,,,,,,,,,,,,,,,,,,,,,,,,,,,,,,,,,,,,,,,,,,,,,,,,,,,,,,,,,,,,,,,,,,,,,,,,,,,,,,,,,,,,,,,,,,,,,,,,,,,,,,,,,,,,,
EVT0001032,SUB00242,CNT00083,2023-11-06,16,Mobile,63,<25%,FALSE,TRUE,TRUE,HD,SES320254,0,,,,,,,,,,,,,,,,,,,,,,,,,,,,,,,,,,,,,,,,,,,,,,,,,,,,,,,,,,,,,,,,,,,,,,,,,,,,,,,,,,,,,,,,,,,,,,,,,,,,,,,,,,,,,,,,,,,,,,,,,
EVT0001033,SUB00024,CNT00083,2023-04-06,17,Fire TV,8,100%,TRUE,TRUE,TRUE,HD,SES601186,1,,,,,,,,,,,,,,,,,,,,,,,,,,,,,,,,,,,,,,,,,,,,,,,,,,,,,,,,,,,,,,,,,,,,,,,,,,,,,,,,,,,,,,,,,,,,,,,,,,,,,,,,,,,,,,,,,,,,,,,,,
EVT0001034,SUB00670,CNT00066,2023-10-11,12,Mobile,78,25-50%,FALSE,FALSE,TRUE,SD,SES320638,0,,,,,,,,,,,,,,,,,,,,,,,,,,,,,,,,,,,,,,,,,,,,,,,,,,,,,,,,,,,,,,,,,,,,,,,,,,,,,,,,,,,,,,,,,,,,,,,,,,,,,,,,,,,,,,,,,,,,,,,,,
EVT0001035,SUB00096,CNT00015,2024-05-26,7,Fire TV,24,25-50%,FALSE,FALSE,TRUE,SD,SES317312,0,,,,,,,,,,,,,,,,,,,,,,,,,,,,,,,,,,,,,,,,,,,,,,,,,,,,,,,,,,,,,,,,,,,,,,,,,,,,,,,,,,,,,,,,,,,,,,,,,,,,,,,,,,,,,,,,,,,,,,,,,
EVT0001036,SUB00121,CNT00090,2023-06-11,19,Desktop,101,100%,TRUE,FALSE,TRUE,SD,SES220760,1,,,,,,,,,,,,,,,,,,,,,,,,,,,,,,,,,,,,,,,,,,,,,,,,,,,,,,,,,,,,,,,,,,,,,,,,,,,,,,,,,,,,,,,,,,,,,,,,,,,,,,,,,,,,,,,,,,,,,,,,,
EVT0001037,SUB00119,CNT00044,2023-04-02,11,Mobile,20,25-50%,FALSE,FALSE,FALSE,SD,SES568179,0,,,,,,,,,,,,,,,,,,,,,,,,,,,,,,,,,,,,,,,,,,,,,,,,,,,,,,,,,,,,,,,,,,,,,,,,,,,,,,,,,,,,,,,,,,,,,,,,,,,,,,,,,,,,,,,,,,,,,,,,,
EVT0001038,SUB00352,CNT00068,2023-05-20,13,Smart TV,84,100%,TRUE,FALSE,FALSE,HD,SES138821,1,,,,,,,,,,,,,,,,,,,,,,,,,,,,,,,,,,,,,,,,,,,,,,,,,,,,,,,,,,,,,,,,,,,,,,,,,,,,,,,,,,,,,,,,,,,,,,,,,,,,,,,,,,,,,,,,,,,,,,,,,
EVT0001039,SUB00586,CNT00002,2023-10-28,23,Mobile,89,50-75%,FALSE,TRUE,TRUE,4K,SES914375,0,,,,,,,,,,,,,,,,,,,,,,,,,,,,,,,,,,,,,,,,,,,,,,,,,,,,,,,,,,,,,,,,,,,,,,,,,,,,,,,,,,,,,,,,,,,,,,,,,,,,,,,,,,,,,,,,,,,,,,,,,
EVT0001040,SUB00107,CNT00052,2024-06-17,8,Tablet,7,25-50%,FALSE,FALSE,FALSE,HD,SES755725,0,,,,,,,,,,,,,,,,,,,,,,,,,,,,,,,,,,,,,,,,,,,,,,,,,,,,,,,,,,,,,,,,,,,,,,,,,,,,,,,,,,,,,,,,,,,,,,,,,,,,,,,,,,,,,,,,,,,,,,,,,
EVT0001041,SUB00144,CNT00002,2024-06-21,16,Smart TV,24,100%,TRUE,FALSE,TRUE,HD,SES235064,1,,,,,,,,,,,,,,,,,,,,,,,,,,,,,,,,,,,,,,,,,,,,,,,,,,,,,,,,,,,,,,,,,,,,,,,,,,,,,,,,,,,,,,,,,,,,,,,,,,,,,,,,,,,,,,,,,,,,,,,,,
EVT0001042,SUB00606,CNT00089,2023-01-18,17,Fire TV,53,75-99%,FALSE,TRUE,FALSE,SD,SES944483,0,,,,,,,,,,,,,,,,,,,,,,,,,,,,,,,,,,,,,,,,,,,,,,,,,,,,,,,,,,,,,,,,,,,,,,,,,,,,,,,,,,,,,,,,,,,,,,,,,,,,,,,,,,,,,,,,,,,,,,,,,
EVT0001043,SUB00683,CNT00045,2023-08-08,21,Mobile,104,25-50%,FALSE,TRUE,TRUE,HD,SES224413,0,,,,,,,,,,,,,,,,,,,,,,,,,,,,,,,,,,,,,,,,,,,,,,,,,,,,,,,,,,,,,,,,,,,,,,,,,,,,,,,,,,,,,,,,,,,,,,,,,,,,,,,,,,,,,,,,,,,,,,,,,
EVT0001044,SUB00283,CNT00046,2023-05-26,23,Tablet,54,75-99%,FALSE,FALSE,TRUE,HD,SES987454,0,,,,,,,,,,,,,,,,,,,,,,,,,,,,,,,,,,,,,,,,,,,,,,,,,,,,,,,,,,,,,,,,,,,,,,,,,,,,,,,,,,,,,,,,,,,,,,,,,,,,,,,,,,,,,,,,,,,,,,,,,
EVT0001045,SUB00266,CNT00096,2023-01-28,6,Smart TV,66,100%,TRUE,TRUE,TRUE,SD,SES479398,1,,,,,,,,,,,,,,,,,,,,,,,,,,,,,,,,,,,,,,,,,,,,,,,,,,,,,,,,,,,,,,,,,,,,,,,,,,,,,,,,,,,,,,,,,,,,,,,,,,,,,,,,,,,,,,,,,,,,,,,,,
EVT0001046,SUB00491,CNT00028,2023-06-15,11,Roku,84,50-75%,FALSE,TRUE,TRUE,SD,SES552168,0,,,,,,,,,,,,,,,,,,,,,,,,,,,,,,,,,,,,,,,,,,,,,,,,,,,,,,,,,,,,,,,,,,,,,,,,,,,,,,,,,,,,,,,,,,,,,,,,,,,,,,,,,,,,,,,,,,,,,,,,,
EVT0001047,SUB00605,CNT00014,2024-03-12,15,Roku,88,25-50%,FALSE,TRUE,TRUE,4K,SES373743,0,,,,,,,,,,,,,,,,,,,,,,,,,,,,,,,,,,,,,,,,,,,,,,,,,,,,,,,,,,,,,,,,,,,,,,,,,,,,,,,,,,,,,,,,,,,,,,,,,,,,,,,,,,,,,,,,,,,,,,,,,
EVT0001048,SUB00647,CNT00029,2023-06-12,15,Mobile,36,100%,TRUE,TRUE,TRUE,SD,SES746066,1,,,,,,,,,,,,,,,,,,,,,,,,,,,,,,,,,,,,,,,,,,,,,,,,,,,,,,,,,,,,,,,,,,,,,,,,,,,,,,,,,,,,,,,,,,,,,,,,,,,,,,,,,,,,,,,,,,,,,,,,,
EVT0001049,SUB00416,CNT00073,2024-01-07,20,Tablet,59,100%,TRUE,FALSE,FALSE,SD,SES488904,1,,,,,,,,,,,,,,,,,,,,,,,,,,,,,,,,,,,,,,,,,,,,,,,,,,,,,,,,,,,,,,,,,,,,,,,,,,,,,,,,,,,,,,,,,,,,,,,,,,,,,,,,,,,,,,,,,,,,,,,,,
EVT0001050,SUB00605,CNT00045,2024-03-29,19,Smart TV,36,75-99%,FALSE,FALSE,TRUE,SD,SES243507,0,,,,,,,,,,,,,,,,,,,,,,,,,,,,,,,,,,,,,,,,,,,,,,,,,,,,,,,,,,,,,,,,,,,,,,,,,,,,,,,,,,,,,,,,,,,,,,,,,,,,,,,,,,,,,,,,,,,,,,,,,
EVT0001051,SUB00473,CNT00015,2023-09-15,7,Mobile,107,<25%,FALSE,FALSE,TRUE,SD,SES317285,0,,,,,,,,,,,,,,,,,,,,,,,,,,,,,,,,,,,,,,,,,,,,,,,,,,,,,,,,,,,,,,,,,,,,,,,,,,,,,,,,,,,,,,,,,,,,,,,,,,,,,,,,,,,,,,,,,,,,,,,,,
EVT0001052,SUB00423,CNT00013,2023-01-28,14,Mobile,67,75-99%,FALSE,TRUE,TRUE,HD,SES144693,0,,,,,,,,,,,,,,,,,,,,,,,,,,,,,,,,,,,,,,,,,,,,,,,,,,,,,,,,,,,,,,,,,,,,,,,,,,,,,,,,,,,,,,,,,,,,,,,,,,,,,,,,,,,,,,,,,,,,,,,,,
EVT0001053,SUB00530,CNT00071,2023-01-14,10,Roku,8,75-99%,FALSE,FALSE,TRUE,4K,SES838516,0,,,,,,,,,,,,,,,,,,,,,,,,,,,,,,,,,,,,,,,,,,,,,,,,,,,,,,,,,,,,,,,,,,,,,,,,,,,,,,,,,,,,,,,,,,,,,,,,,,,,,,,,,,,,,,,,,,,,,,,,,
EVT0001054,SUB00475,CNT00100,2023-03-04,20,Mobile,36,<25%,FALSE,TRUE,TRUE,HD,SES448273,0,,,,,,,,,,,,,,,,,,,,,,,,,,,,,,,,,,,,,,,,,,,,,,,,,,,,,,,,,,,,,,,,,,,,,,,,,,,,,,,,,,,,,,,,,,,,,,,,,,,,,,,,,,,,,,,,,,,,,,,,,
EVT0001055,SUB00049,CNT00037,2023-03-23,22,Tablet,67,75-99%,FALSE,FALSE,TRUE,HD,SES283480,0,,,,,,,,,,,,,,,,,,,,,,,,,,,,,,,,,,,,,,,,,,,,,,,,,,,,,,,,,,,,,,,,,,,,,,,,,,,,,,,,,,,,,,,,,,,,,,,,,,,,,,,,,,,,,,,,,,,,,,,,,
EVT0001056,SUB00202,CNT00097,2023-04-27,17,Roku,115,75-99%,FALSE,FALSE,FALSE,4K,SES568524,0,,,,,,,,,,,,,,,,,,,,,,,,,,,,,,,,,,,,,,,,,,,,,,,,,,,,,,,,,,,,,,,,,,,,,,,,,,,,,,,,,,,,,,,,,,,,,,,,,,,,,,,,,,,,,,,,,,,,,,,,,
EVT0001057,SUB00440,CNT00064,2024-03-12,9,Roku,5,<25%,FALSE,FALSE,TRUE,HD,SES736446,0,,,,,,,,,,,,,,,,,,,,,,,,,,,,,,,,,,,,,,,,,,,,,,,,,,,,,,,,,,,,,,,,,,,,,,,,,,,,,,,,,,,,,,,,,,,,,,,,,,,,,,,,,,,,,,,,,,,,,,,,,
EVT0001058,SUB00161,CNT00057,2024-02-17,19,Desktop,60,100%,TRUE,TRUE,TRUE,4K,SES713571,1,,,,,,,,,,,,,,,,,,,,,,,,,,,,,,,,,,,,,,,,,,,,,,,,,,,,,,,,,,,,,,,,,,,,,,,,,,,,,,,,,,,,,,,,,,,,,,,,,,,,,,,,,,,,,,,,,,,,,,,,,
EVT0001059,SUB00538,CNT00009,2023-03-07,21,Mobile,9,100%,TRUE,TRUE,TRUE,HD,SES534953,1,,,,,,,,,,,,,,,,,,,,,,,,,,,,,,,,,,,,,,,,,,,,,,,,,,,,,,,,,,,,,,,,,,,,,,,,,,,,,,,,,,,,,,,,,,,,,,,,,,,,,,,,,,,,,,,,,,,,,,,,,
EVT0001060,SUB00103,CNT00040,2024-03-11,6,Mobile,106,100%,TRUE,TRUE,TRUE,HD,SES717101,1,,,,,,,,,,,,,,,,,,,,,,,,,,,,,,,,,,,,,,,,,,,,,,,,,,,,,,,,,,,,,,,,,,,,,,,,,,,,,,,,,,,,,,,,,,,,,,,,,,,,,,,,,,,,,,,,,,,,,,,,,
EVT0001061,SUB00683,CNT00033,2024-05-12,14,Roku,35,<25%,FALSE,FALSE,FALSE,SD,SES960406,0,,,,,,,,,,,,,,,,,,,,,,,,,,,,,,,,,,,,,,,,,,,,,,,,,,,,,,,,,,,,,,,,,,,,,,,,,,,,,,,,,,,,,,,,,,,,,,,,,,,,,,,,,,,,,,,,,,,,,,,,,
EVT0001062,SUB00588,CNT00026,2023-10-04,8,Tablet,105,100%,TRUE,TRUE,TRUE,4K,SES740216,1,,,,,,,,,,,,,,,,,,,,,,,,,,,,,,,,,,,,,,,,,,,,,,,,,,,,,,,,,,,,,,,,,,,,,,,,,,,,,,,,,,,,,,,,,,,,,,,,,,,,,,,,,,,,,,,,,,,,,,,,,
EVT0001063,SUB00039,CNT00039,2024-05-28,21,Desktop,105,100%,TRUE,FALSE,FALSE,HD,SES769915,1,,,,,,,,,,,,,,,,,,,,,,,,,,,,,,,,,,,,,,,,,,,,,,,,,,,,,,,,,,,,,,,,,,,,,,,,,,,,,,,,,,,,,,,,,,,,,,,,,,,,,,,,,,,,,,,,,,,,,,,,,
EVT0001064,SUB00664,CNT00073,2023-08-18,9,Desktop,53,100%,TRUE,FALSE,FALSE,4K,SES207012,1,,,,,,,,,,,,,,,,,,,,,,,,,,,,,,,,,,,,,,,,,,,,,,,,,,,,,,,,,,,,,,,,,,,,,,,,,,,,,,,,,,,,,,,,,,,,,,,,,,,,,,,,,,,,,,,,,,,,,,,,,
EVT0001065,SUB00392,CNT00020,2024-02-25,15,Mobile,67,50-75%,FALSE,FALSE,FALSE,4K,SES360300,0,,,,,,,,,,,,,,,,,,,,,,,,,,,,,,,,,,,,,,,,,,,,,,,,,,,,,,,,,,,,,,,,,,,,,,,,,,,,,,,,,,,,,,,,,,,,,,,,,,,,,,,,,,,,,,,,,,,,,,,,,
EVT0001066,SUB00179,CNT00056,2023-08-27,22,Fire TV,80,25-50%,FALSE,FALSE,TRUE,HD,SES696076,0,,,,,,,,,,,,,,,,,,,,,,,,,,,,,,,,,,,,,,,,,,,,,,,,,,,,,,,,,,,,,,,,,,,,,,,,,,,,,,,,,,,,,,,,,,,,,,,,,,,,,,,,,,,,,,,,,,,,,,,,,
EVT0001067,SUB00626,CNT00002,2023-04-27,14,Smart TV,118,<25%,FALSE,FALSE,FALSE,HD,SES127584,0,,,,,,,,,,,,,,,,,,,,,,,,,,,,,,,,,,,,,,,,,,,,,,,,,,,,,,,,,,,,,,,,,,,,,,,,,,,,,,,,,,,,,,,,,,,,,,,,,,,,,,,,,,,,,,,,,,,,,,,,,
EVT0001068,SUB00479,CNT00055,2023-08-08,23,Smart TV,18,100%,TRUE,TRUE,TRUE,SD,SES981881,1,,,,,,,,,,,,,,,,,,,,,,,,,,,,,,,,,,,,,,,,,,,,,,,,,,,,,,,,,,,,,,,,,,,,,,,,,,,,,,,,,,,,,,,,,,,,,,,,,,,,,,,,,,,,,,,,,,,,,,,,,
EVT0001069,SUB00677,CNT00004,2023-06-12,14,Mobile,113,100%,TRUE,FALSE,TRUE,HD,SES487319,1,,,,,,,,,,,,,,,,,,,,,,,,,,,,,,,,,,,,,,,,,,,,,,,,,,,,,,,,,,,,,,,,,,,,,,,,,,,,,,,,,,,,,,,,,,,,,,,,,,,,,,,,,,,,,,,,,,,,,,,,,
EVT0001070,SUB00610,CNT00100,2024-06-09,10,Mobile,15,100%,TRUE,FALSE,TRUE,HD,SES628114,1,,,,,,,,,,,,,,,,,,,,,,,,,,,,,,,,,,,,,,,,,,,,,,,,,,,,,,,,,,,,,,,,,,,,,,,,,,,,,,,,,,,,,,,,,,,,,,,,,,,,,,,,,,,,,,,,,,,,,,,,,
EVT0001071,SUB00678,CNT00010,2023-10-24,18,Tablet,43,100%,TRUE,FALSE,TRUE,HD,SES894645,1,,,,,,,,,,,,,,,,,,,,,,,,,,,,,,,,,,,,,,,,,,,,,,,,,,,,,,,,,,,,,,,,,,,,,,,,,,,,,,,,,,,,,,,,,,,,,,,,,,,,,,,,,,,,,,,,,,,,,,,,,
EVT0001072,SUB00463,CNT00046,2023-05-04,13,Roku,61,75-99%,FALSE,FALSE,TRUE,HD,SES112094,0,,,,,,,,,,,,,,,,,,,,,,,,,,,,,,,,,,,,,,,,,,,,,,,,,,,,,,,,,,,,,,,,,,,,,,,,,,,,,,,,,,,,,,,,,,,,,,,,,,,,,,,,,,,,,,,,,,,,,,,,,
EVT0001073,SUB00064,CNT00034,2023-06-26,19,Desktop,45,75-99%,FALSE,FALSE,FALSE,SD,SES969070,0,,,,,,,,,,,,,,,,,,,,,,,,,,,,,,,,,,,,,,,,,,,,,,,,,,,,,,,,,,,,,,,,,,,,,,,,,,,,,,,,,,,,,,,,,,,,,,,,,,,,,,,,,,,,,,,,,,,,,,,,,
EVT0001074,SUB00194,CNT00016,2023-07-04,18,Mobile,102,50-75%,FALSE,FALSE,FALSE,SD,SES265497,0,,,,,,,,,,,,,,,,,,,,,,,,,,,,,,,,,,,,,,,,,,,,,,,,,,,,,,,,,,,,,,,,,,,,,,,,,,,,,,,,,,,,,,,,,,,,,,,,,,,,,,,,,,,,,,,,,,,,,,,,,
EVT0001075,SUB00512,CNT00076,2024-06-07,11,Roku,90,50-75%,FALSE,FALSE,FALSE,HD,SES257744,0,,,,,,,,,,,,,,,,,,,,,,,,,,,,,,,,,,,,,,,,,,,,,,,,,,,,,,,,,,,,,,,,,,,,,,,,,,,,,,,,,,,,,,,,,,,,,,,,,,,,,,,,,,,,,,,,,,,,,,,,,
EVT0001076,SUB00402,CNT00086,2024-04-19,21,Fire TV,86,100%,TRUE,TRUE,TRUE,SD,SES717445,1,,,,,,,,,,,,,,,,,,,,,,,,,,,,,,,,,,,,,,,,,,,,,,,,,,,,,,,,,,,,,,,,,,,,,,,,,,,,,,,,,,,,,,,,,,,,,,,,,,,,,,,,,,,,,,,,,,,,,,,,,
EVT0001077,SUB00235,CNT00034,2023-12-30,8,Roku,59,100%,TRUE,TRUE,TRUE,HD,SES146159,1,,,,,,,,,,,,,,,,,,,,,,,,,,,,,,,,,,,,,,,,,,,,,,,,,,,,,,,,,,,,,,,,,,,,,,,,,,,,,,,,,,,,,,,,,,,,,,,,,,,,,,,,,,,,,,,,,,,,,,,,,
EVT0001078,SUB00566,CNT00023,2024-05-21,23,Roku,33,75-99%,FALSE,FALSE,FALSE,HD,SES471240,0,,,,,,,,,,,,,,,,,,,,,,,,,,,,,,,,,,,,,,,,,,,,,,,,,,,,,,,,,,,,,,,,,,,,,,,,,,,,,,,,,,,,,,,,,,,,,,,,,,,,,,,,,,,,,,,,,,,,,,,,,
EVT0001079,SUB00472,CNT00085,2023-04-20,18,Smart TV,42,100%,TRUE,FALSE,TRUE,HD,SES542113,1,,,,,,,,,,,,,,,,,,,,,,,,,,,,,,,,,,,,,,,,,,,,,,,,,,,,,,,,,,,,,,,,,,,,,,,,,,,,,,,,,,,,,,,,,,,,,,,,,,,,,,,,,,,,,,,,,,,,,,,,,
EVT0001080,SUB00625,CNT00096,2023-10-17,14,Roku,59,50-75%,FALSE,TRUE,TRUE,HD,SES636556,0,,,,,,,,,,,,,,,,,,,,,,,,,,,,,,,,,,,,,,,,,,,,,,,,,,,,,,,,,,,,,,,,,,,,,,,,,,,,,,,,,,,,,,,,,,,,,,,,,,,,,,,,,,,,,,,,,,,,,,,,,
EVT0001081,SUB00156,CNT00003,2023-11-16,16,Mobile,54,25-50%,FALSE,TRUE,TRUE,4K,SES708171,0,,,,,,,,,,,,,,,,,,,,,,,,,,,,,,,,,,,,,,,,,,,,,,,,,,,,,,,,,,,,,,,,,,,,,,,,,,,,,,,,,,,,,,,,,,,,,,,,,,,,,,,,,,,,,,,,,,,,,,,,,
EVT0001082,SUB00646,CNT00070,2023-09-06,6,Roku,78,75-99%,FALSE,TRUE,TRUE,HD,SES519567,0,,,,,,,,,,,,,,,,,,,,,,,,,,,,,,,,,,,,,,,,,,,,,,,,,,,,,,,,,,,,,,,,,,,,,,,,,,,,,,,,,,,,,,,,,,,,,,,,,,,,,,,,,,,,,,,,,,,,,,,,,
EVT0001083,SUB00514,CNT00011,2024-06-29,10,Tablet,55,100%,TRUE,FALSE,TRUE,HD,SES566799,1,,,,,,,,,,,,,,,,,,,,,,,,,,,,,,,,,,,,,,,,,,,,,,,,,,,,,,,,,,,,,,,,,,,,,,,,,,,,,,,,,,,,,,,,,,,,,,,,,,,,,,,,,,,,,,,,,,,,,,,,,
EVT0001084,SUB00436,CNT00088,2023-03-11,15,Mobile,32,<25%,FALSE,TRUE,FALSE,HD,SES475125,0,,,,,,,,,,,,,,,,,,,,,,,,,,,,,,,,,,,,,,,,,,,,,,,,,,,,,,,,,,,,,,,,,,,,,,,,,,,,,,,,,,,,,,,,,,,,,,,,,,,,,,,,,,,,,,,,,,,,,,,,,
EVT0001085,SUB00210,CNT00014,2023-06-17,21,Fire TV,57,50-75%,FALSE,TRUE,TRUE,HD,SES360702,0,,,,,,,,,,,,,,,,,,,,,,,,,,,,,,,,,,,,,,,,,,,,,,,,,,,,,,,,,,,,,,,,,,,,,,,,,,,,,,,,,,,,,,,,,,,,,,,,,,,,,,,,,,,,,,,,,,,,,,,,,
EVT0001086,SUB00261,CNT00058,2023-02-14,16,Fire TV,7,<25%,FALSE,TRUE,TRUE,4K,SES886931,0,,,,,,,,,,,,,,,,,,,,,,,,,,,,,,,,,,,,,,,,,,,,,,,,,,,,,,,,,,,,,,,,,,,,,,,,,,,,,,,,,,,,,,,,,,,,,,,,,,,,,,,,,,,,,,,,,,,,,,,,,
EVT0001087,SUB00508,CNT00035,2023-11-06,19,Tablet,88,100%,TRUE,TRUE,TRUE,4K,SES386890,1,,,,,,,,,,,,,,,,,,,,,,,,,,,,,,,,,,,,,,,,,,,,,,,,,,,,,,,,,,,,,,,,,,,,,,,,,,,,,,,,,,,,,,,,,,,,,,,,,,,,,,,,,,,,,,,,,,,,,,,,,
EVT0001088,SUB00581,CNT00009,2023-01-29,21,Fire TV,13,75-99%,FALSE,FALSE,TRUE,4K,SES723427,0,,,,,,,,,,,,,,,,,,,,,,,,,,,,,,,,,,,,,,,,,,,,,,,,,,,,,,,,,,,,,,,,,,,,,,,,,,,,,,,,,,,,,,,,,,,,,,,,,,,,,,,,,,,,,,,,,,,,,,,,,
EVT0001089,SUB00560,CNT00094,2023-02-12,18,Desktop,111,<25%,FALSE,FALSE,TRUE,SD,SES384686,0,,,,,,,,,,,,,,,,,,,,,,,,,,,,,,,,,,,,,,,,,,,,,,,,,,,,,,,,,,,,,,,,,,,,,,,,,,,,,,,,,,,,,,,,,,,,,,,,,,,,,,,,,,,,,,,,,,,,,,,,,
EVT0001090,SUB00454,CNT00059,2023-03-23,9,Smart TV,112,100%,TRUE,FALSE,FALSE,HD,SES513683,1,,,,,,,,,,,,,,,,,,,,,,,,,,,,,,,,,,,,,,,,,,,,,,,,,,,,,,,,,,,,,,,,,,,,,,,,,,,,,,,,,,,,,,,,,,,,,,,,,,,,,,,,,,,,,,,,,,,,,,,,,
EVT0001091,SUB00272,CNT00079,2024-01-21,13,Fire TV,79,100%,TRUE,FALSE,FALSE,HD,SES676247,1,,,,,,,,,,,,,,,,,,,,,,,,,,,,,,,,,,,,,,,,,,,,,,,,,,,,,,,,,,,,,,,,,,,,,,,,,,,,,,,,,,,,,,,,,,,,,,,,,,,,,,,,,,,,,,,,,,,,,,,,,
EVT0001092,SUB00320,CNT00049,2024-03-26,8,Tablet,48,100%,TRUE,FALSE,TRUE,4K,SES942613,1,,,,,,,,,,,,,,,,,,,,,,,,,,,,,,,,,,,,,,,,,,,,,,,,,,,,,,,,,,,,,,,,,,,,,,,,,,,,,,,,,,,,,,,,,,,,,,,,,,,,,,,,,,,,,,,,,,,,,,,,,
EVT0001093,SUB00114,CNT00048,2023-02-20,11,Mobile,113,100%,TRUE,FALSE,TRUE,4K,SES358365,1,,,,,,,,,,,,,,,,,,,,,,,,,,,,,,,,,,,,,,,,,,,,,,,,,,,,,,,,,,,,,,,,,,,,,,,,,,,,,,,,,,,,,,,,,,,,,,,,,,,,,,,,,,,,,,,,,,,,,,,,,
EVT0001094,SUB00046,CNT00035,2024-01-26,19,Fire TV,98,75-99%,FALSE,TRUE,TRUE,HD,SES663942,0,,,,,,,,,,,,,,,,,,,,,,,,,,,,,,,,,,,,,,,,,,,,,,,,,,,,,,,,,,,,,,,,,,,,,,,,,,,,,,,,,,,,,,,,,,,,,,,,,,,,,,,,,,,,,,,,,,,,,,,,,
EVT0001095,SUB00213,CNT00032,2024-02-09,10,Mobile,70,75-99%,FALSE,FALSE,TRUE,4K,SES490477,0,,,,,,,,,,,,,,,,,,,,,,,,,,,,,,,,,,,,,,,,,,,,,,,,,,,,,,,,,,,,,,,,,,,,,,,,,,,,,,,,,,,,,,,,,,,,,,,,,,,,,,,,,,,,,,,,,,,,,,,,,
EVT0001096,SUB00389,CNT00007,2023-02-27,15,Smart TV,43,<25%,FALSE,FALSE,FALSE,4K,SES287619,0,,,,,,,,,,,,,,,,,,,,,,,,,,,,,,,,,,,,,,,,,,,,,,,,,,,,,,,,,,,,,,,,,,,,,,,,,,,,,,,,,,,,,,,,,,,,,,,,,,,,,,,,,,,,,,,,,,,,,,,,,
EVT0001097,SUB00301,CNT00049,2023-02-18,14,Fire TV,115,100%,TRUE,FALSE,FALSE,HD,SES552292,1,,,,,,,,,,,,,,,,,,,,,,,,,,,,,,,,,,,,,,,,,,,,,,,,,,,,,,,,,,,,,,,,,,,,,,,,,,,,,,,,,,,,,,,,,,,,,,,,,,,,,,,,,,,,,,,,,,,,,,,,,
EVT0001098,SUB00421,CNT00068,2024-05-24,6,Tablet,45,50-75%,FALSE,FALSE,TRUE,HD,SES893002,0,,,,,,,,,,,,,,,,,,,,,,,,,,,,,,,,,,,,,,,,,,,,,,,,,,,,,,,,,,,,,,,,,,,,,,,,,,,,,,,,,,,,,,,,,,,,,,,,,,,,,,,,,,,,,,,,,,,,,,,,,
EVT0001099,SUB00349,CNT00004,2024-03-29,15,Tablet,33,100%,TRUE,TRUE,FALSE,HD,SES130294,1,,,,,,,,,,,,,,,,,,,,,,,,,,,,,,,,,,,,,,,,,,,,,,,,,,,,,,,,,,,,,,,,,,,,,,,,,,,,,,,,,,,,,,,,,,,,,,,,,,,,,,,,,,,,,,,,,,,,,,,,,
EVT0001100,SUB00134,CNT00085,2024-03-11,18,Desktop,105,75-99%,FALSE,TRUE,FALSE,HD,SES907848,0,,,,,,,,,,,,,,,,,,,,,,,,,,,,,,,,,,,,,,,,,,,,,,,,,,,,,,,,,,,,,,,,,,,,,,,,,,,,,,,,,,,,,,,,,,,,,,,,,,,,,,,,,,,,,,,,,,,,,,,,,
EVT0001101,SUB00345,CNT00007,2024-03-04,16,Roku,82,25-50%,FALSE,FALSE,TRUE,SD,SES109600,0,,,,,,,,,,,,,,,,,,,,,,,,,,,,,,,,,,,,,,,,,,,,,,,,,,,,,,,,,,,,,,,,,,,,,,,,,,,,,,,,,,,,,,,,,,,,,,,,,,,,,,,,,,,,,,,,,,,,,,,,,
EVT0001102,SUB00165,CNT00016,2024-03-11,15,Smart TV,102,25-50%,FALSE,FALSE,TRUE,HD,SES827658,0,,,,,,,,,,,,,,,,,,,,,,,,,,,,,,,,,,,,,,,,,,,,,,,,,,,,,,,,,,,,,,,,,,,,,,,,,,,,,,,,,,,,,,,,,,,,,,,,,,,,,,,,,,,,,,,,,,,,,,,,,
EVT0001103,SUB00319,CNT00098,2024-04-30,8,Desktop,8,50-75%,FALSE,TRUE,TRUE,HD,SES394577,0,,,,,,,,,,,,,,,,,,,,,,,,,,,,,,,,,,,,,,,,,,,,,,,,,,,,,,,,,,,,,,,,,,,,,,,,,,,,,,,,,,,,,,,,,,,,,,,,,,,,,,,,,,,,,,,,,,,,,,,,,
EVT0001104,SUB00095,CNT00089,2023-04-13,14,Roku,107,75-99%,FALSE,FALSE,FALSE,HD,SES162881,0,,,,,,,,,,,,,,,,,,,,,,,,,,,,,,,,,,,,,,,,,,,,,,,,,,,,,,,,,,,,,,,,,,,,,,,,,,,,,,,,,,,,,,,,,,,,,,,,,,,,,,,,,,,,,,,,,,,,,,,,,
EVT0001105,SUB00550,CNT00056,2023-01-07,18,Desktop,96,100%,TRUE,FALSE,FALSE,HD,SES305399,1,,,,,,,,,,,,,,,,,,,,,,,,,,,,,,,,,,,,,,,,,,,,,,,,,,,,,,,,,,,,,,,,,,,,,,,,,,,,,,,,,,,,,,,,,,,,,,,,,,,,,,,,,,,,,,,,,,,,,,,,,
EVT0001106,SUB00178,CNT00046,2023-03-23,6,Tablet,62,75-99%,FALSE,TRUE,FALSE,HD,SES931026,0,,,,,,,,,,,,,,,,,,,,,,,,,,,,,,,,,,,,,,,,,,,,,,,,,,,,,,,,,,,,,,,,,,,,,,,,,,,,,,,,,,,,,,,,,,,,,,,,,,,,,,,,,,,,,,,,,,,,,,,,,
EVT0001107,SUB00169,CNT00055,2023-09-27,9,Smart TV,11,<25%,FALSE,TRUE,FALSE,4K,SES339922,0,,,,,,,,,,,,,,,,,,,,,,,,,,,,,,,,,,,,,,,,,,,,,,,,,,,,,,,,,,,,,,,,,,,,,,,,,,,,,,,,,,,,,,,,,,,,,,,,,,,,,,,,,,,,,,,,,,,,,,,,,
EVT0001108,SUB00351,CNT00041,2024-05-05,18,Roku,11,100%,TRUE,FALSE,FALSE,4K,SES958784,1,,,,,,,,,,,,,,,,,,,,,,,,,,,,,,,,,,,,,,,,,,,,,,,,,,,,,,,,,,,,,,,,,,,,,,,,,,,,,,,,,,,,,,,,,,,,,,,,,,,,,,,,,,,,,,,,,,,,,,,,,
EVT0001109,SUB00378,CNT00066,2023-06-22,10,Mobile,90,25-50%,FALSE,FALSE,FALSE,HD,SES627918,0,,,,,,,,,,,,,,,,,,,,,,,,,,,,,,,,,,,,,,,,,,,,,,,,,,,,,,,,,,,,,,,,,,,,,,,,,,,,,,,,,,,,,,,,,,,,,,,,,,,,,,,,,,,,,,,,,,,,,,,,,
EVT0001110,SUB00260,CNT00083,2023-11-29,14,Mobile,9,100%,TRUE,FALSE,TRUE,4K,SES420343,1,,,,,,,,,,,,,,,,,,,,,,,,,,,,,,,,,,,,,,,,,,,,,,,,,,,,,,,,,,,,,,,,,,,,,,,,,,,,,,,,,,,,,,,,,,,,,,,,,,,,,,,,,,,,,,,,,,,,,,,,,
EVT0001111,SUB00293,CNT00044,2024-01-12,12,Mobile,19,100%,TRUE,TRUE,TRUE,HD,SES847556,1,,,,,,,,,,,,,,,,,,,,,,,,,,,,,,,,,,,,,,,,,,,,,,,,,,,,,,,,,,,,,,,,,,,,,,,,,,,,,,,,,,,,,,,,,,,,,,,,,,,,,,,,,,,,,,,,,,,,,,,,,
EVT0001112,SUB00293,CNT00079,2024-04-03,21,Fire TV,84,100%,TRUE,FALSE,TRUE,HD,SES559683,1,,,,,,,,,,,,,,,,,,,,,,,,,,,,,,,,,,,,,,,,,,,,,,,,,,,,,,,,,,,,,,,,,,,,,,,,,,,,,,,,,,,,,,,,,,,,,,,,,,,,,,,,,,,,,,,,,,,,,,,,,
EVT0001113,SUB00212,CNT00038,2024-02-12,11,Desktop,26,100%,TRUE,TRUE,TRUE,HD,SES665073,1,,,,,,,,,,,,,,,,,,,,,,,,,,,,,,,,,,,,,,,,,,,,,,,,,,,,,,,,,,,,,,,,,,,,,,,,,,,,,,,,,,,,,,,,,,,,,,,,,,,,,,,,,,,,,,,,,,,,,,,,,
EVT0001114,SUB00174,CNT00061,2024-01-24,6,Fire TV,74,75-99%,FALSE,TRUE,TRUE,HD,SES922123,0,,,,,,,,,,,,,,,,,,,,,,,,,,,,,,,,,,,,,,,,,,,,,,,,,,,,,,,,,,,,,,,,,,,,,,,,,,,,,,,,,,,,,,,,,,,,,,,,,,,,,,,,,,,,,,,,,,,,,,,,,
EVT0001115,SUB00253,CNT00033,2024-02-01,12,Mobile,54,50-75%,FALSE,FALSE,TRUE,4K,SES854121,0,,,,,,,,,,,,,,,,,,,,,,,,,,,,,,,,,,,,,,,,,,,,,,,,,,,,,,,,,,,,,,,,,,,,,,,,,,,,,,,,,,,,,,,,,,,,,,,,,,,,,,,,,,,,,,,,,,,,,,,,,
EVT0001116,SUB00149,CNT00098,2024-05-30,13,Tablet,6,50-75%,FALSE,TRUE,FALSE,SD,SES639704,0,,,,,,,,,,,,,,,,,,,,,,,,,,,,,,,,,,,,,,,,,,,,,,,,,,,,,,,,,,,,,,,,,,,,,,,,,,,,,,,,,,,,,,,,,,,,,,,,,,,,,,,,,,,,,,,,,,,,,,,,,
EVT0001117,SUB00406,CNT00065,2023-03-12,8,Desktop,49,50-75%,FALSE,TRUE,TRUE,4K,SES366750,0,,,,,,,,,,,,,,,,,,,,,,,,,,,,,,,,,,,,,,,,,,,,,,,,,,,,,,,,,,,,,,,,,,,,,,,,,,,,,,,,,,,,,,,,,,,,,,,,,,,,,,,,,,,,,,,,,,,,,,,,,
EVT0001118,SUB00268,CNT00001,2024-01-04,12,Roku,117,100%,TRUE,FALSE,FALSE,SD,SES598190,1,,,,,,,,,,,,,,,,,,,,,,,,,,,,,,,,,,,,,,,,,,,,,,,,,,,,,,,,,,,,,,,,,,,,,,,,,,,,,,,,,,,,,,,,,,,,,,,,,,,,,,,,,,,,,,,,,,,,,,,,,
EVT0001119,SUB00462,CNT00071,2023-08-11,16,Smart TV,87,25-50%,FALSE,FALSE,TRUE,HD,SES662698,0,,,,,,,,,,,,,,,,,,,,,,,,,,,,,,,,,,,,,,,,,,,,,,,,,,,,,,,,,,,,,,,,,,,,,,,,,,,,,,,,,,,,,,,,,,,,,,,,,,,,,,,,,,,,,,,,,,,,,,,,,
EVT0001120,SUB00515,CNT00033,2024-04-12,18,Roku,77,100%,TRUE,FALSE,TRUE,HD,SES653327,1,,,,,,,,,,,,,,,,,,,,,,,,,,,,,,,,,,,,,,,,,,,,,,,,,,,,,,,,,,,,,,,,,,,,,,,,,,,,,,,,,,,,,,,,,,,,,,,,,,,,,,,,,,,,,,,,,,,,,,,,,
EVT0001121,SUB00159,CNT00098,2024-06-10,7,Tablet,45,100%,TRUE,FALSE,FALSE,HD,SES978193,1,,,,,,,,,,,,,,,,,,,,,,,,,,,,,,,,,,,,,,,,,,,,,,,,,,,,,,,,,,,,,,,,,,,,,,,,,,,,,,,,,,,,,,,,,,,,,,,,,,,,,,,,,,,,,,,,,,,,,,,,,
EVT0001122,SUB00108,CNT00054,2024-05-05,14,Desktop,34,100%,TRUE,TRUE,TRUE,HD,SES666699,1,,,,,,,,,,,,,,,,,,,,,,,,,,,,,,,,,,,,,,,,,,,,,,,,,,,,,,,,,,,,,,,,,,,,,,,,,,,,,,,,,,,,,,,,,,,,,,,,,,,,,,,,,,,,,,,,,,,,,,,,,
EVT0001123,SUB00259,CNT00019,2024-01-26,23,Fire TV,33,100%,TRUE,FALSE,TRUE,HD,SES646794,1,,,,,,,,,,,,,,,,,,,,,,,,,,,,,,,,,,,,,,,,,,,,,,,,,,,,,,,,,,,,,,,,,,,,,,,,,,,,,,,,,,,,,,,,,,,,,,,,,,,,,,,,,,,,,,,,,,,,,,,,,
EVT0001124,SUB00244,CNT00014,2023-08-30,9,Fire TV,89,25-50%,FALSE,FALSE,TRUE,SD,SES510933,0,,,,,,,,,,,,,,,,,,,,,,,,,,,,,,,,,,,,,,,,,,,,,,,,,,,,,,,,,,,,,,,,,,,,,,,,,,,,,,,,,,,,,,,,,,,,,,,,,,,,,,,,,,,,,,,,,,,,,,,,,
EVT0001125,SUB00581,CNT00010,2023-06-10,22,Mobile,96,75-99%,FALSE,FALSE,FALSE,HD,SES275933,0,,,,,,,,,,,,,,,,,,,,,,,,,,,,,,,,,,,,,,,,,,,,,,,,,,,,,,,,,,,,,,,,,,,,,,,,,,,,,,,,,,,,,,,,,,,,,,,,,,,,,,,,,,,,,,,,,,,,,,,,,
EVT0001126,SUB00125,CNT00018,2023-05-30,13,Smart TV,118,<25%,FALSE,TRUE,TRUE,SD,SES825263,0,,,,,,,,,,,,,,,,,,,,,,,,,,,,,,,,,,,,,,,,,,,,,,,,,,,,,,,,,,,,,,,,,,,,,,,,,,,,,,,,,,,,,,,,,,,,,,,,,,,,,,,,,,,,,,,,,,,,,,,,,
EVT0001127,SUB00396,CNT00049,2024-06-18,6,Roku,112,25-50%,FALSE,FALSE,FALSE,HD,SES940997,0,,,,,,,,,,,,,,,,,,,,,,,,,,,,,,,,,,,,,,,,,,,,,,,,,,,,,,,,,,,,,,,,,,,,,,,,,,,,,,,,,,,,,,,,,,,,,,,,,,,,,,,,,,,,,,,,,,,,,,,,,
EVT0001128,SUB00396,CNT00096,2024-05-07,15,Smart TV,52,<25%,FALSE,FALSE,TRUE,4K,SES164709,0,,,,,,,,,,,,,,,,,,,,,,,,,,,,,,,,,,,,,,,,,,,,,,,,,,,,,,,,,,,,,,,,,,,,,,,,,,,,,,,,,,,,,,,,,,,,,,,,,,,,,,,,,,,,,,,,,,,,,,,,,
EVT0001129,SUB00567,CNT00033,2023-08-29,8,Roku,70,100%,TRUE,TRUE,TRUE,4K,SES541597,1,,,,,,,,,,,,,,,,,,,,,,,,,,,,,,,,,,,,,,,,,,,,,,,,,,,,,,,,,,,,,,,,,,,,,,,,,,,,,,,,,,,,,,,,,,,,,,,,,,,,,,,,,,,,,,,,,,,,,,,,,
EVT0001130,SUB00200,CNT00045,2023-05-22,16,Fire TV,106,100%,TRUE,TRUE,TRUE,SD,SES308200,1,,,,,,,,,,,,,,,,,,,,,,,,,,,,,,,,,,,,,,,,,,,,,,,,,,,,,,,,,,,,,,,,,,,,,,,,,,,,,,,,,,,,,,,,,,,,,,,,,,,,,,,,,,,,,,,,,,,,,,,,,
EVT0001131,SUB00469,CNT00052,2023-01-18,6,Tablet,109,100%,TRUE,FALSE,TRUE,HD,SES497608,1,,,,,,,,,,,,,,,,,,,,,,,,,,,,,,,,,,,,,,,,,,,,,,,,,,,,,,,,,,,,,,,,,,,,,,,,,,,,,,,,,,,,,,,,,,,,,,,,,,,,,,,,,,,,,,,,,,,,,,,,,
EVT0001132,SUB00077,CNT00070,2024-03-24,19,Fire TV,54,<25%,FALSE,FALSE,TRUE,SD,SES177411,0,,,,,,,,,,,,,,,,,,,,,,,,,,,,,,,,,,,,,,,,,,,,,,,,,,,,,,,,,,,,,,,,,,,,,,,,,,,,,,,,,,,,,,,,,,,,,,,,,,,,,,,,,,,,,,,,,,,,,,,,,
EVT0001133,SUB00663,CNT00042,2023-01-14,8,Fire TV,16,50-75%,FALSE,FALSE,TRUE,4K,SES101662,0,,,,,,,,,,,,,,,,,,,,,,,,,,,,,,,,,,,,,,,,,,,,,,,,,,,,,,,,,,,,,,,,,,,,,,,,,,,,,,,,,,,,,,,,,,,,,,,,,,,,,,,,,,,,,,,,,,,,,,,,,
EVT0001134,SUB00555,CNT00047,2024-04-02,14,Roku,65,100%,TRUE,TRUE,FALSE,HD,SES115775,1,,,,,,,,,,,,,,,,,,,,,,,,,,,,,,,,,,,,,,,,,,,,,,,,,,,,,,,,,,,,,,,,,,,,,,,,,,,,,,,,,,,,,,,,,,,,,,,,,,,,,,,,,,,,,,,,,,,,,,,,,
EVT0001135,SUB00576,CNT00056,2024-01-12,12,Tablet,75,75-99%,FALSE,TRUE,TRUE,HD,SES860863,0,,,,,,,,,,,,,,,,,,,,,,,,,,,,,,,,,,,,,,,,,,,,,,,,,,,,,,,,,,,,,,,,,,,,,,,,,,,,,,,,,,,,,,,,,,,,,,,,,,,,,,,,,,,,,,,,,,,,,,,,,
EVT0001136,SUB00164,CNT00068,2024-02-19,22,Smart TV,74,100%,TRUE,FALSE,FALSE,HD,SES645300,1,,,,,,,,,,,,,,,,,,,,,,,,,,,,,,,,,,,,,,,,,,,,,,,,,,,,,,,,,,,,,,,,,,,,,,,,,,,,,,,,,,,,,,,,,,,,,,,,,,,,,,,,,,,,,,,,,,,,,,,,,
EVT0001137,SUB00484,CNT00088,2023-05-02,21,Roku,14,100%,TRUE,FALSE,TRUE,4K,SES941850,1,,,,,,,,,,,,,,,,,,,,,,,,,,,,,,,,,,,,,,,,,,,,,,,,,,,,,,,,,,,,,,,,,,,,,,,,,,,,,,,,,,,,,,,,,,,,,,,,,,,,,,,,,,,,,,,,,,,,,,,,,
EVT0001138,SUB00185,CNT00089,2024-03-15,20,Desktop,7,<25%,FALSE,FALSE,FALSE,HD,SES232649,0,,,,,,,,,,,,,,,,,,,,,,,,,,,,,,,,,,,,,,,,,,,,,,,,,,,,,,,,,,,,,,,,,,,,,,,,,,,,,,,,,,,,,,,,,,,,,,,,,,,,,,,,,,,,,,,,,,,,,,,,,
EVT0001139,SUB00090,CNT00046,2023-01-23,22,Roku,76,75-99%,FALSE,TRUE,TRUE,SD,SES417430,0,,,,,,,,,,,,,,,,,,,,,,,,,,,,,,,,,,,,,,,,,,,,,,,,,,,,,,,,,,,,,,,,,,,,,,,,,,,,,,,,,,,,,,,,,,,,,,,,,,,,,,,,,,,,,,,,,,,,,,,,,
EVT0001140,SUB00567,CNT00098,2023-03-22,17,Smart TV,14,100%,TRUE,FALSE,TRUE,4K,SES635294,1,,,,,,,,,,,,,,,,,,,,,,,,,,,,,,,,,,,,,,,,,,,,,,,,,,,,,,,,,,,,,,,,,,,,,,,,,,,,,,,,,,,,,,,,,,,,,,,,,,,,,,,,,,,,,,,,,,,,,,,,,
EVT0001141,SUB00121,CNT00059,2023-11-18,8,Fire TV,100,50-75%,FALSE,TRUE,TRUE,4K,SES503803,0,,,,,,,,,,,,,,,,,,,,,,,,,,,,,,,,,,,,,,,,,,,,,,,,,,,,,,,,,,,,,,,,,,,,,,,,,,,,,,,,,,,,,,,,,,,,,,,,,,,,,,,,,,,,,,,,,,,,,,,,,
EVT0001142,SUB00077,CNT00070,2023-07-09,23,Smart TV,40,100%,TRUE,TRUE,FALSE,HD,SES522379,1,,,,,,,,,,,,,,,,,,,,,,,,,,,,,,,,,,,,,,,,,,,,,,,,,,,,,,,,,,,,,,,,,,,,,,,,,,,,,,,,,,,,,,,,,,,,,,,,,,,,,,,,,,,,,,,,,,,,,,,,,
EVT0001143,SUB00447,CNT00021,2023-05-22,21,Tablet,70,25-50%,FALSE,FALSE,TRUE,HD,SES155988,0,,,,,,,,,,,,,,,,,,,,,,,,,,,,,,,,,,,,,,,,,,,,,,,,,,,,,,,,,,,,,,,,,,,,,,,,,,,,,,,,,,,,,,,,,,,,,,,,,,,,,,,,,,,,,,,,,,,,,,,,,
EVT0001144,SUB00376,CNT00019,2023-09-28,23,Tablet,92,25-50%,FALSE,FALSE,TRUE,HD,SES973924,0,,,,,,,,,,,,,,,,,,,,,,,,,,,,,,,,,,,,,,,,,,,,,,,,,,,,,,,,,,,,,,,,,,,,,,,,,,,,,,,,,,,,,,,,,,,,,,,,,,,,,,,,,,,,,,,,,,,,,,,,,
EVT0001145,SUB00327,CNT00065,2023-02-16,10,Smart TV,113,25-50%,FALSE,FALSE,TRUE,SD,SES844810,0,,,,,,,,,,,,,,,,,,,,,,,,,,,,,,,,,,,,,,,,,,,,,,,,,,,,,,,,,,,,,,,,,,,,,,,,,,,,,,,,,,,,,,,,,,,,,,,,,,,,,,,,,,,,,,,,,,,,,,,,,
EVT0001146,SUB00051,CNT00044,2023-01-19,16,Desktop,40,50-75%,FALSE,TRUE,TRUE,HD,SES321534,0,,,,,,,,,,,,,,,,,,,,,,,,,,,,,,,,,,,,,,,,,,,,,,,,,,,,,,,,,,,,,,,,,,,,,,,,,,,,,,,,,,,,,,,,,,,,,,,,,,,,,,,,,,,,,,,,,,,,,,,,,
EVT0001147,SUB00286,CNT00061,2023-05-20,22,Smart TV,76,100%,TRUE,FALSE,TRUE,4K,SES105302,1,,,,,,,,,,,,,,,,,,,,,,,,,,,,,,,,,,,,,,,,,,,,,,,,,,,,,,,,,,,,,,,,,,,,,,,,,,,,,,,,,,,,,,,,,,,,,,,,,,,,,,,,,,,,,,,,,,,,,,,,,
EVT0001148,SUB00092,CNT00084,2023-03-01,22,Smart TV,25,100%,TRUE,FALSE,TRUE,HD,SES352046,1,,,,,,,,,,,,,,,,,,,,,,,,,,,,,,,,,,,,,,,,,,,,,,,,,,,,,,,,,,,,,,,,,,,,,,,,,,,,,,,,,,,,,,,,,,,,,,,,,,,,,,,,,,,,,,,,,,,,,,,,,
EVT0001149,SUB00140,CNT00010,2023-04-03,23,Tablet,5,75-99%,FALSE,FALSE,TRUE,SD,SES924496,0,,,,,,,,,,,,,,,,,,,,,,,,,,,,,,,,,,,,,,,,,,,,,,,,,,,,,,,,,,,,,,,,,,,,,,,,,,,,,,,,,,,,,,,,,,,,,,,,,,,,,,,,,,,,,,,,,,,,,,,,,
EVT0001150,SUB00576,CNT00097,2023-12-26,8,Mobile,78,100%,TRUE,FALSE,TRUE,HD,SES286646,1,,,,,,,,,,,,,,,,,,,,,,,,,,,,,,,,,,,,,,,,,,,,,,,,,,,,,,,,,,,,,,,,,,,,,,,,,,,,,,,,,,,,,,,,,,,,,,,,,,,,,,,,,,,,,,,,,,,,,,,,,
EVT0001151,SUB00112,CNT00085,2024-04-19,11,Desktop,15,<25%,FALSE,FALSE,TRUE,4K,SES338459,0,,,,,,,,,,,,,,,,,,,,,,,,,,,,,,,,,,,,,,,,,,,,,,,,,,,,,,,,,,,,,,,,,,,,,,,,,,,,,,,,,,,,,,,,,,,,,,,,,,,,,,,,,,,,,,,,,,,,,,,,,
EVT0001152,SUB00055,CNT00018,2024-03-27,7,Desktop,14,25-50%,FALSE,FALSE,FALSE,4K,SES813540,0,,,,,,,,,,,,,,,,,,,,,,,,,,,,,,,,,,,,,,,,,,,,,,,,,,,,,,,,,,,,,,,,,,,,,,,,,,,,,,,,,,,,,,,,,,,,,,,,,,,,,,,,,,,,,,,,,,,,,,,,,
EVT0001153,SUB00005,CNT00033,2023-01-16,8,Roku,78,100%,TRUE,FALSE,FALSE,4K,SES833087,1,,,,,,,,,,,,,,,,,,,,,,,,,,,,,,,,,,,,,,,,,,,,,,,,,,,,,,,,,,,,,,,,,,,,,,,,,,,,,,,,,,,,,,,,,,,,,,,,,,,,,,,,,,,,,,,,,,,,,,,,,
EVT0001154,SUB00233,CNT00019,2023-10-28,22,Desktop,57,100%,TRUE,FALSE,FALSE,HD,SES323701,1,,,,,,,,,,,,,,,,,,,,,,,,,,,,,,,,,,,,,,,,,,,,,,,,,,,,,,,,,,,,,,,,,,,,,,,,,,,,,,,,,,,,,,,,,,,,,,,,,,,,,,,,,,,,,,,,,,,,,,,,,
EVT0001155,SUB00353,CNT00029,2024-02-27,21,Mobile,57,50-75%,FALSE,FALSE,TRUE,HD,SES931553,0,,,,,,,,,,,,,,,,,,,,,,,,,,,,,,,,,,,,,,,,,,,,,,,,,,,,,,,,,,,,,,,,,,,,,,,,,,,,,,,,,,,,,,,,,,,,,,,,,,,,,,,,,,,,,,,,,,,,,,,,,
EVT0001156,SUB00145,CNT00026,2024-06-11,23,Mobile,32,100%,TRUE,FALSE,TRUE,SD,SES370340,1,,,,,,,,,,,,,,,,,,,,,,,,,,,,,,,,,,,,,,,,,,,,,,,,,,,,,,,,,,,,,,,,,,,,,,,,,,,,,,,,,,,,,,,,,,,,,,,,,,,,,,,,,,,,,,,,,,,,,,,,,
EVT0001157,SUB00047,CNT00028,2023-12-07,11,Mobile,64,50-75%,FALSE,FALSE,TRUE,4K,SES559119,0,,,,,,,,,,,,,,,,,,,,,,,,,,,,,,,,,,,,,,,,,,,,,,,,,,,,,,,,,,,,,,,,,,,,,,,,,,,,,,,,,,,,,,,,,,,,,,,,,,,,,,,,,,,,,,,,,,,,,,,,,
EVT0001158,SUB00537,CNT00031,2023-09-20,10,Desktop,72,50-75%,FALSE,TRUE,TRUE,4K,SES672176,0,,,,,,,,,,,,,,,,,,,,,,,,,,,,,,,,,,,,,,,,,,,,,,,,,,,,,,,,,,,,,,,,,,,,,,,,,,,,,,,,,,,,,,,,,,,,,,,,,,,,,,,,,,,,,,,,,,,,,,,,,
EVT0001159,SUB00040,CNT00058,2024-03-21,23,Smart TV,96,25-50%,FALSE,FALSE,TRUE,HD,SES627832,0,,,,,,,,,,,,,,,,,,,,,,,,,,,,,,,,,,,,,,,,,,,,,,,,,,,,,,,,,,,,,,,,,,,,,,,,,,,,,,,,,,,,,,,,,,,,,,,,,,,,,,,,,,,,,,,,,,,,,,,,,
EVT0001160,SUB00561,CNT00010,2023-07-19,13,Desktop,107,50-75%,FALSE,FALSE,TRUE,HD,SES244598,0,,,,,,,,,,,,,,,,,,,,,,,,,,,,,,,,,,,,,,,,,,,,,,,,,,,,,,,,,,,,,,,,,,,,,,,,,,,,,,,,,,,,,,,,,,,,,,,,,,,,,,,,,,,,,,,,,,,,,,,,,
EVT0001161,SUB00339,CNT00073,2023-02-18,14,Fire TV,11,100%,TRUE,FALSE,TRUE,HD,SES749985,1,,,,,,,,,,,,,,,,,,,,,,,,,,,,,,,,,,,,,,,,,,,,,,,,,,,,,,,,,,,,,,,,,,,,,,,,,,,,,,,,,,,,,,,,,,,,,,,,,,,,,,,,,,,,,,,,,,,,,,,,,
EVT0001162,SUB00361,CNT00044,2023-12-10,11,Fire TV,110,25-50%,FALSE,TRUE,FALSE,SD,SES667114,0,,,,,,,,,,,,,,,,,,,,,,,,,,,,,,,,,,,,,,,,,,,,,,,,,,,,,,,,,,,,,,,,,,,,,,,,,,,,,,,,,,,,,,,,,,,,,,,,,,,,,,,,,,,,,,,,,,,,,,,,,
EVT0001163,SUB00333,CNT00057,2023-12-08,15,Fire TV,8,100%,TRUE,FALSE,FALSE,SD,SES344916,1,,,,,,,,,,,,,,,,,,,,,,,,,,,,,,,,,,,,,,,,,,,,,,,,,,,,,,,,,,,,,,,,,,,,,,,,,,,,,,,,,,,,,,,,,,,,,,,,,,,,,,,,,,,,,,,,,,,,,,,,,
EVT0001164,SUB00086,CNT00060,2023-04-13,18,Mobile,81,100%,TRUE,FALSE,TRUE,HD,SES444492,1,,,,,,,,,,,,,,,,,,,,,,,,,,,,,,,,,,,,,,,,,,,,,,,,,,,,,,,,,,,,,,,,,,,,,,,,,,,,,,,,,,,,,,,,,,,,,,,,,,,,,,,,,,,,,,,,,,,,,,,,,
EVT0001165,SUB00456,CNT00007,2023-10-30,11,Smart TV,86,100%,TRUE,TRUE,TRUE,HD,SES488968,1,,,,,,,,,,,,,,,,,,,,,,,,,,,,,,,,,,,,,,,,,,,,,,,,,,,,,,,,,,,,,,,,,,,,,,,,,,,,,,,,,,,,,,,,,,,,,,,,,,,,,,,,,,,,,,,,,,,,,,,,,
EVT0001166,SUB00323,CNT00035,2023-08-28,8,Fire TV,27,100%,TRUE,TRUE,TRUE,HD,SES291093,1,,,,,,,,,,,,,,,,,,,,,,,,,,,,,,,,,,,,,,,,,,,,,,,,,,,,,,,,,,,,,,,,,,,,,,,,,,,,,,,,,,,,,,,,,,,,,,,,,,,,,,,,,,,,,,,,,,,,,,,,,
EVT0001167,SUB00322,CNT00073,2024-03-24,7,Mobile,25,75-99%,FALSE,FALSE,FALSE,SD,SES182774,0,,,,,,,,,,,,,,,,,,,,,,,,,,,,,,,,,,,,,,,,,,,,,,,,,,,,,,,,,,,,,,,,,,,,,,,,,,,,,,,,,,,,,,,,,,,,,,,,,,,,,,,,,,,,,,,,,,,,,,,,,
EVT0001168,SUB00114,CNT00050,2023-11-24,17,Fire TV,92,100%,TRUE,FALSE,FALSE,4K,SES561535,1,,,,,,,,,,,,,,,,,,,,,,,,,,,,,,,,,,,,,,,,,,,,,,,,,,,,,,,,,,,,,,,,,,,,,,,,,,,,,,,,,,,,,,,,,,,,,,,,,,,,,,,,,,,,,,,,,,,,,,,,,
EVT0001169,SUB00033,CNT00006,2023-12-14,21,Mobile,102,100%,TRUE,FALSE,FALSE,HD,SES985548,1,,,,,,,,,,,,,,,,,,,,,,,,,,,,,,,,,,,,,,,,,,,,,,,,,,,,,,,,,,,,,,,,,,,,,,,,,,,,,,,,,,,,,,,,,,,,,,,,,,,,,,,,,,,,,,,,,,,,,,,,,
EVT0001170,SUB00475,CNT00007,2023-05-13,17,Fire TV,8,100%,TRUE,TRUE,FALSE,SD,SES150483,1,,,,,,,,,,,,,,,,,,,,,,,,,,,,,,,,,,,,,,,,,,,,,,,,,,,,,,,,,,,,,,,,,,,,,,,,,,,,,,,,,,,,,,,,,,,,,,,,,,,,,,,,,,,,,,,,,,,,,,,,,
EVT0001171,SUB00403,CNT00051,2023-01-10,6,Smart TV,93,100%,TRUE,FALSE,TRUE,SD,SES390910,1,,,,,,,,,,,,,,,,,,,,,,,,,,,,,,,,,,,,,,,,,,,,,,,,,,,,,,,,,,,,,,,,,,,,,,,,,,,,,,,,,,,,,,,,,,,,,,,,,,,,,,,,,,,,,,,,,,,,,,,,,
EVT0001172,SUB00130,CNT00028,2023-12-23,22,Roku,94,75-99%,FALSE,FALSE,TRUE,SD,SES669126,0,,,,,,,,,,,,,,,,,,,,,,,,,,,,,,,,,,,,,,,,,,,,,,,,,,,,,,,,,,,,,,,,,,,,,,,,,,,,,,,,,,,,,,,,,,,,,,,,,,,,,,,,,,,,,,,,,,,,,,,,,
EVT0001173,SUB00642,CNT00013,2023-11-04,16,Roku,83,100%,TRUE,TRUE,FALSE,4K,SES462920,1,,,,,,,,,,,,,,,,,,,,,,,,,,,,,,,,,,,,,,,,,,,,,,,,,,,,,,,,,,,,,,,,,,,,,,,,,,,,,,,,,,,,,,,,,,,,,,,,,,,,,,,,,,,,,,,,,,,,,,,,,
EVT0001174,SUB00383,CNT00044,2023-09-07,17,Desktop,14,25-50%,FALSE,TRUE,TRUE,HD,SES610544,0,,,,,,,,,,,,,,,,,,,,,,,,,,,,,,,,,,,,,,,,,,,,,,,,,,,,,,,,,,,,,,,,,,,,,,,,,,,,,,,,,,,,,,,,,,,,,,,,,,,,,,,,,,,,,,,,,,,,,,,,,
EVT0001175,SUB00660,CNT00062,2023-01-14,23,Mobile,14,75-99%,FALSE,FALSE,TRUE,HD,SES600695,0,,,,,,,,,,,,,,,,,,,,,,,,,,,,,,,,,,,,,,,,,,,,,,,,,,,,,,,,,,,,,,,,,,,,,,,,,,,,,,,,,,,,,,,,,,,,,,,,,,,,,,,,,,,,,,,,,,,,,,,,,
EVT0001176,SUB00046,CNT00031,2023-09-27,22,Tablet,93,100%,TRUE,FALSE,TRUE,HD,SES794379,1,,,,,,,,,,,,,,,,,,,,,,,,,,,,,,,,,,,,,,,,,,,,,,,,,,,,,,,,,,,,,,,,,,,,,,,,,,,,,,,,,,,,,,,,,,,,,,,,,,,,,,,,,,,,,,,,,,,,,,,,,
EVT0001177,SUB00584,CNT00040,2023-07-18,17,Smart TV,7,100%,TRUE,TRUE,TRUE,HD,SES580747,1,,,,,,,,,,,,,,,,,,,,,,,,,,,,,,,,,,,,,,,,,,,,,,,,,,,,,,,,,,,,,,,,,,,,,,,,,,,,,,,,,,,,,,,,,,,,,,,,,,,,,,,,,,,,,,,,,,,,,,,,,
EVT0001178,SUB00161,CNT00001,2024-01-22,17,Mobile,14,50-75%,FALSE,FALSE,TRUE,HD,SES428312,0,,,,,,,,,,,,,,,,,,,,,,,,,,,,,,,,,,,,,,,,,,,,,,,,,,,,,,,,,,,,,,,,,,,,,,,,,,,,,,,,,,,,,,,,,,,,,,,,,,,,,,,,,,,,,,,,,,,,,,,,,
EVT0001179,SUB00134,CNT00024,2023-09-19,20,Roku,37,50-75%,FALSE,TRUE,FALSE,SD,SES758229,0,,,,,,,,,,,,,,,,,,,,,,,,,,,,,,,,,,,,,,,,,,,,,,,,,,,,,,,,,,,,,,,,,,,,,,,,,,,,,,,,,,,,,,,,,,,,,,,,,,,,,,,,,,,,,,,,,,,,,,,,,
EVT0001180,SUB00678,CNT00090,2023-07-11,13,Smart TV,44,100%,TRUE,FALSE,TRUE,SD,SES115973,1,,,,,,,,,,,,,,,,,,,,,,,,,,,,,,,,,,,,,,,,,,,,,,,,,,,,,,,,,,,,,,,,,,,,,,,,,,,,,,,,,,,,,,,,,,,,,,,,,,,,,,,,,,,,,,,,,,,,,,,,,
EVT0001181,SUB00586,CNT00002,2023-02-02,7,Tablet,36,100%,TRUE,TRUE,FALSE,HD,SES682783,1,,,,,,,,,,,,,,,,,,,,,,,,,,,,,,,,,,,,,,,,,,,,,,,,,,,,,,,,,,,,,,,,,,,,,,,,,,,,,,,,,,,,,,,,,,,,,,,,,,,,,,,,,,,,,,,,,,,,,,,,,
EVT0001182,SUB00523,CNT00034,2024-02-28,9,Mobile,54,25-50%,FALSE,FALSE,TRUE,HD,SES933175,0,,,,,,,,,,,,,,,,,,,,,,,,,,,,,,,,,,,,,,,,,,,,,,,,,,,,,,,,,,,,,,,,,,,,,,,,,,,,,,,,,,,,,,,,,,,,,,,,,,,,,,,,,,,,,,,,,,,,,,,,,
EVT0001183,SUB00632,CNT00037,2023-05-20,16,Desktop,47,100%,TRUE,FALSE,FALSE,HD,SES573062,1,,,,,,,,,,,,,,,,,,,,,,,,,,,,,,,,,,,,,,,,,,,,,,,,,,,,,,,,,,,,,,,,,,,,,,,,,,,,,,,,,,,,,,,,,,,,,,,,,,,,,,,,,,,,,,,,,,,,,,,,,
EVT0001184,SUB00580,CNT00012,2023-11-28,19,Tablet,26,25-50%,FALSE,FALSE,TRUE,HD,SES984121,0,,,,,,,,,,,,,,,,,,,,,,,,,,,,,,,,,,,,,,,,,,,,,,,,,,,,,,,,,,,,,,,,,,,,,,,,,,,,,,,,,,,,,,,,,,,,,,,,,,,,,,,,,,,,,,,,,,,,,,,,,
EVT0001185,SUB00430,CNT00023,2023-09-04,10,Desktop,52,100%,TRUE,FALSE,FALSE,HD,SES181513,1,,,,,,,,,,,,,,,,,,,,,,,,,,,,,,,,,,,,,,,,,,,,,,,,,,,,,,,,,,,,,,,,,,,,,,,,,,,,,,,,,,,,,,,,,,,,,,,,,,,,,,,,,,,,,,,,,,,,,,,,,
EVT0001186,SUB00474,CNT00004,2023-09-19,10,Mobile,61,100%,TRUE,TRUE,TRUE,4K,SES982747,1,,,,,,,,,,,,,,,,,,,,,,,,,,,,,,,,,,,,,,,,,,,,,,,,,,,,,,,,,,,,,,,,,,,,,,,,,,,,,,,,,,,,,,,,,,,,,,,,,,,,,,,,,,,,,,,,,,,,,,,,,
EVT0001187,SUB00232,CNT00071,2023-06-15,12,Desktop,94,<25%,FALSE,TRUE,TRUE,HD,SES860801,0,,,,,,,,,,,,,,,,,,,,,,,,,,,,,,,,,,,,,,,,,,,,,,,,,,,,,,,,,,,,,,,,,,,,,,,,,,,,,,,,,,,,,,,,,,,,,,,,,,,,,,,,,,,,,,,,,,,,,,,,,
EVT0001188,SUB00070,CNT00001,2023-06-25,21,Fire TV,5,75-99%,FALSE,FALSE,TRUE,HD,SES199051,0,,,,,,,,,,,,,,,,,,,,,,,,,,,,,,,,,,,,,,,,,,,,,,,,,,,,,,,,,,,,,,,,,,,,,,,,,,,,,,,,,,,,,,,,,,,,,,,,,,,,,,,,,,,,,,,,,,,,,,,,,
EVT0001189,SUB00109,CNT00065,2024-03-20,23,Tablet,47,75-99%,FALSE,FALSE,FALSE,SD,SES865806,0,,,,,,,,,,,,,,,,,,,,,,,,,,,,,,,,,,,,,,,,,,,,,,,,,,,,,,,,,,,,,,,,,,,,,,,,,,,,,,,,,,,,,,,,,,,,,,,,,,,,,,,,,,,,,,,,,,,,,,,,,
EVT0001190,SUB00583,CNT00089,2023-11-17,11,Fire TV,93,100%,TRUE,TRUE,TRUE,HD,SES641866,1,,,,,,,,,,,,,,,,,,,,,,,,,,,,,,,,,,,,,,,,,,,,,,,,,,,,,,,,,,,,,,,,,,,,,,,,,,,,,,,,,,,,,,,,,,,,,,,,,,,,,,,,,,,,,,,,,,,,,,,,,
EVT0001191,SUB00052,CNT00099,2023-02-15,13,Desktop,73,50-75%,FALSE,FALSE,FALSE,HD,SES170431,0,,,,,,,,,,,,,,,,,,,,,,,,,,,,,,,,,,,,,,,,,,,,,,,,,,,,,,,,,,,,,,,,,,,,,,,,,,,,,,,,,,,,,,,,,,,,,,,,,,,,,,,,,,,,,,,,,,,,,,,,,
EVT0001192,SUB00624,CNT00066,2024-01-20,21,Smart TV,107,100%,TRUE,FALSE,TRUE,4K,SES426098,1,,,,,,,,,,,,,,,,,,,,,,,,,,,,,,,,,,,,,,,,,,,,,,,,,,,,,,,,,,,,,,,,,,,,,,,,,,,,,,,,,,,,,,,,,,,,,,,,,,,,,,,,,,,,,,,,,,,,,,,,,
EVT0001193,SUB00674,CNT00058,2023-02-24,21,Smart TV,5,25-50%,FALSE,TRUE,TRUE,HD,SES324134,0,,,,,,,,,,,,,,,,,,,,,,,,,,,,,,,,,,,,,,,,,,,,,,,,,,,,,,,,,,,,,,,,,,,,,,,,,,,,,,,,,,,,,,,,,,,,,,,,,,,,,,,,,,,,,,,,,,,,,,,,,
EVT0001194,SUB00550,CNT00088,2023-10-29,10,Fire TV,24,100%,TRUE,TRUE,TRUE,SD,SES390900,1,,,,,,,,,,,,,,,,,,,,,,,,,,,,,,,,,,,,,,,,,,,,,,,,,,,,,,,,,,,,,,,,,,,,,,,,,,,,,,,,,,,,,,,,,,,,,,,,,,,,,,,,,,,,,,,,,,,,,,,,,
EVT0001195,SUB00499,CNT00084,2023-10-13,10,Fire TV,115,50-75%,FALSE,FALSE,FALSE,SD,SES169246,0,,,,,,,,,,,,,,,,,,,,,,,,,,,,,,,,,,,,,,,,,,,,,,,,,,,,,,,,,,,,,,,,,,,,,,,,,,,,,,,,,,,,,,,,,,,,,,,,,,,,,,,,,,,,,,,,,,,,,,,,,
EVT0001196,SUB00369,CNT00091,2024-03-07,6,Fire TV,21,25-50%,FALSE,FALSE,FALSE,SD,SES233778,0,,,,,,,,,,,,,,,,,,,,,,,,,,,,,,,,,,,,,,,,,,,,,,,,,,,,,,,,,,,,,,,,,,,,,,,,,,,,,,,,,,,,,,,,,,,,,,,,,,,,,,,,,,,,,,,,,,,,,,,,,
EVT0001197,SUB00650,CNT00012,2023-02-06,10,Smart TV,114,50-75%,FALSE,TRUE,TRUE,HD,SES622219,0,,,,,,,,,,,,,,,,,,,,,,,,,,,,,,,,,,,,,,,,,,,,,,,,,,,,,,,,,,,,,,,,,,,,,,,,,,,,,,,,,,,,,,,,,,,,,,,,,,,,,,,,,,,,,,,,,,,,,,,,,
EVT0001198,SUB00131,CNT00014,2024-01-03,12,Mobile,120,50-75%,FALSE,TRUE,FALSE,SD,SES538229,0,,,,,,,,,,,,,,,,,,,,,,,,,,,,,,,,,,,,,,,,,,,,,,,,,,,,,,,,,,,,,,,,,,,,,,,,,,,,,,,,,,,,,,,,,,,,,,,,,,,,,,,,,,,,,,,,,,,,,,,,,
EVT0001199,SUB00049,CNT00051,2023-12-10,7,Tablet,96,25-50%,FALSE,FALSE,TRUE,HD,SES579113,0,,,,,,,,,,,,,,,,,,,,,,,,,,,,,,,,,,,,,,,,,,,,,,,,,,,,,,,,,,,,,,,,,,,,,,,,,,,,,,,,,,,,,,,,,,,,,,,,,,,,,,,,,,,,,,,,,,,,,,,,,
EVT0001200,SUB00365,CNT00063,2024-04-15,23,Smart TV,21,<25%,FALSE,TRUE,FALSE,SD,SES783421,0,,,,,,,,,,,,,,,,,,,,,,,,,,,,,,,,,,,,,,,,,,,,,,,,,,,,,,,,,,,,,,,,,,,,,,,,,,,,,,,,,,,,,,,,,,,,,,,,,,,,,,,,,,,,,,,,,,,,,,,,,
EVT0001201,SUB00613,CNT00078,2023-06-15,8,Desktop,43,100%,TRUE,FALSE,FALSE,SD,SES266850,1,,,,,,,,,,,,,,,,,,,,,,,,,,,,,,,,,,,,,,,,,,,,,,,,,,,,,,,,,,,,,,,,,,,,,,,,,,,,,,,,,,,,,,,,,,,,,,,,,,,,,,,,,,,,,,,,,,,,,,,,,
EVT0001202,SUB00224,CNT00085,2024-06-27,13,Fire TV,74,<25%,FALSE,FALSE,TRUE,HD,SES505903,0,,,,,,,,,,,,,,,,,,,,,,,,,,,,,,,,,,,,,,,,,,,,,,,,,,,,,,,,,,,,,,,,,,,,,,,,,,,,,,,,,,,,,,,,,,,,,,,,,,,,,,,,,,,,,,,,,,,,,,,,,
EVT0001203,SUB00167,CNT00007,2024-02-06,12,Mobile,58,100%,TRUE,FALSE,TRUE,HD,SES158591,1,,,,,,,,,,,,,,,,,,,,,,,,,,,,,,,,,,,,,,,,,,,,,,,,,,,,,,,,,,,,,,,,,,,,,,,,,,,,,,,,,,,,,,,,,,,,,,,,,,,,,,,,,,,,,,,,,,,,,,,,,
EVT0001204,SUB00416,CNT00048,2024-01-11,19,Desktop,63,100%,TRUE,TRUE,TRUE,HD,SES834450,1,,,,,,,,,,,,,,,,,,,,,,,,,,,,,,,,,,,,,,,,,,,,,,,,,,,,,,,,,,,,,,,,,,,,,,,,,,,,,,,,,,,,,,,,,,,,,,,,,,,,,,,,,,,,,,,,,,,,,,,,,
EVT0001205,SUB00157,CNT00069,2024-02-08,17,Tablet,12,100%,TRUE,FALSE,FALSE,4K,SES916634,1,,,,,,,,,,,,,,,,,,,,,,,,,,,,,,,,,,,,,,,,,,,,,,,,,,,,,,,,,,,,,,,,,,,,,,,,,,,,,,,,,,,,,,,,,,,,,,,,,,,,,,,,,,,,,,,,,,,,,,,,,
EVT0001206,SUB00308,CNT00057,2023-09-18,18,Smart TV,92,100%,TRUE,FALSE,FALSE,HD,SES852122,1,,,,,,,,,,,,,,,,,,,,,,,,,,,,,,,,,,,,,,,,,,,,,,,,,,,,,,,,,,,,,,,,,,,,,,,,,,,,,,,,,,,,,,,,,,,,,,,,,,,,,,,,,,,,,,,,,,,,,,,,,
EVT0001207,SUB00582,CNT00002,2023-08-19,18,Smart TV,63,50-75%,FALSE,TRUE,TRUE,HD,SES504058,0,,,,,,,,,,,,,,,,,,,,,,,,,,,,,,,,,,,,,,,,,,,,,,,,,,,,,,,,,,,,,,,,,,,,,,,,,,,,,,,,,,,,,,,,,,,,,,,,,,,,,,,,,,,,,,,,,,,,,,,,,
EVT0001208,SUB00445,CNT00016,2023-05-18,10,Tablet,32,<25%,FALSE,FALSE,FALSE,HD,SES969005,0,,,,,,,,,,,,,,,,,,,,,,,,,,,,,,,,,,,,,,,,,,,,,,,,,,,,,,,,,,,,,,,,,,,,,,,,,,,,,,,,,,,,,,,,,,,,,,,,,,,,,,,,,,,,,,,,,,,,,,,,,
EVT0001209,SUB00671,CNT00042,2023-12-18,10,Mobile,91,50-75%,FALSE,FALSE,FALSE,SD,SES659730,0,,,,,,,,,,,,,,,,,,,,,,,,,,,,,,,,,,,,,,,,,,,,,,,,,,,,,,,,,,,,,,,,,,,,,,,,,,,,,,,,,,,,,,,,,,,,,,,,,,,,,,,,,,,,,,,,,,,,,,,,,
EVT0001210,SUB00609,CNT00080,2024-05-19,19,Smart TV,86,<25%,FALSE,TRUE,FALSE,4K,SES960525,0,,,,,,,,,,,,,,,,,,,,,,,,,,,,,,,,,,,,,,,,,,,,,,,,,,,,,,,,,,,,,,,,,,,,,,,,,,,,,,,,,,,,,,,,,,,,,,,,,,,,,,,,,,,,,,,,,,,,,,,,,
EVT0001211,SUB00674,CNT00088,2023-03-28,13,Smart TV,76,75-99%,FALSE,FALSE,TRUE,HD,SES855148,0,,,,,,,,,,,,,,,,,,,,,,,,,,,,,,,,,,,,,,,,,,,,,,,,,,,,,,,,,,,,,,,,,,,,,,,,,,,,,,,,,,,,,,,,,,,,,,,,,,,,,,,,,,,,,,,,,,,,,,,,,
EVT0001212,SUB00472,CNT00024,2023-10-16,7,Tablet,73,100%,TRUE,TRUE,TRUE,HD,SES373407,1,,,,,,,,,,,,,,,,,,,,,,,,,,,,,,,,,,,,,,,,,,,,,,,,,,,,,,,,,,,,,,,,,,,,,,,,,,,,,,,,,,,,,,,,,,,,,,,,,,,,,,,,,,,,,,,,,,,,,,,,,
EVT0001213,SUB00036,CNT00031,2023-07-27,17,Fire TV,72,<25%,FALSE,FALSE,TRUE,SD,SES492022,0,,,,,,,,,,,,,,,,,,,,,,,,,,,,,,,,,,,,,,,,,,,,,,,,,,,,,,,,,,,,,,,,,,,,,,,,,,,,,,,,,,,,,,,,,,,,,,,,,,,,,,,,,,,,,,,,,,,,,,,,,
EVT0001214,SUB00379,CNT00100,2023-10-01,14,Desktop,47,100%,TRUE,FALSE,TRUE,HD,SES846697,1,,,,,,,,,,,,,,,,,,,,,,,,,,,,,,,,,,,,,,,,,,,,,,,,,,,,,,,,,,,,,,,,,,,,,,,,,,,,,,,,,,,,,,,,,,,,,,,,,,,,,,,,,,,,,,,,,,,,,,,,,
EVT0001215,SUB00651,CNT00023,2023-10-02,13,Desktop,52,75-99%,FALSE,FALSE,TRUE,4K,SES512119,0,,,,,,,,,,,,,,,,,,,,,,,,,,,,,,,,,,,,,,,,,,,,,,,,,,,,,,,,,,,,,,,,,,,,,,,,,,,,,,,,,,,,,,,,,,,,,,,,,,,,,,,,,,,,,,,,,,,,,,,,,
EVT0001216,SUB00609,CNT00049,2024-01-31,8,Desktop,31,100%,TRUE,FALSE,TRUE,SD,SES285685,1,,,,,,,,,,,,,,,,,,,,,,,,,,,,,,,,,,,,,,,,,,,,,,,,,,,,,,,,,,,,,,,,,,,,,,,,,,,,,,,,,,,,,,,,,,,,,,,,,,,,,,,,,,,,,,,,,,,,,,,,,
EVT0001217,SUB00293,CNT00096,2023-12-18,6,Roku,47,100%,TRUE,FALSE,TRUE,HD,SES191790,1,,,,,,,,,,,,,,,,,,,,,,,,,,,,,,,,,,,,,,,,,,,,,,,,,,,,,,,,,,,,,,,,,,,,,,,,,,,,,,,,,,,,,,,,,,,,,,,,,,,,,,,,,,,,,,,,,,,,,,,,,
EVT0001218,SUB00190,CNT00077,2023-12-16,17,Roku,53,25-50%,FALSE,FALSE,TRUE,HD,SES290551,0,,,,,,,,,,,,,,,,,,,,,,,,,,,,,,,,,,,,,,,,,,,,,,,,,,,,,,,,,,,,,,,,,,,,,,,,,,,,,,,,,,,,,,,,,,,,,,,,,,,,,,,,,,,,,,,,,,,,,,,,,
EVT0001219,SUB00246,CNT00090,2023-04-26,10,Smart TV,52,100%,TRUE,FALSE,FALSE,SD,SES378601,1,,,,,,,,,,,,,,,,,,,,,,,,,,,,,,,,,,,,,,,,,,,,,,,,,,,,,,,,,,,,,,,,,,,,,,,,,,,,,,,,,,,,,,,,,,,,,,,,,,,,,,,,,,,,,,,,,,,,,,,,,
EVT0001220,SUB00395,CNT00087,2023-07-05,14,Fire TV,74,50-75%,FALSE,FALSE,TRUE,HD,SES931141,0,,,,,,,,,,,,,,,,,,,,,,,,,,,,,,,,,,,,,,,,,,,,,,,,,,,,,,,,,,,,,,,,,,,,,,,,,,,,,,,,,,,,,,,,,,,,,,,,,,,,,,,,,,,,,,,,,,,,,,,,,
EVT0001221,SUB00426,CNT00039,2023-06-11,15,Smart TV,96,100%,TRUE,TRUE,TRUE,HD,SES532694,1,,,,,,,,,,,,,,,,,,,,,,,,,,,,,,,,,,,,,,,,,,,,,,,,,,,,,,,,,,,,,,,,,,,,,,,,,,,,,,,,,,,,,,,,,,,,,,,,,,,,,,,,,,,,,,,,,,,,,,,,,
EVT0001222,SUB00674,CNT00029,2023-08-14,6,Mobile,73,25-50%,FALSE,FALSE,FALSE,SD,SES619760,0,,,,,,,,,,,,,,,,,,,,,,,,,,,,,,,,,,,,,,,,,,,,,,,,,,,,,,,,,,,,,,,,,,,,,,,,,,,,,,,,,,,,,,,,,,,,,,,,,,,,,,,,,,,,,,,,,,,,,,,,,
EVT0001223,SUB00365,CNT00019,2024-06-27,8,Tablet,98,100%,TRUE,FALSE,TRUE,SD,SES684037,1,,,,,,,,,,,,,,,,,,,,,,,,,,,,,,,,,,,,,,,,,,,,,,,,,,,,,,,,,,,,,,,,,,,,,,,,,,,,,,,,,,,,,,,,,,,,,,,,,,,,,,,,,,,,,,,,,,,,,,,,,
EVT0001224,SUB00326,CNT00046,2023-10-15,14,Fire TV,119,100%,TRUE,TRUE,TRUE,HD,SES936250,1,,,,,,,,,,,,,,,,,,,,,,,,,,,,,,,,,,,,,,,,,,,,,,,,,,,,,,,,,,,,,,,,,,,,,,,,,,,,,,,,,,,,,,,,,,,,,,,,,,,,,,,,,,,,,,,,,,,,,,,,,
EVT0001225,SUB00266,CNT00078,2024-04-16,21,Mobile,19,100%,TRUE,FALSE,TRUE,HD,SES779587,1,,,,,,,,,,,,,,,,,,,,,,,,,,,,,,,,,,,,,,,,,,,,,,,,,,,,,,,,,,,,,,,,,,,,,,,,,,,,,,,,,,,,,,,,,,,,,,,,,,,,,,,,,,,,,,,,,,,,,,,,,
EVT0001226,SUB00542,CNT00044,2023-01-26,10,Smart TV,120,100%,TRUE,FALSE,TRUE,HD,SES238471,1,,,,,,,,,,,,,,,,,,,,,,,,,,,,,,,,,,,,,,,,,,,,,,,,,,,,,,,,,,,,,,,,,,,,,,,,,,,,,,,,,,,,,,,,,,,,,,,,,,,,,,,,,,,,,,,,,,,,,,,,,
EVT0001227,SUB00410,CNT00053,2024-03-16,20,Mobile,19,25-50%,FALSE,FALSE,TRUE,SD,SES900264,0,,,,,,,,,,,,,,,,,,,,,,,,,,,,,,,,,,,,,,,,,,,,,,,,,,,,,,,,,,,,,,,,,,,,,,,,,,,,,,,,,,,,,,,,,,,,,,,,,,,,,,,,,,,,,,,,,,,,,,,,,
EVT0001228,SUB00157,CNT00069,2024-01-01,17,Tablet,88,<25%,FALSE,FALSE,FALSE,SD,SES138133,0,,,,,,,,,,,,,,,,,,,,,,,,,,,,,,,,,,,,,,,,,,,,,,,,,,,,,,,,,,,,,,,,,,,,,,,,,,,,,,,,,,,,,,,,,,,,,,,,,,,,,,,,,,,,,,,,,,,,,,,,,
EVT0001229,SUB00156,CNT00088,2023-01-26,10,Mobile,44,25-50%,FALSE,TRUE,TRUE,HD,SES794752,0,,,,,,,,,,,,,,,,,,,,,,,,,,,,,,,,,,,,,,,,,,,,,,,,,,,,,,,,,,,,,,,,,,,,,,,,,,,,,,,,,,,,,,,,,,,,,,,,,,,,,,,,,,,,,,,,,,,,,,,,,
EVT0001230,SUB00123,CNT00078,2023-07-19,9,Smart TV,102,50-75%,FALSE,FALSE,FALSE,SD,SES618391,0,,,,,,,,,,,,,,,,,,,,,,,,,,,,,,,,,,,,,,,,,,,,,,,,,,,,,,,,,,,,,,,,,,,,,,,,,,,,,,,,,,,,,,,,,,,,,,,,,,,,,,,,,,,,,,,,,,,,,,,,,
EVT0001231,SUB00036,CNT00023,2023-06-18,17,Tablet,95,75-99%,FALSE,TRUE,FALSE,HD,SES284560,0,,,,,,,,,,,,,,,,,,,,,,,,,,,,,,,,,,,,,,,,,,,,,,,,,,,,,,,,,,,,,,,,,,,,,,,,,,,,,,,,,,,,,,,,,,,,,,,,,,,,,,,,,,,,,,,,,,,,,,,,,
EVT0001232,SUB00616,CNT00074,2023-01-28,21,Smart TV,49,100%,TRUE,TRUE,FALSE,4K,SES745262,1,,,,,,,,,,,,,,,,,,,,,,,,,,,,,,,,,,,,,,,,,,,,,,,,,,,,,,,,,,,,,,,,,,,,,,,,,,,,,,,,,,,,,,,,,,,,,,,,,,,,,,,,,,,,,,,,,,,,,,,,,
EVT0001233,SUB00676,CNT00031,2023-12-27,10,Fire TV,93,25-50%,FALSE,FALSE,TRUE,HD,SES299338,0,,,,,,,,,,,,,,,,,,,,,,,,,,,,,,,,,,,,,,,,,,,,,,,,,,,,,,,,,,,,,,,,,,,,,,,,,,,,,,,,,,,,,,,,,,,,,,,,,,,,,,,,,,,,,,,,,,,,,,,,,
EVT0001234,SUB00618,CNT00001,2024-06-18,21,Fire TV,93,50-75%,FALSE,TRUE,TRUE,HD,SES235478,0,,,,,,,,,,,,,,,,,,,,,,,,,,,,,,,,,,,,,,,,,,,,,,,,,,,,,,,,,,,,,,,,,,,,,,,,,,,,,,,,,,,,,,,,,,,,,,,,,,,,,,,,,,,,,,,,,,,,,,,,,
EVT0001235,SUB00434,CNT00065,2023-08-21,7,Desktop,55,75-99%,FALSE,TRUE,TRUE,HD,SES581416,0,,,,,,,,,,,,,,,,,,,,,,,,,,,,,,,,,,,,,,,,,,,,,,,,,,,,,,,,,,,,,,,,,,,,,,,,,,,,,,,,,,,,,,,,,,,,,,,,,,,,,,,,,,,,,,,,,,,,,,,,,
EVT0001236,SUB00524,CNT00073,2023-02-16,9,Roku,108,100%,TRUE,TRUE,TRUE,HD,SES140448,1,,,,,,,,,,,,,,,,,,,,,,,,,,,,,,,,,,,,,,,,,,,,,,,,,,,,,,,,,,,,,,,,,,,,,,,,,,,,,,,,,,,,,,,,,,,,,,,,,,,,,,,,,,,,,,,,,,,,,,,,,
EVT0001237,SUB00015,CNT00020,2023-04-12,17,Fire TV,113,75-99%,FALSE,FALSE,TRUE,HD,SES810694,0,,,,,,,,,,,,,,,,,,,,,,,,,,,,,,,,,,,,,,,,,,,,,,,,,,,,,,,,,,,,,,,,,,,,,,,,,,,,,,,,,,,,,,,,,,,,,,,,,,,,,,,,,,,,,,,,,,,,,,,,,
EVT0001238,SUB00092,CNT00064,2023-07-07,19,Fire TV,102,100%,TRUE,FALSE,FALSE,4K,SES917208,1,,,,,,,,,,,,,,,,,,,,,,,,,,,,,,,,,,,,,,,,,,,,,,,,,,,,,,,,,,,,,,,,,,,,,,,,,,,,,,,,,,,,,,,,,,,,,,,,,,,,,,,,,,,,,,,,,,,,,,,,,
EVT0001239,SUB00490,CNT00093,2024-02-17,10,Smart TV,31,100%,TRUE,TRUE,FALSE,HD,SES248514,1,,,,,,,,,,,,,,,,,,,,,,,,,,,,,,,,,,,,,,,,,,,,,,,,,,,,,,,,,,,,,,,,,,,,,,,,,,,,,,,,,,,,,,,,,,,,,,,,,,,,,,,,,,,,,,,,,,,,,,,,,
EVT0001240,SUB00521,CNT00017,2023-06-15,15,Tablet,24,100%,TRUE,FALSE,FALSE,HD,SES261777,1,,,,,,,,,,,,,,,,,,,,,,,,,,,,,,,,,,,,,,,,,,,,,,,,,,,,,,,,,,,,,,,,,,,,,,,,,,,,,,,,,,,,,,,,,,,,,,,,,,,,,,,,,,,,,,,,,,,,,,,,,
EVT0001241,SUB00183,CNT00046,2023-07-08,18,Smart TV,110,75-99%,FALSE,FALSE,TRUE,HD,SES489641,0,,,,,,,,,,,,,,,,,,,,,,,,,,,,,,,,,,,,,,,,,,,,,,,,,,,,,,,,,,,,,,,,,,,,,,,,,,,,,,,,,,,,,,,,,,,,,,,,,,,,,,,,,,,,,,,,,,,,,,,,,
EVT0001242,SUB00399,CNT00098,2023-02-20,21,Smart TV,13,100%,TRUE,FALSE,TRUE,HD,SES158114,1,,,,,,,,,,,,,,,,,,,,,,,,,,,,,,,,,,,,,,,,,,,,,,,,,,,,,,,,,,,,,,,,,,,,,,,,,,,,,,,,,,,,,,,,,,,,,,,,,,,,,,,,,,,,,,,,,,,,,,,,,
EVT0001243,SUB00407,CNT00063,2023-10-06,13,Mobile,67,50-75%,FALSE,FALSE,TRUE,HD,SES998390,0,,,,,,,,,,,,,,,,,,,,,,,,,,,,,,,,,,,,,,,,,,,,,,,,,,,,,,,,,,,,,,,,,,,,,,,,,,,,,,,,,,,,,,,,,,,,,,,,,,,,,,,,,,,,,,,,,,,,,,,,,
EVT0001244,SUB00125,CNT00042,2023-11-09,8,Smart TV,104,25-50%,FALSE,FALSE,TRUE,HD,SES793211,0,,,,,,,,,,,,,,,,,,,,,,,,,,,,,,,,,,,,,,,,,,,,,,,,,,,,,,,,,,,,,,,,,,,,,,,,,,,,,,,,,,,,,,,,,,,,,,,,,,,,,,,,,,,,,,,,,,,,,,,,,
EVT0001245,SUB00521,CNT00085,2023-02-28,21,Fire TV,51,75-99%,FALSE,FALSE,TRUE,4K,SES865982,0,,,,,,,,,,,,,,,,,,,,,,,,,,,,,,,,,,,,,,,,,,,,,,,,,,,,,,,,,,,,,,,,,,,,,,,,,,,,,,,,,,,,,,,,,,,,,,,,,,,,,,,,,,,,,,,,,,,,,,,,,
EVT0001246,SUB00488,CNT00071,2023-10-11,8,Smart TV,85,50-75%,FALSE,FALSE,TRUE,4K,SES190678,0,,,,,,,,,,,,,,,,,,,,,,,,,,,,,,,,,,,,,,,,,,,,,,,,,,,,,,,,,,,,,,,,,,,,,,,,,,,,,,,,,,,,,,,,,,,,,,,,,,,,,,,,,,,,,,,,,,,,,,,,,
EVT0001247,SUB00275,CNT00062,2024-03-14,16,Tablet,59,100%,TRUE,FALSE,TRUE,HD,SES803096,1,,,,,,,,,,,,,,,,,,,,,,,,,,,,,,,,,,,,,,,,,,,,,,,,,,,,,,,,,,,,,,,,,,,,,,,,,,,,,,,,,,,,,,,,,,,,,,,,,,,,,,,,,,,,,,,,,,,,,,,,,
EVT0001248,SUB00591,CNT00076,2023-04-04,16,Desktop,75,100%,TRUE,FALSE,TRUE,HD,SES163122,1,,,,,,,,,,,,,,,,,,,,,,,,,,,,,,,,,,,,,,,,,,,,,,,,,,,,,,,,,,,,,,,,,,,,,,,,,,,,,,,,,,,,,,,,,,,,,,,,,,,,,,,,,,,,,,,,,,,,,,,,,
EVT0001249,SUB00001,CNT00003,2024-05-03,19,Smart TV,90,50-75%,FALSE,TRUE,TRUE,HD,SES783701,0,,,,,,,,,,,,,,,,,,,,,,,,,,,,,,,,,,,,,,,,,,,,,,,,,,,,,,,,,,,,,,,,,,,,,,,,,,,,,,,,,,,,,,,,,,,,,,,,,,,,,,,,,,,,,,,,,,,,,,,,,
EVT0001250,SUB00099,CNT00077,2024-05-23,15,Mobile,30,<25%,FALSE,FALSE,TRUE,HD,SES750436,0,,,,,,,,,,,,,,,,,,,,,,,,,,,,,,,,,,,,,,,,,,,,,,,,,,,,,,,,,,,,,,,,,,,,,,,,,,,,,,,,,,,,,,,,,,,,,,,,,,,,,,,,,,,,,,,,,,,,,,,,,
EVT0001251,SUB00474,CNT00083,2024-02-18,7,Roku,71,75-99%,FALSE,FALSE,TRUE,SD,SES272987,0,,,,,,,,,,,,,,,,,,,,,,,,,,,,,,,,,,,,,,,,,,,,,,,,,,,,,,,,,,,,,,,,,,,,,,,,,,,,,,,,,,,,,,,,,,,,,,,,,,,,,,,,,,,,,,,,,,,,,,,,,
EVT0001252,SUB00503,CNT00030,2024-03-12,11,Smart TV,61,<25%,FALSE,FALSE,TRUE,SD,SES582745,0,,,,,,,,,,,,,,,,,,,,,,,,,,,,,,,,,,,,,,,,,,,,,,,,,,,,,,,,,,,,,,,,,,,,,,,,,,,,,,,,,,,,,,,,,,,,,,,,,,,,,,,,,,,,,,,,,,,,,,,,,
EVT0001253,SUB00591,CNT00069,2023-12-14,23,Desktop,50,100%,TRUE,TRUE,FALSE,HD,SES761614,1,,,,,,,,,,,,,,,,,,,,,,,,,,,,,,,,,,,,,,,,,,,,,,,,,,,,,,,,,,,,,,,,,,,,,,,,,,,,,,,,,,,,,,,,,,,,,,,,,,,,,,,,,,,,,,,,,,,,,,,,,
EVT0001254,SUB00208,CNT00001,2023-11-13,18,Tablet,44,100%,TRUE,TRUE,TRUE,HD,SES804762,1,,,,,,,,,,,,,,,,,,,,,,,,,,,,,,,,,,,,,,,,,,,,,,,,,,,,,,,,,,,,,,,,,,,,,,,,,,,,,,,,,,,,,,,,,,,,,,,,,,,,,,,,,,,,,,,,,,,,,,,,,
EVT0001255,SUB00187,CNT00048,2023-12-09,9,Roku,13,<25%,FALSE,FALSE,TRUE,4K,SES609911,0,,,,,,,,,,,,,,,,,,,,,,,,,,,,,,,,,,,,,,,,,,,,,,,,,,,,,,,,,,,,,,,,,,,,,,,,,,,,,,,,,,,,,,,,,,,,,,,,,,,,,,,,,,,,,,,,,,,,,,,,,
EVT0001256,SUB00279,CNT00073,2024-01-23,15,Desktop,5,100%,TRUE,FALSE,TRUE,SD,SES247094,1,,,,,,,,,,,,,,,,,,,,,,,,,,,,,,,,,,,,,,,,,,,,,,,,,,,,,,,,,,,,,,,,,,,,,,,,,,,,,,,,,,,,,,,,,,,,,,,,,,,,,,,,,,,,,,,,,,,,,,,,,
EVT0001257,SUB00575,CNT00040,2024-03-06,19,Desktop,56,50-75%,FALSE,FALSE,FALSE,HD,SES721895,0,,,,,,,,,,,,,,,,,,,,,,,,,,,,,,,,,,,,,,,,,,,,,,,,,,,,,,,,,,,,,,,,,,,,,,,,,,,,,,,,,,,,,,,,,,,,,,,,,,,,,,,,,,,,,,,,,,,,,,,,,
EVT0001258,SUB00317,CNT00012,2024-04-05,12,Desktop,118,75-99%,FALSE,FALSE,TRUE,SD,SES369412,0,,,,,,,,,,,,,,,,,,,,,,,,,,,,,,,,,,,,,,,,,,,,,,,,,,,,,,,,,,,,,,,,,,,,,,,,,,,,,,,,,,,,,,,,,,,,,,,,,,,,,,,,,,,,,,,,,,,,,,,,,
EVT0001259,SUB00034,CNT00026,2023-12-05,13,Desktop,30,75-99%,FALSE,TRUE,FALSE,HD,SES385631,0,,,,,,,,,,,,,,,,,,,,,,,,,,,,,,,,,,,,,,,,,,,,,,,,,,,,,,,,,,,,,,,,,,,,,,,,,,,,,,,,,,,,,,,,,,,,,,,,,,,,,,,,,,,,,,,,,,,,,,,,,
EVT0001260,SUB00632,CNT00073,2024-03-12,9,Fire TV,77,75-99%,FALSE,FALSE,TRUE,HD,SES696964,0,,,,,,,,,,,,,,,,,,,,,,,,,,,,,,,,,,,,,,,,,,,,,,,,,,,,,,,,,,,,,,,,,,,,,,,,,,,,,,,,,,,,,,,,,,,,,,,,,,,,,,,,,,,,,,,,,,,,,,,,,
EVT0001261,SUB00229,CNT00048,2024-01-25,20,Fire TV,6,100%,TRUE,TRUE,TRUE,4K,SES215471,1,,,,,,,,,,,,,,,,,,,,,,,,,,,,,,,,,,,,,,,,,,,,,,,,,,,,,,,,,,,,,,,,,,,,,,,,,,,,,,,,,,,,,,,,,,,,,,,,,,,,,,,,,,,,,,,,,,,,,,,,,
EVT0001262,SUB00542,CNT00045,2023-06-15,19,Tablet,35,100%,TRUE,TRUE,TRUE,HD,SES404066,1,,,,,,,,,,,,,,,,,,,,,,,,,,,,,,,,,,,,,,,,,,,,,,,,,,,,,,,,,,,,,,,,,,,,,,,,,,,,,,,,,,,,,,,,,,,,,,,,,,,,,,,,,,,,,,,,,,,,,,,,,
EVT0001263,SUB00636,CNT00073,2024-06-21,18,Tablet,41,100%,TRUE,FALSE,FALSE,HD,SES360061,1,,,,,,,,,,,,,,,,,,,,,,,,,,,,,,,,,,,,,,,,,,,,,,,,,,,,,,,,,,,,,,,,,,,,,,,,,,,,,,,,,,,,,,,,,,,,,,,,,,,,,,,,,,,,,,,,,,,,,,,,,
EVT0001264,SUB00339,CNT00038,2023-11-02,15,Fire TV,37,100%,TRUE,TRUE,TRUE,HD,SES227205,1,,,,,,,,,,,,,,,,,,,,,,,,,,,,,,,,,,,,,,,,,,,,,,,,,,,,,,,,,,,,,,,,,,,,,,,,,,,,,,,,,,,,,,,,,,,,,,,,,,,,,,,,,,,,,,,,,,,,,,,,,
EVT0001265,SUB00584,CNT00076,2024-02-10,13,Fire TV,114,50-75%,FALSE,FALSE,TRUE,HD,SES572792,0,,,,,,,,,,,,,,,,,,,,,,,,,,,,,,,,,,,,,,,,,,,,,,,,,,,,,,,,,,,,,,,,,,,,,,,,,,,,,,,,,,,,,,,,,,,,,,,,,,,,,,,,,,,,,,,,,,,,,,,,,
EVT0001266,SUB00232,CNT00035,2023-10-19,14,Mobile,72,100%,TRUE,FALSE,FALSE,HD,SES279660,1,,,,,,,,,,,,,,,,,,,,,,,,,,,,,,,,,,,,,,,,,,,,,,,,,,,,,,,,,,,,,,,,,,,,,,,,,,,,,,,,,,,,,,,,,,,,,,,,,,,,,,,,,,,,,,,,,,,,,,,,,
EVT0001267,SUB00230,CNT00040,2023-05-30,10,Roku,97,75-99%,FALSE,FALSE,FALSE,HD,SES703580,0,,,,,,,,,,,,,,,,,,,,,,,,,,,,,,,,,,,,,,,,,,,,,,,,,,,,,,,,,,,,,,,,,,,,,,,,,,,,,,,,,,,,,,,,,,,,,,,,,,,,,,,,,,,,,,,,,,,,,,,,,
EVT0001268,SUB00658,CNT00067,2024-06-29,14,Mobile,36,100%,TRUE,TRUE,TRUE,SD,SES897178,1,,,,,,,,,,,,,,,,,,,,,,,,,,,,,,,,,,,,,,,,,,,,,,,,,,,,,,,,,,,,,,,,,,,,,,,,,,,,,,,,,,,,,,,,,,,,,,,,,,,,,,,,,,,,,,,,,,,,,,,,,
EVT0001269,SUB00133,CNT00022,2024-04-01,21,Mobile,66,25-50%,FALSE,FALSE,TRUE,HD,SES464639,0,,,,,,,,,,,,,,,,,,,,,,,,,,,,,,,,,,,,,,,,,,,,,,,,,,,,,,,,,,,,,,,,,,,,,,,,,,,,,,,,,,,,,,,,,,,,,,,,,,,,,,,,,,,,,,,,,,,,,,,,,
EVT0001270,SUB00294,CNT00053,2023-07-17,21,Roku,21,75-99%,FALSE,TRUE,TRUE,HD,SES110654,0,,,,,,,,,,,,,,,,,,,,,,,,,,,,,,,,,,,,,,,,,,,,,,,,,,,,,,,,,,,,,,,,,,,,,,,,,,,,,,,,,,,,,,,,,,,,,,,,,,,,,,,,,,,,,,,,,,,,,,,,,
EVT0001271,SUB00310,CNT00053,2023-02-13,18,Mobile,23,100%,TRUE,FALSE,FALSE,HD,SES694095,1,,,,,,,,,,,,,,,,,,,,,,,,,,,,,,,,,,,,,,,,,,,,,,,,,,,,,,,,,,,,,,,,,,,,,,,,,,,,,,,,,,,,,,,,,,,,,,,,,,,,,,,,,,,,,,,,,,,,,,,,,
EVT0001272,SUB00029,CNT00046,2023-02-25,9,Smart TV,98,25-50%,FALSE,FALSE,TRUE,HD,SES473543,0,,,,,,,,,,,,,,,,,,,,,,,,,,,,,,,,,,,,,,,,,,,,,,,,,,,,,,,,,,,,,,,,,,,,,,,,,,,,,,,,,,,,,,,,,,,,,,,,,,,,,,,,,,,,,,,,,,,,,,,,,
EVT0001273,SUB00610,CNT00002,2024-06-25,21,Mobile,76,100%,TRUE,FALSE,TRUE,HD,SES739090,1,,,,,,,,,,,,,,,,,,,,,,,,,,,,,,,,,,,,,,,,,,,,,,,,,,,,,,,,,,,,,,,,,,,,,,,,,,,,,,,,,,,,,,,,,,,,,,,,,,,,,,,,,,,,,,,,,,,,,,,,,
EVT0001274,SUB00071,CNT00046,2023-08-12,12,Tablet,94,100%,TRUE,FALSE,TRUE,HD,SES332036,1,,,,,,,,,,,,,,,,,,,,,,,,,,,,,,,,,,,,,,,,,,,,,,,,,,,,,,,,,,,,,,,,,,,,,,,,,,,,,,,,,,,,,,,,,,,,,,,,,,,,,,,,,,,,,,,,,,,,,,,,,
EVT0001275,SUB00075,CNT00060,2023-03-28,7,Smart TV,42,100%,TRUE,TRUE,TRUE,HD,SES265225,1,,,,,,,,,,,,,,,,,,,,,,,,,,,,,,,,,,,,,,,,,,,,,,,,,,,,,,,,,,,,,,,,,,,,,,,,,,,,,,,,,,,,,,,,,,,,,,,,,,,,,,,,,,,,,,,,,,,,,,,,,
EVT0001276,SUB00035,CNT00025,2023-05-19,15,Smart TV,38,50-75%,FALSE,FALSE,TRUE,SD,SES119625,0,,,,,,,,,,,,,,,,,,,,,,,,,,,,,,,,,,,,,,,,,,,,,,,,,,,,,,,,,,,,,,,,,,,,,,,,,,,,,,,,,,,,,,,,,,,,,,,,,,,,,,,,,,,,,,,,,,,,,,,,,
EVT0001277,SUB00238,CNT00092,2023-11-05,22,Fire TV,93,100%,TRUE,FALSE,FALSE,HD,SES919389,1,,,,,,,,,,,,,,,,,,,,,,,,,,,,,,,,,,,,,,,,,,,,,,,,,,,,,,,,,,,,,,,,,,,,,,,,,,,,,,,,,,,,,,,,,,,,,,,,,,,,,,,,,,,,,,,,,,,,,,,,,
EVT0001278,SUB00034,CNT00084,2023-01-29,10,Roku,115,50-75%,FALSE,FALSE,TRUE,HD,SES152557,0,,,,,,,,,,,,,,,,,,,,,,,,,,,,,,,,,,,,,,,,,,,,,,,,,,,,,,,,,,,,,,,,,,,,,,,,,,,,,,,,,,,,,,,,,,,,,,,,,,,,,,,,,,,,,,,,,,,,,,,,,
EVT0001279,SUB00670,CNT00077,2023-06-06,20,Tablet,13,100%,TRUE,FALSE,TRUE,HD,SES139363,1,,,,,,,,,,,,,,,,,,,,,,,,,,,,,,,,,,,,,,,,,,,,,,,,,,,,,,,,,,,,,,,,,,,,,,,,,,,,,,,,,,,,,,,,,,,,,,,,,,,,,,,,,,,,,,,,,,,,,,,,,
EVT0001280,SUB00213,CNT00008,2023-11-06,23,Tablet,11,25-50%,FALSE,TRUE,TRUE,HD,SES739109,0,,,,,,,,,,,,,,,,,,,,,,,,,,,,,,,,,,,,,,,,,,,,,,,,,,,,,,,,,,,,,,,,,,,,,,,,,,,,,,,,,,,,,,,,,,,,,,,,,,,,,,,,,,,,,,,,,,,,,,,,,
EVT0001281,SUB00433,CNT00022,2023-10-15,16,Fire TV,116,75-99%,FALSE,TRUE,TRUE,HD,SES239960,0,,,,,,,,,,,,,,,,,,,,,,,,,,,,,,,,,,,,,,,,,,,,,,,,,,,,,,,,,,,,,,,,,,,,,,,,,,,,,,,,,,,,,,,,,,,,,,,,,,,,,,,,,,,,,,,,,,,,,,,,,
EVT0001282,SUB00157,CNT00030,2024-06-16,6,Smart TV,47,<25%,FALSE,FALSE,FALSE,SD,SES325995,0,,,,,,,,,,,,,,,,,,,,,,,,,,,,,,,,,,,,,,,,,,,,,,,,,,,,,,,,,,,,,,,,,,,,,,,,,,,,,,,,,,,,,,,,,,,,,,,,,,,,,,,,,,,,,,,,,,,,,,,,,
EVT0001283,SUB00011,CNT00048,2023-07-29,19,Desktop,61,25-50%,FALSE,TRUE,FALSE,SD,SES802889,0,,,,,,,,,,,,,,,,,,,,,,,,,,,,,,,,,,,,,,,,,,,,,,,,,,,,,,,,,,,,,,,,,,,,,,,,,,,,,,,,,,,,,,,,,,,,,,,,,,,,,,,,,,,,,,,,,,,,,,,,,
EVT0001284,SUB00468,CNT00087,2024-03-14,19,Smart TV,104,<25%,FALSE,FALSE,FALSE,HD,SES464247,0,,,,,,,,,,,,,,,,,,,,,,,,,,,,,,,,,,,,,,,,,,,,,,,,,,,,,,,,,,,,,,,,,,,,,,,,,,,,,,,,,,,,,,,,,,,,,,,,,,,,,,,,,,,,,,,,,,,,,,,,,
EVT0001285,SUB00256,CNT00008,2023-11-19,17,Smart TV,12,25-50%,FALSE,TRUE,TRUE,HD,SES870405,0,,,,,,,,,,,,,,,,,,,,,,,,,,,,,,,,,,,,,,,,,,,,,,,,,,,,,,,,,,,,,,,,,,,,,,,,,,,,,,,,,,,,,,,,,,,,,,,,,,,,,,,,,,,,,,,,,,,,,,,,,
EVT0001286,SUB00500,CNT00004,2023-09-22,10,Mobile,21,50-75%,FALSE,FALSE,TRUE,HD,SES171409,0,,,,,,,,,,,,,,,,,,,,,,,,,,,,,,,,,,,,,,,,,,,,,,,,,,,,,,,,,,,,,,,,,,,,,,,,,,,,,,,,,,,,,,,,,,,,,,,,,,,,,,,,,,,,,,,,,,,,,,,,,
EVT0001287,SUB00094,CNT00021,2023-01-17,10,Tablet,11,100%,TRUE,FALSE,TRUE,HD,SES953880,1,,,,,,,,,,,,,,,,,,,,,,,,,,,,,,,,,,,,,,,,,,,,,,,,,,,,,,,,,,,,,,,,,,,,,,,,,,,,,,,,,,,,,,,,,,,,,,,,,,,,,,,,,,,,,,,,,,,,,,,,,
EVT0001288,SUB00266,CNT00070,2024-02-28,9,Desktop,87,75-99%,FALSE,FALSE,FALSE,HD,SES436713,0,,,,,,,,,,,,,,,,,,,,,,,,,,,,,,,,,,,,,,,,,,,,,,,,,,,,,,,,,,,,,,,,,,,,,,,,,,,,,,,,,,,,,,,,,,,,,,,,,,,,,,,,,,,,,,,,,,,,,,,,,
EVT0001289,SUB00424,CNT00085,2023-09-24,11,Tablet,11,100%,TRUE,FALSE,TRUE,HD,SES338435,1,,,,,,,,,,,,,,,,,,,,,,,,,,,,,,,,,,,,,,,,,,,,,,,,,,,,,,,,,,,,,,,,,,,,,,,,,,,,,,,,,,,,,,,,,,,,,,,,,,,,,,,,,,,,,,,,,,,,,,,,,
EVT0001290,SUB00158,CNT00061,2024-03-27,16,Roku,116,100%,TRUE,TRUE,TRUE,HD,SES432039,1,,,,,,,,,,,,,,,,,,,,,,,,,,,,,,,,,,,,,,,,,,,,,,,,,,,,,,,,,,,,,,,,,,,,,,,,,,,,,,,,,,,,,,,,,,,,,,,,,,,,,,,,,,,,,,,,,,,,,,,,,
EVT0001291,SUB00599,CNT00044,2023-02-11,23,Tablet,96,75-99%,FALSE,FALSE,FALSE,HD,SES359423,0,,,,,,,,,,,,,,,,,,,,,,,,,,,,,,,,,,,,,,,,,,,,,,,,,,,,,,,,,,,,,,,,,,,,,,,,,,,,,,,,,,,,,,,,,,,,,,,,,,,,,,,,,,,,,,,,,,,,,,,,,
EVT0001292,SUB00256,CNT00058,2024-05-12,8,Smart TV,17,100%,TRUE,TRUE,TRUE,SD,SES149436,1,,,,,,,,,,,,,,,,,,,,,,,,,,,,,,,,,,,,,,,,,,,,,,,,,,,,,,,,,,,,,,,,,,,,,,,,,,,,,,,,,,,,,,,,,,,,,,,,,,,,,,,,,,,,,,,,,,,,,,,,,
EVT0001293,SUB00544,CNT00066,2023-05-03,17,Fire TV,75,<25%,FALSE,FALSE,FALSE,HD,SES152425,0,,,,,,,,,,,,,,,,,,,,,,,,,,,,,,,,,,,,,,,,,,,,,,,,,,,,,,,,,,,,,,,,,,,,,,,,,,,,,,,,,,,,,,,,,,,,,,,,,,,,,,,,,,,,,,,,,,,,,,,,,
EVT0001294,SUB00466,CNT00063,2023-03-17,7,Fire TV,33,50-75%,FALSE,FALSE,TRUE,4K,SES208599,0,,,,,,,,,,,,,,,,,,,,,,,,,,,,,,,,,,,,,,,,,,,,,,,,,,,,,,,,,,,,,,,,,,,,,,,,,,,,,,,,,,,,,,,,,,,,,,,,,,,,,,,,,,,,,,,,,,,,,,,,,
EVT0001295,SUB00364,CNT00071,2023-09-15,9,Desktop,18,100%,TRUE,TRUE,TRUE,HD,SES616140,1,,,,,,,,,,,,,,,,,,,,,,,,,,,,,,,,,,,,,,,,,,,,,,,,,,,,,,,,,,,,,,,,,,,,,,,,,,,,,,,,,,,,,,,,,,,,,,,,,,,,,,,,,,,,,,,,,,,,,,,,,
EVT0001296,SUB00261,CNT00061,2024-02-02,11,Mobile,51,75-99%,FALSE,FALSE,TRUE,HD,SES218475,0,,,,,,,,,,,,,,,,,,,,,,,,,,,,,,,,,,,,,,,,,,,,,,,,,,,,,,,,,,,,,,,,,,,,,,,,,,,,,,,,,,,,,,,,,,,,,,,,,,,,,,,,,,,,,,,,,,,,,,,,,
EVT0001297,SUB00181,CNT00049,2024-01-20,14,Roku,117,100%,TRUE,FALSE,TRUE,HD,SES304785,1,,,,,,,,,,,,,,,,,,,,,,,,,,,,,,,,,,,,,,,,,,,,,,,,,,,,,,,,,,,,,,,,,,,,,,,,,,,,,,,,,,,,,,,,,,,,,,,,,,,,,,,,,,,,,,,,,,,,,,,,,
EVT0001298,SUB00553,CNT00026,2023-01-02,15,Tablet,61,100%,TRUE,TRUE,TRUE,HD,SES981451,1,,,,,,,,,,,,,,,,,,,,,,,,,,,,,,,,,,,,,,,,,,,,,,,,,,,,,,,,,,,,,,,,,,,,,,,,,,,,,,,,,,,,,,,,,,,,,,,,,,,,,,,,,,,,,,,,,,,,,,,,,
EVT0001299,SUB00512,CNT00075,2024-06-15,6,Tablet,64,100%,TRUE,TRUE,TRUE,SD,SES492367,1,,,,,,,,,,,,,,,,,,,,,,,,,,,,,,,,,,,,,,,,,,,,,,,,,,,,,,,,,,,,,,,,,,,,,,,,,,,,,,,,,,,,,,,,,,,,,,,,,,,,,,,,,,,,,,,,,,,,,,,,,
EVT0001300,SUB00520,CNT00010,2024-01-22,16,Smart TV,105,100%,TRUE,FALSE,TRUE,HD,SES369881,1,,,,,,,,,,,,,,,,,,,,,,,,,,,,,,,,,,,,,,,,,,,,,,,,,,,,,,,,,,,,,,,,,,,,,,,,,,,,,,,,,,,,,,,,,,,,,,,,,,,,,,,,,,,,,,,,,,,,,,,,,
EVT0001301,SUB00407,CNT00085,2023-07-06,16,Desktop,34,50-75%,FALSE,FALSE,TRUE,HD,SES622199,0,,,,,,,,,,,,,,,,,,,,,,,,,,,,,,,,,,,,,,,,,,,,,,,,,,,,,,,,,,,,,,,,,,,,,,,,,,,,,,,,,,,,,,,,,,,,,,,,,,,,,,,,,,,,,,,,,,,,,,,,,
EVT0001302,SUB00327,CNT00021,2024-04-30,10,Mobile,58,100%,TRUE,TRUE,TRUE,4K,SES669100,1,,,,,,,,,,,,,,,,,,,,,,,,,,,,,,,,,,,,,,,,,,,,,,,,,,,,,,,,,,,,,,,,,,,,,,,,,,,,,,,,,,,,,,,,,,,,,,,,,,,,,,,,,,,,,,,,,,,,,,,,,
EVT0001303,SUB00146,CNT00018,2023-03-27,17,Roku,97,<25%,FALSE,TRUE,TRUE,HD,SES399722,0,,,,,,,,,,,,,,,,,,,,,,,,,,,,,,,,,,,,,,,,,,,,,,,,,,,,,,,,,,,,,,,,,,,,,,,,,,,,,,,,,,,,,,,,,,,,,,,,,,,,,,,,,,,,,,,,,,,,,,,,,
EVT0001304,SUB00074,CNT00090,2023-04-30,19,Smart TV,10,100%,TRUE,TRUE,FALSE,4K,SES431145,1,,,,,,,,,,,,,,,,,,,,,,,,,,,,,,,,,,,,,,,,,,,,,,,,,,,,,,,,,,,,,,,,,,,,,,,,,,,,,,,,,,,,,,,,,,,,,,,,,,,,,,,,,,,,,,,,,,,,,,,,,
EVT0001305,SUB00239,CNT00060,2024-02-16,10,Fire TV,57,100%,TRUE,TRUE,FALSE,4K,SES796338,1,,,,,,,,,,,,,,,,,,,,,,,,,,,,,,,,,,,,,,,,,,,,,,,,,,,,,,,,,,,,,,,,,,,,,,,,,,,,,,,,,,,,,,,,,,,,,,,,,,,,,,,,,,,,,,,,,,,,,,,,,
EVT0001306,SUB00044,CNT00010,2023-07-04,14,Roku,70,50-75%,FALSE,TRUE,FALSE,HD,SES456140,0,,,,,,,,,,,,,,,,,,,,,,,,,,,,,,,,,,,,,,,,,,,,,,,,,,,,,,,,,,,,,,,,,,,,,,,,,,,,,,,,,,,,,,,,,,,,,,,,,,,,,,,,,,,,,,,,,,,,,,,,,
EVT0001307,SUB00200,CNT00017,2023-04-10,23,Mobile,10,50-75%,FALSE,FALSE,FALSE,HD,SES993038,0,,,,,,,,,,,,,,,,,,,,,,,,,,,,,,,,,,,,,,,,,,,,,,,,,,,,,,,,,,,,,,,,,,,,,,,,,,,,,,,,,,,,,,,,,,,,,,,,,,,,,,,,,,,,,,,,,,,,,,,,,
EVT0001308,SUB00161,CNT00001,2023-08-18,10,Mobile,111,25-50%,FALSE,TRUE,TRUE,4K,SES885575,0,,,,,,,,,,,,,,,,,,,,,,,,,,,,,,,,,,,,,,,,,,,,,,,,,,,,,,,,,,,,,,,,,,,,,,,,,,,,,,,,,,,,,,,,,,,,,,,,,,,,,,,,,,,,,,,,,,,,,,,,,
EVT0001309,SUB00524,CNT00015,2023-10-31,23,Smart TV,116,100%,TRUE,FALSE,FALSE,HD,SES661811,1,,,,,,,,,,,,,,,,,,,,,,,,,,,,,,,,,,,,,,,,,,,,,,,,,,,,,,,,,,,,,,,,,,,,,,,,,,,,,,,,,,,,,,,,,,,,,,,,,,,,,,,,,,,,,,,,,,,,,,,,,
EVT0001310,SUB00412,CNT00003,2024-05-26,9,Roku,46,25-50%,FALSE,FALSE,FALSE,HD,SES161328,0,,,,,,,,,,,,,,,,,,,,,,,,,,,,,,,,,,,,,,,,,,,,,,,,,,,,,,,,,,,,,,,,,,,,,,,,,,,,,,,,,,,,,,,,,,,,,,,,,,,,,,,,,,,,,,,,,,,,,,,,,
EVT0001311,SUB00317,CNT00097,2024-02-03,6,Mobile,106,25-50%,FALSE,FALSE,TRUE,HD,SES626884,0,,,,,,,,,,,,,,,,,,,,,,,,,,,,,,,,,,,,,,,,,,,,,,,,,,,,,,,,,,,,,,,,,,,,,,,,,,,,,,,,,,,,,,,,,,,,,,,,,,,,,,,,,,,,,,,,,,,,,,,,,
EVT0001312,SUB00453,CNT00062,2024-05-24,16,Roku,46,50-75%,FALSE,FALSE,TRUE,HD,SES395456,0,,,,,,,,,,,,,,,,,,,,,,,,,,,,,,,,,,,,,,,,,,,,,,,,,,,,,,,,,,,,,,,,,,,,,,,,,,,,,,,,,,,,,,,,,,,,,,,,,,,,,,,,,,,,,,,,,,,,,,,,,
EVT0001313,SUB00319,CNT00016,2024-02-13,10,Smart TV,42,100%,TRUE,FALSE,TRUE,SD,SES740171,1,,,,,,,,,,,,,,,,,,,,,,,,,,,,,,,,,,,,,,,,,,,,,,,,,,,,,,,,,,,,,,,,,,,,,,,,,,,,,,,,,,,,,,,,,,,,,,,,,,,,,,,,,,,,,,,,,,,,,,,,,
EVT0001314,SUB00447,CNT00023,2023-05-25,11,Mobile,44,<25%,FALSE,FALSE,TRUE,SD,SES398133,0,,,,,,,,,,,,,,,,,,,,,,,,,,,,,,,,,,,,,,,,,,,,,,,,,,,,,,,,,,,,,,,,,,,,,,,,,,,,,,,,,,,,,,,,,,,,,,,,,,,,,,,,,,,,,,,,,,,,,,,,,
EVT0001315,SUB00627,CNT00051,2023-06-17,9,Tablet,98,100%,TRUE,FALSE,FALSE,HD,SES910009,1,,,,,,,,,,,,,,,,,,,,,,,,,,,,,,,,,,,,,,,,,,,,,,,,,,,,,,,,,,,,,,,,,,,,,,,,,,,,,,,,,,,,,,,,,,,,,,,,,,,,,,,,,,,,,,,,,,,,,,,,,
EVT0001316,SUB00093,CNT00079,2023-04-25,19,Roku,83,75-99%,FALSE,FALSE,FALSE,4K,SES703316,0,,,,,,,,,,,,,,,,,,,,,,,,,,,,,,,,,,,,,,,,,,,,,,,,,,,,,,,,,,,,,,,,,,,,,,,,,,,,,,,,,,,,,,,,,,,,,,,,,,,,,,,,,,,,,,,,,,,,,,,,,
EVT0001317,SUB00099,CNT00066,2024-06-23,9,Fire TV,75,100%,TRUE,TRUE,TRUE,HD,SES552975,1,,,,,,,,,,,,,,,,,,,,,,,,,,,,,,,,,,,,,,,,,,,,,,,,,,,,,,,,,,,,,,,,,,,,,,,,,,,,,,,,,,,,,,,,,,,,,,,,,,,,,,,,,,,,,,,,,,,,,,,,,
EVT0001318,SUB00420,CNT00036,2024-03-08,7,Mobile,49,100%,TRUE,TRUE,FALSE,HD,SES665435,1,,,,,,,,,,,,,,,,,,,,,,,,,,,,,,,,,,,,,,,,,,,,,,,,,,,,,,,,,,,,,,,,,,,,,,,,,,,,,,,,,,,,,,,,,,,,,,,,,,,,,,,,,,,,,,,,,,,,,,,,,
EVT0001319,SUB00199,CNT00025,2023-12-11,6,Tablet,85,100%,TRUE,TRUE,TRUE,HD,SES383275,1,,,,,,,,,,,,,,,,,,,,,,,,,,,,,,,,,,,,,,,,,,,,,,,,,,,,,,,,,,,,,,,,,,,,,,,,,,,,,,,,,,,,,,,,,,,,,,,,,,,,,,,,,,,,,,,,,,,,,,,,,
EVT0001320,SUB00543,CNT00071,2023-09-08,17,Roku,93,100%,TRUE,TRUE,TRUE,HD,SES279218,1,,,,,,,,,,,,,,,,,,,,,,,,,,,,,,,,,,,,,,,,,,,,,,,,,,,,,,,,,,,,,,,,,,,,,,,,,,,,,,,,,,,,,,,,,,,,,,,,,,,,,,,,,,,,,,,,,,,,,,,,,
EVT0001321,SUB00062,CNT00069,2023-03-05,11,Desktop,101,100%,TRUE,FALSE,TRUE,HD,SES285923,1,,,,,,,,,,,,,,,,,,,,,,,,,,,,,,,,,,,,,,,,,,,,,,,,,,,,,,,,,,,,,,,,,,,,,,,,,,,,,,,,,,,,,,,,,,,,,,,,,,,,,,,,,,,,,,,,,,,,,,,,,
EVT0001322,SUB00514,CNT00050,2023-07-31,12,Smart TV,109,100%,TRUE,FALSE,TRUE,SD,SES630221,1,,,,,,,,,,,,,,,,,,,,,,,,,,,,,,,,,,,,,,,,,,,,,,,,,,,,,,,,,,,,,,,,,,,,,,,,,,,,,,,,,,,,,,,,,,,,,,,,,,,,,,,,,,,,,,,,,,,,,,,,,
EVT0001323,SUB00651,CNT00075,2023-12-11,18,Smart TV,55,100%,TRUE,FALSE,TRUE,HD,SES555138,1,,,,,,,,,,,,,,,,,,,,,,,,,,,,,,,,,,,,,,,,,,,,,,,,,,,,,,,,,,,,,,,,,,,,,,,,,,,,,,,,,,,,,,,,,,,,,,,,,,,,,,,,,,,,,,,,,,,,,,,,,
EVT0001324,SUB00112,CNT00027,2023-11-09,22,Smart TV,30,25-50%,FALSE,TRUE,FALSE,HD,SES259755,0,,,,,,,,,,,,,,,,,,,,,,,,,,,,,,,,,,,,,,,,,,,,,,,,,,,,,,,,,,,,,,,,,,,,,,,,,,,,,,,,,,,,,,,,,,,,,,,,,,,,,,,,,,,,,,,,,,,,,,,,,
EVT0001325,SUB00690,CNT00066,2023-04-12,13,Tablet,119,100%,TRUE,TRUE,TRUE,HD,SES863701,1,,,,,,,,,,,,,,,,,,,,,,,,,,,,,,,,,,,,,,,,,,,,,,,,,,,,,,,,,,,,,,,,,,,,,,,,,,,,,,,,,,,,,,,,,,,,,,,,,,,,,,,,,,,,,,,,,,,,,,,,,
EVT0001326,SUB00542,CNT00091,2023-03-06,6,Desktop,119,100%,TRUE,FALSE,TRUE,HD,SES199585,1,,,,,,,,,,,,,,,,,,,,,,,,,,,,,,,,,,,,,,,,,,,,,,,,,,,,,,,,,,,,,,,,,,,,,,,,,,,,,,,,,,,,,,,,,,,,,,,,,,,,,,,,,,,,,,,,,,,,,,,,,
EVT0001327,SUB00433,CNT00093,2023-02-14,11,Mobile,86,75-99%,FALSE,FALSE,FALSE,SD,SES997896,0,,,,,,,,,,,,,,,,,,,,,,,,,,,,,,,,,,,,,,,,,,,,,,,,,,,,,,,,,,,,,,,,,,,,,,,,,,,,,,,,,,,,,,,,,,,,,,,,,,,,,,,,,,,,,,,,,,,,,,,,,
EVT0001328,SUB00254,CNT00080,2023-09-30,20,Desktop,19,25-50%,FALSE,FALSE,FALSE,SD,SES469458,0,,,,,,,,,,,,,,,,,,,,,,,,,,,,,,,,,,,,,,,,,,,,,,,,,,,,,,,,,,,,,,,,,,,,,,,,,,,,,,,,,,,,,,,,,,,,,,,,,,,,,,,,,,,,,,,,,,,,,,,,,
EVT0001329,SUB00594,CNT00083,2024-03-05,15,Tablet,89,50-75%,FALSE,FALSE,TRUE,SD,SES850980,0,,,,,,,,,,,,,,,,,,,,,,,,,,,,,,,,,,,,,,,,,,,,,,,,,,,,,,,,,,,,,,,,,,,,,,,,,,,,,,,,,,,,,,,,,,,,,,,,,,,,,,,,,,,,,,,,,,,,,,,,,
EVT0001330,SUB00401,CNT00047,2023-06-04,11,Roku,116,75-99%,FALSE,FALSE,FALSE,SD,SES245087,0,,,,,,,,,,,,,,,,,,,,,,,,,,,,,,,,,,,,,,,,,,,,,,,,,,,,,,,,,,,,,,,,,,,,,,,,,,,,,,,,,,,,,,,,,,,,,,,,,,,,,,,,,,,,,,,,,,,,,,,,,
EVT0001331,SUB00459,CNT00074,2023-11-28,11,Tablet,46,75-99%,FALSE,TRUE,FALSE,4K,SES803764,0,,,,,,,,,,,,,,,,,,,,,,,,,,,,,,,,,,,,,,,,,,,,,,,,,,,,,,,,,,,,,,,,,,,,,,,,,,,,,,,,,,,,,,,,,,,,,,,,,,,,,,,,,,,,,,,,,,,,,,,,,
EVT0001332,SUB00644,CNT00098,2024-03-21,15,Smart TV,79,75-99%,FALSE,FALSE,TRUE,HD,SES381141,0,,,,,,,,,,,,,,,,,,,,,,,,,,,,,,,,,,,,,,,,,,,,,,,,,,,,,,,,,,,,,,,,,,,,,,,,,,,,,,,,,,,,,,,,,,,,,,,,,,,,,,,,,,,,,,,,,,,,,,,,,
EVT0001333,SUB00147,CNT00053,2024-05-01,15,Mobile,102,75-99%,FALSE,FALSE,FALSE,HD,SES515610,0,,,,,,,,,,,,,,,,,,,,,,,,,,,,,,,,,,,,,,,,,,,,,,,,,,,,,,,,,,,,,,,,,,,,,,,,,,,,,,,,,,,,,,,,,,,,,,,,,,,,,,,,,,,,,,,,,,,,,,,,,
EVT0001334,SUB00023,CNT00071,2024-05-11,20,Tablet,92,100%,TRUE,FALSE,TRUE,4K,SES686311,1,,,,,,,,,,,,,,,,,,,,,,,,,,,,,,,,,,,,,,,,,,,,,,,,,,,,,,,,,,,,,,,,,,,,,,,,,,,,,,,,,,,,,,,,,,,,,,,,,,,,,,,,,,,,,,,,,,,,,,,,,
EVT0001335,SUB00633,CNT00037,2023-12-27,8,Roku,29,75-99%,FALSE,FALSE,FALSE,4K,SES218011,0,,,,,,,,,,,,,,,,,,,,,,,,,,,,,,,,,,,,,,,,,,,,,,,,,,,,,,,,,,,,,,,,,,,,,,,,,,,,,,,,,,,,,,,,,,,,,,,,,,,,,,,,,,,,,,,,,,,,,,,,,
EVT0001336,SUB00474,CNT00028,2024-02-25,16,Smart TV,56,75-99%,FALSE,FALSE,FALSE,HD,SES947697,0,,,,,,,,,,,,,,,,,,,,,,,,,,,,,,,,,,,,,,,,,,,,,,,,,,,,,,,,,,,,,,,,,,,,,,,,,,,,,,,,,,,,,,,,,,,,,,,,,,,,,,,,,,,,,,,,,,,,,,,,,
EVT0001337,SUB00110,CNT00038,2024-06-30,23,Mobile,38,100%,TRUE,FALSE,TRUE,SD,SES930823,1,,,,,,,,,,,,,,,,,,,,,,,,,,,,,,,,,,,,,,,,,,,,,,,,,,,,,,,,,,,,,,,,,,,,,,,,,,,,,,,,,,,,,,,,,,,,,,,,,,,,,,,,,,,,,,,,,,,,,,,,,
EVT0001338,SUB00679,CNT00051,2023-06-20,16,Smart TV,20,100%,TRUE,TRUE,TRUE,HD,SES246319,1,,,,,,,,,,,,,,,,,,,,,,,,,,,,,,,,,,,,,,,,,,,,,,,,,,,,,,,,,,,,,,,,,,,,,,,,,,,,,,,,,,,,,,,,,,,,,,,,,,,,,,,,,,,,,,,,,,,,,,,,,
EVT0001339,SUB00041,CNT00067,2024-04-14,7,Mobile,112,100%,TRUE,FALSE,TRUE,4K,SES660612,1,,,,,,,,,,,,,,,,,,,,,,,,,,,,,,,,,,,,,,,,,,,,,,,,,,,,,,,,,,,,,,,,,,,,,,,,,,,,,,,,,,,,,,,,,,,,,,,,,,,,,,,,,,,,,,,,,,,,,,,,,
EVT0001340,SUB00368,CNT00099,2023-09-16,23,Roku,78,50-75%,FALSE,FALSE,TRUE,SD,SES445904,0,,,,,,,,,,,,,,,,,,,,,,,,,,,,,,,,,,,,,,,,,,,,,,,,,,,,,,,,,,,,,,,,,,,,,,,,,,,,,,,,,,,,,,,,,,,,,,,,,,,,,,,,,,,,,,,,,,,,,,,,,
EVT0001341,SUB00313,CNT00070,2024-05-09,21,Tablet,111,100%,TRUE,FALSE,TRUE,HD,SES464519,1,,,,,,,,,,,,,,,,,,,,,,,,,,,,,,,,,,,,,,,,,,,,,,,,,,,,,,,,,,,,,,,,,,,,,,,,,,,,,,,,,,,,,,,,,,,,,,,,,,,,,,,,,,,,,,,,,,,,,,,,,
EVT0001342,SUB00243,CNT00054,2024-03-01,6,Mobile,5,100%,TRUE,TRUE,TRUE,4K,SES855188,1,,,,,,,,,,,,,,,,,,,,,,,,,,,,,,,,,,,,,,,,,,,,,,,,,,,,,,,,,,,,,,,,,,,,,,,,,,,,,,,,,,,,,,,,,,,,,,,,,,,,,,,,,,,,,,,,,,,,,,,,,
EVT0001343,SUB00696,CNT00076,2024-02-04,17,Fire TV,31,100%,TRUE,TRUE,TRUE,HD,SES407006,1,,,,,,,,,,,,,,,,,,,,,,,,,,,,,,,,,,,,,,,,,,,,,,,,,,,,,,,,,,,,,,,,,,,,,,,,,,,,,,,,,,,,,,,,,,,,,,,,,,,,,,,,,,,,,,,,,,,,,,,,,
EVT0001344,SUB00572,CNT00062,2023-04-10,20,Roku,90,25-50%,FALSE,FALSE,TRUE,HD,SES697145,0,,,,,,,,,,,,,,,,,,,,,,,,,,,,,,,,,,,,,,,,,,,,,,,,,,,,,,,,,,,,,,,,,,,,,,,,,,,,,,,,,,,,,,,,,,,,,,,,,,,,,,,,,,,,,,,,,,,,,,,,,
EVT0001345,SUB00515,CNT00093,2023-02-23,9,Roku,65,100%,TRUE,TRUE,TRUE,SD,SES132747,1,,,,,,,,,,,,,,,,,,,,,,,,,,,,,,,,,,,,,,,,,,,,,,,,,,,,,,,,,,,,,,,,,,,,,,,,,,,,,,,,,,,,,,,,,,,,,,,,,,,,,,,,,,,,,,,,,,,,,,,,,
EVT0001346,SUB00647,CNT00055,2023-04-26,9,Mobile,34,75-99%,FALSE,FALSE,TRUE,4K,SES364309,0,,,,,,,,,,,,,,,,,,,,,,,,,,,,,,,,,,,,,,,,,,,,,,,,,,,,,,,,,,,,,,,,,,,,,,,,,,,,,,,,,,,,,,,,,,,,,,,,,,,,,,,,,,,,,,,,,,,,,,,,,
EVT0001347,SUB00616,CNT00006,2023-05-15,14,Fire TV,48,75-99%,FALSE,FALSE,FALSE,HD,SES958259,0,,,,,,,,,,,,,,,,,,,,,,,,,,,,,,,,,,,,,,,,,,,,,,,,,,,,,,,,,,,,,,,,,,,,,,,,,,,,,,,,,,,,,,,,,,,,,,,,,,,,,,,,,,,,,,,,,,,,,,,,,
EVT0001348,SUB00169,CNT00011,2024-01-19,10,Mobile,46,75-99%,FALSE,FALSE,FALSE,HD,SES557376,0,,,,,,,,,,,,,,,,,,,,,,,,,,,,,,,,,,,,,,,,,,,,,,,,,,,,,,,,,,,,,,,,,,,,,,,,,,,,,,,,,,,,,,,,,,,,,,,,,,,,,,,,,,,,,,,,,,,,,,,,,
EVT0001349,SUB00141,CNT00072,2024-05-04,11,Smart TV,20,100%,TRUE,FALSE,TRUE,4K,SES347371,1,,,,,,,,,,,,,,,,,,,,,,,,,,,,,,,,,,,,,,,,,,,,,,,,,,,,,,,,,,,,,,,,,,,,,,,,,,,,,,,,,,,,,,,,,,,,,,,,,,,,,,,,,,,,,,,,,,,,,,,,,
EVT0001350,SUB00651,CNT00038,2023-08-09,6,Tablet,68,75-99%,FALSE,FALSE,TRUE,HD,SES418320,0,,,,,,,,,,,,,,,,,,,,,,,,,,,,,,,,,,,,,,,,,,,,,,,,,,,,,,,,,,,,,,,,,,,,,,,,,,,,,,,,,,,,,,,,,,,,,,,,,,,,,,,,,,,,,,,,,,,,,,,,,
EVT0001351,SUB00334,CNT00025,2023-10-23,16,Smart TV,17,100%,TRUE,TRUE,FALSE,HD,SES427721,1,,,,,,,,,,,,,,,,,,,,,,,,,,,,,,,,,,,,,,,,,,,,,,,,,,,,,,,,,,,,,,,,,,,,,,,,,,,,,,,,,,,,,,,,,,,,,,,,,,,,,,,,,,,,,,,,,,,,,,,,,
EVT0001352,SUB00501,CNT00018,2023-01-07,17,Smart TV,18,50-75%,FALSE,TRUE,FALSE,HD,SES159094,0,,,,,,,,,,,,,,,,,,,,,,,,,,,,,,,,,,,,,,,,,,,,,,,,,,,,,,,,,,,,,,,,,,,,,,,,,,,,,,,,,,,,,,,,,,,,,,,,,,,,,,,,,,,,,,,,,,,,,,,,,
EVT0001353,SUB00256,CNT00070,2023-01-04,8,Mobile,96,25-50%,FALSE,FALSE,TRUE,HD,SES764070,0,,,,,,,,,,,,,,,,,,,,,,,,,,,,,,,,,,,,,,,,,,,,,,,,,,,,,,,,,,,,,,,,,,,,,,,,,,,,,,,,,,,,,,,,,,,,,,,,,,,,,,,,,,,,,,,,,,,,,,,,,
EVT0001354,SUB00507,CNT00052,2024-04-19,23,Fire TV,36,75-99%,FALSE,FALSE,TRUE,HD,SES436577,0,,,,,,,,,,,,,,,,,,,,,,,,,,,,,,,,,,,,,,,,,,,,,,,,,,,,,,,,,,,,,,,,,,,,,,,,,,,,,,,,,,,,,,,,,,,,,,,,,,,,,,,,,,,,,,,,,,,,,,,,,
EVT0001355,SUB00568,CNT00010,2023-11-25,15,Smart TV,92,100%,TRUE,FALSE,TRUE,4K,SES206328,1,,,,,,,,,,,,,,,,,,,,,,,,,,,,,,,,,,,,,,,,,,,,,,,,,,,,,,,,,,,,,,,,,,,,,,,,,,,,,,,,,,,,,,,,,,,,,,,,,,,,,,,,,,,,,,,,,,,,,,,,,
EVT0001356,SUB00119,CNT00042,2024-02-20,8,Desktop,13,75-99%,FALSE,TRUE,TRUE,SD,SES654794,0,,,,,,,,,,,,,,,,,,,,,,,,,,,,,,,,,,,,,,,,,,,,,,,,,,,,,,,,,,,,,,,,,,,,,,,,,,,,,,,,,,,,,,,,,,,,,,,,,,,,,,,,,,,,,,,,,,,,,,,,,
EVT0001357,SUB00372,CNT00016,2023-02-18,20,Tablet,39,50-75%,FALSE,FALSE,TRUE,4K,SES769650,0,,,,,,,,,,,,,,,,,,,,,,,,,,,,,,,,,,,,,,,,,,,,,,,,,,,,,,,,,,,,,,,,,,,,,,,,,,,,,,,,,,,,,,,,,,,,,,,,,,,,,,,,,,,,,,,,,,,,,,,,,
EVT0001358,SUB00366,CNT00039,2023-08-08,22,Fire TV,100,75-99%,FALSE,FALSE,TRUE,SD,SES973743,0,,,,,,,,,,,,,,,,,,,,,,,,,,,,,,,,,,,,,,,,,,,,,,,,,,,,,,,,,,,,,,,,,,,,,,,,,,,,,,,,,,,,,,,,,,,,,,,,,,,,,,,,,,,,,,,,,,,,,,,,,
EVT0001359,SUB00122,CNT00052,2024-04-17,20,Smart TV,38,100%,TRUE,FALSE,FALSE,HD,SES138427,1,,,,,,,,,,,,,,,,,,,,,,,,,,,,,,,,,,,,,,,,,,,,,,,,,,,,,,,,,,,,,,,,,,,,,,,,,,,,,,,,,,,,,,,,,,,,,,,,,,,,,,,,,,,,,,,,,,,,,,,,,
EVT0001360,SUB00237,CNT00069,2023-12-08,12,Mobile,72,<25%,FALSE,TRUE,TRUE,SD,SES925769,0,,,,,,,,,,,,,,,,,,,,,,,,,,,,,,,,,,,,,,,,,,,,,,,,,,,,,,,,,,,,,,,,,,,,,,,,,,,,,,,,,,,,,,,,,,,,,,,,,,,,,,,,,,,,,,,,,,,,,,,,,
EVT0001361,SUB00206,CNT00095,2023-03-12,11,Desktop,9,100%,TRUE,FALSE,TRUE,HD,SES660933,1,,,,,,,,,,,,,,,,,,,,,,,,,,,,,,,,,,,,,,,,,,,,,,,,,,,,,,,,,,,,,,,,,,,,,,,,,,,,,,,,,,,,,,,,,,,,,,,,,,,,,,,,,,,,,,,,,,,,,,,,,
EVT0001362,SUB00571,CNT00036,2023-06-29,21,Smart TV,6,75-99%,FALSE,FALSE,FALSE,HD,SES292890,0,,,,,,,,,,,,,,,,,,,,,,,,,,,,,,,,,,,,,,,,,,,,,,,,,,,,,,,,,,,,,,,,,,,,,,,,,,,,,,,,,,,,,,,,,,,,,,,,,,,,,,,,,,,,,,,,,,,,,,,,,
EVT0001363,SUB00065,CNT00018,2023-11-20,15,Desktop,46,75-99%,FALSE,FALSE,TRUE,4K,SES864347,0,,,,,,,,,,,,,,,,,,,,,,,,,,,,,,,,,,,,,,,,,,,,,,,,,,,,,,,,,,,,,,,,,,,,,,,,,,,,,,,,,,,,,,,,,,,,,,,,,,,,,,,,,,,,,,,,,,,,,,,,,
EVT0001364,SUB00495,CNT00066,2023-08-20,22,Roku,115,<25%,FALSE,TRUE,TRUE,HD,SES818860,0,,,,,,,,,,,,,,,,,,,,,,,,,,,,,,,,,,,,,,,,,,,,,,,,,,,,,,,,,,,,,,,,,,,,,,,,,,,,,,,,,,,,,,,,,,,,,,,,,,,,,,,,,,,,,,,,,,,,,,,,,
EVT0001365,SUB00193,CNT00072,2024-05-04,21,Desktop,100,75-99%,FALSE,FALSE,TRUE,HD,SES948373,0,,,,,,,,,,,,,,,,,,,,,,,,,,,,,,,,,,,,,,,,,,,,,,,,,,,,,,,,,,,,,,,,,,,,,,,,,,,,,,,,,,,,,,,,,,,,,,,,,,,,,,,,,,,,,,,,,,,,,,,,,
EVT0001366,SUB00603,CNT00040,2024-02-12,18,Smart TV,80,50-75%,FALSE,FALSE,FALSE,4K,SES494338,0,,,,,,,,,,,,,,,,,,,,,,,,,,,,,,,,,,,,,,,,,,,,,,,,,,,,,,,,,,,,,,,,,,,,,,,,,,,,,,,,,,,,,,,,,,,,,,,,,,,,,,,,,,,,,,,,,,,,,,,,,
EVT0001367,SUB00269,CNT00044,2024-03-16,6,Fire TV,9,<25%,FALSE,TRUE,TRUE,HD,SES724508,0,,,,,,,,,,,,,,,,,,,,,,,,,,,,,,,,,,,,,,,,,,,,,,,,,,,,,,,,,,,,,,,,,,,,,,,,,,,,,,,,,,,,,,,,,,,,,,,,,,,,,,,,,,,,,,,,,,,,,,,,,
EVT0001368,SUB00492,CNT00004,2023-12-15,13,Fire TV,95,75-99%,FALSE,FALSE,TRUE,SD,SES838482,0,,,,,,,,,,,,,,,,,,,,,,,,,,,,,,,,,,,,,,,,,,,,,,,,,,,,,,,,,,,,,,,,,,,,,,,,,,,,,,,,,,,,,,,,,,,,,,,,,,,,,,,,,,,,,,,,,,,,,,,,,
EVT0001369,SUB00554,CNT00085,2023-03-29,15,Smart TV,88,75-99%,FALSE,FALSE,TRUE,4K,SES871880,0,,,,,,,,,,,,,,,,,,,,,,,,,,,,,,,,,,,,,,,,,,,,,,,,,,,,,,,,,,,,,,,,,,,,,,,,,,,,,,,,,,,,,,,,,,,,,,,,,,,,,,,,,,,,,,,,,,,,,,,,,
EVT0001370,SUB00530,CNT00073,2024-06-10,20,Smart TV,76,100%,TRUE,FALSE,TRUE,4K,SES765960,1,,,,,,,,,,,,,,,,,,,,,,,,,,,,,,,,,,,,,,,,,,,,,,,,,,,,,,,,,,,,,,,,,,,,,,,,,,,,,,,,,,,,,,,,,,,,,,,,,,,,,,,,,,,,,,,,,,,,,,,,,
EVT0001371,SUB00533,CNT00059,2023-12-23,7,Smart TV,23,100%,TRUE,TRUE,TRUE,HD,SES585239,1,,,,,,,,,,,,,,,,,,,,,,,,,,,,,,,,,,,,,,,,,,,,,,,,,,,,,,,,,,,,,,,,,,,,,,,,,,,,,,,,,,,,,,,,,,,,,,,,,,,,,,,,,,,,,,,,,,,,,,,,,
EVT0001372,SUB00141,CNT00100,2023-03-17,20,Mobile,64,25-50%,FALSE,TRUE,TRUE,HD,SES654823,0,,,,,,,,,,,,,,,,,,,,,,,,,,,,,,,,,,,,,,,,,,,,,,,,,,,,,,,,,,,,,,,,,,,,,,,,,,,,,,,,,,,,,,,,,,,,,,,,,,,,,,,,,,,,,,,,,,,,,,,,,
EVT0001373,SUB00269,CNT00013,2023-11-03,12,Desktop,68,100%,TRUE,TRUE,FALSE,HD,SES648793,1,,,,,,,,,,,,,,,,,,,,,,,,,,,,,,,,,,,,,,,,,,,,,,,,,,,,,,,,,,,,,,,,,,,,,,,,,,,,,,,,,,,,,,,,,,,,,,,,,,,,,,,,,,,,,,,,,,,,,,,,,
EVT0001374,SUB00085,CNT00024,2023-04-18,12,Roku,69,100%,TRUE,FALSE,TRUE,HD,SES219618,1,,,,,,,,,,,,,,,,,,,,,,,,,,,,,,,,,,,,,,,,,,,,,,,,,,,,,,,,,,,,,,,,,,,,,,,,,,,,,,,,,,,,,,,,,,,,,,,,,,,,,,,,,,,,,,,,,,,,,,,,,
EVT0001375,SUB00592,CNT00057,2023-03-25,8,Tablet,48,100%,TRUE,FALSE,TRUE,SD,SES873732,1,,,,,,,,,,,,,,,,,,,,,,,,,,,,,,,,,,,,,,,,,,,,,,,,,,,,,,,,,,,,,,,,,,,,,,,,,,,,,,,,,,,,,,,,,,,,,,,,,,,,,,,,,,,,,,,,,,,,,,,,,
EVT0001376,SUB00108,CNT00074,2023-06-20,16,Smart TV,76,<25%,FALSE,FALSE,TRUE,HD,SES317816,0,,,,,,,,,,,,,,,,,,,,,,,,,,,,,,,,,,,,,,,,,,,,,,,,,,,,,,,,,,,,,,,,,,,,,,,,,,,,,,,,,,,,,,,,,,,,,,,,,,,,,,,,,,,,,,,,,,,,,,,,,
EVT0001377,SUB00383,CNT00050,2023-08-15,22,Roku,101,50-75%,FALSE,TRUE,FALSE,HD,SES885385,0,,,,,,,,,,,,,,,,,,,,,,,,,,,,,,,,,,,,,,,,,,,,,,,,,,,,,,,,,,,,,,,,,,,,,,,,,,,,,,,,,,,,,,,,,,,,,,,,,,,,,,,,,,,,,,,,,,,,,,,,,
EVT0001378,SUB00685,CNT00036,2023-01-13,6,Fire TV,100,100%,TRUE,TRUE,TRUE,HD,SES352844,1,,,,,,,,,,,,,,,,,,,,,,,,,,,,,,,,,,,,,,,,,,,,,,,,,,,,,,,,,,,,,,,,,,,,,,,,,,,,,,,,,,,,,,,,,,,,,,,,,,,,,,,,,,,,,,,,,,,,,,,,,
EVT0001379,SUB00011,CNT00050,2023-03-23,21,Tablet,22,25-50%,FALSE,FALSE,TRUE,4K,SES227153,0,,,,,,,,,,,,,,,,,,,,,,,,,,,,,,,,,,,,,,,,,,,,,,,,,,,,,,,,,,,,,,,,,,,,,,,,,,,,,,,,,,,,,,,,,,,,,,,,,,,,,,,,,,,,,,,,,,,,,,,,,
EVT0001380,SUB00437,CNT00027,2023-09-07,16,Roku,107,100%,TRUE,TRUE,FALSE,SD,SES144791,1,,,,,,,,,,,,,,,,,,,,,,,,,,,,,,,,,,,,,,,,,,,,,,,,,,,,,,,,,,,,,,,,,,,,,,,,,,,,,,,,,,,,,,,,,,,,,,,,,,,,,,,,,,,,,,,,,,,,,,,,,
EVT0001381,SUB00336,CNT00019,2023-10-18,20,Smart TV,56,50-75%,FALSE,TRUE,TRUE,HD,SES620292,0,,,,,,,,,,,,,,,,,,,,,,,,,,,,,,,,,,,,,,,,,,,,,,,,,,,,,,,,,,,,,,,,,,,,,,,,,,,,,,,,,,,,,,,,,,,,,,,,,,,,,,,,,,,,,,,,,,,,,,,,,
EVT0001382,SUB00389,CNT00018,2023-07-30,8,Smart TV,93,100%,TRUE,FALSE,FALSE,HD,SES520419,1,,,,,,,,,,,,,,,,,,,,,,,,,,,,,,,,,,,,,,,,,,,,,,,,,,,,,,,,,,,,,,,,,,,,,,,,,,,,,,,,,,,,,,,,,,,,,,,,,,,,,,,,,,,,,,,,,,,,,,,,,
EVT0001383,SUB00215,CNT00086,2023-09-09,6,Fire TV,47,100%,TRUE,FALSE,TRUE,HD,SES194736,1,,,,,,,,,,,,,,,,,,,,,,,,,,,,,,,,,,,,,,,,,,,,,,,,,,,,,,,,,,,,,,,,,,,,,,,,,,,,,,,,,,,,,,,,,,,,,,,,,,,,,,,,,,,,,,,,,,,,,,,,,
EVT0001384,SUB00649,CNT00058,2024-01-11,8,Fire TV,47,100%,TRUE,FALSE,TRUE,HD,SES713189,1,,,,,,,,,,,,,,,,,,,,,,,,,,,,,,,,,,,,,,,,,,,,,,,,,,,,,,,,,,,,,,,,,,,,,,,,,,,,,,,,,,,,,,,,,,,,,,,,,,,,,,,,,,,,,,,,,,,,,,,,,
EVT0001385,SUB00582,CNT00041,2024-05-14,9,Mobile,53,100%,TRUE,FALSE,TRUE,HD,SES811818,1,,,,,,,,,,,,,,,,,,,,,,,,,,,,,,,,,,,,,,,,,,,,,,,,,,,,,,,,,,,,,,,,,,,,,,,,,,,,,,,,,,,,,,,,,,,,,,,,,,,,,,,,,,,,,,,,,,,,,,,,,
EVT0001386,SUB00676,CNT00050,2023-02-13,21,Desktop,28,100%,TRUE,FALSE,TRUE,HD,SES671161,1,,,,,,,,,,,,,,,,,,,,,,,,,,,,,,,,,,,,,,,,,,,,,,,,,,,,,,,,,,,,,,,,,,,,,,,,,,,,,,,,,,,,,,,,,,,,,,,,,,,,,,,,,,,,,,,,,,,,,,,,,
EVT0001387,SUB00666,CNT00003,2024-03-07,13,Tablet,27,50-75%,FALSE,FALSE,TRUE,HD,SES946450,0,,,,,,,,,,,,,,,,,,,,,,,,,,,,,,,,,,,,,,,,,,,,,,,,,,,,,,,,,,,,,,,,,,,,,,,,,,,,,,,,,,,,,,,,,,,,,,,,,,,,,,,,,,,,,,,,,,,,,,,,,
EVT0001388,SUB00263,CNT00050,2023-09-19,8,Mobile,119,100%,TRUE,TRUE,FALSE,HD,SES439035,1,,,,,,,,,,,,,,,,,,,,,,,,,,,,,,,,,,,,,,,,,,,,,,,,,,,,,,,,,,,,,,,,,,,,,,,,,,,,,,,,,,,,,,,,,,,,,,,,,,,,,,,,,,,,,,,,,,,,,,,,,
EVT0001389,SUB00343,CNT00082,2023-07-29,19,Tablet,10,100%,TRUE,FALSE,TRUE,SD,SES298085,1,,,,,,,,,,,,,,,,,,,,,,,,,,,,,,,,,,,,,,,,,,,,,,,,,,,,,,,,,,,,,,,,,,,,,,,,,,,,,,,,,,,,,,,,,,,,,,,,,,,,,,,,,,,,,,,,,,,,,,,,,
EVT0001390,SUB00139,CNT00028,2023-01-02,10,Desktop,58,<25%,FALSE,TRUE,TRUE,HD,SES998855,0,,,,,,,,,,,,,,,,,,,,,,,,,,,,,,,,,,,,,,,,,,,,,,,,,,,,,,,,,,,,,,,,,,,,,,,,,,,,,,,,,,,,,,,,,,,,,,,,,,,,,,,,,,,,,,,,,,,,,,,,,
EVT0001391,SUB00105,CNT00052,2024-06-05,20,Mobile,72,100%,TRUE,FALSE,TRUE,HD,SES432386,1,,,,,,,,,,,,,,,,,,,,,,,,,,,,,,,,,,,,,,,,,,,,,,,,,,,,,,,,,,,,,,,,,,,,,,,,,,,,,,,,,,,,,,,,,,,,,,,,,,,,,,,,,,,,,,,,,,,,,,,,,
EVT0001392,SUB00023,CNT00074,2023-08-05,19,Desktop,56,100%,TRUE,FALSE,FALSE,HD,SES757138,1,,,,,,,,,,,,,,,,,,,,,,,,,,,,,,,,,,,,,,,,,,,,,,,,,,,,,,,,,,,,,,,,,,,,,,,,,,,,,,,,,,,,,,,,,,,,,,,,,,,,,,,,,,,,,,,,,,,,,,,,,
EVT0001393,SUB00584,CNT00058,2023-01-04,14,Roku,70,75-99%,FALSE,FALSE,TRUE,4K,SES891044,0,,,,,,,,,,,,,,,,,,,,,,,,,,,,,,,,,,,,,,,,,,,,,,,,,,,,,,,,,,,,,,,,,,,,,,,,,,,,,,,,,,,,,,,,,,,,,,,,,,,,,,,,,,,,,,,,,,,,,,,,,
EVT0001394,SUB00115,CNT00031,2023-12-26,16,Roku,100,100%,TRUE,FALSE,TRUE,HD,SES229274,1,,,,,,,,,,,,,,,,,,,,,,,,,,,,,,,,,,,,,,,,,,,,,,,,,,,,,,,,,,,,,,,,,,,,,,,,,,,,,,,,,,,,,,,,,,,,,,,,,,,,,,,,,,,,,,,,,,,,,,,,,
EVT0001395,SUB00273,CNT00003,2024-04-09,19,Roku,76,100%,TRUE,TRUE,TRUE,HD,SES979905,1,,,,,,,,,,,,,,,,,,,,,,,,,,,,,,,,,,,,,,,,,,,,,,,,,,,,,,,,,,,,,,,,,,,,,,,,,,,,,,,,,,,,,,,,,,,,,,,,,,,,,,,,,,,,,,,,,,,,,,,,,
EVT0001396,SUB00036,CNT00024,2023-10-05,22,Mobile,69,100%,TRUE,FALSE,TRUE,HD,SES592718,1,,,,,,,,,,,,,,,,,,,,,,,,,,,,,,,,,,,,,,,,,,,,,,,,,,,,,,,,,,,,,,,,,,,,,,,,,,,,,,,,,,,,,,,,,,,,,,,,,,,,,,,,,,,,,,,,,,,,,,,,,
EVT0001397,SUB00668,CNT00066,2024-03-29,13,Smart TV,56,50-75%,FALSE,FALSE,TRUE,HD,SES114600,0,,,,,,,,,,,,,,,,,,,,,,,,,,,,,,,,,,,,,,,,,,,,,,,,,,,,,,,,,,,,,,,,,,,,,,,,,,,,,,,,,,,,,,,,,,,,,,,,,,,,,,,,,,,,,,,,,,,,,,,,,
EVT0001398,SUB00097,CNT00034,2023-09-15,9,Tablet,29,100%,TRUE,FALSE,FALSE,HD,SES124318,1,,,,,,,,,,,,,,,,,,,,,,,,,,,,,,,,,,,,,,,,,,,,,,,,,,,,,,,,,,,,,,,,,,,,,,,,,,,,,,,,,,,,,,,,,,,,,,,,,,,,,,,,,,,,,,,,,,,,,,,,,
EVT0001399,SUB00559,CNT00019,2023-07-10,11,Mobile,38,50-75%,FALSE,TRUE,FALSE,HD,SES343944,0,,,,,,,,,,,,,,,,,,,,,,,,,,,,,,,,,,,,,,,,,,,,,,,,,,,,,,,,,,,,,,,,,,,,,,,,,,,,,,,,,,,,,,,,,,,,,,,,,,,,,,,,,,,,,,,,,,,,,,,,,
EVT0001400,SUB00626,CNT00028,2023-03-29,10,Mobile,39,75-99%,FALSE,FALSE,TRUE,SD,SES159346,0,,,,,,,,,,,,,,,,,,,,,,,,,,,,,,,,,,,,,,,,,,,,,,,,,,,,,,,,,,,,,,,,,,,,,,,,,,,,,,,,,,,,,,,,,,,,,,,,,,,,,,,,,,,,,,,,,,,,,,,,,
EVT0001401,SUB00606,CNT00035,2024-05-21,12,Smart TV,39,<25%,FALSE,FALSE,TRUE,HD,SES774492,0,,,,,,,,,,,,,,,,,,,,,,,,,,,,,,,,,,,,,,,,,,,,,,,,,,,,,,,,,,,,,,,,,,,,,,,,,,,,,,,,,,,,,,,,,,,,,,,,,,,,,,,,,,,,,,,,,,,,,,,,,
EVT0001402,SUB00061,CNT00092,2023-03-19,9,Fire TV,23,100%,TRUE,TRUE,TRUE,HD,SES588233,1,,,,,,,,,,,,,,,,,,,,,,,,,,,,,,,,,,,,,,,,,,,,,,,,,,,,,,,,,,,,,,,,,,,,,,,,,,,,,,,,,,,,,,,,,,,,,,,,,,,,,,,,,,,,,,,,,,,,,,,,,
EVT0001403,SUB00602,CNT00072,2023-01-29,18,Tablet,115,75-99%,FALSE,FALSE,TRUE,HD,SES292237,0,,,,,,,,,,,,,,,,,,,,,,,,,,,,,,,,,,,,,,,,,,,,,,,,,,,,,,,,,,,,,,,,,,,,,,,,,,,,,,,,,,,,,,,,,,,,,,,,,,,,,,,,,,,,,,,,,,,,,,,,,
EVT0001404,SUB00383,CNT00049,2023-07-01,10,Smart TV,42,100%,TRUE,TRUE,TRUE,HD,SES280765,1,,,,,,,,,,,,,,,,,,,,,,,,,,,,,,,,,,,,,,,,,,,,,,,,,,,,,,,,,,,,,,,,,,,,,,,,,,,,,,,,,,,,,,,,,,,,,,,,,,,,,,,,,,,,,,,,,,,,,,,,,
EVT0001405,SUB00103,CNT00088,2024-03-05,7,Smart TV,44,100%,TRUE,FALSE,FALSE,HD,SES204036,1,,,,,,,,,,,,,,,,,,,,,,,,,,,,,,,,,,,,,,,,,,,,,,,,,,,,,,,,,,,,,,,,,,,,,,,,,,,,,,,,,,,,,,,,,,,,,,,,,,,,,,,,,,,,,,,,,,,,,,,,,
EVT0001406,SUB00221,CNT00005,2024-01-26,18,Desktop,93,25-50%,FALSE,FALSE,TRUE,SD,SES258803,0,,,,,,,,,,,,,,,,,,,,,,,,,,,,,,,,,,,,,,,,,,,,,,,,,,,,,,,,,,,,,,,,,,,,,,,,,,,,,,,,,,,,,,,,,,,,,,,,,,,,,,,,,,,,,,,,,,,,,,,,,
EVT0001407,SUB00033,CNT00100,2023-02-05,18,Desktop,97,100%,TRUE,TRUE,TRUE,HD,SES477897,1,,,,,,,,,,,,,,,,,,,,,,,,,,,,,,,,,,,,,,,,,,,,,,,,,,,,,,,,,,,,,,,,,,,,,,,,,,,,,,,,,,,,,,,,,,,,,,,,,,,,,,,,,,,,,,,,,,,,,,,,,
EVT0001408,SUB00420,CNT00075,2023-07-21,16,Desktop,65,<25%,FALSE,FALSE,TRUE,SD,SES162843,0,,,,,,,,,,,,,,,,,,,,,,,,,,,,,,,,,,,,,,,,,,,,,,,,,,,,,,,,,,,,,,,,,,,,,,,,,,,,,,,,,,,,,,,,,,,,,,,,,,,,,,,,,,,,,,,,,,,,,,,,,
EVT0001409,SUB00507,CNT00071,2023-04-09,6,Mobile,107,100%,TRUE,FALSE,TRUE,HD,SES583895,1,,,,,,,,,,,,,,,,,,,,,,,,,,,,,,,,,,,,,,,,,,,,,,,,,,,,,,,,,,,,,,,,,,,,,,,,,,,,,,,,,,,,,,,,,,,,,,,,,,,,,,,,,,,,,,,,,,,,,,,,,
EVT0001410,SUB00195,CNT00005,2023-04-02,11,Smart TV,16,100%,TRUE,TRUE,TRUE,HD,SES952489,1,,,,,,,,,,,,,,,,,,,,,,,,,,,,,,,,,,,,,,,,,,,,,,,,,,,,,,,,,,,,,,,,,,,,,,,,,,,,,,,,,,,,,,,,,,,,,,,,,,,,,,,,,,,,,,,,,,,,,,,,,
EVT0001411,SUB00580,CNT00058,2024-01-25,8,Fire TV,54,75-99%,FALSE,FALSE,TRUE,HD,SES225777,0,,,,,,,,,,,,,,,,,,,,,,,,,,,,,,,,,,,,,,,,,,,,,,,,,,,,,,,,,,,,,,,,,,,,,,,,,,,,,,,,,,,,,,,,,,,,,,,,,,,,,,,,,,,,,,,,,,,,,,,,,
EVT0001412,SUB00260,CNT00080,2023-01-26,19,Mobile,68,100%,TRUE,TRUE,FALSE,HD,SES673736,1,,,,,,,,,,,,,,,,,,,,,,,,,,,,,,,,,,,,,,,,,,,,,,,,,,,,,,,,,,,,,,,,,,,,,,,,,,,,,,,,,,,,,,,,,,,,,,,,,,,,,,,,,,,,,,,,,,,,,,,,,
EVT0001413,SUB00486,CNT00059,2023-03-12,13,Desktop,11,50-75%,FALSE,TRUE,TRUE,4K,SES407375,0,,,,,,,,,,,,,,,,,,,,,,,,,,,,,,,,,,,,,,,,,,,,,,,,,,,,,,,,,,,,,,,,,,,,,,,,,,,,,,,,,,,,,,,,,,,,,,,,,,,,,,,,,,,,,,,,,,,,,,,,,
EVT0001414,SUB00189,CNT00016,2023-05-15,6,Smart TV,48,100%,TRUE,TRUE,TRUE,HD,SES382987,1,,,,,,,,,,,,,,,,,,,,,,,,,,,,,,,,,,,,,,,,,,,,,,,,,,,,,,,,,,,,,,,,,,,,,,,,,,,,,,,,,,,,,,,,,,,,,,,,,,,,,,,,,,,,,,,,,,,,,,,,,
EVT0001415,SUB00146,CNT00086,2023-03-26,14,Tablet,99,100%,TRUE,FALSE,TRUE,HD,SES494083,1,,,,,,,,,,,,,,,,,,,,,,,,,,,,,,,,,,,,,,,,,,,,,,,,,,,,,,,,,,,,,,,,,,,,,,,,,,,,,,,,,,,,,,,,,,,,,,,,,,,,,,,,,,,,,,,,,,,,,,,,,
EVT0001416,SUB00214,CNT00054,2023-01-24,17,Tablet,17,100%,TRUE,TRUE,TRUE,HD,SES528841,1,,,,,,,,,,,,,,,,,,,,,,,,,,,,,,,,,,,,,,,,,,,,,,,,,,,,,,,,,,,,,,,,,,,,,,,,,,,,,,,,,,,,,,,,,,,,,,,,,,,,,,,,,,,,,,,,,,,,,,,,,
EVT0001417,SUB00668,CNT00039,2023-03-22,6,Fire TV,22,100%,TRUE,FALSE,TRUE,4K,SES712731,1,,,,,,,,,,,,,,,,,,,,,,,,,,,,,,,,,,,,,,,,,,,,,,,,,,,,,,,,,,,,,,,,,,,,,,,,,,,,,,,,,,,,,,,,,,,,,,,,,,,,,,,,,,,,,,,,,,,,,,,,,
EVT0001418,SUB00115,CNT00019,2023-12-26,9,Tablet,73,25-50%,FALSE,FALSE,TRUE,HD,SES944547,0,,,,,,,,,,,,,,,,,,,,,,,,,,,,,,,,,,,,,,,,,,,,,,,,,,,,,,,,,,,,,,,,,,,,,,,,,,,,,,,,,,,,,,,,,,,,,,,,,,,,,,,,,,,,,,,,,,,,,,,,,
EVT0001419,SUB00554,CNT00097,2024-03-16,23,Desktop,37,100%,TRUE,FALSE,FALSE,HD,SES929595,1,,,,,,,,,,,,,,,,,,,,,,,,,,,,,,,,,,,,,,,,,,,,,,,,,,,,,,,,,,,,,,,,,,,,,,,,,,,,,,,,,,,,,,,,,,,,,,,,,,,,,,,,,,,,,,,,,,,,,,,,,
EVT0001420,SUB00691,CNT00028,2024-06-10,7,Mobile,69,75-99%,FALSE,FALSE,TRUE,4K,SES578346,0,,,,,,,,,,,,,,,,,,,,,,,,,,,,,,,,,,,,,,,,,,,,,,,,,,,,,,,,,,,,,,,,,,,,,,,,,,,,,,,,,,,,,,,,,,,,,,,,,,,,,,,,,,,,,,,,,,,,,,,,,
EVT0001421,SUB00025,CNT00030,2023-09-23,23,Mobile,77,75-99%,FALSE,TRUE,FALSE,SD,SES614531,0,,,,,,,,,,,,,,,,,,,,,,,,,,,,,,,,,,,,,,,,,,,,,,,,,,,,,,,,,,,,,,,,,,,,,,,,,,,,,,,,,,,,,,,,,,,,,,,,,,,,,,,,,,,,,,,,,,,,,,,,,
EVT0001422,SUB00635,CNT00017,2023-10-26,15,Mobile,11,<25%,FALSE,FALSE,FALSE,HD,SES963900,0,,,,,,,,,,,,,,,,,,,,,,,,,,,,,,,,,,,,,,,,,,,,,,,,,,,,,,,,,,,,,,,,,,,,,,,,,,,,,,,,,,,,,,,,,,,,,,,,,,,,,,,,,,,,,,,,,,,,,,,,,
EVT0001423,SUB00403,CNT00094,2023-07-26,12,Tablet,34,100%,TRUE,FALSE,FALSE,4K,SES634628,1,,,,,,,,,,,,,,,,,,,,,,,,,,,,,,,,,,,,,,,,,,,,,,,,,,,,,,,,,,,,,,,,,,,,,,,,,,,,,,,,,,,,,,,,,,,,,,,,,,,,,,,,,,,,,,,,,,,,,,,,,
EVT0001424,SUB00277,CNT00006,2024-03-23,9,Smart TV,78,75-99%,FALSE,FALSE,TRUE,4K,SES387646,0,,,,,,,,,,,,,,,,,,,,,,,,,,,,,,,,,,,,,,,,,,,,,,,,,,,,,,,,,,,,,,,,,,,,,,,,,,,,,,,,,,,,,,,,,,,,,,,,,,,,,,,,,,,,,,,,,,,,,,,,,
EVT0001425,SUB00192,CNT00034,2024-03-18,11,Smart TV,100,25-50%,FALSE,FALSE,TRUE,HD,SES115251,0,,,,,,,,,,,,,,,,,,,,,,,,,,,,,,,,,,,,,,,,,,,,,,,,,,,,,,,,,,,,,,,,,,,,,,,,,,,,,,,,,,,,,,,,,,,,,,,,,,,,,,,,,,,,,,,,,,,,,,,,,
EVT0001426,SUB00337,CNT00051,2024-01-03,6,Mobile,7,100%,TRUE,TRUE,FALSE,HD,SES495211,1,,,,,,,,,,,,,,,,,,,,,,,,,,,,,,,,,,,,,,,,,,,,,,,,,,,,,,,,,,,,,,,,,,,,,,,,,,,,,,,,,,,,,,,,,,,,,,,,,,,,,,,,,,,,,,,,,,,,,,,,,
EVT0001427,SUB00299,CNT00052,2023-09-12,9,Roku,5,75-99%,FALSE,TRUE,FALSE,HD,SES699509,0,,,,,,,,,,,,,,,,,,,,,,,,,,,,,,,,,,,,,,,,,,,,,,,,,,,,,,,,,,,,,,,,,,,,,,,,,,,,,,,,,,,,,,,,,,,,,,,,,,,,,,,,,,,,,,,,,,,,,,,,,
EVT0001428,SUB00125,CNT00044,2023-04-03,6,Roku,114,100%,TRUE,TRUE,TRUE,HD,SES889544,1,,,,,,,,,,,,,,,,,,,,,,,,,,,,,,,,,,,,,,,,,,,,,,,,,,,,,,,,,,,,,,,,,,,,,,,,,,,,,,,,,,,,,,,,,,,,,,,,,,,,,,,,,,,,,,,,,,,,,,,,,
EVT0001429,SUB00241,CNT00073,2023-06-05,20,Fire TV,111,50-75%,FALSE,FALSE,FALSE,HD,SES910899,0,,,,,,,,,,,,,,,,,,,,,,,,,,,,,,,,,,,,,,,,,,,,,,,,,,,,,,,,,,,,,,,,,,,,,,,,,,,,,,,,,,,,,,,,,,,,,,,,,,,,,,,,,,,,,,,,,,,,,,,,,
EVT0001430,SUB00633,CNT00005,2024-04-15,16,Tablet,74,75-99%,FALSE,TRUE,FALSE,HD,SES603346,0,,,,,,,,,,,,,,,,,,,,,,,,,,,,,,,,,,,,,,,,,,,,,,,,,,,,,,,,,,,,,,,,,,,,,,,,,,,,,,,,,,,,,,,,,,,,,,,,,,,,,,,,,,,,,,,,,,,,,,,,,
EVT0001431,SUB00398,CNT00006,2023-09-22,22,Tablet,92,<25%,FALSE,TRUE,TRUE,HD,SES224508,0,,,,,,,,,,,,,,,,,,,,,,,,,,,,,,,,,,,,,,,,,,,,,,,,,,,,,,,,,,,,,,,,,,,,,,,,,,,,,,,,,,,,,,,,,,,,,,,,,,,,,,,,,,,,,,,,,,,,,,,,,
EVT0001432,SUB00251,CNT00011,2023-04-10,22,Mobile,45,100%,TRUE,TRUE,FALSE,HD,SES682270,1,,,,,,,,,,,,,,,,,,,,,,,,,,,,,,,,,,,,,,,,,,,,,,,,,,,,,,,,,,,,,,,,,,,,,,,,,,,,,,,,,,,,,,,,,,,,,,,,,,,,,,,,,,,,,,,,,,,,,,,,,
EVT0001433,SUB00266,CNT00020,2024-01-14,15,Smart TV,7,100%,TRUE,TRUE,FALSE,4K,SES944019,1,,,,,,,,,,,,,,,,,,,,,,,,,,,,,,,,,,,,,,,,,,,,,,,,,,,,,,,,,,,,,,,,,,,,,,,,,,,,,,,,,,,,,,,,,,,,,,,,,,,,,,,,,,,,,,,,,,,,,,,,,
EVT0001434,SUB00071,CNT00039,2023-01-13,14,Desktop,57,100%,TRUE,TRUE,TRUE,4K,SES493280,1,,,,,,,,,,,,,,,,,,,,,,,,,,,,,,,,,,,,,,,,,,,,,,,,,,,,,,,,,,,,,,,,,,,,,,,,,,,,,,,,,,,,,,,,,,,,,,,,,,,,,,,,,,,,,,,,,,,,,,,,,
EVT0001435,SUB00291,CNT00091,2023-09-14,18,Desktop,61,50-75%,FALSE,TRUE,FALSE,SD,SES200129,0,,,,,,,,,,,,,,,,,,,,,,,,,,,,,,,,,,,,,,,,,,,,,,,,,,,,,,,,,,,,,,,,,,,,,,,,,,,,,,,,,,,,,,,,,,,,,,,,,,,,,,,,,,,,,,,,,,,,,,,,,
EVT0001436,SUB00564,CNT00001,2023-03-01,23,Mobile,93,100%,TRUE,FALSE,TRUE,HD,SES784319,1,,,,,,,,,,,,,,,,,,,,,,,,,,,,,,,,,,,,,,,,,,,,,,,,,,,,,,,,,,,,,,,,,,,,,,,,,,,,,,,,,,,,,,,,,,,,,,,,,,,,,,,,,,,,,,,,,,,,,,,,,
EVT0001437,SUB00526,CNT00099,2023-08-16,6,Smart TV,119,50-75%,FALSE,FALSE,TRUE,SD,SES656666,0,,,,,,,,,,,,,,,,,,,,,,,,,,,,,,,,,,,,,,,,,,,,,,,,,,,,,,,,,,,,,,,,,,,,,,,,,,,,,,,,,,,,,,,,,,,,,,,,,,,,,,,,,,,,,,,,,,,,,,,,,
EVT0001438,SUB00513,CNT00064,2023-12-21,16,Smart TV,64,50-75%,FALSE,TRUE,TRUE,HD,SES531579,0,,,,,,,,,,,,,,,,,,,,,,,,,,,,,,,,,,,,,,,,,,,,,,,,,,,,,,,,,,,,,,,,,,,,,,,,,,,,,,,,,,,,,,,,,,,,,,,,,,,,,,,,,,,,,,,,,,,,,,,,,
EVT0001439,SUB00164,CNT00029,2023-11-16,20,Mobile,6,50-75%,FALSE,FALSE,TRUE,HD,SES749860,0,,,,,,,,,,,,,,,,,,,,,,,,,,,,,,,,,,,,,,,,,,,,,,,,,,,,,,,,,,,,,,,,,,,,,,,,,,,,,,,,,,,,,,,,,,,,,,,,,,,,,,,,,,,,,,,,,,,,,,,,,
EVT0001440,SUB00574,CNT00071,2023-04-07,9,Roku,19,100%,TRUE,FALSE,TRUE,SD,SES758864,1,,,,,,,,,,,,,,,,,,,,,,,,,,,,,,,,,,,,,,,,,,,,,,,,,,,,,,,,,,,,,,,,,,,,,,,,,,,,,,,,,,,,,,,,,,,,,,,,,,,,,,,,,,,,,,,,,,,,,,,,,
EVT0001441,SUB00647,CNT00045,2023-06-30,15,Fire TV,115,100%,TRUE,FALSE,TRUE,SD,SES163787,1,,,,,,,,,,,,,,,,,,,,,,,,,,,,,,,,,,,,,,,,,,,,,,,,,,,,,,,,,,,,,,,,,,,,,,,,,,,,,,,,,,,,,,,,,,,,,,,,,,,,,,,,,,,,,,,,,,,,,,,,,
EVT0001442,SUB00617,CNT00012,2024-04-20,19,Mobile,11,50-75%,FALSE,TRUE,TRUE,HD,SES354073,0,,,,,,,,,,,,,,,,,,,,,,,,,,,,,,,,,,,,,,,,,,,,,,,,,,,,,,,,,,,,,,,,,,,,,,,,,,,,,,,,,,,,,,,,,,,,,,,,,,,,,,,,,,,,,,,,,,,,,,,,,
EVT0001443,SUB00147,CNT00004,2024-06-18,11,Smart TV,120,<25%,FALSE,TRUE,FALSE,HD,SES171978,0,,,,,,,,,,,,,,,,,,,,,,,,,,,,,,,,,,,,,,,,,,,,,,,,,,,,,,,,,,,,,,,,,,,,,,,,,,,,,,,,,,,,,,,,,,,,,,,,,,,,,,,,,,,,,,,,,,,,,,,,,
EVT0001444,SUB00092,CNT00076,2023-12-26,23,Fire TV,52,100%,TRUE,TRUE,TRUE,HD,SES556367,1,,,,,,,,,,,,,,,,,,,,,,,,,,,,,,,,,,,,,,,,,,,,,,,,,,,,,,,,,,,,,,,,,,,,,,,,,,,,,,,,,,,,,,,,,,,,,,,,,,,,,,,,,,,,,,,,,,,,,,,,,
EVT0001445,SUB00230,CNT00099,2023-11-29,14,Tablet,53,100%,TRUE,FALSE,TRUE,4K,SES786913,1,,,,,,,,,,,,,,,,,,,,,,,,,,,,,,,,,,,,,,,,,,,,,,,,,,,,,,,,,,,,,,,,,,,,,,,,,,,,,,,,,,,,,,,,,,,,,,,,,,,,,,,,,,,,,,,,,,,,,,,,,
EVT0001446,SUB00148,CNT00054,2023-07-01,15,Desktop,110,100%,TRUE,TRUE,TRUE,HD,SES192392,1,,,,,,,,,,,,,,,,,,,,,,,,,,,,,,,,,,,,,,,,,,,,,,,,,,,,,,,,,,,,,,,,,,,,,,,,,,,,,,,,,,,,,,,,,,,,,,,,,,,,,,,,,,,,,,,,,,,,,,,,,
EVT0001447,SUB00243,CNT00057,2023-12-07,12,Fire TV,44,100%,TRUE,FALSE,TRUE,4K,SES346287,1,,,,,,,,,,,,,,,,,,,,,,,,,,,,,,,,,,,,,,,,,,,,,,,,,,,,,,,,,,,,,,,,,,,,,,,,,,,,,,,,,,,,,,,,,,,,,,,,,,,,,,,,,,,,,,,,,,,,,,,,,
EVT0001448,SUB00572,CNT00011,2023-12-25,19,Roku,26,75-99%,FALSE,TRUE,TRUE,SD,SES885858,0,,,,,,,,,,,,,,,,,,,,,,,,,,,,,,,,,,,,,,,,,,,,,,,,,,,,,,,,,,,,,,,,,,,,,,,,,,,,,,,,,,,,,,,,,,,,,,,,,,,,,,,,,,,,,,,,,,,,,,,,,
EVT0001449,SUB00470,CNT00024,2023-05-10,6,Roku,55,75-99%,FALSE,FALSE,FALSE,HD,SES468136,0,,,,,,,,,,,,,,,,,,,,,,,,,,,,,,,,,,,,,,,,,,,,,,,,,,,,,,,,,,,,,,,,,,,,,,,,,,,,,,,,,,,,,,,,,,,,,,,,,,,,,,,,,,,,,,,,,,,,,,,,,
EVT0001450,SUB00157,CNT00036,2024-02-14,20,Desktop,114,100%,TRUE,FALSE,TRUE,HD,SES997852,1,,,,,,,,,,,,,,,,,,,,,,,,,,,,,,,,,,,,,,,,,,,,,,,,,,,,,,,,,,,,,,,,,,,,,,,,,,,,,,,,,,,,,,,,,,,,,,,,,,,,,,,,,,,,,,,,,,,,,,,,,
EVT0001451,SUB00639,CNT00093,2023-10-04,11,Roku,12,100%,TRUE,FALSE,TRUE,4K,SES115775,1,,,,,,,,,,,,,,,,,,,,,,,,,,,,,,,,,,,,,,,,,,,,,,,,,,,,,,,,,,,,,,,,,,,,,,,,,,,,,,,,,,,,,,,,,,,,,,,,,,,,,,,,,,,,,,,,,,,,,,,,,
EVT0001452,SUB00423,CNT00014,2023-02-07,15,Roku,77,100%,TRUE,FALSE,TRUE,HD,SES231652,1,,,,,,,,,,,,,,,,,,,,,,,,,,,,,,,,,,,,,,,,,,,,,,,,,,,,,,,,,,,,,,,,,,,,,,,,,,,,,,,,,,,,,,,,,,,,,,,,,,,,,,,,,,,,,,,,,,,,,,,,,
EVT0001453,SUB00321,CNT00027,2023-08-29,15,Fire TV,58,50-75%,FALSE,FALSE,TRUE,HD,SES259761,0,,,,,,,,,,,,,,,,,,,,,,,,,,,,,,,,,,,,,,,,,,,,,,,,,,,,,,,,,,,,,,,,,,,,,,,,,,,,,,,,,,,,,,,,,,,,,,,,,,,,,,,,,,,,,,,,,,,,,,,,,
EVT0001454,SUB00155,CNT00085,2023-04-24,14,Roku,99,100%,TRUE,FALSE,TRUE,4K,SES369251,1,,,,,,,,,,,,,,,,,,,,,,,,,,,,,,,,,,,,,,,,,,,,,,,,,,,,,,,,,,,,,,,,,,,,,,,,,,,,,,,,,,,,,,,,,,,,,,,,,,,,,,,,,,,,,,,,,,,,,,,,,
EVT0001455,SUB00018,CNT00085,2023-06-26,15,Fire TV,109,100%,TRUE,TRUE,TRUE,SD,SES803154,1,,,,,,,,,,,,,,,,,,,,,,,,,,,,,,,,,,,,,,,,,,,,,,,,,,,,,,,,,,,,,,,,,,,,,,,,,,,,,,,,,,,,,,,,,,,,,,,,,,,,,,,,,,,,,,,,,,,,,,,,,
EVT0001456,SUB00201,CNT00011,2024-05-19,20,Smart TV,5,75-99%,FALSE,FALSE,TRUE,HD,SES421622,0,,,,,,,,,,,,,,,,,,,,,,,,,,,,,,,,,,,,,,,,,,,,,,,,,,,,,,,,,,,,,,,,,,,,,,,,,,,,,,,,,,,,,,,,,,,,,,,,,,,,,,,,,,,,,,,,,,,,,,,,,
EVT0001457,SUB00346,CNT00037,2023-08-19,22,Smart TV,97,75-99%,FALSE,TRUE,FALSE,HD,SES390694,0,,,,,,,,,,,,,,,,,,,,,,,,,,,,,,,,,,,,,,,,,,,,,,,,,,,,,,,,,,,,,,,,,,,,,,,,,,,,,,,,,,,,,,,,,,,,,,,,,,,,,,,,,,,,,,,,,,,,,,,,,
EVT0001458,SUB00550,CNT00044,2024-03-05,6,Tablet,113,75-99%,FALSE,TRUE,TRUE,SD,SES290573,0,,,,,,,,,,,,,,,,,,,,,,,,,,,,,,,,,,,,,,,,,,,,,,,,,,,,,,,,,,,,,,,,,,,,,,,,,,,,,,,,,,,,,,,,,,,,,,,,,,,,,,,,,,,,,,,,,,,,,,,,,
EVT0001459,SUB00165,CNT00048,2023-04-04,14,Mobile,107,50-75%,FALSE,FALSE,TRUE,HD,SES130731,0,,,,,,,,,,,,,,,,,,,,,,,,,,,,,,,,,,,,,,,,,,,,,,,,,,,,,,,,,,,,,,,,,,,,,,,,,,,,,,,,,,,,,,,,,,,,,,,,,,,,,,,,,,,,,,,,,,,,,,,,,
EVT0001460,SUB00412,CNT00074,2023-05-02,22,Desktop,5,100%,TRUE,TRUE,TRUE,HD,SES205361,1,,,,,,,,,,,,,,,,,,,,,,,,,,,,,,,,,,,,,,,,,,,,,,,,,,,,,,,,,,,,,,,,,,,,,,,,,,,,,,,,,,,,,,,,,,,,,,,,,,,,,,,,,,,,,,,,,,,,,,,,,
EVT0001461,SUB00395,CNT00012,2024-06-01,7,Fire TV,30,50-75%,FALSE,TRUE,FALSE,HD,SES677512,0,,,,,,,,,,,,,,,,,,,,,,,,,,,,,,,,,,,,,,,,,,,,,,,,,,,,,,,,,,,,,,,,,,,,,,,,,,,,,,,,,,,,,,,,,,,,,,,,,,,,,,,,,,,,,,,,,,,,,,,,,
EVT0001462,SUB00083,CNT00030,2023-02-20,6,Smart TV,43,<25%,FALSE,FALSE,TRUE,HD,SES212132,0,,,,,,,,,,,,,,,,,,,,,,,,,,,,,,,,,,,,,,,,,,,,,,,,,,,,,,,,,,,,,,,,,,,,,,,,,,,,,,,,,,,,,,,,,,,,,,,,,,,,,,,,,,,,,,,,,,,,,,,,,
EVT0001463,SUB00102,CNT00060,2024-05-23,23,Desktop,10,100%,TRUE,FALSE,TRUE,HD,SES263145,1,,,,,,,,,,,,,,,,,,,,,,,,,,,,,,,,,,,,,,,,,,,,,,,,,,,,,,,,,,,,,,,,,,,,,,,,,,,,,,,,,,,,,,,,,,,,,,,,,,,,,,,,,,,,,,,,,,,,,,,,,
EVT0001464,SUB00632,CNT00007,2023-12-30,14,Mobile,79,100%,TRUE,FALSE,TRUE,HD,SES961379,1,,,,,,,,,,,,,,,,,,,,,,,,,,,,,,,,,,,,,,,,,,,,,,,,,,,,,,,,,,,,,,,,,,,,,,,,,,,,,,,,,,,,,,,,,,,,,,,,,,,,,,,,,,,,,,,,,,,,,,,,,
EVT0001465,SUB00337,CNT00002,2024-06-20,8,Smart TV,61,100%,TRUE,FALSE,TRUE,4K,SES655859,1,,,,,,,,,,,,,,,,,,,,,,,,,,,,,,,,,,,,,,,,,,,,,,,,,,,,,,,,,,,,,,,,,,,,,,,,,,,,,,,,,,,,,,,,,,,,,,,,,,,,,,,,,,,,,,,,,,,,,,,,,
EVT0001466,SUB00123,CNT00021,2023-06-19,20,Roku,100,100%,TRUE,TRUE,TRUE,HD,SES917249,1,,,,,,,,,,,,,,,,,,,,,,,,,,,,,,,,,,,,,,,,,,,,,,,,,,,,,,,,,,,,,,,,,,,,,,,,,,,,,,,,,,,,,,,,,,,,,,,,,,,,,,,,,,,,,,,,,,,,,,,,,
EVT0001467,SUB00614,CNT00092,2024-04-24,9,Desktop,18,50-75%,FALSE,FALSE,TRUE,HD,SES823789,0,,,,,,,,,,,,,,,,,,,,,,,,,,,,,,,,,,,,,,,,,,,,,,,,,,,,,,,,,,,,,,,,,,,,,,,,,,,,,,,,,,,,,,,,,,,,,,,,,,,,,,,,,,,,,,,,,,,,,,,,,
EVT0001468,SUB00114,CNT00061,2024-06-08,10,Smart TV,119,100%,TRUE,TRUE,FALSE,HD,SES894996,1,,,,,,,,,,,,,,,,,,,,,,,,,,,,,,,,,,,,,,,,,,,,,,,,,,,,,,,,,,,,,,,,,,,,,,,,,,,,,,,,,,,,,,,,,,,,,,,,,,,,,,,,,,,,,,,,,,,,,,,,,
EVT0001469,SUB00258,CNT00100,2024-01-29,12,Desktop,48,25-50%,FALSE,TRUE,TRUE,HD,SES539589,0,,,,,,,,,,,,,,,,,,,,,,,,,,,,,,,,,,,,,,,,,,,,,,,,,,,,,,,,,,,,,,,,,,,,,,,,,,,,,,,,,,,,,,,,,,,,,,,,,,,,,,,,,,,,,,,,,,,,,,,,,
EVT0001470,SUB00008,CNT00031,2023-04-19,23,Tablet,105,75-99%,FALSE,FALSE,TRUE,HD,SES133006,0,,,,,,,,,,,,,,,,,,,,,,,,,,,,,,,,,,,,,,,,,,,,,,,,,,,,,,,,,,,,,,,,,,,,,,,,,,,,,,,,,,,,,,,,,,,,,,,,,,,,,,,,,,,,,,,,,,,,,,,,,
EVT0001471,SUB00174,CNT00086,2023-01-16,12,Smart TV,32,100%,TRUE,FALSE,TRUE,HD,SES964278,1,,,,,,,,,,,,,,,,,,,,,,,,,,,,,,,,,,,,,,,,,,,,,,,,,,,,,,,,,,,,,,,,,,,,,,,,,,,,,,,,,,,,,,,,,,,,,,,,,,,,,,,,,,,,,,,,,,,,,,,,,
EVT0001472,SUB00401,CNT00050,2023-05-05,18,Roku,50,100%,TRUE,FALSE,TRUE,HD,SES798751,1,,,,,,,,,,,,,,,,,,,,,,,,,,,,,,,,,,,,,,,,,,,,,,,,,,,,,,,,,,,,,,,,,,,,,,,,,,,,,,,,,,,,,,,,,,,,,,,,,,,,,,,,,,,,,,,,,,,,,,,,,
EVT0001473,SUB00021,CNT00054,2024-04-28,17,Mobile,60,100%,TRUE,FALSE,FALSE,SD,SES357853,1,,,,,,,,,,,,,,,,,,,,,,,,,,,,,,,,,,,,,,,,,,,,,,,,,,,,,,,,,,,,,,,,,,,,,,,,,,,,,,,,,,,,,,,,,,,,,,,,,,,,,,,,,,,,,,,,,,,,,,,,,
EVT0001474,SUB00146,CNT00012,2024-01-09,19,Tablet,110,100%,TRUE,TRUE,TRUE,SD,SES104626,1,,,,,,,,,,,,,,,,,,,,,,,,,,,,,,,,,,,,,,,,,,,,,,,,,,,,,,,,,,,,,,,,,,,,,,,,,,,,,,,,,,,,,,,,,,,,,,,,,,,,,,,,,,,,,,,,,,,,,,,,,
EVT0001475,SUB00010,CNT00042,2024-05-06,22,Tablet,119,<25%,FALSE,TRUE,TRUE,HD,SES836956,0,,,,,,,,,,,,,,,,,,,,,,,,,,,,,,,,,,,,,,,,,,,,,,,,,,,,,,,,,,,,,,,,,,,,,,,,,,,,,,,,,,,,,,,,,,,,,,,,,,,,,,,,,,,,,,,,,,,,,,,,,
EVT0001476,SUB00635,CNT00029,2023-04-26,15,Roku,114,100%,TRUE,FALSE,FALSE,SD,SES331096,1,,,,,,,,,,,,,,,,,,,,,,,,,,,,,,,,,,,,,,,,,,,,,,,,,,,,,,,,,,,,,,,,,,,,,,,,,,,,,,,,,,,,,,,,,,,,,,,,,,,,,,,,,,,,,,,,,,,,,,,,,
EVT0001477,SUB00011,CNT00048,2023-01-25,8,Mobile,45,100%,TRUE,TRUE,TRUE,HD,SES205836,1,,,,,,,,,,,,,,,,,,,,,,,,,,,,,,,,,,,,,,,,,,,,,,,,,,,,,,,,,,,,,,,,,,,,,,,,,,,,,,,,,,,,,,,,,,,,,,,,,,,,,,,,,,,,,,,,,,,,,,,,,
EVT0001478,SUB00073,CNT00081,2024-01-13,23,Desktop,94,75-99%,FALSE,FALSE,TRUE,HD,SES342313,0,,,,,,,,,,,,,,,,,,,,,,,,,,,,,,,,,,,,,,,,,,,,,,,,,,,,,,,,,,,,,,,,,,,,,,,,,,,,,,,,,,,,,,,,,,,,,,,,,,,,,,,,,,,,,,,,,,,,,,,,,
EVT0001479,SUB00239,CNT00035,2023-12-04,16,Mobile,109,<25%,FALSE,TRUE,TRUE,HD,SES541042,0,,,,,,,,,,,,,,,,,,,,,,,,,,,,,,,,,,,,,,,,,,,,,,,,,,,,,,,,,,,,,,,,,,,,,,,,,,,,,,,,,,,,,,,,,,,,,,,,,,,,,,,,,,,,,,,,,,,,,,,,,
EVT0001480,SUB00160,CNT00075,2023-09-23,9,Tablet,65,100%,TRUE,TRUE,FALSE,4K,SES436542,1,,,,,,,,,,,,,,,,,,,,,,,,,,,,,,,,,,,,,,,,,,,,,,,,,,,,,,,,,,,,,,,,,,,,,,,,,,,,,,,,,,,,,,,,,,,,,,,,,,,,,,,,,,,,,,,,,,,,,,,,,
EVT0001481,SUB00141,CNT00010,2023-04-24,21,Tablet,108,100%,TRUE,TRUE,TRUE,HD,SES721045,1,,,,,,,,,,,,,,,,,,,,,,,,,,,,,,,,,,,,,,,,,,,,,,,,,,,,,,,,,,,,,,,,,,,,,,,,,,,,,,,,,,,,,,,,,,,,,,,,,,,,,,,,,,,,,,,,,,,,,,,,,
EVT0001482,SUB00577,CNT00013,2024-01-17,14,Smart TV,53,50-75%,FALSE,FALSE,TRUE,HD,SES584295,0,,,,,,,,,,,,,,,,,,,,,,,,,,,,,,,,,,,,,,,,,,,,,,,,,,,,,,,,,,,,,,,,,,,,,,,,,,,,,,,,,,,,,,,,,,,,,,,,,,,,,,,,,,,,,,,,,,,,,,,,,
EVT0001483,SUB00233,CNT00003,2023-06-14,15,Desktop,102,25-50%,FALSE,FALSE,TRUE,4K,SES543391,0,,,,,,,,,,,,,,,,,,,,,,,,,,,,,,,,,,,,,,,,,,,,,,,,,,,,,,,,,,,,,,,,,,,,,,,,,,,,,,,,,,,,,,,,,,,,,,,,,,,,,,,,,,,,,,,,,,,,,,,,,
EVT0001484,SUB00480,CNT00041,2024-04-18,9,Mobile,63,<25%,FALSE,TRUE,TRUE,HD,SES586377,0,,,,,,,,,,,,,,,,,,,,,,,,,,,,,,,,,,,,,,,,,,,,,,,,,,,,,,,,,,,,,,,,,,,,,,,,,,,,,,,,,,,,,,,,,,,,,,,,,,,,,,,,,,,,,,,,,,,,,,,,,
EVT0001485,SUB00371,CNT00052,2023-05-06,21,Roku,87,100%,TRUE,TRUE,TRUE,SD,SES327030,1,,,,,,,,,,,,,,,,,,,,,,,,,,,,,,,,,,,,,,,,,,,,,,,,,,,,,,,,,,,,,,,,,,,,,,,,,,,,,,,,,,,,,,,,,,,,,,,,,,,,,,,,,,,,,,,,,,,,,,,,,
EVT0001486,SUB00499,CNT00025,2023-04-11,11,Desktop,42,75-99%,FALSE,TRUE,TRUE,HD,SES987804,0,,,,,,,,,,,,,,,,,,,,,,,,,,,,,,,,,,,,,,,,,,,,,,,,,,,,,,,,,,,,,,,,,,,,,,,,,,,,,,,,,,,,,,,,,,,,,,,,,,,,,,,,,,,,,,,,,,,,,,,,,
EVT0001487,SUB00471,CNT00050,2023-11-29,11,Tablet,38,<25%,FALSE,FALSE,FALSE,HD,SES522394,0,,,,,,,,,,,,,,,,,,,,,,,,,,,,,,,,,,,,,,,,,,,,,,,,,,,,,,,,,,,,,,,,,,,,,,,,,,,,,,,,,,,,,,,,,,,,,,,,,,,,,,,,,,,,,,,,,,,,,,,,,
EVT0001488,SUB00462,CNT00100,2023-06-01,7,Desktop,58,100%,TRUE,FALSE,TRUE,HD,SES110785,1,,,,,,,,,,,,,,,,,,,,,,,,,,,,,,,,,,,,,,,,,,,,,,,,,,,,,,,,,,,,,,,,,,,,,,,,,,,,,,,,,,,,,,,,,,,,,,,,,,,,,,,,,,,,,,,,,,,,,,,,,
EVT0001489,SUB00669,CNT00088,2024-04-01,21,Mobile,115,50-75%,FALSE,FALSE,TRUE,4K,SES318361,0,,,,,,,,,,,,,,,,,,,,,,,,,,,,,,,,,,,,,,,,,,,,,,,,,,,,,,,,,,,,,,,,,,,,,,,,,,,,,,,,,,,,,,,,,,,,,,,,,,,,,,,,,,,,,,,,,,,,,,,,,
EVT0001490,SUB00488,CNT00018,2024-02-15,10,Smart TV,119,75-99%,FALSE,FALSE,TRUE,HD,SES976500,0,,,,,,,,,,,,,,,,,,,,,,,,,,,,,,,,,,,,,,,,,,,,,,,,,,,,,,,,,,,,,,,,,,,,,,,,,,,,,,,,,,,,,,,,,,,,,,,,,,,,,,,,,,,,,,,,,,,,,,,,,
EVT0001491,SUB00622,CNT00034,2024-05-01,22,Roku,55,100%,TRUE,FALSE,FALSE,HD,SES284932,1,,,,,,,,,,,,,,,,,,,,,,,,,,,,,,,,,,,,,,,,,,,,,,,,,,,,,,,,,,,,,,,,,,,,,,,,,,,,,,,,,,,,,,,,,,,,,,,,,,,,,,,,,,,,,,,,,,,,,,,,,
EVT0001492,SUB00343,CNT00100,2023-02-28,6,Tablet,105,50-75%,FALSE,TRUE,FALSE,HD,SES974768,0,,,,,,,,,,,,,,,,,,,,,,,,,,,,,,,,,,,,,,,,,,,,,,,,,,,,,,,,,,,,,,,,,,,,,,,,,,,,,,,,,,,,,,,,,,,,,,,,,,,,,,,,,,,,,,,,,,,,,,,,,
EVT0001493,SUB00486,CNT00045,2023-05-29,16,Roku,114,100%,TRUE,FALSE,TRUE,4K,SES914231,1,,,,,,,,,,,,,,,,,,,,,,,,,,,,,,,,,,,,,,,,,,,,,,,,,,,,,,,,,,,,,,,,,,,,,,,,,,,,,,,,,,,,,,,,,,,,,,,,,,,,,,,,,,,,,,,,,,,,,,,,,
EVT0001494,SUB00322,CNT00076,2023-01-10,19,Desktop,12,100%,TRUE,FALSE,TRUE,HD,SES724299,1,,,,,,,,,,,,,,,,,,,,,,,,,,,,,,,,,,,,,,,,,,,,,,,,,,,,,,,,,,,,,,,,,,,,,,,,,,,,,,,,,,,,,,,,,,,,,,,,,,,,,,,,,,,,,,,,,,,,,,,,,
EVT0001495,SUB00512,CNT00045,2024-04-19,19,Mobile,80,50-75%,FALSE,FALSE,TRUE,HD,SES971548,0,,,,,,,,,,,,,,,,,,,,,,,,,,,,,,,,,,,,,,,,,,,,,,,,,,,,,,,,,,,,,,,,,,,,,,,,,,,,,,,,,,,,,,,,,,,,,,,,,,,,,,,,,,,,,,,,,,,,,,,,,
EVT0001496,SUB00266,CNT00022,2024-06-23,18,Fire TV,112,75-99%,FALSE,TRUE,TRUE,HD,SES289018,0,,,,,,,,,,,,,,,,,,,,,,,,,,,,,,,,,,,,,,,,,,,,,,,,,,,,,,,,,,,,,,,,,,,,,,,,,,,,,,,,,,,,,,,,,,,,,,,,,,,,,,,,,,,,,,,,,,,,,,,,,
EVT0001497,SUB00181,CNT00050,2023-03-03,9,Mobile,102,25-50%,FALSE,TRUE,TRUE,4K,SES782883,0,,,,,,,,,,,,,,,,,,,,,,,,,,,,,,,,,,,,,,,,,,,,,,,,,,,,,,,,,,,,,,,,,,,,,,,,,,,,,,,,,,,,,,,,,,,,,,,,,,,,,,,,,,,,,,,,,,,,,,,,,
EVT0001498,SUB00437,CNT00063,2024-05-16,11,Mobile,104,25-50%,FALSE,FALSE,TRUE,HD,SES669581,0,,,,,,,,,,,,,,,,,,,,,,,,,,,,,,,,,,,,,,,,,,,,,,,,,,,,,,,,,,,,,,,,,,,,,,,,,,,,,,,,,,,,,,,,,,,,,,,,,,,,,,,,,,,,,,,,,,,,,,,,,
EVT0001499,SUB00117,CNT00100,2024-01-16,23,Smart TV,9,75-99%,FALSE,FALSE,TRUE,SD,SES976133,0,,,,,,,,,,,,,,,,,,,,,,,,,,,,,,,,,,,,,,,,,,,,,,,,,,,,,,,,,,,,,,,,,,,,,,,,,,,,,,,,,,,,,,,,,,,,,,,,,,,,,,,,,,,,,,,,,,,,,,,,,
EVT0001500,SUB00593,CNT00063,2024-03-11,11,Smart TV,8,100%,TRUE,TRUE,FALSE,HD,SES696261,1,,,,,,,,,,,,,,,,,,,,,,,,,,,,,,,,,,,,,,,,,,,,,,,,,,,,,,,,,,,,,,,,,,,,,,,,,,,,,,,,,,,,,,,,,,,,,,,,,,,,,,,,,,,,,,,,,,,,,,,,,
EVT0001501,SUB00098,CNT00035,2023-01-15,18,Tablet,68,25-50%,FALSE,TRUE,TRUE,HD,SES672907,0,,,,,,,,,,,,,,,,,,,,,,,,,,,,,,,,,,,,,,,,,,,,,,,,,,,,,,,,,,,,,,,,,,,,,,,,,,,,,,,,,,,,,,,,,,,,,,,,,,,,,,,,,,,,,,,,,,,,,,,,,
EVT0001502,SUB00074,CNT00098,2023-01-26,12,Mobile,56,<25%,FALSE,TRUE,TRUE,SD,SES459067,0,,,,,,,,,,,,,,,,,,,,,,,,,,,,,,,,,,,,,,,,,,,,,,,,,,,,,,,,,,,,,,,,,,,,,,,,,,,,,,,,,,,,,,,,,,,,,,,,,,,,,,,,,,,,,,,,,,,,,,,,,
EVT0001503,SUB00034,CNT00023,2023-01-12,19,Desktop,28,50-75%,FALSE,FALSE,TRUE,HD,SES705628,0,,,,,,,,,,,,,,,,,,,,,,,,,,,,,,,,,,,,,,,,,,,,,,,,,,,,,,,,,,,,,,,,,,,,,,,,,,,,,,,,,,,,,,,,,,,,,,,,,,,,,,,,,,,,,,,,,,,,,,,,,
EVT0001504,SUB00116,CNT00057,2023-08-18,14,Desktop,60,25-50%,FALSE,TRUE,FALSE,SD,SES666158,0,,,,,,,,,,,,,,,,,,,,,,,,,,,,,,,,,,,,,,,,,,,,,,,,,,,,,,,,,,,,,,,,,,,,,,,,,,,,,,,,,,,,,,,,,,,,,,,,,,,,,,,,,,,,,,,,,,,,,,,,,
EVT0001505,SUB00577,CNT00047,2023-08-16,16,Tablet,12,100%,TRUE,TRUE,TRUE,HD,SES863916,1,,,,,,,,,,,,,,,,,,,,,,,,,,,,,,,,,,,,,,,,,,,,,,,,,,,,,,,,,,,,,,,,,,,,,,,,,,,,,,,,,,,,,,,,,,,,,,,,,,,,,,,,,,,,,,,,,,,,,,,,,
EVT0001506,SUB00112,CNT00029,2023-11-29,13,Smart TV,64,100%,TRUE,FALSE,TRUE,HD,SES288934,1,,,,,,,,,,,,,,,,,,,,,,,,,,,,,,,,,,,,,,,,,,,,,,,,,,,,,,,,,,,,,,,,,,,,,,,,,,,,,,,,,,,,,,,,,,,,,,,,,,,,,,,,,,,,,,,,,,,,,,,,,
EVT0001507,SUB00164,CNT00016,2023-03-31,13,Tablet,88,100%,TRUE,TRUE,TRUE,HD,SES956795,1,,,,,,,,,,,,,,,,,,,,,,,,,,,,,,,,,,,,,,,,,,,,,,,,,,,,,,,,,,,,,,,,,,,,,,,,,,,,,,,,,,,,,,,,,,,,,,,,,,,,,,,,,,,,,,,,,,,,,,,,,
EVT0001508,SUB00061,CNT00053,2024-03-15,20,Desktop,87,100%,TRUE,FALSE,TRUE,HD,SES274277,1,,,,,,,,,,,,,,,,,,,,,,,,,,,,,,,,,,,,,,,,,,,,,,,,,,,,,,,,,,,,,,,,,,,,,,,,,,,,,,,,,,,,,,,,,,,,,,,,,,,,,,,,,,,,,,,,,,,,,,,,,
EVT0001509,SUB00365,CNT00076,2023-11-08,17,Mobile,62,75-99%,FALSE,FALSE,TRUE,HD,SES672660,0,,,,,,,,,,,,,,,,,,,,,,,,,,,,,,,,,,,,,,,,,,,,,,,,,,,,,,,,,,,,,,,,,,,,,,,,,,,,,,,,,,,,,,,,,,,,,,,,,,,,,,,,,,,,,,,,,,,,,,,,,
EVT0001510,SUB00309,CNT00054,2024-03-21,17,Desktop,113,100%,TRUE,TRUE,TRUE,SD,SES672145,1,,,,,,,,,,,,,,,,,,,,,,,,,,,,,,,,,,,,,,,,,,,,,,,,,,,,,,,,,,,,,,,,,,,,,,,,,,,,,,,,,,,,,,,,,,,,,,,,,,,,,,,,,,,,,,,,,,,,,,,,,
EVT0001511,SUB00682,CNT00014,2023-01-11,11,Roku,10,100%,TRUE,TRUE,TRUE,SD,SES489444,1,,,,,,,,,,,,,,,,,,,,,,,,,,,,,,,,,,,,,,,,,,,,,,,,,,,,,,,,,,,,,,,,,,,,,,,,,,,,,,,,,,,,,,,,,,,,,,,,,,,,,,,,,,,,,,,,,,,,,,,,,
EVT0001512,SUB00244,CNT00036,2023-11-03,7,Roku,33,50-75%,FALSE,TRUE,TRUE,4K,SES301775,0,,,,,,,,,,,,,,,,,,,,,,,,,,,,,,,,,,,,,,,,,,,,,,,,,,,,,,,,,,,,,,,,,,,,,,,,,,,,,,,,,,,,,,,,,,,,,,,,,,,,,,,,,,,,,,,,,,,,,,,,,
EVT0001513,SUB00212,CNT00010,2023-09-11,8,Mobile,24,50-75%,FALSE,FALSE,FALSE,4K,SES460765,0,,,,,,,,,,,,,,,,,,,,,,,,,,,,,,,,,,,,,,,,,,,,,,,,,,,,,,,,,,,,,,,,,,,,,,,,,,,,,,,,,,,,,,,,,,,,,,,,,,,,,,,,,,,,,,,,,,,,,,,,,
EVT0001514,SUB00117,CNT00094,2023-03-02,16,Tablet,47,50-75%,FALSE,FALSE,FALSE,SD,SES337016,0,,,,,,,,,,,,,,,,,,,,,,,,,,,,,,,,,,,,,,,,,,,,,,,,,,,,,,,,,,,,,,,,,,,,,,,,,,,,,,,,,,,,,,,,,,,,,,,,,,,,,,,,,,,,,,,,,,,,,,,,,
EVT0001515,SUB00595,CNT00071,2024-02-19,15,Fire TV,105,100%,TRUE,TRUE,FALSE,HD,SES891730,1,,,,,,,,,,,,,,,,,,,,,,,,,,,,,,,,,,,,,,,,,,,,,,,,,,,,,,,,,,,,,,,,,,,,,,,,,,,,,,,,,,,,,,,,,,,,,,,,,,,,,,,,,,,,,,,,,,,,,,,,,
EVT0001516,SUB00198,CNT00038,2023-09-09,18,Smart TV,80,100%,TRUE,FALSE,TRUE,SD,SES951281,1,,,,,,,,,,,,,,,,,,,,,,,,,,,,,,,,,,,,,,,,,,,,,,,,,,,,,,,,,,,,,,,,,,,,,,,,,,,,,,,,,,,,,,,,,,,,,,,,,,,,,,,,,,,,,,,,,,,,,,,,,
EVT0001517,SUB00356,CNT00095,2023-01-28,13,Mobile,21,75-99%,FALSE,FALSE,TRUE,SD,SES269546,0,,,,,,,,,,,,,,,,,,,,,,,,,,,,,,,,,,,,,,,,,,,,,,,,,,,,,,,,,,,,,,,,,,,,,,,,,,,,,,,,,,,,,,,,,,,,,,,,,,,,,,,,,,,,,,,,,,,,,,,,,
EVT0001518,SUB00455,CNT00097,2023-02-28,16,Roku,81,100%,TRUE,FALSE,TRUE,SD,SES223631,1,,,,,,,,,,,,,,,,,,,,,,,,,,,,,,,,,,,,,,,,,,,,,,,,,,,,,,,,,,,,,,,,,,,,,,,,,,,,,,,,,,,,,,,,,,,,,,,,,,,,,,,,,,,,,,,,,,,,,,,,,
EVT0001519,SUB00249,CNT00052,2023-05-27,21,Desktop,44,25-50%,FALSE,FALSE,TRUE,4K,SES267827,0,,,,,,,,,,,,,,,,,,,,,,,,,,,,,,,,,,,,,,,,,,,,,,,,,,,,,,,,,,,,,,,,,,,,,,,,,,,,,,,,,,,,,,,,,,,,,,,,,,,,,,,,,,,,,,,,,,,,,,,,,
EVT0001520,SUB00016,CNT00037,2023-03-09,12,Desktop,48,100%,TRUE,FALSE,TRUE,HD,SES238872,1,,,,,,,,,,,,,,,,,,,,,,,,,,,,,,,,,,,,,,,,,,,,,,,,,,,,,,,,,,,,,,,,,,,,,,,,,,,,,,,,,,,,,,,,,,,,,,,,,,,,,,,,,,,,,,,,,,,,,,,,,
EVT0001521,SUB00406,CNT00090,2023-07-05,21,Tablet,34,50-75%,FALSE,FALSE,TRUE,HD,SES544126,0,,,,,,,,,,,,,,,,,,,,,,,,,,,,,,,,,,,,,,,,,,,,,,,,,,,,,,,,,,,,,,,,,,,,,,,,,,,,,,,,,,,,,,,,,,,,,,,,,,,,,,,,,,,,,,,,,,,,,,,,,
EVT0001522,SUB00485,CNT00077,2023-10-08,18,Tablet,54,100%,TRUE,TRUE,TRUE,SD,SES750967,1,,,,,,,,,,,,,,,,,,,,,,,,,,,,,,,,,,,,,,,,,,,,,,,,,,,,,,,,,,,,,,,,,,,,,,,,,,,,,,,,,,,,,,,,,,,,,,,,,,,,,,,,,,,,,,,,,,,,,,,,,
EVT0001523,SUB00124,CNT00099,2024-03-11,6,Roku,80,50-75%,FALSE,TRUE,FALSE,HD,SES381626,0,,,,,,,,,,,,,,,,,,,,,,,,,,,,,,,,,,,,,,,,,,,,,,,,,,,,,,,,,,,,,,,,,,,,,,,,,,,,,,,,,,,,,,,,,,,,,,,,,,,,,,,,,,,,,,,,,,,,,,,,,
EVT0001524,SUB00141,CNT00051,2023-11-19,9,Mobile,50,25-50%,FALSE,FALSE,TRUE,4K,SES471852,0,,,,,,,,,,,,,,,,,,,,,,,,,,,,,,,,,,,,,,,,,,,,,,,,,,,,,,,,,,,,,,,,,,,,,,,,,,,,,,,,,,,,,,,,,,,,,,,,,,,,,,,,,,,,,,,,,,,,,,,,,
EVT0001525,SUB00326,CNT00013,2023-01-11,10,Mobile,79,100%,TRUE,FALSE,TRUE,4K,SES349312,1,,,,,,,,,,,,,,,,,,,,,,,,,,,,,,,,,,,,,,,,,,,,,,,,,,,,,,,,,,,,,,,,,,,,,,,,,,,,,,,,,,,,,,,,,,,,,,,,,,,,,,,,,,,,,,,,,,,,,,,,,
EVT0001526,SUB00530,CNT00063,2023-02-20,20,Fire TV,22,100%,TRUE,FALSE,TRUE,HD,SES233011,1,,,,,,,,,,,,,,,,,,,,,,,,,,,,,,,,,,,,,,,,,,,,,,,,,,,,,,,,,,,,,,,,,,,,,,,,,,,,,,,,,,,,,,,,,,,,,,,,,,,,,,,,,,,,,,,,,,,,,,,,,
EVT0001527,SUB00258,CNT00020,2024-01-19,22,Roku,35,100%,TRUE,FALSE,TRUE,4K,SES834435,1,,,,,,,,,,,,,,,,,,,,,,,,,,,,,,,,,,,,,,,,,,,,,,,,,,,,,,,,,,,,,,,,,,,,,,,,,,,,,,,,,,,,,,,,,,,,,,,,,,,,,,,,,,,,,,,,,,,,,,,,,
EVT0001528,SUB00605,CNT00005,2023-04-23,23,Desktop,68,50-75%,FALSE,TRUE,TRUE,HD,SES764846,0,,,,,,,,,,,,,,,,,,,,,,,,,,,,,,,,,,,,,,,,,,,,,,,,,,,,,,,,,,,,,,,,,,,,,,,,,,,,,,,,,,,,,,,,,,,,,,,,,,,,,,,,,,,,,,,,,,,,,,,,,
EVT0001529,SUB00589,CNT00024,2024-01-27,11,Roku,80,100%,TRUE,FALSE,TRUE,4K,SES199903,1,,,,,,,,,,,,,,,,,,,,,,,,,,,,,,,,,,,,,,,,,,,,,,,,,,,,,,,,,,,,,,,,,,,,,,,,,,,,,,,,,,,,,,,,,,,,,,,,,,,,,,,,,,,,,,,,,,,,,,,,,
EVT0001530,SUB00633,CNT00022,2024-01-02,23,Fire TV,42,50-75%,FALSE,FALSE,TRUE,SD,SES645013,0,,,,,,,,,,,,,,,,,,,,,,,,,,,,,,,,,,,,,,,,,,,,,,,,,,,,,,,,,,,,,,,,,,,,,,,,,,,,,,,,,,,,,,,,,,,,,,,,,,,,,,,,,,,,,,,,,,,,,,,,,
EVT0001531,SUB00652,CNT00046,2023-12-08,22,Smart TV,111,100%,TRUE,FALSE,FALSE,HD,SES912476,1,,,,,,,,,,,,,,,,,,,,,,,,,,,,,,,,,,,,,,,,,,,,,,,,,,,,,,,,,,,,,,,,,,,,,,,,,,,,,,,,,,,,,,,,,,,,,,,,,,,,,,,,,,,,,,,,,,,,,,,,,
EVT0001532,SUB00448,CNT00062,2023-11-25,11,Mobile,99,25-50%,FALSE,FALSE,TRUE,HD,SES605681,0,,,,,,,,,,,,,,,,,,,,,,,,,,,,,,,,,,,,,,,,,,,,,,,,,,,,,,,,,,,,,,,,,,,,,,,,,,,,,,,,,,,,,,,,,,,,,,,,,,,,,,,,,,,,,,,,,,,,,,,,,
EVT0001533,SUB00675,CNT00022,2023-05-09,12,Fire TV,116,75-99%,FALSE,FALSE,FALSE,4K,SES184046,0,,,,,,,,,,,,,,,,,,,,,,,,,,,,,,,,,,,,,,,,,,,,,,,,,,,,,,,,,,,,,,,,,,,,,,,,,,,,,,,,,,,,,,,,,,,,,,,,,,,,,,,,,,,,,,,,,,,,,,,,,
EVT0001534,SUB00173,CNT00023,2024-02-06,17,Mobile,101,25-50%,FALSE,TRUE,FALSE,HD,SES469799,0,,,,,,,,,,,,,,,,,,,,,,,,,,,,,,,,,,,,,,,,,,,,,,,,,,,,,,,,,,,,,,,,,,,,,,,,,,,,,,,,,,,,,,,,,,,,,,,,,,,,,,,,,,,,,,,,,,,,,,,,,
EVT0001535,SUB00173,CNT00039,2024-02-20,23,Desktop,29,75-99%,FALSE,FALSE,TRUE,HD,SES777504,0,,,,,,,,,,,,,,,,,,,,,,,,,,,,,,,,,,,,,,,,,,,,,,,,,,,,,,,,,,,,,,,,,,,,,,,,,,,,,,,,,,,,,,,,,,,,,,,,,,,,,,,,,,,,,,,,,,,,,,,,,
EVT0001536,SUB00093,CNT00022,2023-01-14,13,Tablet,16,100%,TRUE,FALSE,FALSE,HD,SES283504,1,,,,,,,,,,,,,,,,,,,,,,,,,,,,,,,,,,,,,,,,,,,,,,,,,,,,,,,,,,,,,,,,,,,,,,,,,,,,,,,,,,,,,,,,,,,,,,,,,,,,,,,,,,,,,,,,,,,,,,,,,
EVT0001537,SUB00014,CNT00084,2023-01-12,11,Fire TV,61,75-99%,FALSE,TRUE,TRUE,HD,SES517859,0,,,,,,,,,,,,,,,,,,,,,,,,,,,,,,,,,,,,,,,,,,,,,,,,,,,,,,,,,,,,,,,,,,,,,,,,,,,,,,,,,,,,,,,,,,,,,,,,,,,,,,,,,,,,,,,,,,,,,,,,,
EVT0001538,SUB00269,CNT00044,2023-01-01,7,Roku,51,100%,TRUE,FALSE,TRUE,HD,SES169995,1,,,,,,,,,,,,,,,,,,,,,,,,,,,,,,,,,,,,,,,,,,,,,,,,,,,,,,,,,,,,,,,,,,,,,,,,,,,,,,,,,,,,,,,,,,,,,,,,,,,,,,,,,,,,,,,,,,,,,,,,,
EVT0001539,SUB00292,CNT00003,2024-05-03,8,Mobile,99,100%,TRUE,TRUE,FALSE,HD,SES357541,1,,,,,,,,,,,,,,,,,,,,,,,,,,,,,,,,,,,,,,,,,,,,,,,,,,,,,,,,,,,,,,,,,,,,,,,,,,,,,,,,,,,,,,,,,,,,,,,,,,,,,,,,,,,,,,,,,,,,,,,,,
EVT0001540,SUB00206,CNT00023,2024-01-15,15,Desktop,16,25-50%,FALSE,TRUE,FALSE,HD,SES500893,0,,,,,,,,,,,,,,,,,,,,,,,,,,,,,,,,,,,,,,,,,,,,,,,,,,,,,,,,,,,,,,,,,,,,,,,,,,,,,,,,,,,,,,,,,,,,,,,,,,,,,,,,,,,,,,,,,,,,,,,,,
EVT0001541,SUB00048,CNT00003,2023-01-06,10,Desktop,67,100%,TRUE,FALSE,TRUE,4K,SES519403,1,,,,,,,,,,,,,,,,,,,,,,,,,,,,,,,,,,,,,,,,,,,,,,,,,,,,,,,,,,,,,,,,,,,,,,,,,,,,,,,,,,,,,,,,,,,,,,,,,,,,,,,,,,,,,,,,,,,,,,,,,
EVT0001542,SUB00410,CNT00078,2023-10-15,7,Desktop,60,100%,TRUE,TRUE,TRUE,4K,SES328997,1,,,,,,,,,,,,,,,,,,,,,,,,,,,,,,,,,,,,,,,,,,,,,,,,,,,,,,,,,,,,,,,,,,,,,,,,,,,,,,,,,,,,,,,,,,,,,,,,,,,,,,,,,,,,,,,,,,,,,,,,,
EVT0001543,SUB00363,CNT00097,2024-06-22,20,Smart TV,30,50-75%,FALSE,FALSE,TRUE,SD,SES566294,0,,,,,,,,,,,,,,,,,,,,,,,,,,,,,,,,,,,,,,,,,,,,,,,,,,,,,,,,,,,,,,,,,,,,,,,,,,,,,,,,,,,,,,,,,,,,,,,,,,,,,,,,,,,,,,,,,,,,,,,,,
EVT0001544,SUB00675,CNT00025,2024-03-11,12,Smart TV,105,100%,TRUE,FALSE,TRUE,SD,SES774144,1,,,,,,,,,,,,,,,,,,,,,,,,,,,,,,,,,,,,,,,,,,,,,,,,,,,,,,,,,,,,,,,,,,,,,,,,,,,,,,,,,,,,,,,,,,,,,,,,,,,,,,,,,,,,,,,,,,,,,,,,,
EVT0001545,SUB00290,CNT00056,2023-09-23,12,Fire TV,17,50-75%,FALSE,FALSE,TRUE,4K,SES956820,0,,,,,,,,,,,,,,,,,,,,,,,,,,,,,,,,,,,,,,,,,,,,,,,,,,,,,,,,,,,,,,,,,,,,,,,,,,,,,,,,,,,,,,,,,,,,,,,,,,,,,,,,,,,,,,,,,,,,,,,,,
EVT0001546,SUB00120,CNT00026,2023-10-22,20,Desktop,89,75-99%,FALSE,FALSE,FALSE,4K,SES599760,0,,,,,,,,,,,,,,,,,,,,,,,,,,,,,,,,,,,,,,,,,,,,,,,,,,,,,,,,,,,,,,,,,,,,,,,,,,,,,,,,,,,,,,,,,,,,,,,,,,,,,,,,,,,,,,,,,,,,,,,,,
EVT0001547,SUB00033,CNT00089,2024-03-06,14,Roku,42,50-75%,FALSE,TRUE,FALSE,SD,SES958562,0,,,,,,,,,,,,,,,,,,,,,,,,,,,,,,,,,,,,,,,,,,,,,,,,,,,,,,,,,,,,,,,,,,,,,,,,,,,,,,,,,,,,,,,,,,,,,,,,,,,,,,,,,,,,,,,,,,,,,,,,,
EVT0001548,SUB00439,CNT00061,2023-10-12,16,Mobile,70,50-75%,FALSE,FALSE,TRUE,SD,SES190746,0,,,,,,,,,,,,,,,,,,,,,,,,,,,,,,,,,,,,,,,,,,,,,,,,,,,,,,,,,,,,,,,,,,,,,,,,,,,,,,,,,,,,,,,,,,,,,,,,,,,,,,,,,,,,,,,,,,,,,,,,,
EVT0001549,SUB00635,CNT00025,2024-05-21,11,Mobile,117,25-50%,FALSE,TRUE,TRUE,HD,SES329840,0,,,,,,,,,,,,,,,,,,,,,,,,,,,,,,,,,,,,,,,,,,,,,,,,,,,,,,,,,,,,,,,,,,,,,,,,,,,,,,,,,,,,,,,,,,,,,,,,,,,,,,,,,,,,,,,,,,,,,,,,,
EVT0001550,SUB00316,CNT00030,2024-03-31,21,Smart TV,33,<25%,FALSE,FALSE,TRUE,HD,SES918838,0,,,,,,,,,,,,,,,,,,,,,,,,,,,,,,,,,,,,,,,,,,,,,,,,,,,,,,,,,,,,,,,,,,,,,,,,,,,,,,,,,,,,,,,,,,,,,,,,,,,,,,,,,,,,,,,,,,,,,,,,,
EVT0001551,SUB00202,CNT00050,2023-12-10,20,Roku,102,100%,TRUE,TRUE,TRUE,4K,SES407675,1,,,,,,,,,,,,,,,,,,,,,,,,,,,,,,,,,,,,,,,,,,,,,,,,,,,,,,,,,,,,,,,,,,,,,,,,,,,,,,,,,,,,,,,,,,,,,,,,,,,,,,,,,,,,,,,,,,,,,,,,,
EVT0001552,SUB00231,CNT00083,2024-01-14,23,Roku,10,25-50%,FALSE,FALSE,FALSE,HD,SES281358,0,,,,,,,,,,,,,,,,,,,,,,,,,,,,,,,,,,,,,,,,,,,,,,,,,,,,,,,,,,,,,,,,,,,,,,,,,,,,,,,,,,,,,,,,,,,,,,,,,,,,,,,,,,,,,,,,,,,,,,,,,
EVT0001553,SUB00529,CNT00091,2023-07-22,6,Mobile,81,50-75%,FALSE,FALSE,TRUE,HD,SES453596,0,,,,,,,,,,,,,,,,,,,,,,,,,,,,,,,,,,,,,,,,,,,,,,,,,,,,,,,,,,,,,,,,,,,,,,,,,,,,,,,,,,,,,,,,,,,,,,,,,,,,,,,,,,,,,,,,,,,,,,,,,
EVT0001554,SUB00494,CNT00035,2023-11-17,18,Fire TV,40,25-50%,FALSE,TRUE,TRUE,HD,SES732716,0,,,,,,,,,,,,,,,,,,,,,,,,,,,,,,,,,,,,,,,,,,,,,,,,,,,,,,,,,,,,,,,,,,,,,,,,,,,,,,,,,,,,,,,,,,,,,,,,,,,,,,,,,,,,,,,,,,,,,,,,,
EVT0001555,SUB00034,CNT00029,2023-01-17,8,Tablet,91,75-99%,FALSE,FALSE,TRUE,4K,SES612469,0,,,,,,,,,,,,,,,,,,,,,,,,,,,,,,,,,,,,,,,,,,,,,,,,,,,,,,,,,,,,,,,,,,,,,,,,,,,,,,,,,,,,,,,,,,,,,,,,,,,,,,,,,,,,,,,,,,,,,,,,,
EVT0001556,SUB00097,CNT00073,2024-02-25,22,Tablet,40,75-99%,FALSE,TRUE,TRUE,SD,SES515424,0,,,,,,,,,,,,,,,,,,,,,,,,,,,,,,,,,,,,,,,,,,,,,,,,,,,,,,,,,,,,,,,,,,,,,,,,,,,,,,,,,,,,,,,,,,,,,,,,,,,,,,,,,,,,,,,,,,,,,,,,,
EVT0001557,SUB00085,CNT00058,2024-01-20,17,Desktop,37,100%,TRUE,FALSE,TRUE,HD,SES812440,1,,,,,,,,,,,,,,,,,,,,,,,,,,,,,,,,,,,,,,,,,,,,,,,,,,,,,,,,,,,,,,,,,,,,,,,,,,,,,,,,,,,,,,,,,,,,,,,,,,,,,,,,,,,,,,,,,,,,,,,,,
EVT0001558,SUB00240,CNT00009,2024-02-02,15,Fire TV,16,75-99%,FALSE,FALSE,TRUE,HD,SES882808,0,,,,,,,,,,,,,,,,,,,,,,,,,,,,,,,,,,,,,,,,,,,,,,,,,,,,,,,,,,,,,,,,,,,,,,,,,,,,,,,,,,,,,,,,,,,,,,,,,,,,,,,,,,,,,,,,,,,,,,,,,
EVT0001559,SUB00062,CNT00094,2023-02-04,11,Roku,112,100%,TRUE,TRUE,TRUE,HD,SES423030,1,,,,,,,,,,,,,,,,,,,,,,,,,,,,,,,,,,,,,,,,,,,,,,,,,,,,,,,,,,,,,,,,,,,,,,,,,,,,,,,,,,,,,,,,,,,,,,,,,,,,,,,,,,,,,,,,,,,,,,,,,
EVT0001560,SUB00042,CNT00084,2023-12-09,23,Desktop,7,100%,TRUE,FALSE,TRUE,4K,SES531905,1,,,,,,,,,,,,,,,,,,,,,,,,,,,,,,,,,,,,,,,,,,,,,,,,,,,,,,,,,,,,,,,,,,,,,,,,,,,,,,,,,,,,,,,,,,,,,,,,,,,,,,,,,,,,,,,,,,,,,,,,,
EVT0001561,SUB00035,CNT00011,2024-03-14,13,Desktop,39,50-75%,FALSE,FALSE,FALSE,HD,SES357579,0,,,,,,,,,,,,,,,,,,,,,,,,,,,,,,,,,,,,,,,,,,,,,,,,,,,,,,,,,,,,,,,,,,,,,,,,,,,,,,,,,,,,,,,,,,,,,,,,,,,,,,,,,,,,,,,,,,,,,,,,,
EVT0001562,SUB00028,CNT00070,2023-08-05,12,Mobile,109,75-99%,FALSE,FALSE,TRUE,SD,SES674612,0,,,,,,,,,,,,,,,,,,,,,,,,,,,,,,,,,,,,,,,,,,,,,,,,,,,,,,,,,,,,,,,,,,,,,,,,,,,,,,,,,,,,,,,,,,,,,,,,,,,,,,,,,,,,,,,,,,,,,,,,,
EVT0001563,SUB00188,CNT00054,2023-05-19,21,Roku,87,75-99%,FALSE,FALSE,TRUE,HD,SES116928,0,,,,,,,,,,,,,,,,,,,,,,,,,,,,,,,,,,,,,,,,,,,,,,,,,,,,,,,,,,,,,,,,,,,,,,,,,,,,,,,,,,,,,,,,,,,,,,,,,,,,,,,,,,,,,,,,,,,,,,,,,
EVT0001564,SUB00463,CNT00065,2024-06-08,12,Roku,102,75-99%,FALSE,FALSE,FALSE,HD,SES947603,0,,,,,,,,,,,,,,,,,,,,,,,,,,,,,,,,,,,,,,,,,,,,,,,,,,,,,,,,,,,,,,,,,,,,,,,,,,,,,,,,,,,,,,,,,,,,,,,,,,,,,,,,,,,,,,,,,,,,,,,,,
EVT0001565,SUB00397,CNT00027,2023-02-17,12,Tablet,92,100%,TRUE,TRUE,FALSE,HD,SES827291,1,,,,,,,,,,,,,,,,,,,,,,,,,,,,,,,,,,,,,,,,,,,,,,,,,,,,,,,,,,,,,,,,,,,,,,,,,,,,,,,,,,,,,,,,,,,,,,,,,,,,,,,,,,,,,,,,,,,,,,,,,
EVT0001566,SUB00494,CNT00004,2024-05-30,16,Fire TV,46,100%,TRUE,TRUE,FALSE,4K,SES698738,1,,,,,,,,,,,,,,,,,,,,,,,,,,,,,,,,,,,,,,,,,,,,,,,,,,,,,,,,,,,,,,,,,,,,,,,,,,,,,,,,,,,,,,,,,,,,,,,,,,,,,,,,,,,,,,,,,,,,,,,,,
EVT0001567,SUB00143,CNT00089,2023-05-22,14,Fire TV,114,75-99%,FALSE,FALSE,TRUE,SD,SES671542,0,,,,,,,,,,,,,,,,,,,,,,,,,,,,,,,,,,,,,,,,,,,,,,,,,,,,,,,,,,,,,,,,,,,,,,,,,,,,,,,,,,,,,,,,,,,,,,,,,,,,,,,,,,,,,,,,,,,,,,,,,
EVT0001568,SUB00700,CNT00004,2024-02-16,12,Smart TV,112,75-99%,FALSE,TRUE,TRUE,HD,SES900069,0,,,,,,,,,,,,,,,,,,,,,,,,,,,,,,,,,,,,,,,,,,,,,,,,,,,,,,,,,,,,,,,,,,,,,,,,,,,,,,,,,,,,,,,,,,,,,,,,,,,,,,,,,,,,,,,,,,,,,,,,,
EVT0001569,SUB00592,CNT00087,2023-06-16,6,Desktop,29,100%,TRUE,FALSE,FALSE,HD,SES903982,1,,,,,,,,,,,,,,,,,,,,,,,,,,,,,,,,,,,,,,,,,,,,,,,,,,,,,,,,,,,,,,,,,,,,,,,,,,,,,,,,,,,,,,,,,,,,,,,,,,,,,,,,,,,,,,,,,,,,,,,,,
EVT0001570,SUB00631,CNT00100,2024-06-05,21,Mobile,76,100%,TRUE,TRUE,TRUE,4K,SES906841,1,,,,,,,,,,,,,,,,,,,,,,,,,,,,,,,,,,,,,,,,,,,,,,,,,,,,,,,,,,,,,,,,,,,,,,,,,,,,,,,,,,,,,,,,,,,,,,,,,,,,,,,,,,,,,,,,,,,,,,,,,
EVT0001571,SUB00239,CNT00059,2023-07-28,6,Roku,59,100%,TRUE,FALSE,FALSE,4K,SES279952,1,,,,,,,,,,,,,,,,,,,,,,,,,,,,,,,,,,,,,,,,,,,,,,,,,,,,,,,,,,,,,,,,,,,,,,,,,,,,,,,,,,,,,,,,,,,,,,,,,,,,,,,,,,,,,,,,,,,,,,,,,
EVT0001572,SUB00602,CNT00005,2024-02-19,23,Fire TV,90,50-75%,FALSE,TRUE,TRUE,HD,SES442711,0,,,,,,,,,,,,,,,,,,,,,,,,,,,,,,,,,,,,,,,,,,,,,,,,,,,,,,,,,,,,,,,,,,,,,,,,,,,,,,,,,,,,,,,,,,,,,,,,,,,,,,,,,,,,,,,,,,,,,,,,,
EVT0001573,SUB00656,CNT00003,2023-11-06,17,Roku,83,25-50%,FALSE,FALSE,TRUE,SD,SES498858,0,,,,,,,,,,,,,,,,,,,,,,,,,,,,,,,,,,,,,,,,,,,,,,,,,,,,,,,,,,,,,,,,,,,,,,,,,,,,,,,,,,,,,,,,,,,,,,,,,,,,,,,,,,,,,,,,,,,,,,,,,
EVT0001574,SUB00066,CNT00069,2023-07-03,6,Tablet,38,75-99%,FALSE,FALSE,FALSE,HD,SES384745,0,,,,,,,,,,,,,,,,,,,,,,,,,,,,,,,,,,,,,,,,,,,,,,,,,,,,,,,,,,,,,,,,,,,,,,,,,,,,,,,,,,,,,,,,,,,,,,,,,,,,,,,,,,,,,,,,,,,,,,,,,
EVT0001575,SUB00575,CNT00096,2023-08-26,13,Mobile,94,100%,TRUE,TRUE,FALSE,SD,SES588540,1,,,,,,,,,,,,,,,,,,,,,,,,,,,,,,,,,,,,,,,,,,,,,,,,,,,,,,,,,,,,,,,,,,,,,,,,,,,,,,,,,,,,,,,,,,,,,,,,,,,,,,,,,,,,,,,,,,,,,,,,,
EVT0001576,SUB00425,CNT00001,2023-04-25,18,Fire TV,39,75-99%,FALSE,FALSE,TRUE,SD,SES460437,0,,,,,,,,,,,,,,,,,,,,,,,,,,,,,,,,,,,,,,,,,,,,,,,,,,,,,,,,,,,,,,,,,,,,,,,,,,,,,,,,,,,,,,,,,,,,,,,,,,,,,,,,,,,,,,,,,,,,,,,,,
EVT0001577,SUB00594,CNT00098,2024-06-24,7,Mobile,53,100%,TRUE,FALSE,TRUE,HD,SES857819,1,,,,,,,,,,,,,,,,,,,,,,,,,,,,,,,,,,,,,,,,,,,,,,,,,,,,,,,,,,,,,,,,,,,,,,,,,,,,,,,,,,,,,,,,,,,,,,,,,,,,,,,,,,,,,,,,,,,,,,,,,
EVT0001578,SUB00670,CNT00043,2023-05-26,20,Mobile,19,<25%,FALSE,FALSE,TRUE,HD,SES263657,0,,,,,,,,,,,,,,,,,,,,,,,,,,,,,,,,,,,,,,,,,,,,,,,,,,,,,,,,,,,,,,,,,,,,,,,,,,,,,,,,,,,,,,,,,,,,,,,,,,,,,,,,,,,,,,,,,,,,,,,,,
EVT0001579,SUB00646,CNT00093,2024-02-27,12,Mobile,70,100%,TRUE,FALSE,FALSE,SD,SES642723,1,,,,,,,,,,,,,,,,,,,,,,,,,,,,,,,,,,,,,,,,,,,,,,,,,,,,,,,,,,,,,,,,,,,,,,,,,,,,,,,,,,,,,,,,,,,,,,,,,,,,,,,,,,,,,,,,,,,,,,,,,
EVT0001580,SUB00466,CNT00020,2023-03-09,19,Roku,27,75-99%,FALSE,FALSE,TRUE,4K,SES983370,0,,,,,,,,,,,,,,,,,,,,,,,,,,,,,,,,,,,,,,,,,,,,,,,,,,,,,,,,,,,,,,,,,,,,,,,,,,,,,,,,,,,,,,,,,,,,,,,,,,,,,,,,,,,,,,,,,,,,,,,,,
EVT0001581,SUB00335,CNT00004,2024-06-23,6,Desktop,23,100%,TRUE,FALSE,FALSE,HD,SES455340,1,,,,,,,,,,,,,,,,,,,,,,,,,,,,,,,,,,,,,,,,,,,,,,,,,,,,,,,,,,,,,,,,,,,,,,,,,,,,,,,,,,,,,,,,,,,,,,,,,,,,,,,,,,,,,,,,,,,,,,,,,
EVT0001582,SUB00657,CNT00081,2023-07-08,8,Desktop,74,50-75%,FALSE,TRUE,TRUE,HD,SES818718,0,,,,,,,,,,,,,,,,,,,,,,,,,,,,,,,,,,,,,,,,,,,,,,,,,,,,,,,,,,,,,,,,,,,,,,,,,,,,,,,,,,,,,,,,,,,,,,,,,,,,,,,,,,,,,,,,,,,,,,,,,
EVT0001583,SUB00615,CNT00050,2023-04-26,11,Desktop,56,100%,TRUE,FALSE,TRUE,SD,SES684548,1,,,,,,,,,,,,,,,,,,,,,,,,,,,,,,,,,,,,,,,,,,,,,,,,,,,,,,,,,,,,,,,,,,,,,,,,,,,,,,,,,,,,,,,,,,,,,,,,,,,,,,,,,,,,,,,,,,,,,,,,,
EVT0001584,SUB00544,CNT00065,2023-02-03,9,Desktop,12,50-75%,FALSE,FALSE,TRUE,HD,SES304072,0,,,,,,,,,,,,,,,,,,,,,,,,,,,,,,,,,,,,,,,,,,,,,,,,,,,,,,,,,,,,,,,,,,,,,,,,,,,,,,,,,,,,,,,,,,,,,,,,,,,,,,,,,,,,,,,,,,,,,,,,,
EVT0001585,SUB00288,CNT00033,2023-09-28,18,Fire TV,88,100%,TRUE,TRUE,FALSE,4K,SES450232,1,,,,,,,,,,,,,,,,,,,,,,,,,,,,,,,,,,,,,,,,,,,,,,,,,,,,,,,,,,,,,,,,,,,,,,,,,,,,,,,,,,,,,,,,,,,,,,,,,,,,,,,,,,,,,,,,,,,,,,,,,
EVT0001586,SUB00697,CNT00063,2024-06-18,8,Smart TV,6,100%,TRUE,FALSE,FALSE,4K,SES949877,1,,,,,,,,,,,,,,,,,,,,,,,,,,,,,,,,,,,,,,,,,,,,,,,,,,,,,,,,,,,,,,,,,,,,,,,,,,,,,,,,,,,,,,,,,,,,,,,,,,,,,,,,,,,,,,,,,,,,,,,,,
EVT0001587,SUB00306,CNT00071,2023-05-27,6,Roku,16,50-75%,FALSE,TRUE,TRUE,HD,SES481924,0,,,,,,,,,,,,,,,,,,,,,,,,,,,,,,,,,,,,,,,,,,,,,,,,,,,,,,,,,,,,,,,,,,,,,,,,,,,,,,,,,,,,,,,,,,,,,,,,,,,,,,,,,,,,,,,,,,,,,,,,,
EVT0001588,SUB00010,CNT00099,2023-09-12,20,Desktop,110,50-75%,FALSE,FALSE,TRUE,HD,SES739678,0,,,,,,,,,,,,,,,,,,,,,,,,,,,,,,,,,,,,,,,,,,,,,,,,,,,,,,,,,,,,,,,,,,,,,,,,,,,,,,,,,,,,,,,,,,,,,,,,,,,,,,,,,,,,,,,,,,,,,,,,,
EVT0001589,SUB00665,CNT00001,2024-01-21,15,Smart TV,53,25-50%,FALSE,FALSE,TRUE,4K,SES144070,0,,,,,,,,,,,,,,,,,,,,,,,,,,,,,,,,,,,,,,,,,,,,,,,,,,,,,,,,,,,,,,,,,,,,,,,,,,,,,,,,,,,,,,,,,,,,,,,,,,,,,,,,,,,,,,,,,,,,,,,,,
EVT0001590,SUB00364,CNT00072,2023-12-27,8,Fire TV,73,50-75%,FALSE,FALSE,TRUE,4K,SES812685,0,,,,,,,,,,,,,,,,,,,,,,,,,,,,,,,,,,,,,,,,,,,,,,,,,,,,,,,,,,,,,,,,,,,,,,,,,,,,,,,,,,,,,,,,,,,,,,,,,,,,,,,,,,,,,,,,,,,,,,,,,
EVT0001591,SUB00249,CNT00090,2023-01-17,22,Roku,23,50-75%,FALSE,TRUE,TRUE,HD,SES573714,0,,,,,,,,,,,,,,,,,,,,,,,,,,,,,,,,,,,,,,,,,,,,,,,,,,,,,,,,,,,,,,,,,,,,,,,,,,,,,,,,,,,,,,,,,,,,,,,,,,,,,,,,,,,,,,,,,,,,,,,,,
EVT0001592,SUB00255,CNT00036,2024-05-25,18,Desktop,24,100%,TRUE,TRUE,TRUE,HD,SES548672,1,,,,,,,,,,,,,,,,,,,,,,,,,,,,,,,,,,,,,,,,,,,,,,,,,,,,,,,,,,,,,,,,,,,,,,,,,,,,,,,,,,,,,,,,,,,,,,,,,,,,,,,,,,,,,,,,,,,,,,,,,
EVT0001593,SUB00391,CNT00060,2023-02-09,22,Desktop,41,100%,TRUE,FALSE,TRUE,HD,SES490943,1,,,,,,,,,,,,,,,,,,,,,,,,,,,,,,,,,,,,,,,,,,,,,,,,,,,,,,,,,,,,,,,,,,,,,,,,,,,,,,,,,,,,,,,,,,,,,,,,,,,,,,,,,,,,,,,,,,,,,,,,,
EVT0001594,SUB00581,CNT00086,2023-11-14,10,Fire TV,11,100%,TRUE,FALSE,TRUE,HD,SES649909,1,,,,,,,,,,,,,,,,,,,,,,,,,,,,,,,,,,,,,,,,,,,,,,,,,,,,,,,,,,,,,,,,,,,,,,,,,,,,,,,,,,,,,,,,,,,,,,,,,,,,,,,,,,,,,,,,,,,,,,,,,
EVT0001595,SUB00189,CNT00045,2024-02-01,10,Mobile,54,100%,TRUE,FALSE,TRUE,SD,SES575744,1,,,,,,,,,,,,,,,,,,,,,,,,,,,,,,,,,,,,,,,,,,,,,,,,,,,,,,,,,,,,,,,,,,,,,,,,,,,,,,,,,,,,,,,,,,,,,,,,,,,,,,,,,,,,,,,,,,,,,,,,,
EVT0001596,SUB00182,CNT00041,2024-02-22,10,Roku,99,75-99%,FALSE,FALSE,FALSE,HD,SES359992,0,,,,,,,,,,,,,,,,,,,,,,,,,,,,,,,,,,,,,,,,,,,,,,,,,,,,,,,,,,,,,,,,,,,,,,,,,,,,,,,,,,,,,,,,,,,,,,,,,,,,,,,,,,,,,,,,,,,,,,,,,
EVT0001597,SUB00329,CNT00095,2023-08-09,18,Roku,70,75-99%,FALSE,FALSE,FALSE,HD,SES572844,0,,,,,,,,,,,,,,,,,,,,,,,,,,,,,,,,,,,,,,,,,,,,,,,,,,,,,,,,,,,,,,,,,,,,,,,,,,,,,,,,,,,,,,,,,,,,,,,,,,,,,,,,,,,,,,,,,,,,,,,,,
EVT0001598,SUB00382,CNT00056,2023-07-11,9,Smart TV,37,<25%,FALSE,FALSE,TRUE,SD,SES648675,0,,,,,,,,,,,,,,,,,,,,,,,,,,,,,,,,,,,,,,,,,,,,,,,,,,,,,,,,,,,,,,,,,,,,,,,,,,,,,,,,,,,,,,,,,,,,,,,,,,,,,,,,,,,,,,,,,,,,,,,,,
EVT0001599,SUB00623,CNT00013,2023-09-15,22,Fire TV,29,50-75%,FALSE,FALSE,TRUE,HD,SES232177,0,,,,,,,,,,,,,,,,,,,,,,,,,,,,,,,,,,,,,,,,,,,,,,,,,,,,,,,,,,,,,,,,,,,,,,,,,,,,,,,,,,,,,,,,,,,,,,,,,,,,,,,,,,,,,,,,,,,,,,,,,
EVT0001600,SUB00011,CNT00048,2024-02-17,7,Fire TV,89,50-75%,FALSE,FALSE,TRUE,HD,SES253924,0,,,,,,,,,,,,,,,,,,,,,,,,,,,,,,,,,,,,,,,,,,,,,,,,,,,,,,,,,,,,,,,,,,,,,,,,,,,,,,,,,,,,,,,,,,,,,,,,,,,,,,,,,,,,,,,,,,,,,,,,,
EVT0001601,SUB00313,CNT00085,2023-03-10,7,Tablet,98,50-75%,FALSE,FALSE,TRUE,HD,SES415117,0,,,,,,,,,,,,,,,,,,,,,,,,,,,,,,,,,,,,,,,,,,,,,,,,,,,,,,,,,,,,,,,,,,,,,,,,,,,,,,,,,,,,,,,,,,,,,,,,,,,,,,,,,,,,,,,,,,,,,,,,,
EVT0001602,SUB00018,CNT00086,2023-05-02,16,Smart TV,120,100%,TRUE,FALSE,FALSE,HD,SES238826,1,,,,,,,,,,,,,,,,,,,,,,,,,,,,,,,,,,,,,,,,,,,,,,,,,,,,,,,,,,,,,,,,,,,,,,,,,,,,,,,,,,,,,,,,,,,,,,,,,,,,,,,,,,,,,,,,,,,,,,,,,
EVT0001603,SUB00606,CNT00056,2023-02-03,18,Tablet,25,100%,TRUE,FALSE,FALSE,HD,SES411271,1,,,,,,,,,,,,,,,,,,,,,,,,,,,,,,,,,,,,,,,,,,,,,,,,,,,,,,,,,,,,,,,,,,,,,,,,,,,,,,,,,,,,,,,,,,,,,,,,,,,,,,,,,,,,,,,,,,,,,,,,,
EVT0001604,SUB00338,CNT00091,2023-01-12,7,Roku,28,100%,TRUE,TRUE,TRUE,HD,SES132485,1,,,,,,,,,,,,,,,,,,,,,,,,,,,,,,,,,,,,,,,,,,,,,,,,,,,,,,,,,,,,,,,,,,,,,,,,,,,,,,,,,,,,,,,,,,,,,,,,,,,,,,,,,,,,,,,,,,,,,,,,,
EVT0001605,SUB00437,CNT00014,2024-05-11,14,Roku,120,100%,TRUE,FALSE,TRUE,HD,SES695994,1,,,,,,,,,,,,,,,,,,,,,,,,,,,,,,,,,,,,,,,,,,,,,,,,,,,,,,,,,,,,,,,,,,,,,,,,,,,,,,,,,,,,,,,,,,,,,,,,,,,,,,,,,,,,,,,,,,,,,,,,,
EVT0001606,SUB00665,CNT00048,2023-02-04,10,Mobile,15,75-99%,FALSE,FALSE,FALSE,4K,SES357954,0,,,,,,,,,,,,,,,,,,,,,,,,,,,,,,,,,,,,,,,,,,,,,,,,,,,,,,,,,,,,,,,,,,,,,,,,,,,,,,,,,,,,,,,,,,,,,,,,,,,,,,,,,,,,,,,,,,,,,,,,,
EVT0001607,SUB00460,CNT00053,2023-01-03,22,Desktop,78,25-50%,FALSE,FALSE,TRUE,HD,SES894501,0,,,,,,,,,,,,,,,,,,,,,,,,,,,,,,,,,,,,,,,,,,,,,,,,,,,,,,,,,,,,,,,,,,,,,,,,,,,,,,,,,,,,,,,,,,,,,,,,,,,,,,,,,,,,,,,,,,,,,,,,,
EVT0001608,SUB00007,CNT00085,2023-10-25,21,Tablet,20,100%,TRUE,FALSE,TRUE,4K,SES336494,1,,,,,,,,,,,,,,,,,,,,,,,,,,,,,,,,,,,,,,,,,,,,,,,,,,,,,,,,,,,,,,,,,,,,,,,,,,,,,,,,,,,,,,,,,,,,,,,,,,,,,,,,,,,,,,,,,,,,,,,,,
EVT0001609,SUB00673,CNT00077,2023-03-16,18,Mobile,6,100%,TRUE,TRUE,TRUE,HD,SES619955,1,,,,,,,,,,,,,,,,,,,,,,,,,,,,,,,,,,,,,,,,,,,,,,,,,,,,,,,,,,,,,,,,,,,,,,,,,,,,,,,,,,,,,,,,,,,,,,,,,,,,,,,,,,,,,,,,,,,,,,,,,
EVT0001610,SUB00658,CNT00057,2023-07-21,17,Mobile,33,100%,TRUE,FALSE,TRUE,HD,SES898800,1,,,,,,,,,,,,,,,,,,,,,,,,,,,,,,,,,,,,,,,,,,,,,,,,,,,,,,,,,,,,,,,,,,,,,,,,,,,,,,,,,,,,,,,,,,,,,,,,,,,,,,,,,,,,,,,,,,,,,,,,,
EVT0001611,SUB00047,CNT00028,2023-07-03,8,Roku,30,100%,TRUE,FALSE,TRUE,HD,SES320166,1,,,,,,,,,,,,,,,,,,,,,,,,,,,,,,,,,,,,,,,,,,,,,,,,,,,,,,,,,,,,,,,,,,,,,,,,,,,,,,,,,,,,,,,,,,,,,,,,,,,,,,,,,,,,,,,,,,,,,,,,,
EVT0001612,SUB00042,CNT00036,2024-04-15,15,Tablet,113,100%,TRUE,FALSE,TRUE,HD,SES738513,1,,,,,,,,,,,,,,,,,,,,,,,,,,,,,,,,,,,,,,,,,,,,,,,,,,,,,,,,,,,,,,,,,,,,,,,,,,,,,,,,,,,,,,,,,,,,,,,,,,,,,,,,,,,,,,,,,,,,,,,,,
EVT0001613,SUB00278,CNT00004,2023-01-01,23,Desktop,115,75-99%,FALSE,TRUE,TRUE,4K,SES168879,0,,,,,,,,,,,,,,,,,,,,,,,,,,,,,,,,,,,,,,,,,,,,,,,,,,,,,,,,,,,,,,,,,,,,,,,,,,,,,,,,,,,,,,,,,,,,,,,,,,,,,,,,,,,,,,,,,,,,,,,,,
EVT0001614,SUB00482,CNT00010,2023-01-06,8,Desktop,85,100%,TRUE,TRUE,FALSE,HD,SES994783,1,,,,,,,,,,,,,,,,,,,,,,,,,,,,,,,,,,,,,,,,,,,,,,,,,,,,,,,,,,,,,,,,,,,,,,,,,,,,,,,,,,,,,,,,,,,,,,,,,,,,,,,,,,,,,,,,,,,,,,,,,
EVT0001615,SUB00092,CNT00031,2024-01-01,11,Roku,80,100%,TRUE,FALSE,TRUE,4K,SES468758,1,,,,,,,,,,,,,,,,,,,,,,,,,,,,,,,,,,,,,,,,,,,,,,,,,,,,,,,,,,,,,,,,,,,,,,,,,,,,,,,,,,,,,,,,,,,,,,,,,,,,,,,,,,,,,,,,,,,,,,,,,
EVT0001616,SUB00198,CNT00005,2024-01-28,8,Roku,106,100%,TRUE,FALSE,FALSE,SD,SES461038,1,,,,,,,,,,,,,,,,,,,,,,,,,,,,,,,,,,,,,,,,,,,,,,,,,,,,,,,,,,,,,,,,,,,,,,,,,,,,,,,,,,,,,,,,,,,,,,,,,,,,,,,,,,,,,,,,,,,,,,,,,
EVT0001617,SUB00558,CNT00094,2023-12-21,9,Tablet,119,100%,TRUE,FALSE,TRUE,4K,SES853206,1,,,,,,,,,,,,,,,,,,,,,,,,,,,,,,,,,,,,,,,,,,,,,,,,,,,,,,,,,,,,,,,,,,,,,,,,,,,,,,,,,,,,,,,,,,,,,,,,,,,,,,,,,,,,,,,,,,,,,,,,,
EVT0001618,SUB00686,CNT00064,2024-02-06,18,Mobile,87,100%,TRUE,FALSE,TRUE,SD,SES153035,1,,,,,,,,,,,,,,,,,,,,,,,,,,,,,,,,,,,,,,,,,,,,,,,,,,,,,,,,,,,,,,,,,,,,,,,,,,,,,,,,,,,,,,,,,,,,,,,,,,,,,,,,,,,,,,,,,,,,,,,,,
EVT0001619,SUB00012,CNT00002,2023-10-19,16,Tablet,20,100%,TRUE,FALSE,TRUE,SD,SES898112,1,,,,,,,,,,,,,,,,,,,,,,,,,,,,,,,,,,,,,,,,,,,,,,,,,,,,,,,,,,,,,,,,,,,,,,,,,,,,,,,,,,,,,,,,,,,,,,,,,,,,,,,,,,,,,,,,,,,,,,,,,
EVT0001620,SUB00619,CNT00092,2023-09-12,11,Mobile,107,75-99%,FALSE,FALSE,TRUE,HD,SES717156,0,,,,,,,,,,,,,,,,,,,,,,,,,,,,,,,,,,,,,,,,,,,,,,,,,,,,,,,,,,,,,,,,,,,,,,,,,,,,,,,,,,,,,,,,,,,,,,,,,,,,,,,,,,,,,,,,,,,,,,,,,
EVT0001621,SUB00404,CNT00099,2024-01-27,7,Smart TV,70,100%,TRUE,FALSE,FALSE,HD,SES518738,1,,,,,,,,,,,,,,,,,,,,,,,,,,,,,,,,,,,,,,,,,,,,,,,,,,,,,,,,,,,,,,,,,,,,,,,,,,,,,,,,,,,,,,,,,,,,,,,,,,,,,,,,,,,,,,,,,,,,,,,,,
EVT0001622,SUB00644,CNT00096,2023-10-13,20,Roku,74,<25%,FALSE,TRUE,TRUE,HD,SES437322,0,,,,,,,,,,,,,,,,,,,,,,,,,,,,,,,,,,,,,,,,,,,,,,,,,,,,,,,,,,,,,,,,,,,,,,,,,,,,,,,,,,,,,,,,,,,,,,,,,,,,,,,,,,,,,,,,,,,,,,,,,
EVT0001623,SUB00623,CNT00012,2023-06-11,18,Tablet,93,100%,TRUE,FALSE,FALSE,HD,SES316684,1,,,,,,,,,,,,,,,,,,,,,,,,,,,,,,,,,,,,,,,,,,,,,,,,,,,,,,,,,,,,,,,,,,,,,,,,,,,,,,,,,,,,,,,,,,,,,,,,,,,,,,,,,,,,,,,,,,,,,,,,,
EVT0001624,SUB00243,CNT00045,2023-07-28,7,Smart TV,82,25-50%,FALSE,FALSE,TRUE,4K,SES991294,0,,,,,,,,,,,,,,,,,,,,,,,,,,,,,,,,,,,,,,,,,,,,,,,,,,,,,,,,,,,,,,,,,,,,,,,,,,,,,,,,,,,,,,,,,,,,,,,,,,,,,,,,,,,,,,,,,,,,,,,,,
EVT0001625,SUB00516,CNT00007,2023-01-22,19,Desktop,10,100%,TRUE,FALSE,FALSE,HD,SES685513,1,,,,,,,,,,,,,,,,,,,,,,,,,,,,,,,,,,,,,,,,,,,,,,,,,,,,,,,,,,,,,,,,,,,,,,,,,,,,,,,,,,,,,,,,,,,,,,,,,,,,,,,,,,,,,,,,,,,,,,,,,
EVT0001626,SUB00044,CNT00006,2024-05-09,9,Roku,94,100%,TRUE,FALSE,TRUE,HD,SES979855,1,,,,,,,,,,,,,,,,,,,,,,,,,,,,,,,,,,,,,,,,,,,,,,,,,,,,,,,,,,,,,,,,,,,,,,,,,,,,,,,,,,,,,,,,,,,,,,,,,,,,,,,,,,,,,,,,,,,,,,,,,
EVT0001627,SUB00228,CNT00023,2023-10-16,10,Desktop,53,100%,TRUE,TRUE,TRUE,4K,SES663204,1,,,,,,,,,,,,,,,,,,,,,,,,,,,,,,,,,,,,,,,,,,,,,,,,,,,,,,,,,,,,,,,,,,,,,,,,,,,,,,,,,,,,,,,,,,,,,,,,,,,,,,,,,,,,,,,,,,,,,,,,,
EVT0001628,SUB00567,CNT00012,2023-10-10,18,Smart TV,28,50-75%,FALSE,FALSE,TRUE,SD,SES722853,0,,,,,,,,,,,,,,,,,,,,,,,,,,,,,,,,,,,,,,,,,,,,,,,,,,,,,,,,,,,,,,,,,,,,,,,,,,,,,,,,,,,,,,,,,,,,,,,,,,,,,,,,,,,,,,,,,,,,,,,,,
EVT0001629,SUB00034,CNT00055,2024-02-17,11,Smart TV,7,100%,TRUE,FALSE,TRUE,HD,SES593233,1,,,,,,,,,,,,,,,,,,,,,,,,,,,,,,,,,,,,,,,,,,,,,,,,,,,,,,,,,,,,,,,,,,,,,,,,,,,,,,,,,,,,,,,,,,,,,,,,,,,,,,,,,,,,,,,,,,,,,,,,,
EVT0001630,SUB00488,CNT00035,2023-01-08,14,Tablet,66,75-99%,FALSE,FALSE,FALSE,SD,SES657656,0,,,,,,,,,,,,,,,,,,,,,,,,,,,,,,,,,,,,,,,,,,,,,,,,,,,,,,,,,,,,,,,,,,,,,,,,,,,,,,,,,,,,,,,,,,,,,,,,,,,,,,,,,,,,,,,,,,,,,,,,,
EVT0001631,SUB00656,CNT00011,2023-05-21,8,Tablet,54,75-99%,FALSE,FALSE,TRUE,HD,SES700094,0,,,,,,,,,,,,,,,,,,,,,,,,,,,,,,,,,,,,,,,,,,,,,,,,,,,,,,,,,,,,,,,,,,,,,,,,,,,,,,,,,,,,,,,,,,,,,,,,,,,,,,,,,,,,,,,,,,,,,,,,,
EVT0001632,SUB00250,CNT00054,2023-12-14,21,Desktop,57,100%,TRUE,TRUE,TRUE,HD,SES360253,1,,,,,,,,,,,,,,,,,,,,,,,,,,,,,,,,,,,,,,,,,,,,,,,,,,,,,,,,,,,,,,,,,,,,,,,,,,,,,,,,,,,,,,,,,,,,,,,,,,,,,,,,,,,,,,,,,,,,,,,,,
EVT0001633,SUB00591,CNT00034,2023-12-01,6,Smart TV,100,75-99%,FALSE,FALSE,TRUE,HD,SES415838,0,,,,,,,,,,,,,,,,,,,,,,,,,,,,,,,,,,,,,,,,,,,,,,,,,,,,,,,,,,,,,,,,,,,,,,,,,,,,,,,,,,,,,,,,,,,,,,,,,,,,,,,,,,,,,,,,,,,,,,,,,
EVT0001634,SUB00133,CNT00087,2023-01-17,20,Mobile,32,100%,TRUE,FALSE,FALSE,HD,SES150770,1,,,,,,,,,,,,,,,,,,,,,,,,,,,,,,,,,,,,,,,,,,,,,,,,,,,,,,,,,,,,,,,,,,,,,,,,,,,,,,,,,,,,,,,,,,,,,,,,,,,,,,,,,,,,,,,,,,,,,,,,,
EVT0001635,SUB00054,CNT00011,2023-12-05,13,Desktop,111,75-99%,FALSE,TRUE,TRUE,SD,SES235544,0,,,,,,,,,,,,,,,,,,,,,,,,,,,,,,,,,,,,,,,,,,,,,,,,,,,,,,,,,,,,,,,,,,,,,,,,,,,,,,,,,,,,,,,,,,,,,,,,,,,,,,,,,,,,,,,,,,,,,,,,,
EVT0001636,SUB00657,CNT00075,2024-06-27,6,Roku,74,75-99%,FALSE,FALSE,TRUE,SD,SES326865,0,,,,,,,,,,,,,,,,,,,,,,,,,,,,,,,,,,,,,,,,,,,,,,,,,,,,,,,,,,,,,,,,,,,,,,,,,,,,,,,,,,,,,,,,,,,,,,,,,,,,,,,,,,,,,,,,,,,,,,,,,
EVT0001637,SUB00607,CNT00021,2023-02-14,13,Fire TV,8,<25%,FALSE,TRUE,TRUE,HD,SES124437,0,,,,,,,,,,,,,,,,,,,,,,,,,,,,,,,,,,,,,,,,,,,,,,,,,,,,,,,,,,,,,,,,,,,,,,,,,,,,,,,,,,,,,,,,,,,,,,,,,,,,,,,,,,,,,,,,,,,,,,,,,
EVT0001638,SUB00348,CNT00023,2023-09-26,20,Tablet,77,100%,TRUE,FALSE,FALSE,HD,SES484479,1,,,,,,,,,,,,,,,,,,,,,,,,,,,,,,,,,,,,,,,,,,,,,,,,,,,,,,,,,,,,,,,,,,,,,,,,,,,,,,,,,,,,,,,,,,,,,,,,,,,,,,,,,,,,,,,,,,,,,,,,,
EVT0001639,SUB00115,CNT00024,2023-08-25,7,Mobile,84,100%,TRUE,FALSE,FALSE,HD,SES145086,1,,,,,,,,,,,,,,,,,,,,,,,,,,,,,,,,,,,,,,,,,,,,,,,,,,,,,,,,,,,,,,,,,,,,,,,,,,,,,,,,,,,,,,,,,,,,,,,,,,,,,,,,,,,,,,,,,,,,,,,,,
EVT0001640,SUB00475,CNT00073,2023-05-17,16,Tablet,108,100%,TRUE,FALSE,FALSE,HD,SES243720,1,,,,,,,,,,,,,,,,,,,,,,,,,,,,,,,,,,,,,,,,,,,,,,,,,,,,,,,,,,,,,,,,,,,,,,,,,,,,,,,,,,,,,,,,,,,,,,,,,,,,,,,,,,,,,,,,,,,,,,,,,
EVT0001641,SUB00327,CNT00061,2023-02-14,15,Fire TV,41,100%,TRUE,FALSE,TRUE,HD,SES194962,1,,,,,,,,,,,,,,,,,,,,,,,,,,,,,,,,,,,,,,,,,,,,,,,,,,,,,,,,,,,,,,,,,,,,,,,,,,,,,,,,,,,,,,,,,,,,,,,,,,,,,,,,,,,,,,,,,,,,,,,,,
EVT0001642,SUB00571,CNT00100,2023-05-08,23,Roku,54,25-50%,FALSE,FALSE,FALSE,4K,SES655108,0,,,,,,,,,,,,,,,,,,,,,,,,,,,,,,,,,,,,,,,,,,,,,,,,,,,,,,,,,,,,,,,,,,,,,,,,,,,,,,,,,,,,,,,,,,,,,,,,,,,,,,,,,,,,,,,,,,,,,,,,,
EVT0001643,SUB00291,CNT00037,2023-08-05,18,Desktop,25,100%,TRUE,TRUE,FALSE,4K,SES256665,1,,,,,,,,,,,,,,,,,,,,,,,,,,,,,,,,,,,,,,,,,,,,,,,,,,,,,,,,,,,,,,,,,,,,,,,,,,,,,,,,,,,,,,,,,,,,,,,,,,,,,,,,,,,,,,,,,,,,,,,,,
EVT0001644,SUB00506,CNT00007,2023-05-07,19,Desktop,6,50-75%,FALSE,TRUE,TRUE,SD,SES950248,0,,,,,,,,,,,,,,,,,,,,,,,,,,,,,,,,,,,,,,,,,,,,,,,,,,,,,,,,,,,,,,,,,,,,,,,,,,,,,,,,,,,,,,,,,,,,,,,,,,,,,,,,,,,,,,,,,,,,,,,,,
EVT0001645,SUB00143,CNT00028,2024-03-06,6,Tablet,62,<25%,FALSE,FALSE,TRUE,HD,SES525831,0,,,,,,,,,,,,,,,,,,,,,,,,,,,,,,,,,,,,,,,,,,,,,,,,,,,,,,,,,,,,,,,,,,,,,,,,,,,,,,,,,,,,,,,,,,,,,,,,,,,,,,,,,,,,,,,,,,,,,,,,,
EVT0001646,SUB00135,CNT00086,2023-01-17,17,Roku,51,100%,TRUE,TRUE,TRUE,4K,SES308716,1,,,,,,,,,,,,,,,,,,,,,,,,,,,,,,,,,,,,,,,,,,,,,,,,,,,,,,,,,,,,,,,,,,,,,,,,,,,,,,,,,,,,,,,,,,,,,,,,,,,,,,,,,,,,,,,,,,,,,,,,,
EVT0001647,SUB00070,CNT00087,2023-01-05,8,Desktop,68,100%,TRUE,TRUE,TRUE,HD,SES156590,1,,,,,,,,,,,,,,,,,,,,,,,,,,,,,,,,,,,,,,,,,,,,,,,,,,,,,,,,,,,,,,,,,,,,,,,,,,,,,,,,,,,,,,,,,,,,,,,,,,,,,,,,,,,,,,,,,,,,,,,,,
EVT0001648,SUB00540,CNT00008,2023-12-22,11,Tablet,43,75-99%,FALSE,TRUE,TRUE,HD,SES719425,0,,,,,,,,,,,,,,,,,,,,,,,,,,,,,,,,,,,,,,,,,,,,,,,,,,,,,,,,,,,,,,,,,,,,,,,,,,,,,,,,,,,,,,,,,,,,,,,,,,,,,,,,,,,,,,,,,,,,,,,,,
EVT0001649,SUB00315,CNT00034,2023-12-01,18,Tablet,98,<25%,FALSE,FALSE,TRUE,HD,SES201789,0,,,,,,,,,,,,,,,,,,,,,,,,,,,,,,,,,,,,,,,,,,,,,,,,,,,,,,,,,,,,,,,,,,,,,,,,,,,,,,,,,,,,,,,,,,,,,,,,,,,,,,,,,,,,,,,,,,,,,,,,,
EVT0001650,SUB00479,CNT00041,2023-11-24,9,Roku,99,100%,TRUE,TRUE,FALSE,HD,SES768178,1,,,,,,,,,,,,,,,,,,,,,,,,,,,,,,,,,,,,,,,,,,,,,,,,,,,,,,,,,,,,,,,,,,,,,,,,,,,,,,,,,,,,,,,,,,,,,,,,,,,,,,,,,,,,,,,,,,,,,,,,,
EVT0001651,SUB00408,CNT00096,2024-06-28,18,Roku,32,100%,TRUE,FALSE,TRUE,HD,SES229032,1,,,,,,,,,,,,,,,,,,,,,,,,,,,,,,,,,,,,,,,,,,,,,,,,,,,,,,,,,,,,,,,,,,,,,,,,,,,,,,,,,,,,,,,,,,,,,,,,,,,,,,,,,,,,,,,,,,,,,,,,,
EVT0001652,SUB00200,CNT00092,2023-08-29,14,Fire TV,90,100%,TRUE,FALSE,TRUE,HD,SES673506,1,,,,,,,,,,,,,,,,,,,,,,,,,,,,,,,,,,,,,,,,,,,,,,,,,,,,,,,,,,,,,,,,,,,,,,,,,,,,,,,,,,,,,,,,,,,,,,,,,,,,,,,,,,,,,,,,,,,,,,,,,
EVT0001653,SUB00384,CNT00007,2023-01-08,13,Fire TV,93,100%,TRUE,FALSE,TRUE,SD,SES668392,1,,,,,,,,,,,,,,,,,,,,,,,,,,,,,,,,,,,,,,,,,,,,,,,,,,,,,,,,,,,,,,,,,,,,,,,,,,,,,,,,,,,,,,,,,,,,,,,,,,,,,,,,,,,,,,,,,,,,,,,,,
EVT0001654,SUB00251,CNT00083,2023-09-29,11,Smart TV,8,25-50%,FALSE,FALSE,TRUE,HD,SES612616,0,,,,,,,,,,,,,,,,,,,,,,,,,,,,,,,,,,,,,,,,,,,,,,,,,,,,,,,,,,,,,,,,,,,,,,,,,,,,,,,,,,,,,,,,,,,,,,,,,,,,,,,,,,,,,,,,,,,,,,,,,
EVT0001655,SUB00223,CNT00087,2023-09-05,21,Smart TV,105,25-50%,FALSE,FALSE,TRUE,HD,SES692993,0,,,,,,,,,,,,,,,,,,,,,,,,,,,,,,,,,,,,,,,,,,,,,,,,,,,,,,,,,,,,,,,,,,,,,,,,,,,,,,,,,,,,,,,,,,,,,,,,,,,,,,,,,,,,,,,,,,,,,,,,,
EVT0001656,SUB00297,CNT00010,2024-02-19,10,Tablet,35,100%,TRUE,TRUE,TRUE,HD,SES494329,1,,,,,,,,,,,,,,,,,,,,,,,,,,,,,,,,,,,,,,,,,,,,,,,,,,,,,,,,,,,,,,,,,,,,,,,,,,,,,,,,,,,,,,,,,,,,,,,,,,,,,,,,,,,,,,,,,,,,,,,,,
EVT0001657,SUB00265,CNT00056,2023-07-11,11,Smart TV,97,100%,TRUE,FALSE,TRUE,HD,SES149004,1,,,,,,,,,,,,,,,,,,,,,,,,,,,,,,,,,,,,,,,,,,,,,,,,,,,,,,,,,,,,,,,,,,,,,,,,,,,,,,,,,,,,,,,,,,,,,,,,,,,,,,,,,,,,,,,,,,,,,,,,,
EVT0001658,SUB00245,CNT00003,2023-05-20,14,Fire TV,5,100%,TRUE,TRUE,TRUE,HD,SES298074,1,,,,,,,,,,,,,,,,,,,,,,,,,,,,,,,,,,,,,,,,,,,,,,,,,,,,,,,,,,,,,,,,,,,,,,,,,,,,,,,,,,,,,,,,,,,,,,,,,,,,,,,,,,,,,,,,,,,,,,,,,
EVT0001659,SUB00180,CNT00038,2023-08-22,15,Desktop,89,25-50%,FALSE,TRUE,FALSE,HD,SES650786,0,,,,,,,,,,,,,,,,,,,,,,,,,,,,,,,,,,,,,,,,,,,,,,,,,,,,,,,,,,,,,,,,,,,,,,,,,,,,,,,,,,,,,,,,,,,,,,,,,,,,,,,,,,,,,,,,,,,,,,,,,
EVT0001660,SUB00623,CNT00028,2023-06-02,16,Mobile,47,50-75%,FALSE,FALSE,FALSE,4K,SES232998,0,,,,,,,,,,,,,,,,,,,,,,,,,,,,,,,,,,,,,,,,,,,,,,,,,,,,,,,,,,,,,,,,,,,,,,,,,,,,,,,,,,,,,,,,,,,,,,,,,,,,,,,,,,,,,,,,,,,,,,,,,
EVT0001661,SUB00059,CNT00057,2024-02-03,8,Smart TV,75,50-75%,FALSE,TRUE,TRUE,SD,SES103963,0,,,,,,,,,,,,,,,,,,,,,,,,,,,,,,,,,,,,,,,,,,,,,,,,,,,,,,,,,,,,,,,,,,,,,,,,,,,,,,,,,,,,,,,,,,,,,,,,,,,,,,,,,,,,,,,,,,,,,,,,,
EVT0001662,SUB00292,CNT00028,2024-02-07,11,Desktop,85,100%,TRUE,FALSE,TRUE,HD,SES616699,1,,,,,,,,,,,,,,,,,,,,,,,,,,,,,,,,,,,,,,,,,,,,,,,,,,,,,,,,,,,,,,,,,,,,,,,,,,,,,,,,,,,,,,,,,,,,,,,,,,,,,,,,,,,,,,,,,,,,,,,,,
EVT0001663,SUB00479,CNT00027,2024-04-05,19,Fire TV,69,100%,TRUE,FALSE,TRUE,HD,SES521327,1,,,,,,,,,,,,,,,,,,,,,,,,,,,,,,,,,,,,,,,,,,,,,,,,,,,,,,,,,,,,,,,,,,,,,,,,,,,,,,,,,,,,,,,,,,,,,,,,,,,,,,,,,,,,,,,,,,,,,,,,,
EVT0001664,SUB00490,CNT00093,2023-11-02,23,Tablet,11,<25%,FALSE,TRUE,TRUE,SD,SES451333,0,,,,,,,,,,,,,,,,,,,,,,,,,,,,,,,,,,,,,,,,,,,,,,,,,,,,,,,,,,,,,,,,,,,,,,,,,,,,,,,,,,,,,,,,,,,,,,,,,,,,,,,,,,,,,,,,,,,,,,,,,
EVT0001665,SUB00174,CNT00039,2023-11-17,15,Mobile,98,25-50%,FALSE,TRUE,FALSE,HD,SES929513,0,,,,,,,,,,,,,,,,,,,,,,,,,,,,,,,,,,,,,,,,,,,,,,,,,,,,,,,,,,,,,,,,,,,,,,,,,,,,,,,,,,,,,,,,,,,,,,,,,,,,,,,,,,,,,,,,,,,,,,,,,
EVT0001666,SUB00055,CNT00057,2023-11-01,19,Desktop,105,50-75%,FALSE,FALSE,FALSE,HD,SES548819,0,,,,,,,,,,,,,,,,,,,,,,,,,,,,,,,,,,,,,,,,,,,,,,,,,,,,,,,,,,,,,,,,,,,,,,,,,,,,,,,,,,,,,,,,,,,,,,,,,,,,,,,,,,,,,,,,,,,,,,,,,
EVT0001667,SUB00431,CNT00062,2024-04-09,19,Smart TV,6,100%,TRUE,TRUE,TRUE,HD,SES300183,1,,,,,,,,,,,,,,,,,,,,,,,,,,,,,,,,,,,,,,,,,,,,,,,,,,,,,,,,,,,,,,,,,,,,,,,,,,,,,,,,,,,,,,,,,,,,,,,,,,,,,,,,,,,,,,,,,,,,,,,,,
EVT0001668,SUB00679,CNT00082,2024-06-04,18,Tablet,57,100%,TRUE,FALSE,TRUE,4K,SES701543,1,,,,,,,,,,,,,,,,,,,,,,,,,,,,,,,,,,,,,,,,,,,,,,,,,,,,,,,,,,,,,,,,,,,,,,,,,,,,,,,,,,,,,,,,,,,,,,,,,,,,,,,,,,,,,,,,,,,,,,,,,
EVT0001669,SUB00274,CNT00094,2024-04-03,12,Mobile,71,100%,TRUE,TRUE,FALSE,HD,SES812393,1,,,,,,,,,,,,,,,,,,,,,,,,,,,,,,,,,,,,,,,,,,,,,,,,,,,,,,,,,,,,,,,,,,,,,,,,,,,,,,,,,,,,,,,,,,,,,,,,,,,,,,,,,,,,,,,,,,,,,,,,,
EVT0001670,SUB00589,CNT00091,2024-05-11,8,Tablet,81,50-75%,FALSE,FALSE,FALSE,HD,SES136051,0,,,,,,,,,,,,,,,,,,,,,,,,,,,,,,,,,,,,,,,,,,,,,,,,,,,,,,,,,,,,,,,,,,,,,,,,,,,,,,,,,,,,,,,,,,,,,,,,,,,,,,,,,,,,,,,,,,,,,,,,,
EVT0001671,SUB00322,CNT00031,2023-11-19,12,Smart TV,110,100%,TRUE,FALSE,TRUE,4K,SES326993,1,,,,,,,,,,,,,,,,,,,,,,,,,,,,,,,,,,,,,,,,,,,,,,,,,,,,,,,,,,,,,,,,,,,,,,,,,,,,,,,,,,,,,,,,,,,,,,,,,,,,,,,,,,,,,,,,,,,,,,,,,
EVT0001672,SUB00135,CNT00076,2023-05-11,18,Mobile,21,50-75%,FALSE,TRUE,TRUE,HD,SES714175,0,,,,,,,,,,,,,,,,,,,,,,,,,,,,,,,,,,,,,,,,,,,,,,,,,,,,,,,,,,,,,,,,,,,,,,,,,,,,,,,,,,,,,,,,,,,,,,,,,,,,,,,,,,,,,,,,,,,,,,,,,
EVT0001673,SUB00667,CNT00008,2024-06-30,15,Roku,48,50-75%,FALSE,TRUE,TRUE,SD,SES104282,0,,,,,,,,,,,,,,,,,,,,,,,,,,,,,,,,,,,,,,,,,,,,,,,,,,,,,,,,,,,,,,,,,,,,,,,,,,,,,,,,,,,,,,,,,,,,,,,,,,,,,,,,,,,,,,,,,,,,,,,,,
EVT0001674,SUB00187,CNT00056,2023-03-16,11,Smart TV,29,100%,TRUE,FALSE,FALSE,4K,SES621884,1,,,,,,,,,,,,,,,,,,,,,,,,,,,,,,,,,,,,,,,,,,,,,,,,,,,,,,,,,,,,,,,,,,,,,,,,,,,,,,,,,,,,,,,,,,,,,,,,,,,,,,,,,,,,,,,,,,,,,,,,,
EVT0001675,SUB00177,CNT00082,2023-11-04,18,Fire TV,64,25-50%,FALSE,FALSE,FALSE,HD,SES167333,0,,,,,,,,,,,,,,,,,,,,,,,,,,,,,,,,,,,,,,,,,,,,,,,,,,,,,,,,,,,,,,,,,,,,,,,,,,,,,,,,,,,,,,,,,,,,,,,,,,,,,,,,,,,,,,,,,,,,,,,,,
EVT0001676,SUB00514,CNT00017,2024-06-09,22,Fire TV,74,50-75%,FALSE,FALSE,TRUE,SD,SES445849,0,,,,,,,,,,,,,,,,,,,,,,,,,,,,,,,,,,,,,,,,,,,,,,,,,,,,,,,,,,,,,,,,,,,,,,,,,,,,,,,,,,,,,,,,,,,,,,,,,,,,,,,,,,,,,,,,,,,,,,,,,
EVT0001677,SUB00070,CNT00001,2023-10-25,8,Fire TV,30,75-99%,FALSE,FALSE,FALSE,4K,SES703491,0,,,,,,,,,,,,,,,,,,,,,,,,,,,,,,,,,,,,,,,,,,,,,,,,,,,,,,,,,,,,,,,,,,,,,,,,,,,,,,,,,,,,,,,,,,,,,,,,,,,,,,,,,,,,,,,,,,,,,,,,,
EVT0001678,SUB00411,CNT00028,2024-01-14,16,Roku,59,75-99%,FALSE,FALSE,TRUE,HD,SES382422,0,,,,,,,,,,,,,,,,,,,,,,,,,,,,,,,,,,,,,,,,,,,,,,,,,,,,,,,,,,,,,,,,,,,,,,,,,,,,,,,,,,,,,,,,,,,,,,,,,,,,,,,,,,,,,,,,,,,,,,,,,
EVT0001679,SUB00198,CNT00070,2024-02-01,6,Roku,114,50-75%,FALSE,FALSE,TRUE,HD,SES514157,0,,,,,,,,,,,,,,,,,,,,,,,,,,,,,,,,,,,,,,,,,,,,,,,,,,,,,,,,,,,,,,,,,,,,,,,,,,,,,,,,,,,,,,,,,,,,,,,,,,,,,,,,,,,,,,,,,,,,,,,,,
EVT0001680,SUB00052,CNT00008,2023-05-03,10,Desktop,15,100%,TRUE,FALSE,TRUE,HD,SES107768,1,,,,,,,,,,,,,,,,,,,,,,,,,,,,,,,,,,,,,,,,,,,,,,,,,,,,,,,,,,,,,,,,,,,,,,,,,,,,,,,,,,,,,,,,,,,,,,,,,,,,,,,,,,,,,,,,,,,,,,,,,
EVT0001681,SUB00429,CNT00098,2023-04-12,20,Fire TV,69,50-75%,FALSE,FALSE,TRUE,4K,SES623514,0,,,,,,,,,,,,,,,,,,,,,,,,,,,,,,,,,,,,,,,,,,,,,,,,,,,,,,,,,,,,,,,,,,,,,,,,,,,,,,,,,,,,,,,,,,,,,,,,,,,,,,,,,,,,,,,,,,,,,,,,,
EVT0001682,SUB00409,CNT00002,2024-06-19,17,Mobile,27,100%,TRUE,FALSE,TRUE,HD,SES387936,1,,,,,,,,,,,,,,,,,,,,,,,,,,,,,,,,,,,,,,,,,,,,,,,,,,,,,,,,,,,,,,,,,,,,,,,,,,,,,,,,,,,,,,,,,,,,,,,,,,,,,,,,,,,,,,,,,,,,,,,,,
EVT0001683,SUB00008,CNT00059,2023-01-06,22,Desktop,108,75-99%,FALSE,FALSE,TRUE,4K,SES816485,0,,,,,,,,,,,,,,,,,,,,,,,,,,,,,,,,,,,,,,,,,,,,,,,,,,,,,,,,,,,,,,,,,,,,,,,,,,,,,,,,,,,,,,,,,,,,,,,,,,,,,,,,,,,,,,,,,,,,,,,,,
EVT0001684,SUB00366,CNT00072,2023-02-28,16,Mobile,24,75-99%,FALSE,TRUE,TRUE,4K,SES372642,0,,,,,,,,,,,,,,,,,,,,,,,,,,,,,,,,,,,,,,,,,,,,,,,,,,,,,,,,,,,,,,,,,,,,,,,,,,,,,,,,,,,,,,,,,,,,,,,,,,,,,,,,,,,,,,,,,,,,,,,,,
EVT0001685,SUB00525,CNT00061,2023-03-12,6,Smart TV,107,100%,TRUE,TRUE,TRUE,HD,SES526283,1,,,,,,,,,,,,,,,,,,,,,,,,,,,,,,,,,,,,,,,,,,,,,,,,,,,,,,,,,,,,,,,,,,,,,,,,,,,,,,,,,,,,,,,,,,,,,,,,,,,,,,,,,,,,,,,,,,,,,,,,,
EVT0001686,SUB00018,CNT00030,2024-03-12,21,Mobile,98,100%,TRUE,TRUE,TRUE,SD,SES357058,1,,,,,,,,,,,,,,,,,,,,,,,,,,,,,,,,,,,,,,,,,,,,,,,,,,,,,,,,,,,,,,,,,,,,,,,,,,,,,,,,,,,,,,,,,,,,,,,,,,,,,,,,,,,,,,,,,,,,,,,,,
EVT0001687,SUB00199,CNT00074,2024-02-23,14,Smart TV,32,50-75%,FALSE,FALSE,FALSE,HD,SES163714,0,,,,,,,,,,,,,,,,,,,,,,,,,,,,,,,,,,,,,,,,,,,,,,,,,,,,,,,,,,,,,,,,,,,,,,,,,,,,,,,,,,,,,,,,,,,,,,,,,,,,,,,,,,,,,,,,,,,,,,,,,
EVT0001688,SUB00047,CNT00043,2023-06-27,23,Roku,99,100%,TRUE,FALSE,TRUE,SD,SES738282,1,,,,,,,,,,,,,,,,,,,,,,,,,,,,,,,,,,,,,,,,,,,,,,,,,,,,,,,,,,,,,,,,,,,,,,,,,,,,,,,,,,,,,,,,,,,,,,,,,,,,,,,,,,,,,,,,,,,,,,,,,
EVT0001689,SUB00071,CNT00097,2023-10-12,19,Fire TV,13,<25%,FALSE,FALSE,TRUE,HD,SES608340,0,,,,,,,,,,,,,,,,,,,,,,,,,,,,,,,,,,,,,,,,,,,,,,,,,,,,,,,,,,,,,,,,,,,,,,,,,,,,,,,,,,,,,,,,,,,,,,,,,,,,,,,,,,,,,,,,,,,,,,,,,
EVT0001690,SUB00139,CNT00044,2024-05-13,23,Tablet,19,100%,TRUE,TRUE,TRUE,HD,SES738994,1,,,,,,,,,,,,,,,,,,,,,,,,,,,,,,,,,,,,,,,,,,,,,,,,,,,,,,,,,,,,,,,,,,,,,,,,,,,,,,,,,,,,,,,,,,,,,,,,,,,,,,,,,,,,,,,,,,,,,,,,,
EVT0001691,SUB00540,CNT00067,2023-10-04,20,Smart TV,50,100%,TRUE,FALSE,FALSE,HD,SES413686,1,,,,,,,,,,,,,,,,,,,,,,,,,,,,,,,,,,,,,,,,,,,,,,,,,,,,,,,,,,,,,,,,,,,,,,,,,,,,,,,,,,,,,,,,,,,,,,,,,,,,,,,,,,,,,,,,,,,,,,,,,
EVT0001692,SUB00015,CNT00064,2024-06-05,13,Roku,37,100%,TRUE,FALSE,TRUE,4K,SES712869,1,,,,,,,,,,,,,,,,,,,,,,,,,,,,,,,,,,,,,,,,,,,,,,,,,,,,,,,,,,,,,,,,,,,,,,,,,,,,,,,,,,,,,,,,,,,,,,,,,,,,,,,,,,,,,,,,,,,,,,,,,
EVT0001693,SUB00144,CNT00056,2023-02-16,14,Tablet,23,<25%,FALSE,FALSE,TRUE,HD,SES194396,0,,,,,,,,,,,,,,,,,,,,,,,,,,,,,,,,,,,,,,,,,,,,,,,,,,,,,,,,,,,,,,,,,,,,,,,,,,,,,,,,,,,,,,,,,,,,,,,,,,,,,,,,,,,,,,,,,,,,,,,,,
EVT0001694,SUB00544,CNT00098,2023-12-29,22,Tablet,83,25-50%,FALSE,TRUE,TRUE,HD,SES985400,0,,,,,,,,,,,,,,,,,,,,,,,,,,,,,,,,,,,,,,,,,,,,,,,,,,,,,,,,,,,,,,,,,,,,,,,,,,,,,,,,,,,,,,,,,,,,,,,,,,,,,,,,,,,,,,,,,,,,,,,,,
EVT0001695,SUB00158,CNT00008,2023-11-16,20,Fire TV,63,100%,TRUE,FALSE,TRUE,HD,SES558003,1,,,,,,,,,,,,,,,,,,,,,,,,,,,,,,,,,,,,,,,,,,,,,,,,,,,,,,,,,,,,,,,,,,,,,,,,,,,,,,,,,,,,,,,,,,,,,,,,,,,,,,,,,,,,,,,,,,,,,,,,,
EVT0001696,SUB00372,CNT00015,2024-04-16,8,Roku,120,100%,TRUE,FALSE,FALSE,4K,SES820094,1,,,,,,,,,,,,,,,,,,,,,,,,,,,,,,,,,,,,,,,,,,,,,,,,,,,,,,,,,,,,,,,,,,,,,,,,,,,,,,,,,,,,,,,,,,,,,,,,,,,,,,,,,,,,,,,,,,,,,,,,,
EVT0001697,SUB00163,CNT00058,2024-06-19,10,Roku,45,75-99%,FALSE,FALSE,FALSE,HD,SES830156,0,,,,,,,,,,,,,,,,,,,,,,,,,,,,,,,,,,,,,,,,,,,,,,,,,,,,,,,,,,,,,,,,,,,,,,,,,,,,,,,,,,,,,,,,,,,,,,,,,,,,,,,,,,,,,,,,,,,,,,,,,
EVT0001698,SUB00284,CNT00002,2024-06-10,13,Smart TV,119,25-50%,FALSE,FALSE,TRUE,4K,SES857671,0,,,,,,,,,,,,,,,,,,,,,,,,,,,,,,,,,,,,,,,,,,,,,,,,,,,,,,,,,,,,,,,,,,,,,,,,,,,,,,,,,,,,,,,,,,,,,,,,,,,,,,,,,,,,,,,,,,,,,,,,,
EVT0001699,SUB00638,CNT00022,2024-01-21,21,Tablet,71,75-99%,FALSE,TRUE,TRUE,HD,SES301819,0,,,,,,,,,,,,,,,,,,,,,,,,,,,,,,,,,,,,,,,,,,,,,,,,,,,,,,,,,,,,,,,,,,,,,,,,,,,,,,,,,,,,,,,,,,,,,,,,,,,,,,,,,,,,,,,,,,,,,,,,,
EVT0001700,SUB00394,CNT00076,2023-01-03,8,Tablet,16,50-75%,FALSE,FALSE,TRUE,HD,SES667156,0,,,,,,,,,,,,,,,,,,,,,,,,,,,,,,,,,,,,,,,,,,,,,,,,,,,,,,,,,,,,,,,,,,,,,,,,,,,,,,,,,,,,,,,,,,,,,,,,,,,,,,,,,,,,,,,,,,,,,,,,,
EVT0001701,SUB00154,CNT00020,2024-05-27,17,Tablet,77,100%,TRUE,FALSE,TRUE,HD,SES675415,1,,,,,,,,,,,,,,,,,,,,,,,,,,,,,,,,,,,,,,,,,,,,,,,,,,,,,,,,,,,,,,,,,,,,,,,,,,,,,,,,,,,,,,,,,,,,,,,,,,,,,,,,,,,,,,,,,,,,,,,,,
EVT0001702,SUB00431,CNT00031,2023-01-24,10,Smart TV,88,25-50%,FALSE,FALSE,TRUE,HD,SES755017,0,,,,,,,,,,,,,,,,,,,,,,,,,,,,,,,,,,,,,,,,,,,,,,,,,,,,,,,,,,,,,,,,,,,,,,,,,,,,,,,,,,,,,,,,,,,,,,,,,,,,,,,,,,,,,,,,,,,,,,,,,
EVT0001703,SUB00594,CNT00020,2024-05-29,13,Desktop,91,100%,TRUE,FALSE,TRUE,SD,SES842842,1,,,,,,,,,,,,,,,,,,,,,,,,,,,,,,,,,,,,,,,,,,,,,,,,,,,,,,,,,,,,,,,,,,,,,,,,,,,,,,,,,,,,,,,,,,,,,,,,,,,,,,,,,,,,,,,,,,,,,,,,,
EVT0001704,SUB00324,CNT00092,2024-03-14,20,Mobile,90,75-99%,FALSE,FALSE,TRUE,HD,SES568323,0,,,,,,,,,,,,,,,,,,,,,,,,,,,,,,,,,,,,,,,,,,,,,,,,,,,,,,,,,,,,,,,,,,,,,,,,,,,,,,,,,,,,,,,,,,,,,,,,,,,,,,,,,,,,,,,,,,,,,,,,,
EVT0001705,SUB00266,CNT00085,2023-11-27,21,Tablet,45,75-99%,FALSE,TRUE,FALSE,HD,SES181153,0,,,,,,,,,,,,,,,,,,,,,,,,,,,,,,,,,,,,,,,,,,,,,,,,,,,,,,,,,,,,,,,,,,,,,,,,,,,,,,,,,,,,,,,,,,,,,,,,,,,,,,,,,,,,,,,,,,,,,,,,,
EVT0001706,SUB00464,CNT00060,2023-02-10,17,Roku,13,75-99%,FALSE,FALSE,TRUE,HD,SES160899,0,,,,,,,,,,,,,,,,,,,,,,,,,,,,,,,,,,,,,,,,,,,,,,,,,,,,,,,,,,,,,,,,,,,,,,,,,,,,,,,,,,,,,,,,,,,,,,,,,,,,,,,,,,,,,,,,,,,,,,,,,
EVT0001707,SUB00379,CNT00078,2023-11-06,18,Smart TV,56,100%,TRUE,FALSE,TRUE,HD,SES376377,1,,,,,,,,,,,,,,,,,,,,,,,,,,,,,,,,,,,,,,,,,,,,,,,,,,,,,,,,,,,,,,,,,,,,,,,,,,,,,,,,,,,,,,,,,,,,,,,,,,,,,,,,,,,,,,,,,,,,,,,,,
EVT0001708,SUB00454,CNT00068,2024-06-08,10,Mobile,92,<25%,FALSE,FALSE,TRUE,SD,SES258269,0,,,,,,,,,,,,,,,,,,,,,,,,,,,,,,,,,,,,,,,,,,,,,,,,,,,,,,,,,,,,,,,,,,,,,,,,,,,,,,,,,,,,,,,,,,,,,,,,,,,,,,,,,,,,,,,,,,,,,,,,,
EVT0001709,SUB00608,CNT00001,2023-09-01,6,Fire TV,113,25-50%,FALSE,FALSE,FALSE,SD,SES673761,0,,,,,,,,,,,,,,,,,,,,,,,,,,,,,,,,,,,,,,,,,,,,,,,,,,,,,,,,,,,,,,,,,,,,,,,,,,,,,,,,,,,,,,,,,,,,,,,,,,,,,,,,,,,,,,,,,,,,,,,,,
EVT0001710,SUB00159,CNT00083,2023-04-13,22,Fire TV,54,100%,TRUE,FALSE,TRUE,HD,SES904274,1,,,,,,,,,,,,,,,,,,,,,,,,,,,,,,,,,,,,,,,,,,,,,,,,,,,,,,,,,,,,,,,,,,,,,,,,,,,,,,,,,,,,,,,,,,,,,,,,,,,,,,,,,,,,,,,,,,,,,,,,,
EVT0001711,SUB00028,CNT00063,2023-05-18,18,Desktop,96,<25%,FALSE,FALSE,TRUE,SD,SES149362,0,,,,,,,,,,,,,,,,,,,,,,,,,,,,,,,,,,,,,,,,,,,,,,,,,,,,,,,,,,,,,,,,,,,,,,,,,,,,,,,,,,,,,,,,,,,,,,,,,,,,,,,,,,,,,,,,,,,,,,,,,
EVT0001712,SUB00601,CNT00094,2024-04-10,23,Smart TV,54,100%,TRUE,FALSE,FALSE,HD,SES334780,1,,,,,,,,,,,,,,,,,,,,,,,,,,,,,,,,,,,,,,,,,,,,,,,,,,,,,,,,,,,,,,,,,,,,,,,,,,,,,,,,,,,,,,,,,,,,,,,,,,,,,,,,,,,,,,,,,,,,,,,,,
EVT0001713,SUB00524,CNT00056,2023-10-09,20,Mobile,36,100%,TRUE,FALSE,TRUE,SD,SES541160,1,,,,,,,,,,,,,,,,,,,,,,,,,,,,,,,,,,,,,,,,,,,,,,,,,,,,,,,,,,,,,,,,,,,,,,,,,,,,,,,,,,,,,,,,,,,,,,,,,,,,,,,,,,,,,,,,,,,,,,,,,
EVT0001714,SUB00336,CNT00079,2024-05-17,22,Fire TV,115,75-99%,FALSE,TRUE,TRUE,4K,SES471524,0,,,,,,,,,,,,,,,,,,,,,,,,,,,,,,,,,,,,,,,,,,,,,,,,,,,,,,,,,,,,,,,,,,,,,,,,,,,,,,,,,,,,,,,,,,,,,,,,,,,,,,,,,,,,,,,,,,,,,,,,,
EVT0001715,SUB00014,CNT00057,2024-04-01,9,Smart TV,112,50-75%,FALSE,FALSE,TRUE,SD,SES438590,0,,,,,,,,,,,,,,,,,,,,,,,,,,,,,,,,,,,,,,,,,,,,,,,,,,,,,,,,,,,,,,,,,,,,,,,,,,,,,,,,,,,,,,,,,,,,,,,,,,,,,,,,,,,,,,,,,,,,,,,,,
EVT0001716,SUB00349,CNT00088,2023-12-04,16,Desktop,91,100%,TRUE,TRUE,TRUE,HD,SES774976,1,,,,,,,,,,,,,,,,,,,,,,,,,,,,,,,,,,,,,,,,,,,,,,,,,,,,,,,,,,,,,,,,,,,,,,,,,,,,,,,,,,,,,,,,,,,,,,,,,,,,,,,,,,,,,,,,,,,,,,,,,
EVT0001717,SUB00538,CNT00078,2023-04-06,13,Roku,40,100%,TRUE,FALSE,TRUE,4K,SES146884,1,,,,,,,,,,,,,,,,,,,,,,,,,,,,,,,,,,,,,,,,,,,,,,,,,,,,,,,,,,,,,,,,,,,,,,,,,,,,,,,,,,,,,,,,,,,,,,,,,,,,,,,,,,,,,,,,,,,,,,,,,
EVT0001718,SUB00377,CNT00069,2023-11-15,8,Tablet,13,50-75%,FALSE,FALSE,TRUE,SD,SES783043,0,,,,,,,,,,,,,,,,,,,,,,,,,,,,,,,,,,,,,,,,,,,,,,,,,,,,,,,,,,,,,,,,,,,,,,,,,,,,,,,,,,,,,,,,,,,,,,,,,,,,,,,,,,,,,,,,,,,,,,,,,
EVT0001719,SUB00157,CNT00083,2023-04-15,7,Smart TV,56,100%,TRUE,FALSE,TRUE,SD,SES440052,1,,,,,,,,,,,,,,,,,,,,,,,,,,,,,,,,,,,,,,,,,,,,,,,,,,,,,,,,,,,,,,,,,,,,,,,,,,,,,,,,,,,,,,,,,,,,,,,,,,,,,,,,,,,,,,,,,,,,,,,,,
EVT0001720,SUB00547,CNT00096,2024-02-07,20,Desktop,84,<25%,FALSE,FALSE,FALSE,SD,SES249027,0,,,,,,,,,,,,,,,,,,,,,,,,,,,,,,,,,,,,,,,,,,,,,,,,,,,,,,,,,,,,,,,,,,,,,,,,,,,,,,,,,,,,,,,,,,,,,,,,,,,,,,,,,,,,,,,,,,,,,,,,,
EVT0001721,SUB00655,CNT00100,2023-08-26,17,Desktop,70,100%,TRUE,FALSE,TRUE,HD,SES596006,1,,,,,,,,,,,,,,,,,,,,,,,,,,,,,,,,,,,,,,,,,,,,,,,,,,,,,,,,,,,,,,,,,,,,,,,,,,,,,,,,,,,,,,,,,,,,,,,,,,,,,,,,,,,,,,,,,,,,,,,,,
EVT0001722,SUB00026,CNT00030,2023-10-28,19,Fire TV,114,100%,TRUE,FALSE,TRUE,SD,SES169618,1,,,,,,,,,,,,,,,,,,,,,,,,,,,,,,,,,,,,,,,,,,,,,,,,,,,,,,,,,,,,,,,,,,,,,,,,,,,,,,,,,,,,,,,,,,,,,,,,,,,,,,,,,,,,,,,,,,,,,,,,,
EVT0001723,SUB00224,CNT00079,2024-03-18,12,Desktop,69,50-75%,FALSE,FALSE,TRUE,SD,SES472314,0,,,,,,,,,,,,,,,,,,,,,,,,,,,,,,,,,,,,,,,,,,,,,,,,,,,,,,,,,,,,,,,,,,,,,,,,,,,,,,,,,,,,,,,,,,,,,,,,,,,,,,,,,,,,,,,,,,,,,,,,,
EVT0001724,SUB00375,CNT00021,2024-05-25,10,Fire TV,61,100%,TRUE,TRUE,TRUE,HD,SES512617,1,,,,,,,,,,,,,,,,,,,,,,,,,,,,,,,,,,,,,,,,,,,,,,,,,,,,,,,,,,,,,,,,,,,,,,,,,,,,,,,,,,,,,,,,,,,,,,,,,,,,,,,,,,,,,,,,,,,,,,,,,
EVT0001725,SUB00039,CNT00088,2023-08-02,23,Tablet,95,<25%,FALSE,FALSE,TRUE,HD,SES961557,0,,,,,,,,,,,,,,,,,,,,,,,,,,,,,,,,,,,,,,,,,,,,,,,,,,,,,,,,,,,,,,,,,,,,,,,,,,,,,,,,,,,,,,,,,,,,,,,,,,,,,,,,,,,,,,,,,,,,,,,,,
EVT0001726,SUB00233,CNT00007,2023-08-21,17,Mobile,75,75-99%,FALSE,FALSE,FALSE,4K,SES663655,0,,,,,,,,,,,,,,,,,,,,,,,,,,,,,,,,,,,,,,,,,,,,,,,,,,,,,,,,,,,,,,,,,,,,,,,,,,,,,,,,,,,,,,,,,,,,,,,,,,,,,,,,,,,,,,,,,,,,,,,,,
EVT0001727,SUB00598,CNT00050,2023-09-11,20,Smart TV,43,<25%,FALSE,FALSE,TRUE,HD,SES843460,0,,,,,,,,,,,,,,,,,,,,,,,,,,,,,,,,,,,,,,,,,,,,,,,,,,,,,,,,,,,,,,,,,,,,,,,,,,,,,,,,,,,,,,,,,,,,,,,,,,,,,,,,,,,,,,,,,,,,,,,,,
EVT0001728,SUB00399,CNT00018,2023-09-18,17,Roku,41,50-75%,FALSE,FALSE,TRUE,HD,SES380740,0,,,,,,,,,,,,,,,,,,,,,,,,,,,,,,,,,,,,,,,,,,,,,,,,,,,,,,,,,,,,,,,,,,,,,,,,,,,,,,,,,,,,,,,,,,,,,,,,,,,,,,,,,,,,,,,,,,,,,,,,,
EVT0001729,SUB00435,CNT00003,2023-04-28,11,Smart TV,14,50-75%,FALSE,FALSE,FALSE,SD,SES524137,0,,,,,,,,,,,,,,,,,,,,,,,,,,,,,,,,,,,,,,,,,,,,,,,,,,,,,,,,,,,,,,,,,,,,,,,,,,,,,,,,,,,,,,,,,,,,,,,,,,,,,,,,,,,,,,,,,,,,,,,,,
EVT0001730,SUB00662,CNT00037,2023-03-15,9,Smart TV,105,100%,TRUE,FALSE,TRUE,HD,SES505383,1,,,,,,,,,,,,,,,,,,,,,,,,,,,,,,,,,,,,,,,,,,,,,,,,,,,,,,,,,,,,,,,,,,,,,,,,,,,,,,,,,,,,,,,,,,,,,,,,,,,,,,,,,,,,,,,,,,,,,,,,,
EVT0001731,SUB00605,CNT00096,2023-03-01,21,Desktop,41,50-75%,FALSE,TRUE,FALSE,HD,SES720223,0,,,,,,,,,,,,,,,,,,,,,,,,,,,,,,,,,,,,,,,,,,,,,,,,,,,,,,,,,,,,,,,,,,,,,,,,,,,,,,,,,,,,,,,,,,,,,,,,,,,,,,,,,,,,,,,,,,,,,,,,,
EVT0001732,SUB00549,CNT00086,2023-05-09,13,Smart TV,103,100%,TRUE,TRUE,TRUE,HD,SES994164,1,,,,,,,,,,,,,,,,,,,,,,,,,,,,,,,,,,,,,,,,,,,,,,,,,,,,,,,,,,,,,,,,,,,,,,,,,,,,,,,,,,,,,,,,,,,,,,,,,,,,,,,,,,,,,,,,,,,,,,,,,
EVT0001733,SUB00031,CNT00083,2023-12-23,11,Mobile,76,100%,TRUE,TRUE,TRUE,HD,SES574396,1,,,,,,,,,,,,,,,,,,,,,,,,,,,,,,,,,,,,,,,,,,,,,,,,,,,,,,,,,,,,,,,,,,,,,,,,,,,,,,,,,,,,,,,,,,,,,,,,,,,,,,,,,,,,,,,,,,,,,,,,,
EVT0001734,SUB00127,CNT00049,2024-04-15,19,Desktop,14,100%,TRUE,TRUE,TRUE,4K,SES882872,1,,,,,,,,,,,,,,,,,,,,,,,,,,,,,,,,,,,,,,,,,,,,,,,,,,,,,,,,,,,,,,,,,,,,,,,,,,,,,,,,,,,,,,,,,,,,,,,,,,,,,,,,,,,,,,,,,,,,,,,,,
EVT0001735,SUB00247,CNT00006,2024-02-08,10,Smart TV,92,25-50%,FALSE,FALSE,TRUE,4K,SES743530,0,,,,,,,,,,,,,,,,,,,,,,,,,,,,,,,,,,,,,,,,,,,,,,,,,,,,,,,,,,,,,,,,,,,,,,,,,,,,,,,,,,,,,,,,,,,,,,,,,,,,,,,,,,,,,,,,,,,,,,,,,
EVT0001736,SUB00075,CNT00027,2023-02-10,19,Roku,33,100%,TRUE,FALSE,TRUE,4K,SES747177,1,,,,,,,,,,,,,,,,,,,,,,,,,,,,,,,,,,,,,,,,,,,,,,,,,,,,,,,,,,,,,,,,,,,,,,,,,,,,,,,,,,,,,,,,,,,,,,,,,,,,,,,,,,,,,,,,,,,,,,,,,
EVT0001737,SUB00097,CNT00058,2023-01-17,16,Smart TV,86,100%,TRUE,FALSE,TRUE,HD,SES226141,1,,,,,,,,,,,,,,,,,,,,,,,,,,,,,,,,,,,,,,,,,,,,,,,,,,,,,,,,,,,,,,,,,,,,,,,,,,,,,,,,,,,,,,,,,,,,,,,,,,,,,,,,,,,,,,,,,,,,,,,,,
EVT0001738,SUB00301,CNT00027,2023-10-08,17,Mobile,63,50-75%,FALSE,FALSE,TRUE,4K,SES555376,0,,,,,,,,,,,,,,,,,,,,,,,,,,,,,,,,,,,,,,,,,,,,,,,,,,,,,,,,,,,,,,,,,,,,,,,,,,,,,,,,,,,,,,,,,,,,,,,,,,,,,,,,,,,,,,,,,,,,,,,,,
EVT0001739,SUB00144,CNT00049,2023-11-11,9,Roku,54,100%,TRUE,TRUE,TRUE,HD,SES498049,1,,,,,,,,,,,,,,,,,,,,,,,,,,,,,,,,,,,,,,,,,,,,,,,,,,,,,,,,,,,,,,,,,,,,,,,,,,,,,,,,,,,,,,,,,,,,,,,,,,,,,,,,,,,,,,,,,,,,,,,,,
EVT0001740,SUB00069,CNT00097,2023-08-12,18,Roku,86,75-99%,FALSE,FALSE,TRUE,HD,SES894750,0,,,,,,,,,,,,,,,,,,,,,,,,,,,,,,,,,,,,,,,,,,,,,,,,,,,,,,,,,,,,,,,,,,,,,,,,,,,,,,,,,,,,,,,,,,,,,,,,,,,,,,,,,,,,,,,,,,,,,,,,,
EVT0001741,SUB00655,CNT00093,2023-06-11,14,Mobile,43,75-99%,FALSE,FALSE,TRUE,SD,SES326840,0,,,,,,,,,,,,,,,,,,,,,,,,,,,,,,,,,,,,,,,,,,,,,,,,,,,,,,,,,,,,,,,,,,,,,,,,,,,,,,,,,,,,,,,,,,,,,,,,,,,,,,,,,,,,,,,,,,,,,,,,,
EVT0001742,SUB00003,CNT00096,2023-11-28,16,Mobile,98,100%,TRUE,FALSE,TRUE,4K,SES917351,1,,,,,,,,,,,,,,,,,,,,,,,,,,,,,,,,,,,,,,,,,,,,,,,,,,,,,,,,,,,,,,,,,,,,,,,,,,,,,,,,,,,,,,,,,,,,,,,,,,,,,,,,,,,,,,,,,,,,,,,,,
EVT0001743,SUB00700,CNT00100,2023-10-23,10,Smart TV,73,75-99%,FALSE,FALSE,TRUE,HD,SES100832,0,,,,,,,,,,,,,,,,,,,,,,,,,,,,,,,,,,,,,,,,,,,,,,,,,,,,,,,,,,,,,,,,,,,,,,,,,,,,,,,,,,,,,,,,,,,,,,,,,,,,,,,,,,,,,,,,,,,,,,,,,
EVT0001744,SUB00481,CNT00030,2023-11-04,17,Tablet,53,<25%,FALSE,FALSE,FALSE,SD,SES491948,0,,,,,,,,,,,,,,,,,,,,,,,,,,,,,,,,,,,,,,,,,,,,,,,,,,,,,,,,,,,,,,,,,,,,,,,,,,,,,,,,,,,,,,,,,,,,,,,,,,,,,,,,,,,,,,,,,,,,,,,,,
EVT0001745,SUB00300,CNT00026,2024-05-08,8,Mobile,38,25-50%,FALSE,FALSE,FALSE,HD,SES651533,0,,,,,,,,,,,,,,,,,,,,,,,,,,,,,,,,,,,,,,,,,,,,,,,,,,,,,,,,,,,,,,,,,,,,,,,,,,,,,,,,,,,,,,,,,,,,,,,,,,,,,,,,,,,,,,,,,,,,,,,,,
EVT0001746,SUB00478,CNT00041,2024-06-13,10,Fire TV,6,50-75%,FALSE,FALSE,TRUE,HD,SES437883,0,,,,,,,,,,,,,,,,,,,,,,,,,,,,,,,,,,,,,,,,,,,,,,,,,,,,,,,,,,,,,,,,,,,,,,,,,,,,,,,,,,,,,,,,,,,,,,,,,,,,,,,,,,,,,,,,,,,,,,,,,
EVT0001747,SUB00250,CNT00084,2023-10-20,9,Roku,29,75-99%,FALSE,TRUE,FALSE,HD,SES943465,0,,,,,,,,,,,,,,,,,,,,,,,,,,,,,,,,,,,,,,,,,,,,,,,,,,,,,,,,,,,,,,,,,,,,,,,,,,,,,,,,,,,,,,,,,,,,,,,,,,,,,,,,,,,,,,,,,,,,,,,,,
EVT0001748,SUB00515,CNT00035,2024-01-18,23,Desktop,36,100%,TRUE,TRUE,TRUE,HD,SES710582,1,,,,,,,,,,,,,,,,,,,,,,,,,,,,,,,,,,,,,,,,,,,,,,,,,,,,,,,,,,,,,,,,,,,,,,,,,,,,,,,,,,,,,,,,,,,,,,,,,,,,,,,,,,,,,,,,,,,,,,,,,
EVT0001749,SUB00333,CNT00015,2023-03-28,19,Desktop,73,50-75%,FALSE,FALSE,TRUE,SD,SES939057,0,,,,,,,,,,,,,,,,,,,,,,,,,,,,,,,,,,,,,,,,,,,,,,,,,,,,,,,,,,,,,,,,,,,,,,,,,,,,,,,,,,,,,,,,,,,,,,,,,,,,,,,,,,,,,,,,,,,,,,,,,
EVT0001750,SUB00498,CNT00010,2023-01-16,9,Mobile,83,75-99%,FALSE,FALSE,TRUE,HD,SES435631,0,,,,,,,,,,,,,,,,,,,,,,,,,,,,,,,,,,,,,,,,,,,,,,,,,,,,,,,,,,,,,,,,,,,,,,,,,,,,,,,,,,,,,,,,,,,,,,,,,,,,,,,,,,,,,,,,,,,,,,,,,
EVT0001751,SUB00309,CNT00002,2024-03-09,19,Fire TV,75,100%,TRUE,FALSE,TRUE,HD,SES548595,1,,,,,,,,,,,,,,,,,,,,,,,,,,,,,,,,,,,,,,,,,,,,,,,,,,,,,,,,,,,,,,,,,,,,,,,,,,,,,,,,,,,,,,,,,,,,,,,,,,,,,,,,,,,,,,,,,,,,,,,,,
EVT0001752,SUB00251,CNT00093,2023-07-22,14,Smart TV,95,<25%,FALSE,FALSE,TRUE,SD,SES523880,0,,,,,,,,,,,,,,,,,,,,,,,,,,,,,,,,,,,,,,,,,,,,,,,,,,,,,,,,,,,,,,,,,,,,,,,,,,,,,,,,,,,,,,,,,,,,,,,,,,,,,,,,,,,,,,,,,,,,,,,,,
EVT0001753,SUB00055,CNT00012,2023-02-04,22,Desktop,116,25-50%,FALSE,FALSE,FALSE,4K,SES829153,0,,,,,,,,,,,,,,,,,,,,,,,,,,,,,,,,,,,,,,,,,,,,,,,,,,,,,,,,,,,,,,,,,,,,,,,,,,,,,,,,,,,,,,,,,,,,,,,,,,,,,,,,,,,,,,,,,,,,,,,,,
EVT0001754,SUB00692,CNT00088,2023-01-20,15,Fire TV,17,25-50%,FALSE,TRUE,TRUE,HD,SES128635,0,,,,,,,,,,,,,,,,,,,,,,,,,,,,,,,,,,,,,,,,,,,,,,,,,,,,,,,,,,,,,,,,,,,,,,,,,,,,,,,,,,,,,,,,,,,,,,,,,,,,,,,,,,,,,,,,,,,,,,,,,
EVT0001755,SUB00419,CNT00014,2024-02-18,14,Tablet,99,50-75%,FALSE,FALSE,FALSE,HD,SES120020,0,,,,,,,,,,,,,,,,,,,,,,,,,,,,,,,,,,,,,,,,,,,,,,,,,,,,,,,,,,,,,,,,,,,,,,,,,,,,,,,,,,,,,,,,,,,,,,,,,,,,,,,,,,,,,,,,,,,,,,,,,
EVT0001756,SUB00412,CNT00032,2023-04-08,22,Smart TV,21,50-75%,FALSE,TRUE,TRUE,4K,SES139172,0,,,,,,,,,,,,,,,,,,,,,,,,,,,,,,,,,,,,,,,,,,,,,,,,,,,,,,,,,,,,,,,,,,,,,,,,,,,,,,,,,,,,,,,,,,,,,,,,,,,,,,,,,,,,,,,,,,,,,,,,,
EVT0001757,SUB00328,CNT00063,2023-02-02,11,Mobile,52,25-50%,FALSE,FALSE,TRUE,SD,SES200249,0,,,,,,,,,,,,,,,,,,,,,,,,,,,,,,,,,,,,,,,,,,,,,,,,,,,,,,,,,,,,,,,,,,,,,,,,,,,,,,,,,,,,,,,,,,,,,,,,,,,,,,,,,,,,,,,,,,,,,,,,,
EVT0001758,SUB00078,CNT00066,2023-02-17,15,Smart TV,33,50-75%,FALSE,FALSE,TRUE,HD,SES338891,0,,,,,,,,,,,,,,,,,,,,,,,,,,,,,,,,,,,,,,,,,,,,,,,,,,,,,,,,,,,,,,,,,,,,,,,,,,,,,,,,,,,,,,,,,,,,,,,,,,,,,,,,,,,,,,,,,,,,,,,,,
EVT0001759,SUB00373,CNT00049,2023-06-28,9,Smart TV,25,100%,TRUE,TRUE,FALSE,HD,SES366509,1,,,,,,,,,,,,,,,,,,,,,,,,,,,,,,,,,,,,,,,,,,,,,,,,,,,,,,,,,,,,,,,,,,,,,,,,,,,,,,,,,,,,,,,,,,,,,,,,,,,,,,,,,,,,,,,,,,,,,,,,,
EVT0001760,SUB00422,CNT00043,2023-12-10,15,Smart TV,69,25-50%,FALSE,FALSE,TRUE,4K,SES739014,0,,,,,,,,,,,,,,,,,,,,,,,,,,,,,,,,,,,,,,,,,,,,,,,,,,,,,,,,,,,,,,,,,,,,,,,,,,,,,,,,,,,,,,,,,,,,,,,,,,,,,,,,,,,,,,,,,,,,,,,,,
EVT0001761,SUB00439,CNT00023,2024-03-29,22,Desktop,59,50-75%,FALSE,TRUE,TRUE,HD,SES881632,0,,,,,,,,,,,,,,,,,,,,,,,,,,,,,,,,,,,,,,,,,,,,,,,,,,,,,,,,,,,,,,,,,,,,,,,,,,,,,,,,,,,,,,,,,,,,,,,,,,,,,,,,,,,,,,,,,,,,,,,,,
EVT0001762,SUB00598,CNT00032,2023-02-25,20,Fire TV,90,75-99%,FALSE,FALSE,FALSE,HD,SES390170,0,,,,,,,,,,,,,,,,,,,,,,,,,,,,,,,,,,,,,,,,,,,,,,,,,,,,,,,,,,,,,,,,,,,,,,,,,,,,,,,,,,,,,,,,,,,,,,,,,,,,,,,,,,,,,,,,,,,,,,,,,
EVT0001763,SUB00182,CNT00030,2024-01-05,8,Tablet,93,75-99%,FALSE,TRUE,TRUE,HD,SES488944,0,,,,,,,,,,,,,,,,,,,,,,,,,,,,,,,,,,,,,,,,,,,,,,,,,,,,,,,,,,,,,,,,,,,,,,,,,,,,,,,,,,,,,,,,,,,,,,,,,,,,,,,,,,,,,,,,,,,,,,,,,
EVT0001764,SUB00577,CNT00035,2023-12-07,18,Smart TV,52,75-99%,FALSE,TRUE,FALSE,HD,SES163521,0,,,,,,,,,,,,,,,,,,,,,,,,,,,,,,,,,,,,,,,,,,,,,,,,,,,,,,,,,,,,,,,,,,,,,,,,,,,,,,,,,,,,,,,,,,,,,,,,,,,,,,,,,,,,,,,,,,,,,,,,,
EVT0001765,SUB00427,CNT00030,2024-03-02,17,Smart TV,36,75-99%,FALSE,FALSE,FALSE,4K,SES266989,0,,,,,,,,,,,,,,,,,,,,,,,,,,,,,,,,,,,,,,,,,,,,,,,,,,,,,,,,,,,,,,,,,,,,,,,,,,,,,,,,,,,,,,,,,,,,,,,,,,,,,,,,,,,,,,,,,,,,,,,,,
EVT0001766,SUB00453,CNT00035,2023-10-23,18,Desktop,97,100%,TRUE,FALSE,FALSE,HD,SES454485,1,,,,,,,,,,,,,,,,,,,,,,,,,,,,,,,,,,,,,,,,,,,,,,,,,,,,,,,,,,,,,,,,,,,,,,,,,,,,,,,,,,,,,,,,,,,,,,,,,,,,,,,,,,,,,,,,,,,,,,,,,
EVT0001767,SUB00575,CNT00089,2023-08-02,19,Smart TV,102,100%,TRUE,FALSE,FALSE,HD,SES455555,1,,,,,,,,,,,,,,,,,,,,,,,,,,,,,,,,,,,,,,,,,,,,,,,,,,,,,,,,,,,,,,,,,,,,,,,,,,,,,,,,,,,,,,,,,,,,,,,,,,,,,,,,,,,,,,,,,,,,,,,,,
EVT0001768,SUB00158,CNT00047,2023-09-13,10,Tablet,18,75-99%,FALSE,FALSE,TRUE,SD,SES264263,0,,,,,,,,,,,,,,,,,,,,,,,,,,,,,,,,,,,,,,,,,,,,,,,,,,,,,,,,,,,,,,,,,,,,,,,,,,,,,,,,,,,,,,,,,,,,,,,,,,,,,,,,,,,,,,,,,,,,,,,,,
EVT0001769,SUB00661,CNT00054,2024-04-13,23,Smart TV,46,100%,TRUE,FALSE,TRUE,4K,SES530780,1,,,,,,,,,,,,,,,,,,,,,,,,,,,,,,,,,,,,,,,,,,,,,,,,,,,,,,,,,,,,,,,,,,,,,,,,,,,,,,,,,,,,,,,,,,,,,,,,,,,,,,,,,,,,,,,,,,,,,,,,,
EVT0001770,SUB00513,CNT00032,2023-12-03,6,Desktop,105,100%,TRUE,TRUE,TRUE,HD,SES254261,1,,,,,,,,,,,,,,,,,,,,,,,,,,,,,,,,,,,,,,,,,,,,,,,,,,,,,,,,,,,,,,,,,,,,,,,,,,,,,,,,,,,,,,,,,,,,,,,,,,,,,,,,,,,,,,,,,,,,,,,,,
EVT0001771,SUB00580,CNT00082,2023-10-31,23,Fire TV,14,50-75%,FALSE,FALSE,TRUE,4K,SES335513,0,,,,,,,,,,,,,,,,,,,,,,,,,,,,,,,,,,,,,,,,,,,,,,,,,,,,,,,,,,,,,,,,,,,,,,,,,,,,,,,,,,,,,,,,,,,,,,,,,,,,,,,,,,,,,,,,,,,,,,,,,
EVT0001772,SUB00086,CNT00098,2024-05-27,12,Fire TV,64,100%,TRUE,TRUE,TRUE,HD,SES124244,1,,,,,,,,,,,,,,,,,,,,,,,,,,,,,,,,,,,,,,,,,,,,,,,,,,,,,,,,,,,,,,,,,,,,,,,,,,,,,,,,,,,,,,,,,,,,,,,,,,,,,,,,,,,,,,,,,,,,,,,,,
EVT0001773,SUB00214,CNT00049,2024-05-24,11,Mobile,17,<25%,FALSE,FALSE,FALSE,HD,SES544189,0,,,,,,,,,,,,,,,,,,,,,,,,,,,,,,,,,,,,,,,,,,,,,,,,,,,,,,,,,,,,,,,,,,,,,,,,,,,,,,,,,,,,,,,,,,,,,,,,,,,,,,,,,,,,,,,,,,,,,,,,,
EVT0001774,SUB00568,CNT00003,2024-05-08,10,Desktop,98,100%,TRUE,FALSE,FALSE,HD,SES223548,1,,,,,,,,,,,,,,,,,,,,,,,,,,,,,,,,,,,,,,,,,,,,,,,,,,,,,,,,,,,,,,,,,,,,,,,,,,,,,,,,,,,,,,,,,,,,,,,,,,,,,,,,,,,,,,,,,,,,,,,,,
EVT0001775,SUB00126,CNT00051,2023-05-15,15,Desktop,55,100%,TRUE,TRUE,TRUE,4K,SES979051,1,,,,,,,,,,,,,,,,,,,,,,,,,,,,,,,,,,,,,,,,,,,,,,,,,,,,,,,,,,,,,,,,,,,,,,,,,,,,,,,,,,,,,,,,,,,,,,,,,,,,,,,,,,,,,,,,,,,,,,,,,
EVT0001776,SUB00593,CNT00082,2023-05-28,15,Tablet,101,25-50%,FALSE,FALSE,TRUE,HD,SES726888,0,,,,,,,,,,,,,,,,,,,,,,,,,,,,,,,,,,,,,,,,,,,,,,,,,,,,,,,,,,,,,,,,,,,,,,,,,,,,,,,,,,,,,,,,,,,,,,,,,,,,,,,,,,,,,,,,,,,,,,,,,
EVT0001777,SUB00472,CNT00063,2023-04-22,15,Mobile,32,100%,TRUE,FALSE,FALSE,4K,SES630188,1,,,,,,,,,,,,,,,,,,,,,,,,,,,,,,,,,,,,,,,,,,,,,,,,,,,,,,,,,,,,,,,,,,,,,,,,,,,,,,,,,,,,,,,,,,,,,,,,,,,,,,,,,,,,,,,,,,,,,,,,,
EVT0001778,SUB00684,CNT00076,2023-03-23,18,Fire TV,42,75-99%,FALSE,FALSE,TRUE,SD,SES750559,0,,,,,,,,,,,,,,,,,,,,,,,,,,,,,,,,,,,,,,,,,,,,,,,,,,,,,,,,,,,,,,,,,,,,,,,,,,,,,,,,,,,,,,,,,,,,,,,,,,,,,,,,,,,,,,,,,,,,,,,,,
EVT0001779,SUB00463,CNT00004,2024-02-24,23,Smart TV,32,75-99%,FALSE,FALSE,TRUE,HD,SES216326,0,,,,,,,,,,,,,,,,,,,,,,,,,,,,,,,,,,,,,,,,,,,,,,,,,,,,,,,,,,,,,,,,,,,,,,,,,,,,,,,,,,,,,,,,,,,,,,,,,,,,,,,,,,,,,,,,,,,,,,,,,
EVT0001780,SUB00108,CNT00014,2023-02-03,6,Mobile,56,25-50%,FALSE,FALSE,TRUE,HD,SES730856,0,,,,,,,,,,,,,,,,,,,,,,,,,,,,,,,,,,,,,,,,,,,,,,,,,,,,,,,,,,,,,,,,,,,,,,,,,,,,,,,,,,,,,,,,,,,,,,,,,,,,,,,,,,,,,,,,,,,,,,,,,
EVT0001781,SUB00600,CNT00083,2023-10-06,13,Smart TV,39,<25%,FALSE,FALSE,TRUE,HD,SES798229,0,,,,,,,,,,,,,,,,,,,,,,,,,,,,,,,,,,,,,,,,,,,,,,,,,,,,,,,,,,,,,,,,,,,,,,,,,,,,,,,,,,,,,,,,,,,,,,,,,,,,,,,,,,,,,,,,,,,,,,,,,
EVT0001782,SUB00494,CNT00027,2024-03-05,14,Roku,106,100%,TRUE,TRUE,TRUE,SD,SES965625,1,,,,,,,,,,,,,,,,,,,,,,,,,,,,,,,,,,,,,,,,,,,,,,,,,,,,,,,,,,,,,,,,,,,,,,,,,,,,,,,,,,,,,,,,,,,,,,,,,,,,,,,,,,,,,,,,,,,,,,,,,
EVT0001783,SUB00091,CNT00010,2023-09-29,21,Roku,32,100%,TRUE,TRUE,TRUE,4K,SES670848,1,,,,,,,,,,,,,,,,,,,,,,,,,,,,,,,,,,,,,,,,,,,,,,,,,,,,,,,,,,,,,,,,,,,,,,,,,,,,,,,,,,,,,,,,,,,,,,,,,,,,,,,,,,,,,,,,,,,,,,,,,
EVT0001784,SUB00107,CNT00037,2023-04-04,8,Mobile,11,100%,TRUE,FALSE,FALSE,HD,SES140530,1,,,,,,,,,,,,,,,,,,,,,,,,,,,,,,,,,,,,,,,,,,,,,,,,,,,,,,,,,,,,,,,,,,,,,,,,,,,,,,,,,,,,,,,,,,,,,,,,,,,,,,,,,,,,,,,,,,,,,,,,,
EVT0001785,SUB00543,CNT00054,2023-06-04,9,Desktop,74,100%,TRUE,TRUE,FALSE,SD,SES751002,1,,,,,,,,,,,,,,,,,,,,,,,,,,,,,,,,,,,,,,,,,,,,,,,,,,,,,,,,,,,,,,,,,,,,,,,,,,,,,,,,,,,,,,,,,,,,,,,,,,,,,,,,,,,,,,,,,,,,,,,,,
EVT0001786,SUB00253,CNT00008,2023-02-10,12,Tablet,69,100%,TRUE,FALSE,TRUE,4K,SES680404,1,,,,,,,,,,,,,,,,,,,,,,,,,,,,,,,,,,,,,,,,,,,,,,,,,,,,,,,,,,,,,,,,,,,,,,,,,,,,,,,,,,,,,,,,,,,,,,,,,,,,,,,,,,,,,,,,,,,,,,,,,
EVT0001787,SUB00160,CNT00027,2023-09-25,8,Desktop,12,50-75%,FALSE,FALSE,TRUE,HD,SES803908,0,,,,,,,,,,,,,,,,,,,,,,,,,,,,,,,,,,,,,,,,,,,,,,,,,,,,,,,,,,,,,,,,,,,,,,,,,,,,,,,,,,,,,,,,,,,,,,,,,,,,,,,,,,,,,,,,,,,,,,,,,
EVT0001788,SUB00498,CNT00076,2023-04-09,23,Desktop,12,<25%,FALSE,TRUE,TRUE,HD,SES203685,0,,,,,,,,,,,,,,,,,,,,,,,,,,,,,,,,,,,,,,,,,,,,,,,,,,,,,,,,,,,,,,,,,,,,,,,,,,,,,,,,,,,,,,,,,,,,,,,,,,,,,,,,,,,,,,,,,,,,,,,,,
EVT0001789,SUB00508,CNT00036,2023-03-30,9,Roku,92,100%,TRUE,FALSE,TRUE,HD,SES418195,1,,,,,,,,,,,,,,,,,,,,,,,,,,,,,,,,,,,,,,,,,,,,,,,,,,,,,,,,,,,,,,,,,,,,,,,,,,,,,,,,,,,,,,,,,,,,,,,,,,,,,,,,,,,,,,,,,,,,,,,,,
EVT0001790,SUB00686,CNT00021,2024-04-20,22,Roku,107,100%,TRUE,FALSE,TRUE,4K,SES196485,1,,,,,,,,,,,,,,,,,,,,,,,,,,,,,,,,,,,,,,,,,,,,,,,,,,,,,,,,,,,,,,,,,,,,,,,,,,,,,,,,,,,,,,,,,,,,,,,,,,,,,,,,,,,,,,,,,,,,,,,,,
EVT0001791,SUB00136,CNT00059,2023-05-03,15,Tablet,22,100%,TRUE,FALSE,FALSE,SD,SES910137,1,,,,,,,,,,,,,,,,,,,,,,,,,,,,,,,,,,,,,,,,,,,,,,,,,,,,,,,,,,,,,,,,,,,,,,,,,,,,,,,,,,,,,,,,,,,,,,,,,,,,,,,,,,,,,,,,,,,,,,,,,
EVT0001792,SUB00447,CNT00066,2023-08-07,18,Tablet,115,75-99%,FALSE,FALSE,TRUE,HD,SES175232,0,,,,,,,,,,,,,,,,,,,,,,,,,,,,,,,,,,,,,,,,,,,,,,,,,,,,,,,,,,,,,,,,,,,,,,,,,,,,,,,,,,,,,,,,,,,,,,,,,,,,,,,,,,,,,,,,,,,,,,,,,
EVT0001793,SUB00568,CNT00011,2023-09-02,21,Tablet,83,<25%,FALSE,TRUE,FALSE,HD,SES228046,0,,,,,,,,,,,,,,,,,,,,,,,,,,,,,,,,,,,,,,,,,,,,,,,,,,,,,,,,,,,,,,,,,,,,,,,,,,,,,,,,,,,,,,,,,,,,,,,,,,,,,,,,,,,,,,,,,,,,,,,,,
EVT0001794,SUB00174,CNT00036,2023-10-21,15,Mobile,14,25-50%,FALSE,FALSE,TRUE,SD,SES451813,0,,,,,,,,,,,,,,,,,,,,,,,,,,,,,,,,,,,,,,,,,,,,,,,,,,,,,,,,,,,,,,,,,,,,,,,,,,,,,,,,,,,,,,,,,,,,,,,,,,,,,,,,,,,,,,,,,,,,,,,,,
EVT0001795,SUB00340,CNT00064,2023-08-12,11,Desktop,13,100%,TRUE,FALSE,FALSE,4K,SES953696,1,,,,,,,,,,,,,,,,,,,,,,,,,,,,,,,,,,,,,,,,,,,,,,,,,,,,,,,,,,,,,,,,,,,,,,,,,,,,,,,,,,,,,,,,,,,,,,,,,,,,,,,,,,,,,,,,,,,,,,,,,
EVT0001796,SUB00346,CNT00033,2023-12-19,21,Fire TV,44,25-50%,FALSE,TRUE,TRUE,HD,SES763745,0,,,,,,,,,,,,,,,,,,,,,,,,,,,,,,,,,,,,,,,,,,,,,,,,,,,,,,,,,,,,,,,,,,,,,,,,,,,,,,,,,,,,,,,,,,,,,,,,,,,,,,,,,,,,,,,,,,,,,,,,,
EVT0001797,SUB00290,CNT00009,2024-01-08,20,Roku,74,100%,TRUE,FALSE,FALSE,HD,SES389320,1,,,,,,,,,,,,,,,,,,,,,,,,,,,,,,,,,,,,,,,,,,,,,,,,,,,,,,,,,,,,,,,,,,,,,,,,,,,,,,,,,,,,,,,,,,,,,,,,,,,,,,,,,,,,,,,,,,,,,,,,,
EVT0001798,SUB00539,CNT00046,2024-06-17,15,Roku,77,75-99%,FALSE,FALSE,TRUE,SD,SES132113,0,,,,,,,,,,,,,,,,,,,,,,,,,,,,,,,,,,,,,,,,,,,,,,,,,,,,,,,,,,,,,,,,,,,,,,,,,,,,,,,,,,,,,,,,,,,,,,,,,,,,,,,,,,,,,,,,,,,,,,,,,
EVT0001799,SUB00109,CNT00081,2024-01-14,16,Desktop,62,100%,TRUE,FALSE,FALSE,HD,SES318321,1,,,,,,,,,,,,,,,,,,,,,,,,,,,,,,,,,,,,,,,,,,,,,,,,,,,,,,,,,,,,,,,,,,,,,,,,,,,,,,,,,,,,,,,,,,,,,,,,,,,,,,,,,,,,,,,,,,,,,,,,,
EVT0001800,SUB00373,CNT00038,2024-01-10,11,Desktop,86,100%,TRUE,FALSE,TRUE,HD,SES263643,1,,,,,,,,,,,,,,,,,,,,,,,,,,,,,,,,,,,,,,,,,,,,,,,,,,,,,,,,,,,,,,,,,,,,,,,,,,,,,,,,,,,,,,,,,,,,,,,,,,,,,,,,,,,,,,,,,,,,,,,,,
EVT0001801,SUB00414,CNT00076,2024-02-04,17,Mobile,38,75-99%,FALSE,FALSE,TRUE,HD,SES123650,0,,,,,,,,,,,,,,,,,,,,,,,,,,,,,,,,,,,,,,,,,,,,,,,,,,,,,,,,,,,,,,,,,,,,,,,,,,,,,,,,,,,,,,,,,,,,,,,,,,,,,,,,,,,,,,,,,,,,,,,,,
EVT0001802,SUB00085,CNT00076,2023-02-13,9,Smart TV,5,100%,TRUE,FALSE,FALSE,HD,SES288777,1,,,,,,,,,,,,,,,,,,,,,,,,,,,,,,,,,,,,,,,,,,,,,,,,,,,,,,,,,,,,,,,,,,,,,,,,,,,,,,,,,,,,,,,,,,,,,,,,,,,,,,,,,,,,,,,,,,,,,,,,,
EVT0001803,SUB00042,CNT00066,2023-09-24,9,Mobile,5,75-99%,FALSE,FALSE,TRUE,HD,SES667799,0,,,,,,,,,,,,,,,,,,,,,,,,,,,,,,,,,,,,,,,,,,,,,,,,,,,,,,,,,,,,,,,,,,,,,,,,,,,,,,,,,,,,,,,,,,,,,,,,,,,,,,,,,,,,,,,,,,,,,,,,,
EVT0001804,SUB00689,CNT00065,2023-03-02,23,Smart TV,5,75-99%,FALSE,FALSE,TRUE,HD,SES301509,0,,,,,,,,,,,,,,,,,,,,,,,,,,,,,,,,,,,,,,,,,,,,,,,,,,,,,,,,,,,,,,,,,,,,,,,,,,,,,,,,,,,,,,,,,,,,,,,,,,,,,,,,,,,,,,,,,,,,,,,,,
EVT0001805,SUB00114,CNT00050,2024-05-28,13,Smart TV,75,25-50%,FALSE,TRUE,TRUE,HD,SES683077,0,,,,,,,,,,,,,,,,,,,,,,,,,,,,,,,,,,,,,,,,,,,,,,,,,,,,,,,,,,,,,,,,,,,,,,,,,,,,,,,,,,,,,,,,,,,,,,,,,,,,,,,,,,,,,,,,,,,,,,,,,
EVT0001806,SUB00291,CNT00028,2023-06-08,10,Roku,29,75-99%,FALSE,FALSE,FALSE,HD,SES724422,0,,,,,,,,,,,,,,,,,,,,,,,,,,,,,,,,,,,,,,,,,,,,,,,,,,,,,,,,,,,,,,,,,,,,,,,,,,,,,,,,,,,,,,,,,,,,,,,,,,,,,,,,,,,,,,,,,,,,,,,,,
EVT0001807,SUB00033,CNT00048,2023-11-01,23,Tablet,62,<25%,FALSE,FALSE,TRUE,HD,SES491145,0,,,,,,,,,,,,,,,,,,,,,,,,,,,,,,,,,,,,,,,,,,,,,,,,,,,,,,,,,,,,,,,,,,,,,,,,,,,,,,,,,,,,,,,,,,,,,,,,,,,,,,,,,,,,,,,,,,,,,,,,,
EVT0001808,SUB00119,CNT00045,2023-04-15,16,Smart TV,45,100%,TRUE,FALSE,TRUE,HD,SES903359,1,,,,,,,,,,,,,,,,,,,,,,,,,,,,,,,,,,,,,,,,,,,,,,,,,,,,,,,,,,,,,,,,,,,,,,,,,,,,,,,,,,,,,,,,,,,,,,,,,,,,,,,,,,,,,,,,,,,,,,,,,
EVT0001809,SUB00607,CNT00087,2024-06-27,19,Tablet,20,<25%,FALSE,FALSE,FALSE,4K,SES613146,0,,,,,,,,,,,,,,,,,,,,,,,,,,,,,,,,,,,,,,,,,,,,,,,,,,,,,,,,,,,,,,,,,,,,,,,,,,,,,,,,,,,,,,,,,,,,,,,,,,,,,,,,,,,,,,,,,,,,,,,,,
EVT0001810,SUB00614,CNT00068,2023-02-11,10,Roku,7,50-75%,FALSE,TRUE,TRUE,4K,SES207297,0,,,,,,,,,,,,,,,,,,,,,,,,,,,,,,,,,,,,,,,,,,,,,,,,,,,,,,,,,,,,,,,,,,,,,,,,,,,,,,,,,,,,,,,,,,,,,,,,,,,,,,,,,,,,,,,,,,,,,,,,,
EVT0001811,SUB00338,CNT00048,2023-10-22,10,Roku,102,100%,TRUE,TRUE,FALSE,4K,SES401896,1,,,,,,,,,,,,,,,,,,,,,,,,,,,,,,,,,,,,,,,,,,,,,,,,,,,,,,,,,,,,,,,,,,,,,,,,,,,,,,,,,,,,,,,,,,,,,,,,,,,,,,,,,,,,,,,,,,,,,,,,,
EVT0001812,SUB00570,CNT00059,2024-04-25,10,Roku,9,50-75%,FALSE,TRUE,TRUE,HD,SES806881,0,,,,,,,,,,,,,,,,,,,,,,,,,,,,,,,,,,,,,,,,,,,,,,,,,,,,,,,,,,,,,,,,,,,,,,,,,,,,,,,,,,,,,,,,,,,,,,,,,,,,,,,,,,,,,,,,,,,,,,,,,
EVT0001813,SUB00024,CNT00071,2023-08-17,23,Fire TV,95,75-99%,FALSE,TRUE,FALSE,HD,SES587230,0,,,,,,,,,,,,,,,,,,,,,,,,,,,,,,,,,,,,,,,,,,,,,,,,,,,,,,,,,,,,,,,,,,,,,,,,,,,,,,,,,,,,,,,,,,,,,,,,,,,,,,,,,,,,,,,,,,,,,,,,,
EVT0001814,SUB00684,CNT00025,2023-04-29,20,Tablet,120,100%,TRUE,TRUE,FALSE,HD,SES725225,1,,,,,,,,,,,,,,,,,,,,,,,,,,,,,,,,,,,,,,,,,,,,,,,,,,,,,,,,,,,,,,,,,,,,,,,,,,,,,,,,,,,,,,,,,,,,,,,,,,,,,,,,,,,,,,,,,,,,,,,,,
EVT0001815,SUB00327,CNT00071,2023-01-15,17,Desktop,105,50-75%,FALSE,FALSE,FALSE,HD,SES420928,0,,,,,,,,,,,,,,,,,,,,,,,,,,,,,,,,,,,,,,,,,,,,,,,,,,,,,,,,,,,,,,,,,,,,,,,,,,,,,,,,,,,,,,,,,,,,,,,,,,,,,,,,,,,,,,,,,,,,,,,,,
EVT0001816,SUB00558,CNT00024,2023-01-22,6,Desktop,82,100%,TRUE,FALSE,FALSE,SD,SES822962,1,,,,,,,,,,,,,,,,,,,,,,,,,,,,,,,,,,,,,,,,,,,,,,,,,,,,,,,,,,,,,,,,,,,,,,,,,,,,,,,,,,,,,,,,,,,,,,,,,,,,,,,,,,,,,,,,,,,,,,,,,
EVT0001817,SUB00368,CNT00067,2023-11-02,23,Desktop,6,100%,TRUE,FALSE,TRUE,SD,SES507379,1,,,,,,,,,,,,,,,,,,,,,,,,,,,,,,,,,,,,,,,,,,,,,,,,,,,,,,,,,,,,,,,,,,,,,,,,,,,,,,,,,,,,,,,,,,,,,,,,,,,,,,,,,,,,,,,,,,,,,,,,,
EVT0001818,SUB00431,CNT00030,2023-12-06,14,Tablet,61,75-99%,FALSE,TRUE,TRUE,HD,SES433811,0,,,,,,,,,,,,,,,,,,,,,,,,,,,,,,,,,,,,,,,,,,,,,,,,,,,,,,,,,,,,,,,,,,,,,,,,,,,,,,,,,,,,,,,,,,,,,,,,,,,,,,,,,,,,,,,,,,,,,,,,,
EVT0001819,SUB00455,CNT00029,2023-05-28,23,Mobile,43,75-99%,FALSE,FALSE,FALSE,SD,SES246814,0,,,,,,,,,,,,,,,,,,,,,,,,,,,,,,,,,,,,,,,,,,,,,,,,,,,,,,,,,,,,,,,,,,,,,,,,,,,,,,,,,,,,,,,,,,,,,,,,,,,,,,,,,,,,,,,,,,,,,,,,,
EVT0001820,SUB00226,CNT00066,2024-01-02,21,Fire TV,56,50-75%,FALSE,FALSE,FALSE,HD,SES771243,0,,,,,,,,,,,,,,,,,,,,,,,,,,,,,,,,,,,,,,,,,,,,,,,,,,,,,,,,,,,,,,,,,,,,,,,,,,,,,,,,,,,,,,,,,,,,,,,,,,,,,,,,,,,,,,,,,,,,,,,,,
EVT0001821,SUB00303,CNT00055,2024-02-12,21,Smart TV,46,100%,TRUE,TRUE,FALSE,4K,SES808116,1,,,,,,,,,,,,,,,,,,,,,,,,,,,,,,,,,,,,,,,,,,,,,,,,,,,,,,,,,,,,,,,,,,,,,,,,,,,,,,,,,,,,,,,,,,,,,,,,,,,,,,,,,,,,,,,,,,,,,,,,,
EVT0001822,SUB00247,CNT00033,2023-07-08,15,Roku,5,25-50%,FALSE,TRUE,TRUE,SD,SES576440,0,,,,,,,,,,,,,,,,,,,,,,,,,,,,,,,,,,,,,,,,,,,,,,,,,,,,,,,,,,,,,,,,,,,,,,,,,,,,,,,,,,,,,,,,,,,,,,,,,,,,,,,,,,,,,,,,,,,,,,,,,
EVT0001823,SUB00316,CNT00040,2023-05-10,18,Roku,18,50-75%,FALSE,FALSE,FALSE,4K,SES430642,0,,,,,,,,,,,,,,,,,,,,,,,,,,,,,,,,,,,,,,,,,,,,,,,,,,,,,,,,,,,,,,,,,,,,,,,,,,,,,,,,,,,,,,,,,,,,,,,,,,,,,,,,,,,,,,,,,,,,,,,,,
EVT0001824,SUB00289,CNT00075,2024-04-14,18,Smart TV,111,100%,TRUE,FALSE,FALSE,HD,SES115672,1,,,,,,,,,,,,,,,,,,,,,,,,,,,,,,,,,,,,,,,,,,,,,,,,,,,,,,,,,,,,,,,,,,,,,,,,,,,,,,,,,,,,,,,,,,,,,,,,,,,,,,,,,,,,,,,,,,,,,,,,,
EVT0001825,SUB00285,CNT00054,2023-06-16,12,Smart TV,89,<25%,FALSE,TRUE,FALSE,4K,SES808477,0,,,,,,,,,,,,,,,,,,,,,,,,,,,,,,,,,,,,,,,,,,,,,,,,,,,,,,,,,,,,,,,,,,,,,,,,,,,,,,,,,,,,,,,,,,,,,,,,,,,,,,,,,,,,,,,,,,,,,,,,,
EVT0001826,SUB00368,CNT00014,2023-10-26,16,Fire TV,73,100%,TRUE,TRUE,FALSE,HD,SES337355,1,,,,,,,,,,,,,,,,,,,,,,,,,,,,,,,,,,,,,,,,,,,,,,,,,,,,,,,,,,,,,,,,,,,,,,,,,,,,,,,,,,,,,,,,,,,,,,,,,,,,,,,,,,,,,,,,,,,,,,,,,
EVT0001827,SUB00287,CNT00088,2023-02-17,19,Desktop,28,25-50%,FALSE,FALSE,FALSE,HD,SES195049,0,,,,,,,,,,,,,,,,,,,,,,,,,,,,,,,,,,,,,,,,,,,,,,,,,,,,,,,,,,,,,,,,,,,,,,,,,,,,,,,,,,,,,,,,,,,,,,,,,,,,,,,,,,,,,,,,,,,,,,,,,
EVT0001828,SUB00162,CNT00038,2024-03-29,10,Smart TV,8,100%,TRUE,FALSE,TRUE,HD,SES586550,1,,,,,,,,,,,,,,,,,,,,,,,,,,,,,,,,,,,,,,,,,,,,,,,,,,,,,,,,,,,,,,,,,,,,,,,,,,,,,,,,,,,,,,,,,,,,,,,,,,,,,,,,,,,,,,,,,,,,,,,,,
EVT0001829,SUB00123,CNT00026,2023-07-01,18,Desktop,82,100%,TRUE,TRUE,TRUE,SD,SES515461,1,,,,,,,,,,,,,,,,,,,,,,,,,,,,,,,,,,,,,,,,,,,,,,,,,,,,,,,,,,,,,,,,,,,,,,,,,,,,,,,,,,,,,,,,,,,,,,,,,,,,,,,,,,,,,,,,,,,,,,,,,
EVT0001830,SUB00130,CNT00097,2023-08-15,12,Mobile,112,<25%,FALSE,TRUE,FALSE,HD,SES624405,0,,,,,,,,,,,,,,,,,,,,,,,,,,,,,,,,,,,,,,,,,,,,,,,,,,,,,,,,,,,,,,,,,,,,,,,,,,,,,,,,,,,,,,,,,,,,,,,,,,,,,,,,,,,,,,,,,,,,,,,,,
EVT0001831,SUB00310,CNT00046,2023-02-16,10,Mobile,58,<25%,FALSE,TRUE,FALSE,HD,SES151116,0,,,,,,,,,,,,,,,,,,,,,,,,,,,,,,,,,,,,,,,,,,,,,,,,,,,,,,,,,,,,,,,,,,,,,,,,,,,,,,,,,,,,,,,,,,,,,,,,,,,,,,,,,,,,,,,,,,,,,,,,,
EVT0001832,SUB00591,CNT00051,2023-04-19,13,Desktop,82,50-75%,FALSE,FALSE,TRUE,HD,SES164795,0,,,,,,,,,,,,,,,,,,,,,,,,,,,,,,,,,,,,,,,,,,,,,,,,,,,,,,,,,,,,,,,,,,,,,,,,,,,,,,,,,,,,,,,,,,,,,,,,,,,,,,,,,,,,,,,,,,,,,,,,,
EVT0001833,SUB00060,CNT00024,2023-01-03,16,Desktop,17,100%,TRUE,FALSE,TRUE,HD,SES982572,1,,,,,,,,,,,,,,,,,,,,,,,,,,,,,,,,,,,,,,,,,,,,,,,,,,,,,,,,,,,,,,,,,,,,,,,,,,,,,,,,,,,,,,,,,,,,,,,,,,,,,,,,,,,,,,,,,,,,,,,,,
EVT0001834,SUB00386,CNT00087,2023-12-15,21,Mobile,70,50-75%,FALSE,FALSE,TRUE,4K,SES728833,0,,,,,,,,,,,,,,,,,,,,,,,,,,,,,,,,,,,,,,,,,,,,,,,,,,,,,,,,,,,,,,,,,,,,,,,,,,,,,,,,,,,,,,,,,,,,,,,,,,,,,,,,,,,,,,,,,,,,,,,,,
EVT0001835,SUB00003,CNT00075,2023-11-13,10,Smart TV,5,100%,TRUE,FALSE,TRUE,HD,SES243357,1,,,,,,,,,,,,,,,,,,,,,,,,,,,,,,,,,,,,,,,,,,,,,,,,,,,,,,,,,,,,,,,,,,,,,,,,,,,,,,,,,,,,,,,,,,,,,,,,,,,,,,,,,,,,,,,,,,,,,,,,,
EVT0001836,SUB00085,CNT00084,2023-08-28,20,Roku,103,100%,TRUE,TRUE,TRUE,4K,SES495150,1,,,,,,,,,,,,,,,,,,,,,,,,,,,,,,,,,,,,,,,,,,,,,,,,,,,,,,,,,,,,,,,,,,,,,,,,,,,,,,,,,,,,,,,,,,,,,,,,,,,,,,,,,,,,,,,,,,,,,,,,,
EVT0001837,SUB00452,CNT00032,2023-10-24,9,Roku,42,75-99%,FALSE,FALSE,TRUE,HD,SES833268,0,,,,,,,,,,,,,,,,,,,,,,,,,,,,,,,,,,,,,,,,,,,,,,,,,,,,,,,,,,,,,,,,,,,,,,,,,,,,,,,,,,,,,,,,,,,,,,,,,,,,,,,,,,,,,,,,,,,,,,,,,
EVT0001838,SUB00083,CNT00064,2023-04-17,19,Fire TV,59,75-99%,FALSE,FALSE,TRUE,4K,SES285383,0,,,,,,,,,,,,,,,,,,,,,,,,,,,,,,,,,,,,,,,,,,,,,,,,,,,,,,,,,,,,,,,,,,,,,,,,,,,,,,,,,,,,,,,,,,,,,,,,,,,,,,,,,,,,,,,,,,,,,,,,,
EVT0001839,SUB00664,CNT00054,2024-04-27,6,Roku,25,<25%,FALSE,FALSE,TRUE,4K,SES599950,0,,,,,,,,,,,,,,,,,,,,,,,,,,,,,,,,,,,,,,,,,,,,,,,,,,,,,,,,,,,,,,,,,,,,,,,,,,,,,,,,,,,,,,,,,,,,,,,,,,,,,,,,,,,,,,,,,,,,,,,,,
EVT0001840,SUB00417,CNT00093,2023-02-26,10,Smart TV,36,100%,TRUE,TRUE,FALSE,SD,SES509774,1,,,,,,,,,,,,,,,,,,,,,,,,,,,,,,,,,,,,,,,,,,,,,,,,,,,,,,,,,,,,,,,,,,,,,,,,,,,,,,,,,,,,,,,,,,,,,,,,,,,,,,,,,,,,,,,,,,,,,,,,,
EVT0001841,SUB00642,CNT00057,2024-05-04,21,Fire TV,59,<25%,FALSE,TRUE,TRUE,HD,SES242064,0,,,,,,,,,,,,,,,,,,,,,,,,,,,,,,,,,,,,,,,,,,,,,,,,,,,,,,,,,,,,,,,,,,,,,,,,,,,,,,,,,,,,,,,,,,,,,,,,,,,,,,,,,,,,,,,,,,,,,,,,,
EVT0001842,SUB00204,CNT00016,2023-06-04,10,Mobile,116,75-99%,FALSE,TRUE,TRUE,HD,SES855458,0,,,,,,,,,,,,,,,,,,,,,,,,,,,,,,,,,,,,,,,,,,,,,,,,,,,,,,,,,,,,,,,,,,,,,,,,,,,,,,,,,,,,,,,,,,,,,,,,,,,,,,,,,,,,,,,,,,,,,,,,,
EVT0001843,SUB00663,CNT00054,2023-10-19,21,Mobile,15,50-75%,FALSE,FALSE,TRUE,HD,SES426703,0,,,,,,,,,,,,,,,,,,,,,,,,,,,,,,,,,,,,,,,,,,,,,,,,,,,,,,,,,,,,,,,,,,,,,,,,,,,,,,,,,,,,,,,,,,,,,,,,,,,,,,,,,,,,,,,,,,,,,,,,,
EVT0001844,SUB00023,CNT00014,2023-07-17,16,Smart TV,77,75-99%,FALSE,FALSE,FALSE,HD,SES355107,0,,,,,,,,,,,,,,,,,,,,,,,,,,,,,,,,,,,,,,,,,,,,,,,,,,,,,,,,,,,,,,,,,,,,,,,,,,,,,,,,,,,,,,,,,,,,,,,,,,,,,,,,,,,,,,,,,,,,,,,,,
EVT0001845,SUB00213,CNT00092,2023-03-16,22,Desktop,53,50-75%,FALSE,FALSE,TRUE,HD,SES602003,0,,,,,,,,,,,,,,,,,,,,,,,,,,,,,,,,,,,,,,,,,,,,,,,,,,,,,,,,,,,,,,,,,,,,,,,,,,,,,,,,,,,,,,,,,,,,,,,,,,,,,,,,,,,,,,,,,,,,,,,,,
EVT0001846,SUB00106,CNT00071,2023-09-22,21,Desktop,48,50-75%,FALSE,FALSE,TRUE,4K,SES320525,0,,,,,,,,,,,,,,,,,,,,,,,,,,,,,,,,,,,,,,,,,,,,,,,,,,,,,,,,,,,,,,,,,,,,,,,,,,,,,,,,,,,,,,,,,,,,,,,,,,,,,,,,,,,,,,,,,,,,,,,,,
EVT0001847,SUB00143,CNT00027,2024-06-20,6,Desktop,107,100%,TRUE,FALSE,TRUE,HD,SES512005,1,,,,,,,,,,,,,,,,,,,,,,,,,,,,,,,,,,,,,,,,,,,,,,,,,,,,,,,,,,,,,,,,,,,,,,,,,,,,,,,,,,,,,,,,,,,,,,,,,,,,,,,,,,,,,,,,,,,,,,,,,
EVT0001848,SUB00189,CNT00029,2023-10-27,17,Mobile,108,100%,TRUE,TRUE,TRUE,HD,SES393234,1,,,,,,,,,,,,,,,,,,,,,,,,,,,,,,,,,,,,,,,,,,,,,,,,,,,,,,,,,,,,,,,,,,,,,,,,,,,,,,,,,,,,,,,,,,,,,,,,,,,,,,,,,,,,,,,,,,,,,,,,,
EVT0001849,SUB00354,CNT00086,2023-11-20,21,Tablet,91,100%,TRUE,FALSE,TRUE,HD,SES743401,1,,,,,,,,,,,,,,,,,,,,,,,,,,,,,,,,,,,,,,,,,,,,,,,,,,,,,,,,,,,,,,,,,,,,,,,,,,,,,,,,,,,,,,,,,,,,,,,,,,,,,,,,,,,,,,,,,,,,,,,,,
EVT0001850,SUB00421,CNT00068,2024-04-25,19,Smart TV,26,75-99%,FALSE,FALSE,FALSE,4K,SES842557,0,,,,,,,,,,,,,,,,,,,,,,,,,,,,,,,,,,,,,,,,,,,,,,,,,,,,,,,,,,,,,,,,,,,,,,,,,,,,,,,,,,,,,,,,,,,,,,,,,,,,,,,,,,,,,,,,,,,,,,,,,
EVT0001851,SUB00124,CNT00072,2024-01-12,16,Mobile,57,100%,TRUE,FALSE,TRUE,HD,SES539150,1,,,,,,,,,,,,,,,,,,,,,,,,,,,,,,,,,,,,,,,,,,,,,,,,,,,,,,,,,,,,,,,,,,,,,,,,,,,,,,,,,,,,,,,,,,,,,,,,,,,,,,,,,,,,,,,,,,,,,,,,,
EVT0001852,SUB00393,CNT00043,2023-12-01,10,Fire TV,11,100%,TRUE,FALSE,TRUE,HD,SES538190,1,,,,,,,,,,,,,,,,,,,,,,,,,,,,,,,,,,,,,,,,,,,,,,,,,,,,,,,,,,,,,,,,,,,,,,,,,,,,,,,,,,,,,,,,,,,,,,,,,,,,,,,,,,,,,,,,,,,,,,,,,
EVT0001853,SUB00184,CNT00030,2024-05-19,6,Roku,61,100%,TRUE,FALSE,TRUE,4K,SES818080,1,,,,,,,,,,,,,,,,,,,,,,,,,,,,,,,,,,,,,,,,,,,,,,,,,,,,,,,,,,,,,,,,,,,,,,,,,,,,,,,,,,,,,,,,,,,,,,,,,,,,,,,,,,,,,,,,,,,,,,,,,
EVT0001854,SUB00142,CNT00062,2023-10-03,19,Fire TV,52,25-50%,FALSE,TRUE,TRUE,HD,SES925671,0,,,,,,,,,,,,,,,,,,,,,,,,,,,,,,,,,,,,,,,,,,,,,,,,,,,,,,,,,,,,,,,,,,,,,,,,,,,,,,,,,,,,,,,,,,,,,,,,,,,,,,,,,,,,,,,,,,,,,,,,,
EVT0001855,SUB00300,CNT00060,2023-07-20,6,Tablet,49,100%,TRUE,FALSE,FALSE,HD,SES586162,1,,,,,,,,,,,,,,,,,,,,,,,,,,,,,,,,,,,,,,,,,,,,,,,,,,,,,,,,,,,,,,,,,,,,,,,,,,,,,,,,,,,,,,,,,,,,,,,,,,,,,,,,,,,,,,,,,,,,,,,,,
EVT0001856,SUB00383,CNT00050,2023-05-21,7,Desktop,8,50-75%,FALSE,TRUE,TRUE,HD,SES655430,0,,,,,,,,,,,,,,,,,,,,,,,,,,,,,,,,,,,,,,,,,,,,,,,,,,,,,,,,,,,,,,,,,,,,,,,,,,,,,,,,,,,,,,,,,,,,,,,,,,,,,,,,,,,,,,,,,,,,,,,,,
EVT0001857,SUB00096,CNT00061,2023-05-18,10,Smart TV,29,100%,TRUE,FALSE,FALSE,HD,SES827098,1,,,,,,,,,,,,,,,,,,,,,,,,,,,,,,,,,,,,,,,,,,,,,,,,,,,,,,,,,,,,,,,,,,,,,,,,,,,,,,,,,,,,,,,,,,,,,,,,,,,,,,,,,,,,,,,,,,,,,,,,,
EVT0001858,SUB00582,CNT00035,2023-02-27,18,Desktop,56,50-75%,FALSE,FALSE,TRUE,SD,SES514632,0,,,,,,,,,,,,,,,,,,,,,,,,,,,,,,,,,,,,,,,,,,,,,,,,,,,,,,,,,,,,,,,,,,,,,,,,,,,,,,,,,,,,,,,,,,,,,,,,,,,,,,,,,,,,,,,,,,,,,,,,,
EVT0001859,SUB00417,CNT00086,2023-07-21,22,Desktop,30,25-50%,FALSE,TRUE,TRUE,SD,SES245037,0,,,,,,,,,,,,,,,,,,,,,,,,,,,,,,,,,,,,,,,,,,,,,,,,,,,,,,,,,,,,,,,,,,,,,,,,,,,,,,,,,,,,,,,,,,,,,,,,,,,,,,,,,,,,,,,,,,,,,,,,,
EVT0001860,SUB00028,CNT00007,2023-06-05,22,Tablet,69,100%,TRUE,FALSE,TRUE,HD,SES956798,1,,,,,,,,,,,,,,,,,,,,,,,,,,,,,,,,,,,,,,,,,,,,,,,,,,,,,,,,,,,,,,,,,,,,,,,,,,,,,,,,,,,,,,,,,,,,,,,,,,,,,,,,,,,,,,,,,,,,,,,,,
EVT0001861,SUB00557,CNT00083,2023-09-17,20,Fire TV,78,50-75%,FALSE,FALSE,TRUE,HD,SES274467,0,,,,,,,,,,,,,,,,,,,,,,,,,,,,,,,,,,,,,,,,,,,,,,,,,,,,,,,,,,,,,,,,,,,,,,,,,,,,,,,,,,,,,,,,,,,,,,,,,,,,,,,,,,,,,,,,,,,,,,,,,
EVT0001862,SUB00511,CNT00082,2024-02-20,12,Desktop,6,<25%,FALSE,FALSE,FALSE,4K,SES736055,0,,,,,,,,,,,,,,,,,,,,,,,,,,,,,,,,,,,,,,,,,,,,,,,,,,,,,,,,,,,,,,,,,,,,,,,,,,,,,,,,,,,,,,,,,,,,,,,,,,,,,,,,,,,,,,,,,,,,,,,,,
EVT0001863,SUB00446,CNT00077,2023-10-20,23,Tablet,58,25-50%,FALSE,FALSE,FALSE,SD,SES219248,0,,,,,,,,,,,,,,,,,,,,,,,,,,,,,,,,,,,,,,,,,,,,,,,,,,,,,,,,,,,,,,,,,,,,,,,,,,,,,,,,,,,,,,,,,,,,,,,,,,,,,,,,,,,,,,,,,,,,,,,,,
EVT0001864,SUB00150,CNT00042,2023-07-12,8,Roku,32,100%,TRUE,FALSE,TRUE,SD,SES181207,1,,,,,,,,,,,,,,,,,,,,,,,,,,,,,,,,,,,,,,,,,,,,,,,,,,,,,,,,,,,,,,,,,,,,,,,,,,,,,,,,,,,,,,,,,,,,,,,,,,,,,,,,,,,,,,,,,,,,,,,,,
EVT0001865,SUB00340,CNT00018,2023-04-21,22,Fire TV,93,75-99%,FALSE,FALSE,FALSE,SD,SES667167,0,,,,,,,,,,,,,,,,,,,,,,,,,,,,,,,,,,,,,,,,,,,,,,,,,,,,,,,,,,,,,,,,,,,,,,,,,,,,,,,,,,,,,,,,,,,,,,,,,,,,,,,,,,,,,,,,,,,,,,,,,
EVT0001866,SUB00222,CNT00094,2023-02-19,7,Tablet,37,75-99%,FALSE,FALSE,TRUE,SD,SES395536,0,,,,,,,,,,,,,,,,,,,,,,,,,,,,,,,,,,,,,,,,,,,,,,,,,,,,,,,,,,,,,,,,,,,,,,,,,,,,,,,,,,,,,,,,,,,,,,,,,,,,,,,,,,,,,,,,,,,,,,,,,
EVT0001867,SUB00279,CNT00071,2023-03-04,22,Tablet,14,75-99%,FALSE,FALSE,TRUE,4K,SES300206,0,,,,,,,,,,,,,,,,,,,,,,,,,,,,,,,,,,,,,,,,,,,,,,,,,,,,,,,,,,,,,,,,,,,,,,,,,,,,,,,,,,,,,,,,,,,,,,,,,,,,,,,,,,,,,,,,,,,,,,,,,
EVT0001868,SUB00650,CNT00036,2024-06-18,12,Desktop,44,75-99%,FALSE,FALSE,TRUE,4K,SES630250,0,,,,,,,,,,,,,,,,,,,,,,,,,,,,,,,,,,,,,,,,,,,,,,,,,,,,,,,,,,,,,,,,,,,,,,,,,,,,,,,,,,,,,,,,,,,,,,,,,,,,,,,,,,,,,,,,,,,,,,,,,
EVT0001869,SUB00202,CNT00005,2023-02-21,18,Roku,45,25-50%,FALSE,FALSE,TRUE,HD,SES215332,0,,,,,,,,,,,,,,,,,,,,,,,,,,,,,,,,,,,,,,,,,,,,,,,,,,,,,,,,,,,,,,,,,,,,,,,,,,,,,,,,,,,,,,,,,,,,,,,,,,,,,,,,,,,,,,,,,,,,,,,,,
EVT0001870,SUB00462,CNT00005,2024-05-13,7,Smart TV,118,<25%,FALSE,FALSE,FALSE,SD,SES524461,0,,,,,,,,,,,,,,,,,,,,,,,,,,,,,,,,,,,,,,,,,,,,,,,,,,,,,,,,,,,,,,,,,,,,,,,,,,,,,,,,,,,,,,,,,,,,,,,,,,,,,,,,,,,,,,,,,,,,,,,,,
EVT0001871,SUB00573,CNT00027,2024-06-23,9,Desktop,16,75-99%,FALSE,TRUE,TRUE,HD,SES508171,0,,,,,,,,,,,,,,,,,,,,,,,,,,,,,,,,,,,,,,,,,,,,,,,,,,,,,,,,,,,,,,,,,,,,,,,,,,,,,,,,,,,,,,,,,,,,,,,,,,,,,,,,,,,,,,,,,,,,,,,,,
EVT0001872,SUB00530,CNT00015,2024-03-10,21,Desktop,61,<25%,FALSE,FALSE,FALSE,HD,SES311775,0,,,,,,,,,,,,,,,,,,,,,,,,,,,,,,,,,,,,,,,,,,,,,,,,,,,,,,,,,,,,,,,,,,,,,,,,,,,,,,,,,,,,,,,,,,,,,,,,,,,,,,,,,,,,,,,,,,,,,,,,,
EVT0001873,SUB00164,CNT00061,2023-07-23,16,Mobile,47,100%,TRUE,FALSE,TRUE,4K,SES298800,1,,,,,,,,,,,,,,,,,,,,,,,,,,,,,,,,,,,,,,,,,,,,,,,,,,,,,,,,,,,,,,,,,,,,,,,,,,,,,,,,,,,,,,,,,,,,,,,,,,,,,,,,,,,,,,,,,,,,,,,,,
EVT0001874,SUB00366,CNT00009,2023-09-19,19,Tablet,61,100%,TRUE,FALSE,TRUE,HD,SES487572,1,,,,,,,,,,,,,,,,,,,,,,,,,,,,,,,,,,,,,,,,,,,,,,,,,,,,,,,,,,,,,,,,,,,,,,,,,,,,,,,,,,,,,,,,,,,,,,,,,,,,,,,,,,,,,,,,,,,,,,,,,
EVT0001875,SUB00374,CNT00032,2023-09-10,22,Smart TV,41,100%,TRUE,TRUE,TRUE,HD,SES791491,1,,,,,,,,,,,,,,,,,,,,,,,,,,,,,,,,,,,,,,,,,,,,,,,,,,,,,,,,,,,,,,,,,,,,,,,,,,,,,,,,,,,,,,,,,,,,,,,,,,,,,,,,,,,,,,,,,,,,,,,,,
EVT0001876,SUB00097,CNT00100,2023-05-26,16,Roku,10,100%,TRUE,TRUE,FALSE,4K,SES665629,1,,,,,,,,,,,,,,,,,,,,,,,,,,,,,,,,,,,,,,,,,,,,,,,,,,,,,,,,,,,,,,,,,,,,,,,,,,,,,,,,,,,,,,,,,,,,,,,,,,,,,,,,,,,,,,,,,,,,,,,,,
EVT0001877,SUB00436,CNT00063,2023-10-02,12,Mobile,109,100%,TRUE,TRUE,TRUE,HD,SES927004,1,,,,,,,,,,,,,,,,,,,,,,,,,,,,,,,,,,,,,,,,,,,,,,,,,,,,,,,,,,,,,,,,,,,,,,,,,,,,,,,,,,,,,,,,,,,,,,,,,,,,,,,,,,,,,,,,,,,,,,,,,
EVT0001878,SUB00350,CNT00098,2024-06-11,11,Desktop,101,100%,TRUE,FALSE,TRUE,HD,SES687386,1,,,,,,,,,,,,,,,,,,,,,,,,,,,,,,,,,,,,,,,,,,,,,,,,,,,,,,,,,,,,,,,,,,,,,,,,,,,,,,,,,,,,,,,,,,,,,,,,,,,,,,,,,,,,,,,,,,,,,,,,,
EVT0001879,SUB00262,CNT00071,2023-08-16,7,Smart TV,45,100%,TRUE,TRUE,FALSE,4K,SES414388,1,,,,,,,,,,,,,,,,,,,,,,,,,,,,,,,,,,,,,,,,,,,,,,,,,,,,,,,,,,,,,,,,,,,,,,,,,,,,,,,,,,,,,,,,,,,,,,,,,,,,,,,,,,,,,,,,,,,,,,,,,
EVT0001880,SUB00110,CNT00001,2024-03-12,20,Smart TV,5,100%,TRUE,FALSE,FALSE,HD,SES231136,1,,,,,,,,,,,,,,,,,,,,,,,,,,,,,,,,,,,,,,,,,,,,,,,,,,,,,,,,,,,,,,,,,,,,,,,,,,,,,,,,,,,,,,,,,,,,,,,,,,,,,,,,,,,,,,,,,,,,,,,,,
EVT0001881,SUB00655,CNT00029,2023-01-09,11,Desktop,106,100%,TRUE,FALSE,TRUE,HD,SES883176,1,,,,,,,,,,,,,,,,,,,,,,,,,,,,,,,,,,,,,,,,,,,,,,,,,,,,,,,,,,,,,,,,,,,,,,,,,,,,,,,,,,,,,,,,,,,,,,,,,,,,,,,,,,,,,,,,,,,,,,,,,
EVT0001882,SUB00124,CNT00065,2023-04-29,16,Smart TV,93,50-75%,FALSE,FALSE,TRUE,HD,SES508877,0,,,,,,,,,,,,,,,,,,,,,,,,,,,,,,,,,,,,,,,,,,,,,,,,,,,,,,,,,,,,,,,,,,,,,,,,,,,,,,,,,,,,,,,,,,,,,,,,,,,,,,,,,,,,,,,,,,,,,,,,,
EVT0001883,SUB00002,CNT00008,2023-07-23,8,Smart TV,14,<25%,FALSE,TRUE,TRUE,4K,SES247652,0,,,,,,,,,,,,,,,,,,,,,,,,,,,,,,,,,,,,,,,,,,,,,,,,,,,,,,,,,,,,,,,,,,,,,,,,,,,,,,,,,,,,,,,,,,,,,,,,,,,,,,,,,,,,,,,,,,,,,,,,,
EVT0001884,SUB00303,CNT00063,2023-07-18,7,Tablet,99,50-75%,FALSE,FALSE,TRUE,HD,SES592464,0,,,,,,,,,,,,,,,,,,,,,,,,,,,,,,,,,,,,,,,,,,,,,,,,,,,,,,,,,,,,,,,,,,,,,,,,,,,,,,,,,,,,,,,,,,,,,,,,,,,,,,,,,,,,,,,,,,,,,,,,,
EVT0001885,SUB00634,CNT00092,2023-04-07,9,Fire TV,79,100%,TRUE,FALSE,FALSE,HD,SES213598,1,,,,,,,,,,,,,,,,,,,,,,,,,,,,,,,,,,,,,,,,,,,,,,,,,,,,,,,,,,,,,,,,,,,,,,,,,,,,,,,,,,,,,,,,,,,,,,,,,,,,,,,,,,,,,,,,,,,,,,,,,
EVT0001886,SUB00374,CNT00056,2024-01-21,18,Desktop,103,50-75%,FALSE,FALSE,TRUE,4K,SES142668,0,,,,,,,,,,,,,,,,,,,,,,,,,,,,,,,,,,,,,,,,,,,,,,,,,,,,,,,,,,,,,,,,,,,,,,,,,,,,,,,,,,,,,,,,,,,,,,,,,,,,,,,,,,,,,,,,,,,,,,,,,
EVT0001887,SUB00537,CNT00025,2024-01-22,14,Mobile,7,50-75%,FALSE,FALSE,FALSE,4K,SES259739,0,,,,,,,,,,,,,,,,,,,,,,,,,,,,,,,,,,,,,,,,,,,,,,,,,,,,,,,,,,,,,,,,,,,,,,,,,,,,,,,,,,,,,,,,,,,,,,,,,,,,,,,,,,,,,,,,,,,,,,,,,
EVT0001888,SUB00289,CNT00087,2023-06-15,17,Smart TV,104,75-99%,FALSE,FALSE,FALSE,HD,SES828296,0,,,,,,,,,,,,,,,,,,,,,,,,,,,,,,,,,,,,,,,,,,,,,,,,,,,,,,,,,,,,,,,,,,,,,,,,,,,,,,,,,,,,,,,,,,,,,,,,,,,,,,,,,,,,,,,,,,,,,,,,,
EVT0001889,SUB00131,CNT00075,2023-07-06,14,Smart TV,84,<25%,FALSE,FALSE,TRUE,HD,SES122283,0,,,,,,,,,,,,,,,,,,,,,,,,,,,,,,,,,,,,,,,,,,,,,,,,,,,,,,,,,,,,,,,,,,,,,,,,,,,,,,,,,,,,,,,,,,,,,,,,,,,,,,,,,,,,,,,,,,,,,,,,,
EVT0001890,SUB00292,CNT00032,2024-01-06,9,Tablet,68,75-99%,FALSE,FALSE,FALSE,SD,SES186629,0,,,,,,,,,,,,,,,,,,,,,,,,,,,,,,,,,,,,,,,,,,,,,,,,,,,,,,,,,,,,,,,,,,,,,,,,,,,,,,,,,,,,,,,,,,,,,,,,,,,,,,,,,,,,,,,,,,,,,,,,,
EVT0001891,SUB00039,CNT00013,2023-12-03,18,Fire TV,111,<25%,FALSE,TRUE,TRUE,SD,SES132222,0,,,,,,,,,,,,,,,,,,,,,,,,,,,,,,,,,,,,,,,,,,,,,,,,,,,,,,,,,,,,,,,,,,,,,,,,,,,,,,,,,,,,,,,,,,,,,,,,,,,,,,,,,,,,,,,,,,,,,,,,,
EVT0001892,SUB00034,CNT00041,2024-05-31,12,Fire TV,38,100%,TRUE,FALSE,TRUE,HD,SES577851,1,,,,,,,,,,,,,,,,,,,,,,,,,,,,,,,,,,,,,,,,,,,,,,,,,,,,,,,,,,,,,,,,,,,,,,,,,,,,,,,,,,,,,,,,,,,,,,,,,,,,,,,,,,,,,,,,,,,,,,,,,
EVT0001893,SUB00226,CNT00100,2023-07-28,12,Tablet,67,75-99%,FALSE,TRUE,FALSE,HD,SES213033,0,,,,,,,,,,,,,,,,,,,,,,,,,,,,,,,,,,,,,,,,,,,,,,,,,,,,,,,,,,,,,,,,,,,,,,,,,,,,,,,,,,,,,,,,,,,,,,,,,,,,,,,,,,,,,,,,,,,,,,,,,
EVT0001894,SUB00585,CNT00073,2023-10-18,14,Desktop,36,<25%,FALSE,FALSE,FALSE,HD,SES764346,0,,,,,,,,,,,,,,,,,,,,,,,,,,,,,,,,,,,,,,,,,,,,,,,,,,,,,,,,,,,,,,,,,,,,,,,,,,,,,,,,,,,,,,,,,,,,,,,,,,,,,,,,,,,,,,,,,,,,,,,,,
EVT0001895,SUB00291,CNT00031,2024-02-01,6,Smart TV,16,100%,TRUE,FALSE,FALSE,HD,SES956987,1,,,,,,,,,,,,,,,,,,,,,,,,,,,,,,,,,,,,,,,,,,,,,,,,,,,,,,,,,,,,,,,,,,,,,,,,,,,,,,,,,,,,,,,,,,,,,,,,,,,,,,,,,,,,,,,,,,,,,,,,,
EVT0001896,SUB00434,CNT00095,2024-02-22,18,Roku,47,25-50%,FALSE,FALSE,FALSE,HD,SES855608,0,,,,,,,,,,,,,,,,,,,,,,,,,,,,,,,,,,,,,,,,,,,,,,,,,,,,,,,,,,,,,,,,,,,,,,,,,,,,,,,,,,,,,,,,,,,,,,,,,,,,,,,,,,,,,,,,,,,,,,,,,
EVT0001897,SUB00686,CNT00003,2024-05-25,7,Fire TV,117,<25%,FALSE,FALSE,FALSE,HD,SES121801,0,,,,,,,,,,,,,,,,,,,,,,,,,,,,,,,,,,,,,,,,,,,,,,,,,,,,,,,,,,,,,,,,,,,,,,,,,,,,,,,,,,,,,,,,,,,,,,,,,,,,,,,,,,,,,,,,,,,,,,,,,
EVT0001898,SUB00681,CNT00038,2024-02-05,18,Mobile,45,100%,TRUE,TRUE,FALSE,SD,SES686655,1,,,,,,,,,,,,,,,,,,,,,,,,,,,,,,,,,,,,,,,,,,,,,,,,,,,,,,,,,,,,,,,,,,,,,,,,,,,,,,,,,,,,,,,,,,,,,,,,,,,,,,,,,,,,,,,,,,,,,,,,,
EVT0001899,SUB00287,CNT00020,2023-12-13,9,Desktop,88,75-99%,FALSE,TRUE,FALSE,SD,SES776294,0,,,,,,,,,,,,,,,,,,,,,,,,,,,,,,,,,,,,,,,,,,,,,,,,,,,,,,,,,,,,,,,,,,,,,,,,,,,,,,,,,,,,,,,,,,,,,,,,,,,,,,,,,,,,,,,,,,,,,,,,,
EVT0001900,SUB00241,CNT00072,2023-07-22,12,Desktop,81,100%,TRUE,FALSE,TRUE,SD,SES193752,1,,,,,,,,,,,,,,,,,,,,,,,,,,,,,,,,,,,,,,,,,,,,,,,,,,,,,,,,,,,,,,,,,,,,,,,,,,,,,,,,,,,,,,,,,,,,,,,,,,,,,,,,,,,,,,,,,,,,,,,,,
EVT0001901,SUB00059,CNT00076,2023-03-01,13,Mobile,75,<25%,FALSE,FALSE,FALSE,SD,SES862438,0,,,,,,,,,,,,,,,,,,,,,,,,,,,,,,,,,,,,,,,,,,,,,,,,,,,,,,,,,,,,,,,,,,,,,,,,,,,,,,,,,,,,,,,,,,,,,,,,,,,,,,,,,,,,,,,,,,,,,,,,,
EVT0001902,SUB00318,CNT00069,2023-01-04,11,Roku,87,100%,TRUE,TRUE,TRUE,4K,SES167600,1,,,,,,,,,,,,,,,,,,,,,,,,,,,,,,,,,,,,,,,,,,,,,,,,,,,,,,,,,,,,,,,,,,,,,,,,,,,,,,,,,,,,,,,,,,,,,,,,,,,,,,,,,,,,,,,,,,,,,,,,,
EVT0001903,SUB00557,CNT00077,2023-12-10,7,Roku,99,100%,TRUE,TRUE,TRUE,4K,SES840585,1,,,,,,,,,,,,,,,,,,,,,,,,,,,,,,,,,,,,,,,,,,,,,,,,,,,,,,,,,,,,,,,,,,,,,,,,,,,,,,,,,,,,,,,,,,,,,,,,,,,,,,,,,,,,,,,,,,,,,,,,,
EVT0001904,SUB00649,CNT00055,2023-08-14,19,Desktop,26,<25%,FALSE,FALSE,FALSE,SD,SES636708,0,,,,,,,,,,,,,,,,,,,,,,,,,,,,,,,,,,,,,,,,,,,,,,,,,,,,,,,,,,,,,,,,,,,,,,,,,,,,,,,,,,,,,,,,,,,,,,,,,,,,,,,,,,,,,,,,,,,,,,,,,
EVT0001905,SUB00144,CNT00087,2023-03-26,22,Mobile,49,100%,TRUE,FALSE,TRUE,HD,SES831284,1,,,,,,,,,,,,,,,,,,,,,,,,,,,,,,,,,,,,,,,,,,,,,,,,,,,,,,,,,,,,,,,,,,,,,,,,,,,,,,,,,,,,,,,,,,,,,,,,,,,,,,,,,,,,,,,,,,,,,,,,,
EVT0001906,SUB00469,CNT00045,2023-09-20,13,Mobile,111,100%,TRUE,TRUE,TRUE,4K,SES813955,1,,,,,,,,,,,,,,,,,,,,,,,,,,,,,,,,,,,,,,,,,,,,,,,,,,,,,,,,,,,,,,,,,,,,,,,,,,,,,,,,,,,,,,,,,,,,,,,,,,,,,,,,,,,,,,,,,,,,,,,,,
EVT0001907,SUB00691,CNT00032,2023-08-06,19,Desktop,30,<25%,FALSE,FALSE,TRUE,HD,SES628312,0,,,,,,,,,,,,,,,,,,,,,,,,,,,,,,,,,,,,,,,,,,,,,,,,,,,,,,,,,,,,,,,,,,,,,,,,,,,,,,,,,,,,,,,,,,,,,,,,,,,,,,,,,,,,,,,,,,,,,,,,,
EVT0001908,SUB00143,CNT00027,2023-10-25,10,Fire TV,59,100%,TRUE,FALSE,TRUE,HD,SES528020,1,,,,,,,,,,,,,,,,,,,,,,,,,,,,,,,,,,,,,,,,,,,,,,,,,,,,,,,,,,,,,,,,,,,,,,,,,,,,,,,,,,,,,,,,,,,,,,,,,,,,,,,,,,,,,,,,,,,,,,,,,
EVT0001909,SUB00664,CNT00035,2023-12-31,21,Desktop,66,75-99%,FALSE,FALSE,TRUE,HD,SES619296,0,,,,,,,,,,,,,,,,,,,,,,,,,,,,,,,,,,,,,,,,,,,,,,,,,,,,,,,,,,,,,,,,,,,,,,,,,,,,,,,,,,,,,,,,,,,,,,,,,,,,,,,,,,,,,,,,,,,,,,,,,
EVT0001910,SUB00408,CNT00017,2024-05-05,23,Smart TV,57,100%,TRUE,TRUE,TRUE,HD,SES651513,1,,,,,,,,,,,,,,,,,,,,,,,,,,,,,,,,,,,,,,,,,,,,,,,,,,,,,,,,,,,,,,,,,,,,,,,,,,,,,,,,,,,,,,,,,,,,,,,,,,,,,,,,,,,,,,,,,,,,,,,,,
EVT0001911,SUB00026,CNT00047,2024-01-02,11,Desktop,56,100%,TRUE,TRUE,FALSE,HD,SES293017,1,,,,,,,,,,,,,,,,,,,,,,,,,,,,,,,,,,,,,,,,,,,,,,,,,,,,,,,,,,,,,,,,,,,,,,,,,,,,,,,,,,,,,,,,,,,,,,,,,,,,,,,,,,,,,,,,,,,,,,,,,
EVT0001912,SUB00443,CNT00066,2024-03-11,22,Mobile,77,100%,TRUE,FALSE,FALSE,HD,SES569286,1,,,,,,,,,,,,,,,,,,,,,,,,,,,,,,,,,,,,,,,,,,,,,,,,,,,,,,,,,,,,,,,,,,,,,,,,,,,,,,,,,,,,,,,,,,,,,,,,,,,,,,,,,,,,,,,,,,,,,,,,,
EVT0001913,SUB00088,CNT00042,2024-02-11,23,Fire TV,82,25-50%,FALSE,FALSE,FALSE,HD,SES738788,0,,,,,,,,,,,,,,,,,,,,,,,,,,,,,,,,,,,,,,,,,,,,,,,,,,,,,,,,,,,,,,,,,,,,,,,,,,,,,,,,,,,,,,,,,,,,,,,,,,,,,,,,,,,,,,,,,,,,,,,,,
EVT0001914,SUB00475,CNT00051,2023-01-01,23,Mobile,22,100%,TRUE,FALSE,TRUE,HD,SES599773,1,,,,,,,,,,,,,,,,,,,,,,,,,,,,,,,,,,,,,,,,,,,,,,,,,,,,,,,,,,,,,,,,,,,,,,,,,,,,,,,,,,,,,,,,,,,,,,,,,,,,,,,,,,,,,,,,,,,,,,,,,
EVT0001915,SUB00477,CNT00033,2024-05-06,21,Desktop,42,100%,TRUE,TRUE,FALSE,HD,SES684102,1,,,,,,,,,,,,,,,,,,,,,,,,,,,,,,,,,,,,,,,,,,,,,,,,,,,,,,,,,,,,,,,,,,,,,,,,,,,,,,,,,,,,,,,,,,,,,,,,,,,,,,,,,,,,,,,,,,,,,,,,,
EVT0001916,SUB00545,CNT00004,2024-01-14,15,Mobile,103,100%,TRUE,FALSE,TRUE,HD,SES445675,1,,,,,,,,,,,,,,,,,,,,,,,,,,,,,,,,,,,,,,,,,,,,,,,,,,,,,,,,,,,,,,,,,,,,,,,,,,,,,,,,,,,,,,,,,,,,,,,,,,,,,,,,,,,,,,,,,,,,,,,,,
EVT0001917,SUB00565,CNT00074,2024-05-09,10,Roku,115,<25%,FALSE,FALSE,TRUE,4K,SES940362,0,,,,,,,,,,,,,,,,,,,,,,,,,,,,,,,,,,,,,,,,,,,,,,,,,,,,,,,,,,,,,,,,,,,,,,,,,,,,,,,,,,,,,,,,,,,,,,,,,,,,,,,,,,,,,,,,,,,,,,,,,
EVT0001918,SUB00548,CNT00011,2023-04-06,15,Roku,59,100%,TRUE,TRUE,TRUE,4K,SES911459,1,,,,,,,,,,,,,,,,,,,,,,,,,,,,,,,,,,,,,,,,,,,,,,,,,,,,,,,,,,,,,,,,,,,,,,,,,,,,,,,,,,,,,,,,,,,,,,,,,,,,,,,,,,,,,,,,,,,,,,,,,
EVT0001919,SUB00005,CNT00024,2023-02-14,11,Roku,62,50-75%,FALSE,FALSE,TRUE,4K,SES770514,0,,,,,,,,,,,,,,,,,,,,,,,,,,,,,,,,,,,,,,,,,,,,,,,,,,,,,,,,,,,,,,,,,,,,,,,,,,,,,,,,,,,,,,,,,,,,,,,,,,,,,,,,,,,,,,,,,,,,,,,,,
EVT0001920,SUB00051,CNT00083,2024-04-19,10,Roku,30,<25%,FALSE,TRUE,TRUE,SD,SES866599,0,,,,,,,,,,,,,,,,,,,,,,,,,,,,,,,,,,,,,,,,,,,,,,,,,,,,,,,,,,,,,,,,,,,,,,,,,,,,,,,,,,,,,,,,,,,,,,,,,,,,,,,,,,,,,,,,,,,,,,,,,
EVT0001921,SUB00349,CNT00009,2023-06-03,18,Fire TV,9,100%,TRUE,FALSE,TRUE,HD,SES699387,1,,,,,,,,,,,,,,,,,,,,,,,,,,,,,,,,,,,,,,,,,,,,,,,,,,,,,,,,,,,,,,,,,,,,,,,,,,,,,,,,,,,,,,,,,,,,,,,,,,,,,,,,,,,,,,,,,,,,,,,,,
EVT0001922,SUB00412,CNT00077,2023-01-24,11,Smart TV,34,50-75%,FALSE,TRUE,TRUE,HD,SES321061,0,,,,,,,,,,,,,,,,,,,,,,,,,,,,,,,,,,,,,,,,,,,,,,,,,,,,,,,,,,,,,,,,,,,,,,,,,,,,,,,,,,,,,,,,,,,,,,,,,,,,,,,,,,,,,,,,,,,,,,,,,
EVT0001923,SUB00650,CNT00050,2023-05-02,7,Mobile,105,25-50%,FALSE,FALSE,FALSE,HD,SES120775,0,,,,,,,,,,,,,,,,,,,,,,,,,,,,,,,,,,,,,,,,,,,,,,,,,,,,,,,,,,,,,,,,,,,,,,,,,,,,,,,,,,,,,,,,,,,,,,,,,,,,,,,,,,,,,,,,,,,,,,,,,
EVT0001924,SUB00268,CNT00050,2023-05-20,19,Smart TV,38,100%,TRUE,FALSE,FALSE,HD,SES481136,1,,,,,,,,,,,,,,,,,,,,,,,,,,,,,,,,,,,,,,,,,,,,,,,,,,,,,,,,,,,,,,,,,,,,,,,,,,,,,,,,,,,,,,,,,,,,,,,,,,,,,,,,,,,,,,,,,,,,,,,,,
EVT0001925,SUB00481,CNT00095,2023-09-02,6,Fire TV,108,100%,TRUE,FALSE,TRUE,SD,SES945948,1,,,,,,,,,,,,,,,,,,,,,,,,,,,,,,,,,,,,,,,,,,,,,,,,,,,,,,,,,,,,,,,,,,,,,,,,,,,,,,,,,,,,,,,,,,,,,,,,,,,,,,,,,,,,,,,,,,,,,,,,,
EVT0001926,SUB00313,CNT00071,2023-10-11,21,Tablet,11,100%,TRUE,FALSE,TRUE,HD,SES616892,1,,,,,,,,,,,,,,,,,,,,,,,,,,,,,,,,,,,,,,,,,,,,,,,,,,,,,,,,,,,,,,,,,,,,,,,,,,,,,,,,,,,,,,,,,,,,,,,,,,,,,,,,,,,,,,,,,,,,,,,,,
EVT0001927,SUB00371,CNT00033,2023-08-02,13,Tablet,47,100%,TRUE,FALSE,TRUE,4K,SES499315,1,,,,,,,,,,,,,,,,,,,,,,,,,,,,,,,,,,,,,,,,,,,,,,,,,,,,,,,,,,,,,,,,,,,,,,,,,,,,,,,,,,,,,,,,,,,,,,,,,,,,,,,,,,,,,,,,,,,,,,,,,
EVT0001928,SUB00563,CNT00085,2024-03-15,17,Roku,30,100%,TRUE,FALSE,FALSE,4K,SES631288,1,,,,,,,,,,,,,,,,,,,,,,,,,,,,,,,,,,,,,,,,,,,,,,,,,,,,,,,,,,,,,,,,,,,,,,,,,,,,,,,,,,,,,,,,,,,,,,,,,,,,,,,,,,,,,,,,,,,,,,,,,
EVT0001929,SUB00304,CNT00030,2023-07-23,17,Fire TV,75,100%,TRUE,FALSE,FALSE,HD,SES996192,1,,,,,,,,,,,,,,,,,,,,,,,,,,,,,,,,,,,,,,,,,,,,,,,,,,,,,,,,,,,,,,,,,,,,,,,,,,,,,,,,,,,,,,,,,,,,,,,,,,,,,,,,,,,,,,,,,,,,,,,,,
EVT0001930,SUB00507,CNT00072,2024-03-02,22,Tablet,35,100%,TRUE,TRUE,TRUE,HD,SES595727,1,,,,,,,,,,,,,,,,,,,,,,,,,,,,,,,,,,,,,,,,,,,,,,,,,,,,,,,,,,,,,,,,,,,,,,,,,,,,,,,,,,,,,,,,,,,,,,,,,,,,,,,,,,,,,,,,,,,,,,,,,
EVT0001931,SUB00538,CNT00066,2024-01-09,15,Smart TV,25,100%,TRUE,FALSE,TRUE,HD,SES688096,1,,,,,,,,,,,,,,,,,,,,,,,,,,,,,,,,,,,,,,,,,,,,,,,,,,,,,,,,,,,,,,,,,,,,,,,,,,,,,,,,,,,,,,,,,,,,,,,,,,,,,,,,,,,,,,,,,,,,,,,,,
EVT0001932,SUB00673,CNT00033,2023-08-12,19,Roku,93,50-75%,FALSE,FALSE,FALSE,SD,SES473325,0,,,,,,,,,,,,,,,,,,,,,,,,,,,,,,,,,,,,,,,,,,,,,,,,,,,,,,,,,,,,,,,,,,,,,,,,,,,,,,,,,,,,,,,,,,,,,,,,,,,,,,,,,,,,,,,,,,,,,,,,,
EVT0001933,SUB00313,CNT00034,2023-01-25,7,Roku,27,75-99%,FALSE,FALSE,TRUE,HD,SES585995,0,,,,,,,,,,,,,,,,,,,,,,,,,,,,,,,,,,,,,,,,,,,,,,,,,,,,,,,,,,,,,,,,,,,,,,,,,,,,,,,,,,,,,,,,,,,,,,,,,,,,,,,,,,,,,,,,,,,,,,,,,
EVT0001934,SUB00009,CNT00051,2023-06-19,12,Roku,10,50-75%,FALSE,FALSE,TRUE,HD,SES338316,0,,,,,,,,,,,,,,,,,,,,,,,,,,,,,,,,,,,,,,,,,,,,,,,,,,,,,,,,,,,,,,,,,,,,,,,,,,,,,,,,,,,,,,,,,,,,,,,,,,,,,,,,,,,,,,,,,,,,,,,,,
EVT0001935,SUB00146,CNT00076,2024-05-16,17,Fire TV,85,50-75%,FALSE,FALSE,TRUE,HD,SES689538,0,,,,,,,,,,,,,,,,,,,,,,,,,,,,,,,,,,,,,,,,,,,,,,,,,,,,,,,,,,,,,,,,,,,,,,,,,,,,,,,,,,,,,,,,,,,,,,,,,,,,,,,,,,,,,,,,,,,,,,,,,
EVT0001936,SUB00065,CNT00043,2023-01-30,17,Mobile,50,100%,TRUE,TRUE,FALSE,HD,SES822602,1,,,,,,,,,,,,,,,,,,,,,,,,,,,,,,,,,,,,,,,,,,,,,,,,,,,,,,,,,,,,,,,,,,,,,,,,,,,,,,,,,,,,,,,,,,,,,,,,,,,,,,,,,,,,,,,,,,,,,,,,,
EVT0001937,SUB00308,CNT00003,2023-01-05,23,Mobile,44,100%,TRUE,TRUE,TRUE,HD,SES167874,1,,,,,,,,,,,,,,,,,,,,,,,,,,,,,,,,,,,,,,,,,,,,,,,,,,,,,,,,,,,,,,,,,,,,,,,,,,,,,,,,,,,,,,,,,,,,,,,,,,,,,,,,,,,,,,,,,,,,,,,,,
EVT0001938,SUB00476,CNT00099,2023-05-23,13,Smart TV,101,100%,TRUE,FALSE,FALSE,4K,SES297227,1,,,,,,,,,,,,,,,,,,,,,,,,,,,,,,,,,,,,,,,,,,,,,,,,,,,,,,,,,,,,,,,,,,,,,,,,,,,,,,,,,,,,,,,,,,,,,,,,,,,,,,,,,,,,,,,,,,,,,,,,,
EVT0001939,SUB00103,CNT00026,2023-03-22,6,Tablet,116,100%,TRUE,TRUE,TRUE,4K,SES293620,1,,,,,,,,,,,,,,,,,,,,,,,,,,,,,,,,,,,,,,,,,,,,,,,,,,,,,,,,,,,,,,,,,,,,,,,,,,,,,,,,,,,,,,,,,,,,,,,,,,,,,,,,,,,,,,,,,,,,,,,,,
EVT0001940,SUB00271,CNT00072,2024-04-16,18,Smart TV,108,100%,TRUE,FALSE,TRUE,SD,SES825510,1,,,,,,,,,,,,,,,,,,,,,,,,,,,,,,,,,,,,,,,,,,,,,,,,,,,,,,,,,,,,,,,,,,,,,,,,,,,,,,,,,,,,,,,,,,,,,,,,,,,,,,,,,,,,,,,,,,,,,,,,,
EVT0001941,SUB00537,CNT00051,2023-02-22,23,Fire TV,91,75-99%,FALSE,FALSE,TRUE,4K,SES458845,0,,,,,,,,,,,,,,,,,,,,,,,,,,,,,,,,,,,,,,,,,,,,,,,,,,,,,,,,,,,,,,,,,,,,,,,,,,,,,,,,,,,,,,,,,,,,,,,,,,,,,,,,,,,,,,,,,,,,,,,,,
EVT0001942,SUB00266,CNT00056,2023-03-24,8,Roku,34,100%,TRUE,FALSE,TRUE,SD,SES599789,1,,,,,,,,,,,,,,,,,,,,,,,,,,,,,,,,,,,,,,,,,,,,,,,,,,,,,,,,,,,,,,,,,,,,,,,,,,,,,,,,,,,,,,,,,,,,,,,,,,,,,,,,,,,,,,,,,,,,,,,,,
EVT0001943,SUB00353,CNT00041,2023-11-08,13,Fire TV,63,100%,TRUE,FALSE,TRUE,HD,SES242304,1,,,,,,,,,,,,,,,,,,,,,,,,,,,,,,,,,,,,,,,,,,,,,,,,,,,,,,,,,,,,,,,,,,,,,,,,,,,,,,,,,,,,,,,,,,,,,,,,,,,,,,,,,,,,,,,,,,,,,,,,,
EVT0001944,SUB00191,CNT00014,2024-04-30,12,Smart TV,61,75-99%,FALSE,FALSE,TRUE,SD,SES984412,0,,,,,,,,,,,,,,,,,,,,,,,,,,,,,,,,,,,,,,,,,,,,,,,,,,,,,,,,,,,,,,,,,,,,,,,,,,,,,,,,,,,,,,,,,,,,,,,,,,,,,,,,,,,,,,,,,,,,,,,,,
EVT0001945,SUB00089,CNT00061,2023-05-24,19,Fire TV,97,75-99%,FALSE,FALSE,TRUE,HD,SES369828,0,,,,,,,,,,,,,,,,,,,,,,,,,,,,,,,,,,,,,,,,,,,,,,,,,,,,,,,,,,,,,,,,,,,,,,,,,,,,,,,,,,,,,,,,,,,,,,,,,,,,,,,,,,,,,,,,,,,,,,,,,
EVT0001946,SUB00178,CNT00004,2023-04-14,22,Mobile,70,75-99%,FALSE,FALSE,TRUE,HD,SES267545,0,,,,,,,,,,,,,,,,,,,,,,,,,,,,,,,,,,,,,,,,,,,,,,,,,,,,,,,,,,,,,,,,,,,,,,,,,,,,,,,,,,,,,,,,,,,,,,,,,,,,,,,,,,,,,,,,,,,,,,,,,
EVT0001947,SUB00604,CNT00008,2023-01-15,13,Mobile,82,75-99%,FALSE,FALSE,TRUE,SD,SES928479,0,,,,,,,,,,,,,,,,,,,,,,,,,,,,,,,,,,,,,,,,,,,,,,,,,,,,,,,,,,,,,,,,,,,,,,,,,,,,,,,,,,,,,,,,,,,,,,,,,,,,,,,,,,,,,,,,,,,,,,,,,
EVT0001948,SUB00634,CNT00010,2023-08-29,21,Mobile,44,75-99%,FALSE,FALSE,TRUE,4K,SES856131,0,,,,,,,,,,,,,,,,,,,,,,,,,,,,,,,,,,,,,,,,,,,,,,,,,,,,,,,,,,,,,,,,,,,,,,,,,,,,,,,,,,,,,,,,,,,,,,,,,,,,,,,,,,,,,,,,,,,,,,,,,
EVT0001949,SUB00129,CNT00091,2023-05-27,20,Smart TV,91,100%,TRUE,TRUE,TRUE,HD,SES394017,1,,,,,,,,,,,,,,,,,,,,,,,,,,,,,,,,,,,,,,,,,,,,,,,,,,,,,,,,,,,,,,,,,,,,,,,,,,,,,,,,,,,,,,,,,,,,,,,,,,,,,,,,,,,,,,,,,,,,,,,,,
EVT0001950,SUB00544,CNT00068,2023-08-23,15,Roku,49,100%,TRUE,TRUE,FALSE,4K,SES781797,1,,,,,,,,,,,,,,,,,,,,,,,,,,,,,,,,,,,,,,,,,,,,,,,,,,,,,,,,,,,,,,,,,,,,,,,,,,,,,,,,,,,,,,,,,,,,,,,,,,,,,,,,,,,,,,,,,,,,,,,,,
EVT0001951,SUB00059,CNT00064,2023-06-05,18,Tablet,51,100%,TRUE,TRUE,FALSE,HD,SES679838,1,,,,,,,,,,,,,,,,,,,,,,,,,,,,,,,,,,,,,,,,,,,,,,,,,,,,,,,,,,,,,,,,,,,,,,,,,,,,,,,,,,,,,,,,,,,,,,,,,,,,,,,,,,,,,,,,,,,,,,,,,
EVT0001952,SUB00244,CNT00067,2023-06-29,17,Tablet,61,25-50%,FALSE,FALSE,TRUE,HD,SES735833,0,,,,,,,,,,,,,,,,,,,,,,,,,,,,,,,,,,,,,,,,,,,,,,,,,,,,,,,,,,,,,,,,,,,,,,,,,,,,,,,,,,,,,,,,,,,,,,,,,,,,,,,,,,,,,,,,,,,,,,,,,
EVT0001953,SUB00113,CNT00038,2023-03-07,15,Fire TV,38,100%,TRUE,TRUE,TRUE,HD,SES992169,1,,,,,,,,,,,,,,,,,,,,,,,,,,,,,,,,,,,,,,,,,,,,,,,,,,,,,,,,,,,,,,,,,,,,,,,,,,,,,,,,,,,,,,,,,,,,,,,,,,,,,,,,,,,,,,,,,,,,,,,,,
EVT0001954,SUB00663,CNT00053,2023-07-27,17,Smart TV,106,100%,TRUE,TRUE,TRUE,HD,SES796749,1,,,,,,,,,,,,,,,,,,,,,,,,,,,,,,,,,,,,,,,,,,,,,,,,,,,,,,,,,,,,,,,,,,,,,,,,,,,,,,,,,,,,,,,,,,,,,,,,,,,,,,,,,,,,,,,,,,,,,,,,,
EVT0001955,SUB00496,CNT00027,2024-05-10,19,Smart TV,92,50-75%,FALSE,FALSE,TRUE,HD,SES734343,0,,,,,,,,,,,,,,,,,,,,,,,,,,,,,,,,,,,,,,,,,,,,,,,,,,,,,,,,,,,,,,,,,,,,,,,,,,,,,,,,,,,,,,,,,,,,,,,,,,,,,,,,,,,,,,,,,,,,,,,,,
EVT0001956,SUB00400,CNT00044,2023-05-10,20,Smart TV,114,100%,TRUE,TRUE,FALSE,SD,SES982746,1,,,,,,,,,,,,,,,,,,,,,,,,,,,,,,,,,,,,,,,,,,,,,,,,,,,,,,,,,,,,,,,,,,,,,,,,,,,,,,,,,,,,,,,,,,,,,,,,,,,,,,,,,,,,,,,,,,,,,,,,,
EVT0001957,SUB00145,CNT00011,2024-03-13,22,Desktop,34,100%,TRUE,FALSE,TRUE,HD,SES202708,1,,,,,,,,,,,,,,,,,,,,,,,,,,,,,,,,,,,,,,,,,,,,,,,,,,,,,,,,,,,,,,,,,,,,,,,,,,,,,,,,,,,,,,,,,,,,,,,,,,,,,,,,,,,,,,,,,,,,,,,,,
EVT0001958,SUB00407,CNT00010,2023-09-10,20,Smart TV,91,100%,TRUE,FALSE,TRUE,HD,SES219441,1,,,,,,,,,,,,,,,,,,,,,,,,,,,,,,,,,,,,,,,,,,,,,,,,,,,,,,,,,,,,,,,,,,,,,,,,,,,,,,,,,,,,,,,,,,,,,,,,,,,,,,,,,,,,,,,,,,,,,,,,,
EVT0001959,SUB00368,CNT00095,2023-01-28,21,Mobile,61,100%,TRUE,FALSE,TRUE,4K,SES991753,1,,,,,,,,,,,,,,,,,,,,,,,,,,,,,,,,,,,,,,,,,,,,,,,,,,,,,,,,,,,,,,,,,,,,,,,,,,,,,,,,,,,,,,,,,,,,,,,,,,,,,,,,,,,,,,,,,,,,,,,,,
EVT0001960,SUB00383,CNT00008,2023-03-24,16,Mobile,6,50-75%,FALSE,TRUE,TRUE,HD,SES913814,0,,,,,,,,,,,,,,,,,,,,,,,,,,,,,,,,,,,,,,,,,,,,,,,,,,,,,,,,,,,,,,,,,,,,,,,,,,,,,,,,,,,,,,,,,,,,,,,,,,,,,,,,,,,,,,,,,,,,,,,,,
EVT0001961,SUB00534,CNT00057,2024-01-22,7,Smart TV,100,100%,TRUE,FALSE,FALSE,4K,SES157975,1,,,,,,,,,,,,,,,,,,,,,,,,,,,,,,,,,,,,,,,,,,,,,,,,,,,,,,,,,,,,,,,,,,,,,,,,,,,,,,,,,,,,,,,,,,,,,,,,,,,,,,,,,,,,,,,,,,,,,,,,,
EVT0001962,SUB00609,CNT00044,2023-06-24,18,Mobile,35,75-99%,FALSE,FALSE,TRUE,4K,SES108922,0,,,,,,,,,,,,,,,,,,,,,,,,,,,,,,,,,,,,,,,,,,,,,,,,,,,,,,,,,,,,,,,,,,,,,,,,,,,,,,,,,,,,,,,,,,,,,,,,,,,,,,,,,,,,,,,,,,,,,,,,,
EVT0001963,SUB00280,CNT00089,2023-07-30,17,Tablet,85,75-99%,FALSE,TRUE,FALSE,HD,SES351756,0,,,,,,,,,,,,,,,,,,,,,,,,,,,,,,,,,,,,,,,,,,,,,,,,,,,,,,,,,,,,,,,,,,,,,,,,,,,,,,,,,,,,,,,,,,,,,,,,,,,,,,,,,,,,,,,,,,,,,,,,,
EVT0001964,SUB00555,CNT00006,2024-03-10,13,Roku,90,<25%,FALSE,TRUE,TRUE,HD,SES175152,0,,,,,,,,,,,,,,,,,,,,,,,,,,,,,,,,,,,,,,,,,,,,,,,,,,,,,,,,,,,,,,,,,,,,,,,,,,,,,,,,,,,,,,,,,,,,,,,,,,,,,,,,,,,,,,,,,,,,,,,,,
EVT0001965,SUB00322,CNT00026,2023-02-19,7,Mobile,74,50-75%,FALSE,FALSE,TRUE,HD,SES103063,0,,,,,,,,,,,,,,,,,,,,,,,,,,,,,,,,,,,,,,,,,,,,,,,,,,,,,,,,,,,,,,,,,,,,,,,,,,,,,,,,,,,,,,,,,,,,,,,,,,,,,,,,,,,,,,,,,,,,,,,,,
EVT0001966,SUB00241,CNT00071,2023-04-11,13,Smart TV,9,25-50%,FALSE,FALSE,FALSE,HD,SES818422,0,,,,,,,,,,,,,,,,,,,,,,,,,,,,,,,,,,,,,,,,,,,,,,,,,,,,,,,,,,,,,,,,,,,,,,,,,,,,,,,,,,,,,,,,,,,,,,,,,,,,,,,,,,,,,,,,,,,,,,,,,
EVT0001967,SUB00689,CNT00065,2023-03-20,19,Smart TV,58,100%,TRUE,TRUE,TRUE,HD,SES692802,1,,,,,,,,,,,,,,,,,,,,,,,,,,,,,,,,,,,,,,,,,,,,,,,,,,,,,,,,,,,,,,,,,,,,,,,,,,,,,,,,,,,,,,,,,,,,,,,,,,,,,,,,,,,,,,,,,,,,,,,,,
EVT0001968,SUB00665,CNT00062,2023-03-30,18,Roku,6,100%,TRUE,FALSE,FALSE,HD,SES721292,1,,,,,,,,,,,,,,,,,,,,,,,,,,,,,,,,,,,,,,,,,,,,,,,,,,,,,,,,,,,,,,,,,,,,,,,,,,,,,,,,,,,,,,,,,,,,,,,,,,,,,,,,,,,,,,,,,,,,,,,,,
EVT0001969,SUB00664,CNT00062,2023-11-10,7,Mobile,50,25-50%,FALSE,TRUE,TRUE,4K,SES832691,0,,,,,,,,,,,,,,,,,,,,,,,,,,,,,,,,,,,,,,,,,,,,,,,,,,,,,,,,,,,,,,,,,,,,,,,,,,,,,,,,,,,,,,,,,,,,,,,,,,,,,,,,,,,,,,,,,,,,,,,,,
EVT0001970,SUB00052,CNT00002,2023-04-13,19,Smart TV,39,75-99%,FALSE,FALSE,TRUE,SD,SES933047,0,,,,,,,,,,,,,,,,,,,,,,,,,,,,,,,,,,,,,,,,,,,,,,,,,,,,,,,,,,,,,,,,,,,,,,,,,,,,,,,,,,,,,,,,,,,,,,,,,,,,,,,,,,,,,,,,,,,,,,,,,
EVT0001971,SUB00622,CNT00036,2024-06-29,6,Roku,52,50-75%,FALSE,TRUE,TRUE,HD,SES890075,0,,,,,,,,,,,,,,,,,,,,,,,,,,,,,,,,,,,,,,,,,,,,,,,,,,,,,,,,,,,,,,,,,,,,,,,,,,,,,,,,,,,,,,,,,,,,,,,,,,,,,,,,,,,,,,,,,,,,,,,,,
EVT0001972,SUB00638,CNT00076,2023-03-24,14,Tablet,58,50-75%,FALSE,FALSE,TRUE,HD,SES746798,0,,,,,,,,,,,,,,,,,,,,,,,,,,,,,,,,,,,,,,,,,,,,,,,,,,,,,,,,,,,,,,,,,,,,,,,,,,,,,,,,,,,,,,,,,,,,,,,,,,,,,,,,,,,,,,,,,,,,,,,,,
EVT0001973,SUB00353,CNT00087,2024-02-09,11,Desktop,59,25-50%,FALSE,FALSE,TRUE,HD,SES560524,0,,,,,,,,,,,,,,,,,,,,,,,,,,,,,,,,,,,,,,,,,,,,,,,,,,,,,,,,,,,,,,,,,,,,,,,,,,,,,,,,,,,,,,,,,,,,,,,,,,,,,,,,,,,,,,,,,,,,,,,,,
EVT0001974,SUB00120,CNT00087,2024-04-01,19,Smart TV,113,75-99%,FALSE,FALSE,TRUE,HD,SES471589,0,,,,,,,,,,,,,,,,,,,,,,,,,,,,,,,,,,,,,,,,,,,,,,,,,,,,,,,,,,,,,,,,,,,,,,,,,,,,,,,,,,,,,,,,,,,,,,,,,,,,,,,,,,,,,,,,,,,,,,,,,
EVT0001975,SUB00110,CNT00047,2024-02-15,18,Desktop,74,100%,TRUE,TRUE,TRUE,4K,SES481111,1,,,,,,,,,,,,,,,,,,,,,,,,,,,,,,,,,,,,,,,,,,,,,,,,,,,,,,,,,,,,,,,,,,,,,,,,,,,,,,,,,,,,,,,,,,,,,,,,,,,,,,,,,,,,,,,,,,,,,,,,,
EVT0001976,SUB00213,CNT00026,2024-05-21,22,Desktop,100,75-99%,FALSE,FALSE,TRUE,HD,SES864871,0,,,,,,,,,,,,,,,,,,,,,,,,,,,,,,,,,,,,,,,,,,,,,,,,,,,,,,,,,,,,,,,,,,,,,,,,,,,,,,,,,,,,,,,,,,,,,,,,,,,,,,,,,,,,,,,,,,,,,,,,,
EVT0001977,SUB00223,CNT00092,2023-05-24,15,Fire TV,53,100%,TRUE,TRUE,TRUE,4K,SES925710,1,,,,,,,,,,,,,,,,,,,,,,,,,,,,,,,,,,,,,,,,,,,,,,,,,,,,,,,,,,,,,,,,,,,,,,,,,,,,,,,,,,,,,,,,,,,,,,,,,,,,,,,,,,,,,,,,,,,,,,,,,
EVT0001978,SUB00391,CNT00053,2024-02-05,12,Mobile,42,50-75%,FALSE,FALSE,TRUE,SD,SES944665,0,,,,,,,,,,,,,,,,,,,,,,,,,,,,,,,,,,,,,,,,,,,,,,,,,,,,,,,,,,,,,,,,,,,,,,,,,,,,,,,,,,,,,,,,,,,,,,,,,,,,,,,,,,,,,,,,,,,,,,,,,
EVT0001979,SUB00427,CNT00088,2024-04-13,9,Tablet,28,50-75%,FALSE,FALSE,FALSE,HD,SES218168,0,,,,,,,,,,,,,,,,,,,,,,,,,,,,,,,,,,,,,,,,,,,,,,,,,,,,,,,,,,,,,,,,,,,,,,,,,,,,,,,,,,,,,,,,,,,,,,,,,,,,,,,,,,,,,,,,,,,,,,,,,
EVT0001980,SUB00545,CNT00027,2024-02-11,19,Tablet,66,100%,TRUE,TRUE,TRUE,HD,SES428407,1,,,,,,,,,,,,,,,,,,,,,,,,,,,,,,,,,,,,,,,,,,,,,,,,,,,,,,,,,,,,,,,,,,,,,,,,,,,,,,,,,,,,,,,,,,,,,,,,,,,,,,,,,,,,,,,,,,,,,,,,,
EVT0001981,SUB00552,CNT00050,2024-01-22,21,Mobile,32,100%,TRUE,FALSE,FALSE,HD,SES917270,1,,,,,,,,,,,,,,,,,,,,,,,,,,,,,,,,,,,,,,,,,,,,,,,,,,,,,,,,,,,,,,,,,,,,,,,,,,,,,,,,,,,,,,,,,,,,,,,,,,,,,,,,,,,,,,,,,,,,,,,,,
EVT0001982,SUB00004,CNT00060,2023-08-25,13,Desktop,98,50-75%,FALSE,TRUE,FALSE,SD,SES902693,0,,,,,,,,,,,,,,,,,,,,,,,,,,,,,,,,,,,,,,,,,,,,,,,,,,,,,,,,,,,,,,,,,,,,,,,,,,,,,,,,,,,,,,,,,,,,,,,,,,,,,,,,,,,,,,,,,,,,,,,,,
EVT0001983,SUB00591,CNT00096,2023-12-19,9,Fire TV,87,100%,TRUE,TRUE,TRUE,SD,SES501921,1,,,,,,,,,,,,,,,,,,,,,,,,,,,,,,,,,,,,,,,,,,,,,,,,,,,,,,,,,,,,,,,,,,,,,,,,,,,,,,,,,,,,,,,,,,,,,,,,,,,,,,,,,,,,,,,,,,,,,,,,,
EVT0001984,SUB00613,CNT00015,2023-12-04,14,Mobile,53,<25%,FALSE,FALSE,FALSE,HD,SES707135,0,,,,,,,,,,,,,,,,,,,,,,,,,,,,,,,,,,,,,,,,,,,,,,,,,,,,,,,,,,,,,,,,,,,,,,,,,,,,,,,,,,,,,,,,,,,,,,,,,,,,,,,,,,,,,,,,,,,,,,,,,
EVT0001985,SUB00084,CNT00022,2023-04-07,11,Tablet,66,25-50%,FALSE,TRUE,FALSE,HD,SES121414,0,,,,,,,,,,,,,,,,,,,,,,,,,,,,,,,,,,,,,,,,,,,,,,,,,,,,,,,,,,,,,,,,,,,,,,,,,,,,,,,,,,,,,,,,,,,,,,,,,,,,,,,,,,,,,,,,,,,,,,,,,
EVT0001986,SUB00550,CNT00079,2023-03-31,18,Fire TV,11,100%,TRUE,FALSE,TRUE,HD,SES651362,1,,,,,,,,,,,,,,,,,,,,,,,,,,,,,,,,,,,,,,,,,,,,,,,,,,,,,,,,,,,,,,,,,,,,,,,,,,,,,,,,,,,,,,,,,,,,,,,,,,,,,,,,,,,,,,,,,,,,,,,,,
EVT0001987,SUB00672,CNT00062,2024-06-17,15,Roku,83,75-99%,FALSE,FALSE,FALSE,HD,SES159643,0,,,,,,,,,,,,,,,,,,,,,,,,,,,,,,,,,,,,,,,,,,,,,,,,,,,,,,,,,,,,,,,,,,,,,,,,,,,,,,,,,,,,,,,,,,,,,,,,,,,,,,,,,,,,,,,,,,,,,,,,,
EVT0001988,SUB00166,CNT00018,2023-11-20,9,Mobile,40,25-50%,FALSE,FALSE,TRUE,4K,SES537789,0,,,,,,,,,,,,,,,,,,,,,,,,,,,,,,,,,,,,,,,,,,,,,,,,,,,,,,,,,,,,,,,,,,,,,,,,,,,,,,,,,,,,,,,,,,,,,,,,,,,,,,,,,,,,,,,,,,,,,,,,,
EVT0001989,SUB00530,CNT00071,2023-12-31,9,Mobile,60,100%,TRUE,TRUE,TRUE,HD,SES762534,1,,,,,,,,,,,,,,,,,,,,,,,,,,,,,,,,,,,,,,,,,,,,,,,,,,,,,,,,,,,,,,,,,,,,,,,,,,,,,,,,,,,,,,,,,,,,,,,,,,,,,,,,,,,,,,,,,,,,,,,,,
EVT0001990,SUB00417,CNT00013,2023-11-17,12,Mobile,26,100%,TRUE,FALSE,TRUE,4K,SES973257,1,,,,,,,,,,,,,,,,,,,,,,,,,,,,,,,,,,,,,,,,,,,,,,,,,,,,,,,,,,,,,,,,,,,,,,,,,,,,,,,,,,,,,,,,,,,,,,,,,,,,,,,,,,,,,,,,,,,,,,,,,
EVT0001991,SUB00460,CNT00096,2023-12-27,19,Mobile,58,100%,TRUE,FALSE,TRUE,HD,SES530462,1,,,,,,,,,,,,,,,,,,,,,,,,,,,,,,,,,,,,,,,,,,,,,,,,,,,,,,,,,,,,,,,,,,,,,,,,,,,,,,,,,,,,,,,,,,,,,,,,,,,,,,,,,,,,,,,,,,,,,,,,,
EVT0001992,SUB00500,CNT00065,2023-08-12,12,Roku,114,<25%,FALSE,FALSE,FALSE,HD,SES779760,0,,,,,,,,,,,,,,,,,,,,,,,,,,,,,,,,,,,,,,,,,,,,,,,,,,,,,,,,,,,,,,,,,,,,,,,,,,,,,,,,,,,,,,,,,,,,,,,,,,,,,,,,,,,,,,,,,,,,,,,,,
EVT0001993,SUB00402,CNT00022,2023-02-24,9,Smart TV,87,100%,TRUE,TRUE,TRUE,SD,SES546712,1,,,,,,,,,,,,,,,,,,,,,,,,,,,,,,,,,,,,,,,,,,,,,,,,,,,,,,,,,,,,,,,,,,,,,,,,,,,,,,,,,,,,,,,,,,,,,,,,,,,,,,,,,,,,,,,,,,,,,,,,,
EVT0001994,SUB00357,CNT00078,2024-05-20,9,Desktop,33,100%,TRUE,FALSE,TRUE,HD,SES226389,1,,,,,,,,,,,,,,,,,,,,,,,,,,,,,,,,,,,,,,,,,,,,,,,,,,,,,,,,,,,,,,,,,,,,,,,,,,,,,,,,,,,,,,,,,,,,,,,,,,,,,,,,,,,,,,,,,,,,,,,,,
EVT0001995,SUB00079,CNT00068,2023-09-05,7,Mobile,44,50-75%,FALSE,FALSE,FALSE,SD,SES354460,0,,,,,,,,,,,,,,,,,,,,,,,,,,,,,,,,,,,,,,,,,,,,,,,,,,,,,,,,,,,,,,,,,,,,,,,,,,,,,,,,,,,,,,,,,,,,,,,,,,,,,,,,,,,,,,,,,,,,,,,,,
EVT0001996,SUB00689,CNT00067,2024-05-02,17,Roku,104,100%,TRUE,FALSE,FALSE,HD,SES458347,1,,,,,,,,,,,,,,,,,,,,,,,,,,,,,,,,,,,,,,,,,,,,,,,,,,,,,,,,,,,,,,,,,,,,,,,,,,,,,,,,,,,,,,,,,,,,,,,,,,,,,,,,,,,,,,,,,,,,,,,,,
EVT0001997,SUB00241,CNT00076,2024-03-07,9,Smart TV,66,75-99%,FALSE,FALSE,FALSE,HD,SES733084,0,,,,,,,,,,,,,,,,,,,,,,,,,,,,,,,,,,,,,,,,,,,,,,,,,,,,,,,,,,,,,,,,,,,,,,,,,,,,,,,,,,,,,,,,,,,,,,,,,,,,,,,,,,,,,,,,,,,,,,,,,
EVT0001998,SUB00149,CNT00100,2023-06-07,16,Mobile,61,100%,TRUE,FALSE,TRUE,HD,SES834594,1,,,,,,,,,,,,,,,,,,,,,,,,,,,,,,,,,,,,,,,,,,,,,,,,,,,,,,,,,,,,,,,,,,,,,,,,,,,,,,,,,,,,,,,,,,,,,,,,,,,,,,,,,,,,,,,,,,,,,,,,,
EVT0001999,SUB00331,CNT00009,2023-07-08,14,Desktop,116,100%,TRUE,FALSE,TRUE,SD,SES958679,1,,,,,,,,,,,,,,,,,,,,,,,,,,,,,,,,,,,,,,,,,,,,,,,,,,,,,,,,,,,,,,,,,,,,,,,,,,,,,,,,,,,,,,,,,,,,,,,,,,,,,,,,,,,,,,,,,,,,,,,,,
EVT0002000,SUB00193,CNT00005,2023-07-06,23,Desktop,34,25-50%,FALSE,FALSE,FALSE,4K,SES475398,0,,,,,,,,,,,,,,,,,,,,,,,,,,,,,,,,,,,,,,,,,,,,,,,,,,,,,,,,,,,,,,,,,,,,,,,,,,,,,,,,,,,,,,,,,,,,,,,,,,,,,,,,,,,,,,,,,,,,,,,,,
EVT0002001,SUB00101,CNT00093,2023-09-22,14,Tablet,34,100%,TRUE,TRUE,TRUE,HD,SES328199,1,,,,,,,,,,,,,,,,,,,,,,,,,,,,,,,,,,,,,,,,,,,,,,,,,,,,,,,,,,,,,,,,,,,,,,,,,,,,,,,,,,,,,,,,,,,,,,,,,,,,,,,,,,,,,,,,,,,,,,,,,
EVT0002002,SUB00618,CNT00098,2023-02-23,21,Roku,56,100%,TRUE,FALSE,FALSE,4K,SES912824,1,,,,,,,,,,,,,,,,,,,,,,,,,,,,,,,,,,,,,,,,,,,,,,,,,,,,,,,,,,,,,,,,,,,,,,,,,,,,,,,,,,,,,,,,,,,,,,,,,,,,,,,,,,,,,,,,,,,,,,,,,
EVT0002003,SUB00667,CNT00090,2023-02-17,17,Roku,73,100%,TRUE,FALSE,TRUE,4K,SES864810,1,,,,,,,,,,,,,,,,,,,,,,,,,,,,,,,,,,,,,,,,,,,,,,,,,,,,,,,,,,,,,,,,,,,,,,,,,,,,,,,,,,,,,,,,,,,,,,,,,,,,,,,,,,,,,,,,,,,,,,,,,
EVT0002004,SUB00576,CNT00079,2023-02-02,11,Fire TV,18,100%,TRUE,FALSE,TRUE,HD,SES444585,1,,,,,,,,,,,,,,,,,,,,,,,,,,,,,,,,,,,,,,,,,,,,,,,,,,,,,,,,,,,,,,,,,,,,,,,,,,,,,,,,,,,,,,,,,,,,,,,,,,,,,,,,,,,,,,,,,,,,,,,,,
EVT0002005,SUB00429,CNT00009,2023-04-06,12,Smart TV,84,<25%,FALSE,FALSE,TRUE,HD,SES574817,0,,,,,,,,,,,,,,,,,,,,,,,,,,,,,,,,,,,,,,,,,,,,,,,,,,,,,,,,,,,,,,,,,,,,,,,,,,,,,,,,,,,,,,,,,,,,,,,,,,,,,,,,,,,,,,,,,,,,,,,,,
EVT0002006,SUB00490,CNT00016,2023-01-30,13,Fire TV,42,75-99%,FALSE,TRUE,FALSE,HD,SES420476,0,,,,,,,,,,,,,,,,,,,,,,,,,,,,,,,,,,,,,,,,,,,,,,,,,,,,,,,,,,,,,,,,,,,,,,,,,,,,,,,,,,,,,,,,,,,,,,,,,,,,,,,,,,,,,,,,,,,,,,,,,
EVT0002007,SUB00667,CNT00010,2023-05-16,14,Mobile,93,100%,TRUE,FALSE,FALSE,HD,SES950141,1,,,,,,,,,,,,,,,,,,,,,,,,,,,,,,,,,,,,,,,,,,,,,,,,,,,,,,,,,,,,,,,,,,,,,,,,,,,,,,,,,,,,,,,,,,,,,,,,,,,,,,,,,,,,,,,,,,,,,,,,,
EVT0002008,SUB00422,CNT00032,2023-03-04,13,Desktop,45,25-50%,FALSE,FALSE,TRUE,SD,SES670716,0,,,,,,,,,,,,,,,,,,,,,,,,,,,,,,,,,,,,,,,,,,,,,,,,,,,,,,,,,,,,,,,,,,,,,,,,,,,,,,,,,,,,,,,,,,,,,,,,,,,,,,,,,,,,,,,,,,,,,,,,,
EVT0002009,SUB00665,CNT00038,2023-04-13,15,Roku,116,50-75%,FALSE,FALSE,TRUE,SD,SES264984,0,,,,,,,,,,,,,,,,,,,,,,,,,,,,,,,,,,,,,,,,,,,,,,,,,,,,,,,,,,,,,,,,,,,,,,,,,,,,,,,,,,,,,,,,,,,,,,,,,,,,,,,,,,,,,,,,,,,,,,,,,
EVT0002010,SUB00251,CNT00097,2023-10-14,15,Desktop,57,75-99%,FALSE,FALSE,FALSE,SD,SES223748,0,,,,,,,,,,,,,,,,,,,,,,,,,,,,,,,,,,,,,,,,,,,,,,,,,,,,,,,,,,,,,,,,,,,,,,,,,,,,,,,,,,,,,,,,,,,,,,,,,,,,,,,,,,,,,,,,,,,,,,,,,
EVT0002011,SUB00437,CNT00044,2024-06-11,14,Mobile,83,75-99%,FALSE,FALSE,TRUE,SD,SES423935,0,,,,,,,,,,,,,,,,,,,,,,,,,,,,,,,,,,,,,,,,,,,,,,,,,,,,,,,,,,,,,,,,,,,,,,,,,,,,,,,,,,,,,,,,,,,,,,,,,,,,,,,,,,,,,,,,,,,,,,,,,
EVT0002012,SUB00360,CNT00060,2024-05-21,8,Smart TV,64,100%,TRUE,TRUE,TRUE,4K,SES971175,1,,,,,,,,,,,,,,,,,,,,,,,,,,,,,,,,,,,,,,,,,,,,,,,,,,,,,,,,,,,,,,,,,,,,,,,,,,,,,,,,,,,,,,,,,,,,,,,,,,,,,,,,,,,,,,,,,,,,,,,,,
EVT0002013,SUB00308,CNT00012,2023-05-18,7,Roku,110,100%,TRUE,TRUE,TRUE,SD,SES799816,1,,,,,,,,,,,,,,,,,,,,,,,,,,,,,,,,,,,,,,,,,,,,,,,,,,,,,,,,,,,,,,,,,,,,,,,,,,,,,,,,,,,,,,,,,,,,,,,,,,,,,,,,,,,,,,,,,,,,,,,,,
EVT0002014,SUB00028,CNT00041,2023-03-14,14,Smart TV,100,75-99%,FALSE,FALSE,FALSE,HD,SES136944,0,,,,,,,,,,,,,,,,,,,,,,,,,,,,,,,,,,,,,,,,,,,,,,,,,,,,,,,,,,,,,,,,,,,,,,,,,,,,,,,,,,,,,,,,,,,,,,,,,,,,,,,,,,,,,,,,,,,,,,,,,
EVT0002015,SUB00248,CNT00092,2023-06-28,19,Roku,27,75-99%,FALSE,TRUE,FALSE,4K,SES345081,0,,,,,,,,,,,,,,,,,,,,,,,,,,,,,,,,,,,,,,,,,,,,,,,,,,,,,,,,,,,,,,,,,,,,,,,,,,,,,,,,,,,,,,,,,,,,,,,,,,,,,,,,,,,,,,,,,,,,,,,,,
EVT0002016,SUB00551,CNT00062,2023-08-26,8,Fire TV,110,50-75%,FALSE,FALSE,TRUE,HD,SES809683,0,,,,,,,,,,,,,,,,,,,,,,,,,,,,,,,,,,,,,,,,,,,,,,,,,,,,,,,,,,,,,,,,,,,,,,,,,,,,,,,,,,,,,,,,,,,,,,,,,,,,,,,,,,,,,,,,,,,,,,,,,
EVT0002017,SUB00637,CNT00040,2023-01-17,10,Tablet,5,25-50%,FALSE,FALSE,TRUE,HD,SES637277,0,,,,,,,,,,,,,,,,,,,,,,,,,,,,,,,,,,,,,,,,,,,,,,,,,,,,,,,,,,,,,,,,,,,,,,,,,,,,,,,,,,,,,,,,,,,,,,,,,,,,,,,,,,,,,,,,,,,,,,,,,
EVT0002018,SUB00277,CNT00026,2023-07-12,22,Roku,82,100%,TRUE,TRUE,TRUE,4K,SES318824,1,,,,,,,,,,,,,,,,,,,,,,,,,,,,,,,,,,,,,,,,,,,,,,,,,,,,,,,,,,,,,,,,,,,,,,,,,,,,,,,,,,,,,,,,,,,,,,,,,,,,,,,,,,,,,,,,,,,,,,,,,
EVT0002019,SUB00380,CNT00082,2024-04-28,19,Roku,37,75-99%,FALSE,FALSE,TRUE,HD,SES555771,0,,,,,,,,,,,,,,,,,,,,,,,,,,,,,,,,,,,,,,,,,,,,,,,,,,,,,,,,,,,,,,,,,,,,,,,,,,,,,,,,,,,,,,,,,,,,,,,,,,,,,,,,,,,,,,,,,,,,,,,,,
EVT0002020,SUB00295,CNT00026,2024-01-06,11,Desktop,84,100%,TRUE,TRUE,FALSE,4K,SES460212,1,,,,,,,,,,,,,,,,,,,,,,,,,,,,,,,,,,,,,,,,,,,,,,,,,,,,,,,,,,,,,,,,,,,,,,,,,,,,,,,,,,,,,,,,,,,,,,,,,,,,,,,,,,,,,,,,,,,,,,,,,
EVT0002021,SUB00461,CNT00028,2023-01-22,6,Roku,115,100%,TRUE,FALSE,TRUE,HD,SES764379,1,,,,,,,,,,,,,,,,,,,,,,,,,,,,,,,,,,,,,,,,,,,,,,,,,,,,,,,,,,,,,,,,,,,,,,,,,,,,,,,,,,,,,,,,,,,,,,,,,,,,,,,,,,,,,,,,,,,,,,,,,
EVT0002022,SUB00637,CNT00078,2024-06-19,21,Fire TV,115,50-75%,FALSE,TRUE,TRUE,HD,SES547658,0,,,,,,,,,,,,,,,,,,,,,,,,,,,,,,,,,,,,,,,,,,,,,,,,,,,,,,,,,,,,,,,,,,,,,,,,,,,,,,,,,,,,,,,,,,,,,,,,,,,,,,,,,,,,,,,,,,,,,,,,,
EVT0002023,SUB00291,CNT00028,2024-03-08,21,Desktop,47,100%,TRUE,TRUE,TRUE,HD,SES230653,1,,,,,,,,,,,,,,,,,,,,,,,,,,,,,,,,,,,,,,,,,,,,,,,,,,,,,,,,,,,,,,,,,,,,,,,,,,,,,,,,,,,,,,,,,,,,,,,,,,,,,,,,,,,,,,,,,,,,,,,,,
EVT0002024,SUB00207,CNT00050,2024-06-19,16,Tablet,22,100%,TRUE,FALSE,FALSE,HD,SES322577,1,,,,,,,,,,,,,,,,,,,,,,,,,,,,,,,,,,,,,,,,,,,,,,,,,,,,,,,,,,,,,,,,,,,,,,,,,,,,,,,,,,,,,,,,,,,,,,,,,,,,,,,,,,,,,,,,,,,,,,,,,
EVT0002025,SUB00292,CNT00079,2023-10-09,18,Roku,60,100%,TRUE,FALSE,TRUE,HD,SES665071,1,,,,,,,,,,,,,,,,,,,,,,,,,,,,,,,,,,,,,,,,,,,,,,,,,,,,,,,,,,,,,,,,,,,,,,,,,,,,,,,,,,,,,,,,,,,,,,,,,,,,,,,,,,,,,,,,,,,,,,,,,
EVT0002026,SUB00468,CNT00079,2023-09-22,6,Desktop,79,25-50%,FALSE,TRUE,TRUE,4K,SES751402,0,,,,,,,,,,,,,,,,,,,,,,,,,,,,,,,,,,,,,,,,,,,,,,,,,,,,,,,,,,,,,,,,,,,,,,,,,,,,,,,,,,,,,,,,,,,,,,,,,,,,,,,,,,,,,,,,,,,,,,,,,
EVT0002027,SUB00085,CNT00083,2024-03-26,22,Tablet,106,50-75%,FALSE,FALSE,TRUE,SD,SES453078,0,,,,,,,,,,,,,,,,,,,,,,,,,,,,,,,,,,,,,,,,,,,,,,,,,,,,,,,,,,,,,,,,,,,,,,,,,,,,,,,,,,,,,,,,,,,,,,,,,,,,,,,,,,,,,,,,,,,,,,,,,
EVT0002028,SUB00492,CNT00054,2024-02-06,16,Mobile,88,75-99%,FALSE,FALSE,TRUE,HD,SES863333,0,,,,,,,,,,,,,,,,,,,,,,,,,,,,,,,,,,,,,,,,,,,,,,,,,,,,,,,,,,,,,,,,,,,,,,,,,,,,,,,,,,,,,,,,,,,,,,,,,,,,,,,,,,,,,,,,,,,,,,,,,
EVT0002029,SUB00433,CNT00088,2024-06-01,21,Fire TV,42,<25%,FALSE,FALSE,FALSE,HD,SES314339,0,,,,,,,,,,,,,,,,,,,,,,,,,,,,,,,,,,,,,,,,,,,,,,,,,,,,,,,,,,,,,,,,,,,,,,,,,,,,,,,,,,,,,,,,,,,,,,,,,,,,,,,,,,,,,,,,,,,,,,,,,
EVT0002030,SUB00213,CNT00048,2023-10-18,19,Roku,71,100%,TRUE,FALSE,TRUE,4K,SES439953,1,,,,,,,,,,,,,,,,,,,,,,,,,,,,,,,,,,,,,,,,,,,,,,,,,,,,,,,,,,,,,,,,,,,,,,,,,,,,,,,,,,,,,,,,,,,,,,,,,,,,,,,,,,,,,,,,,,,,,,,,,
EVT0002031,SUB00662,CNT00045,2023-01-18,13,Desktop,48,75-99%,FALSE,FALSE,TRUE,HD,SES964890,0,,,,,,,,,,,,,,,,,,,,,,,,,,,,,,,,,,,,,,,,,,,,,,,,,,,,,,,,,,,,,,,,,,,,,,,,,,,,,,,,,,,,,,,,,,,,,,,,,,,,,,,,,,,,,,,,,,,,,,,,,
EVT0002032,SUB00183,CNT00056,2023-09-28,23,Roku,26,<25%,FALSE,FALSE,TRUE,SD,SES415267,0,,,,,,,,,,,,,,,,,,,,,,,,,,,,,,,,,,,,,,,,,,,,,,,,,,,,,,,,,,,,,,,,,,,,,,,,,,,,,,,,,,,,,,,,,,,,,,,,,,,,,,,,,,,,,,,,,,,,,,,,,
EVT0002033,SUB00134,CNT00090,2023-02-04,13,Roku,46,100%,TRUE,FALSE,TRUE,HD,SES880736,1,,,,,,,,,,,,,,,,,,,,,,,,,,,,,,,,,,,,,,,,,,,,,,,,,,,,,,,,,,,,,,,,,,,,,,,,,,,,,,,,,,,,,,,,,,,,,,,,,,,,,,,,,,,,,,,,,,,,,,,,,
EVT0002034,SUB00386,CNT00039,2023-06-26,8,Fire TV,57,75-99%,FALSE,TRUE,FALSE,4K,SES700802,0,,,,,,,,,,,,,,,,,,,,,,,,,,,,,,,,,,,,,,,,,,,,,,,,,,,,,,,,,,,,,,,,,,,,,,,,,,,,,,,,,,,,,,,,,,,,,,,,,,,,,,,,,,,,,,,,,,,,,,,,,
EVT0002035,SUB00417,CNT00007,2023-09-08,12,Tablet,70,100%,TRUE,FALSE,TRUE,SD,SES855069,1,,,,,,,,,,,,,,,,,,,,,,,,,,,,,,,,,,,,,,,,,,,,,,,,,,,,,,,,,,,,,,,,,,,,,,,,,,,,,,,,,,,,,,,,,,,,,,,,,,,,,,,,,,,,,,,,,,,,,,,,,
EVT0002036,SUB00023,CNT00098,2023-03-28,23,Roku,53,25-50%,FALSE,FALSE,TRUE,SD,SES945689,0,,,,,,,,,,,,,,,,,,,,,,,,,,,,,,,,,,,,,,,,,,,,,,,,,,,,,,,,,,,,,,,,,,,,,,,,,,,,,,,,,,,,,,,,,,,,,,,,,,,,,,,,,,,,,,,,,,,,,,,,,
EVT0002037,SUB00002,CNT00083,2023-08-02,17,Smart TV,116,100%,TRUE,FALSE,TRUE,HD,SES467293,1,,,,,,,,,,,,,,,,,,,,,,,,,,,,,,,,,,,,,,,,,,,,,,,,,,,,,,,,,,,,,,,,,,,,,,,,,,,,,,,,,,,,,,,,,,,,,,,,,,,,,,,,,,,,,,,,,,,,,,,,,
EVT0002038,SUB00386,CNT00007,2024-06-20,18,Tablet,58,100%,TRUE,TRUE,TRUE,HD,SES883661,1,,,,,,,,,,,,,,,,,,,,,,,,,,,,,,,,,,,,,,,,,,,,,,,,,,,,,,,,,,,,,,,,,,,,,,,,,,,,,,,,,,,,,,,,,,,,,,,,,,,,,,,,,,,,,,,,,,,,,,,,,
EVT0002039,SUB00221,CNT00038,2024-03-08,14,Desktop,70,50-75%,FALSE,FALSE,TRUE,HD,SES343929,0,,,,,,,,,,,,,,,,,,,,,,,,,,,,,,,,,,,,,,,,,,,,,,,,,,,,,,,,,,,,,,,,,,,,,,,,,,,,,,,,,,,,,,,,,,,,,,,,,,,,,,,,,,,,,,,,,,,,,,,,,
EVT0002040,SUB00551,CNT00020,2023-04-18,17,Desktop,91,25-50%,FALSE,FALSE,TRUE,HD,SES848750,0,,,,,,,,,,,,,,,,,,,,,,,,,,,,,,,,,,,,,,,,,,,,,,,,,,,,,,,,,,,,,,,,,,,,,,,,,,,,,,,,,,,,,,,,,,,,,,,,,,,,,,,,,,,,,,,,,,,,,,,,,
EVT0002041,SUB00460,CNT00016,2023-02-18,15,Tablet,115,100%,TRUE,FALSE,TRUE,HD,SES548798,1,,,,,,,,,,,,,,,,,,,,,,,,,,,,,,,,,,,,,,,,,,,,,,,,,,,,,,,,,,,,,,,,,,,,,,,,,,,,,,,,,,,,,,,,,,,,,,,,,,,,,,,,,,,,,,,,,,,,,,,,,
EVT0002042,SUB00692,CNT00018,2023-06-27,18,Desktop,73,75-99%,FALSE,FALSE,FALSE,SD,SES634186,0,,,,,,,,,,,,,,,,,,,,,,,,,,,,,,,,,,,,,,,,,,,,,,,,,,,,,,,,,,,,,,,,,,,,,,,,,,,,,,,,,,,,,,,,,,,,,,,,,,,,,,,,,,,,,,,,,,,,,,,,,
EVT0002043,SUB00508,CNT00073,2024-05-15,17,Roku,39,100%,TRUE,FALSE,TRUE,HD,SES399116,1,,,,,,,,,,,,,,,,,,,,,,,,,,,,,,,,,,,,,,,,,,,,,,,,,,,,,,,,,,,,,,,,,,,,,,,,,,,,,,,,,,,,,,,,,,,,,,,,,,,,,,,,,,,,,,,,,,,,,,,,,
EVT0002044,SUB00343,CNT00046,2024-05-29,20,Fire TV,63,100%,TRUE,FALSE,TRUE,HD,SES599330,1,,,,,,,,,,,,,,,,,,,,,,,,,,,,,,,,,,,,,,,,,,,,,,,,,,,,,,,,,,,,,,,,,,,,,,,,,,,,,,,,,,,,,,,,,,,,,,,,,,,,,,,,,,,,,,,,,,,,,,,,,
EVT0002045,SUB00477,CNT00061,2024-02-03,14,Smart TV,7,50-75%,FALSE,FALSE,TRUE,HD,SES471920,0,,,,,,,,,,,,,,,,,,,,,,,,,,,,,,,,,,,,,,,,,,,,,,,,,,,,,,,,,,,,,,,,,,,,,,,,,,,,,,,,,,,,,,,,,,,,,,,,,,,,,,,,,,,,,,,,,,,,,,,,,
EVT0002046,SUB00316,CNT00045,2023-03-24,8,Mobile,45,25-50%,FALSE,FALSE,TRUE,HD,SES162280,0,,,,,,,,,,,,,,,,,,,,,,,,,,,,,,,,,,,,,,,,,,,,,,,,,,,,,,,,,,,,,,,,,,,,,,,,,,,,,,,,,,,,,,,,,,,,,,,,,,,,,,,,,,,,,,,,,,,,,,,,,
EVT0002047,SUB00034,CNT00006,2023-03-01,14,Fire TV,9,100%,TRUE,FALSE,TRUE,HD,SES474413,1,,,,,,,,,,,,,,,,,,,,,,,,,,,,,,,,,,,,,,,,,,,,,,,,,,,,,,,,,,,,,,,,,,,,,,,,,,,,,,,,,,,,,,,,,,,,,,,,,,,,,,,,,,,,,,,,,,,,,,,,,
EVT0002048,SUB00154,CNT00031,2024-06-02,16,Smart TV,72,100%,TRUE,FALSE,FALSE,HD,SES483209,1,,,,,,,,,,,,,,,,,,,,,,,,,,,,,,,,,,,,,,,,,,,,,,,,,,,,,,,,,,,,,,,,,,,,,,,,,,,,,,,,,,,,,,,,,,,,,,,,,,,,,,,,,,,,,,,,,,,,,,,,,
EVT0002049,SUB00351,CNT00026,2023-09-09,10,Desktop,60,100%,TRUE,TRUE,FALSE,SD,SES138607,1,,,,,,,,,,,,,,,,,,,,,,,,,,,,,,,,,,,,,,,,,,,,,,,,,,,,,,,,,,,,,,,,,,,,,,,,,,,,,,,,,,,,,,,,,,,,,,,,,,,,,,,,,,,,,,,,,,,,,,,,,
EVT0002050,SUB00478,CNT00097,2023-09-24,8,Mobile,99,100%,TRUE,TRUE,TRUE,HD,SES890064,1,,,,,,,,,,,,,,,,,,,,,,,,,,,,,,,,,,,,,,,,,,,,,,,,,,,,,,,,,,,,,,,,,,,,,,,,,,,,,,,,,,,,,,,,,,,,,,,,,,,,,,,,,,,,,,,,,,,,,,,,,
EVT0002051,SUB00432,CNT00028,2024-01-06,8,Mobile,75,100%,TRUE,TRUE,FALSE,4K,SES626786,1,,,,,,,,,,,,,,,,,,,,,,,,,,,,,,,,,,,,,,,,,,,,,,,,,,,,,,,,,,,,,,,,,,,,,,,,,,,,,,,,,,,,,,,,,,,,,,,,,,,,,,,,,,,,,,,,,,,,,,,,,
EVT0002052,SUB00459,CNT00036,2023-08-09,8,Tablet,98,75-99%,FALSE,FALSE,TRUE,HD,SES545697,0,,,,,,,,,,,,,,,,,,,,,,,,,,,,,,,,,,,,,,,,,,,,,,,,,,,,,,,,,,,,,,,,,,,,,,,,,,,,,,,,,,,,,,,,,,,,,,,,,,,,,,,,,,,,,,,,,,,,,,,,,
EVT0002053,SUB00523,CNT00083,2023-04-06,21,Fire TV,5,75-99%,FALSE,FALSE,FALSE,HD,SES868687,0,,,,,,,,,,,,,,,,,,,,,,,,,,,,,,,,,,,,,,,,,,,,,,,,,,,,,,,,,,,,,,,,,,,,,,,,,,,,,,,,,,,,,,,,,,,,,,,,,,,,,,,,,,,,,,,,,,,,,,,,,
EVT0002054,SUB00410,CNT00050,2024-02-26,10,Fire TV,83,75-99%,FALSE,TRUE,FALSE,4K,SES846601,0,,,,,,,,,,,,,,,,,,,,,,,,,,,,,,,,,,,,,,,,,,,,,,,,,,,,,,,,,,,,,,,,,,,,,,,,,,,,,,,,,,,,,,,,,,,,,,,,,,,,,,,,,,,,,,,,,,,,,,,,,
EVT0002055,SUB00378,CNT00077,2023-05-17,6,Roku,87,100%,TRUE,FALSE,TRUE,4K,SES853222,1,,,,,,,,,,,,,,,,,,,,,,,,,,,,,,,,,,,,,,,,,,,,,,,,,,,,,,,,,,,,,,,,,,,,,,,,,,,,,,,,,,,,,,,,,,,,,,,,,,,,,,,,,,,,,,,,,,,,,,,,,
EVT0002056,SUB00239,CNT00001,2023-06-18,11,Desktop,59,100%,TRUE,FALSE,TRUE,4K,SES391755,1,,,,,,,,,,,,,,,,,,,,,,,,,,,,,,,,,,,,,,,,,,,,,,,,,,,,,,,,,,,,,,,,,,,,,,,,,,,,,,,,,,,,,,,,,,,,,,,,,,,,,,,,,,,,,,,,,,,,,,,,,
EVT0002057,SUB00697,CNT00060,2024-05-07,10,Mobile,37,75-99%,FALSE,TRUE,TRUE,SD,SES326787,0,,,,,,,,,,,,,,,,,,,,,,,,,,,,,,,,,,,,,,,,,,,,,,,,,,,,,,,,,,,,,,,,,,,,,,,,,,,,,,,,,,,,,,,,,,,,,,,,,,,,,,,,,,,,,,,,,,,,,,,,,
EVT0002058,SUB00545,CNT00011,2023-04-01,15,Desktop,116,50-75%,FALSE,TRUE,TRUE,HD,SES719478,0,,,,,,,,,,,,,,,,,,,,,,,,,,,,,,,,,,,,,,,,,,,,,,,,,,,,,,,,,,,,,,,,,,,,,,,,,,,,,,,,,,,,,,,,,,,,,,,,,,,,,,,,,,,,,,,,,,,,,,,,,
EVT0002059,SUB00260,CNT00095,2023-04-03,11,Tablet,63,75-99%,FALSE,FALSE,TRUE,HD,SES102792,0,,,,,,,,,,,,,,,,,,,,,,,,,,,,,,,,,,,,,,,,,,,,,,,,,,,,,,,,,,,,,,,,,,,,,,,,,,,,,,,,,,,,,,,,,,,,,,,,,,,,,,,,,,,,,,,,,,,,,,,,,
EVT0002060,SUB00336,CNT00037,2023-07-12,11,Fire TV,33,25-50%,FALSE,FALSE,TRUE,HD,SES979024,0,,,,,,,,,,,,,,,,,,,,,,,,,,,,,,,,,,,,,,,,,,,,,,,,,,,,,,,,,,,,,,,,,,,,,,,,,,,,,,,,,,,,,,,,,,,,,,,,,,,,,,,,,,,,,,,,,,,,,,,,,
EVT0002061,SUB00085,CNT00096,2024-01-01,19,Desktop,44,100%,TRUE,FALSE,TRUE,4K,SES200151,1,,,,,,,,,,,,,,,,,,,,,,,,,,,,,,,,,,,,,,,,,,,,,,,,,,,,,,,,,,,,,,,,,,,,,,,,,,,,,,,,,,,,,,,,,,,,,,,,,,,,,,,,,,,,,,,,,,,,,,,,,
EVT0002062,SUB00093,CNT00047,2023-07-28,12,Mobile,23,<25%,FALSE,FALSE,FALSE,4K,SES305096,0,,,,,,,,,,,,,,,,,,,,,,,,,,,,,,,,,,,,,,,,,,,,,,,,,,,,,,,,,,,,,,,,,,,,,,,,,,,,,,,,,,,,,,,,,,,,,,,,,,,,,,,,,,,,,,,,,,,,,,,,,
EVT0002063,SUB00429,CNT00069,2023-10-01,17,Smart TV,84,100%,TRUE,FALSE,FALSE,4K,SES768672,1,,,,,,,,,,,,,,,,,,,,,,,,,,,,,,,,,,,,,,,,,,,,,,,,,,,,,,,,,,,,,,,,,,,,,,,,,,,,,,,,,,,,,,,,,,,,,,,,,,,,,,,,,,,,,,,,,,,,,,,,,
EVT0002064,SUB00122,CNT00078,2023-06-21,7,Roku,71,50-75%,FALSE,FALSE,FALSE,SD,SES279106,0,,,,,,,,,,,,,,,,,,,,,,,,,,,,,,,,,,,,,,,,,,,,,,,,,,,,,,,,,,,,,,,,,,,,,,,,,,,,,,,,,,,,,,,,,,,,,,,,,,,,,,,,,,,,,,,,,,,,,,,,,
EVT0002065,SUB00339,CNT00100,2024-01-20,9,Desktop,63,100%,TRUE,FALSE,FALSE,HD,SES325582,1,,,,,,,,,,,,,,,,,,,,,,,,,,,,,,,,,,,,,,,,,,,,,,,,,,,,,,,,,,,,,,,,,,,,,,,,,,,,,,,,,,,,,,,,,,,,,,,,,,,,,,,,,,,,,,,,,,,,,,,,,
EVT0002066,SUB00100,CNT00040,2023-07-30,8,Roku,119,75-99%,FALSE,FALSE,TRUE,SD,SES305602,0,,,,,,,,,,,,,,,,,,,,,,,,,,,,,,,,,,,,,,,,,,,,,,,,,,,,,,,,,,,,,,,,,,,,,,,,,,,,,,,,,,,,,,,,,,,,,,,,,,,,,,,,,,,,,,,,,,,,,,,,,
EVT0002067,SUB00067,CNT00050,2024-06-29,10,Fire TV,82,25-50%,FALSE,TRUE,TRUE,HD,SES207789,0,,,,,,,,,,,,,,,,,,,,,,,,,,,,,,,,,,,,,,,,,,,,,,,,,,,,,,,,,,,,,,,,,,,,,,,,,,,,,,,,,,,,,,,,,,,,,,,,,,,,,,,,,,,,,,,,,,,,,,,,,
EVT0002068,SUB00589,CNT00031,2024-01-14,7,Roku,99,100%,TRUE,TRUE,TRUE,SD,SES640027,1,,,,,,,,,,,,,,,,,,,,,,,,,,,,,,,,,,,,,,,,,,,,,,,,,,,,,,,,,,,,,,,,,,,,,,,,,,,,,,,,,,,,,,,,,,,,,,,,,,,,,,,,,,,,,,,,,,,,,,,,,
EVT0002069,SUB00159,CNT00025,2023-11-18,8,Tablet,97,50-75%,FALSE,FALSE,TRUE,HD,SES361576,0,,,,,,,,,,,,,,,,,,,,,,,,,,,,,,,,,,,,,,,,,,,,,,,,,,,,,,,,,,,,,,,,,,,,,,,,,,,,,,,,,,,,,,,,,,,,,,,,,,,,,,,,,,,,,,,,,,,,,,,,,
EVT0002070,SUB00341,CNT00046,2023-03-27,7,Mobile,46,75-99%,FALSE,TRUE,TRUE,HD,SES161746,0,,,,,,,,,,,,,,,,,,,,,,,,,,,,,,,,,,,,,,,,,,,,,,,,,,,,,,,,,,,,,,,,,,,,,,,,,,,,,,,,,,,,,,,,,,,,,,,,,,,,,,,,,,,,,,,,,,,,,,,,,
EVT0002071,SUB00304,CNT00093,2023-11-11,9,Mobile,83,75-99%,FALSE,FALSE,TRUE,4K,SES743732,0,,,,,,,,,,,,,,,,,,,,,,,,,,,,,,,,,,,,,,,,,,,,,,,,,,,,,,,,,,,,,,,,,,,,,,,,,,,,,,,,,,,,,,,,,,,,,,,,,,,,,,,,,,,,,,,,,,,,,,,,,
EVT0002072,SUB00680,CNT00041,2023-11-07,19,Smart TV,100,75-99%,FALSE,FALSE,TRUE,4K,SES225492,0,,,,,,,,,,,,,,,,,,,,,,,,,,,,,,,,,,,,,,,,,,,,,,,,,,,,,,,,,,,,,,,,,,,,,,,,,,,,,,,,,,,,,,,,,,,,,,,,,,,,,,,,,,,,,,,,,,,,,,,,,
EVT0002073,SUB00612,CNT00019,2023-07-08,14,Tablet,24,75-99%,FALSE,TRUE,TRUE,4K,SES817683,0,,,,,,,,,,,,,,,,,,,,,,,,,,,,,,,,,,,,,,,,,,,,,,,,,,,,,,,,,,,,,,,,,,,,,,,,,,,,,,,,,,,,,,,,,,,,,,,,,,,,,,,,,,,,,,,,,,,,,,,,,
EVT0002074,SUB00633,CNT00014,2023-03-26,9,Fire TV,100,<25%,FALSE,FALSE,FALSE,HD,SES823540,0,,,,,,,,,,,,,,,,,,,,,,,,,,,,,,,,,,,,,,,,,,,,,,,,,,,,,,,,,,,,,,,,,,,,,,,,,,,,,,,,,,,,,,,,,,,,,,,,,,,,,,,,,,,,,,,,,,,,,,,,,
EVT0002075,SUB00018,CNT00083,2023-04-06,22,Fire TV,21,100%,TRUE,TRUE,FALSE,4K,SES240506,1,,,,,,,,,,,,,,,,,,,,,,,,,,,,,,,,,,,,,,,,,,,,,,,,,,,,,,,,,,,,,,,,,,,,,,,,,,,,,,,,,,,,,,,,,,,,,,,,,,,,,,,,,,,,,,,,,,,,,,,,,
EVT0002076,SUB00415,CNT00054,2023-05-07,10,Smart TV,92,100%,TRUE,TRUE,FALSE,HD,SES473124,1,,,,,,,,,,,,,,,,,,,,,,,,,,,,,,,,,,,,,,,,,,,,,,,,,,,,,,,,,,,,,,,,,,,,,,,,,,,,,,,,,,,,,,,,,,,,,,,,,,,,,,,,,,,,,,,,,,,,,,,,,
EVT0002077,SUB00175,CNT00049,2024-02-16,18,Smart TV,8,100%,TRUE,FALSE,TRUE,4K,SES620690,1,,,,,,,,,,,,,,,,,,,,,,,,,,,,,,,,,,,,,,,,,,,,,,,,,,,,,,,,,,,,,,,,,,,,,,,,,,,,,,,,,,,,,,,,,,,,,,,,,,,,,,,,,,,,,,,,,,,,,,,,,
EVT0002078,SUB00004,CNT00062,2023-03-30,17,Desktop,21,50-75%,FALSE,TRUE,FALSE,HD,SES151544,0,,,,,,,,,,,,,,,,,,,,,,,,,,,,,,,,,,,,,,,,,,,,,,,,,,,,,,,,,,,,,,,,,,,,,,,,,,,,,,,,,,,,,,,,,,,,,,,,,,,,,,,,,,,,,,,,,,,,,,,,,
EVT0002079,SUB00162,CNT00006,2023-07-26,20,Tablet,76,100%,TRUE,FALSE,FALSE,HD,SES870720,1,,,,,,,,,,,,,,,,,,,,,,,,,,,,,,,,,,,,,,,,,,,,,,,,,,,,,,,,,,,,,,,,,,,,,,,,,,,,,,,,,,,,,,,,,,,,,,,,,,,,,,,,,,,,,,,,,,,,,,,,,
EVT0002080,SUB00261,CNT00072,2023-05-12,9,Smart TV,83,75-99%,FALSE,FALSE,TRUE,4K,SES450934,0,,,,,,,,,,,,,,,,,,,,,,,,,,,,,,,,,,,,,,,,,,,,,,,,,,,,,,,,,,,,,,,,,,,,,,,,,,,,,,,,,,,,,,,,,,,,,,,,,,,,,,,,,,,,,,,,,,,,,,,,,
EVT0002081,SUB00046,CNT00100,2023-07-10,6,Fire TV,23,100%,TRUE,FALSE,FALSE,HD,SES116709,1,,,,,,,,,,,,,,,,,,,,,,,,,,,,,,,,,,,,,,,,,,,,,,,,,,,,,,,,,,,,,,,,,,,,,,,,,,,,,,,,,,,,,,,,,,,,,,,,,,,,,,,,,,,,,,,,,,,,,,,,,
EVT0002082,SUB00045,CNT00005,2024-01-25,11,Tablet,6,25-50%,FALSE,FALSE,TRUE,4K,SES600281,0,,,,,,,,,,,,,,,,,,,,,,,,,,,,,,,,,,,,,,,,,,,,,,,,,,,,,,,,,,,,,,,,,,,,,,,,,,,,,,,,,,,,,,,,,,,,,,,,,,,,,,,,,,,,,,,,,,,,,,,,,
EVT0002083,SUB00462,CNT00052,2023-09-27,16,Mobile,96,100%,TRUE,FALSE,TRUE,4K,SES187484,1,,,,,,,,,,,,,,,,,,,,,,,,,,,,,,,,,,,,,,,,,,,,,,,,,,,,,,,,,,,,,,,,,,,,,,,,,,,,,,,,,,,,,,,,,,,,,,,,,,,,,,,,,,,,,,,,,,,,,,,,,
EVT0002084,SUB00599,CNT00056,2024-05-29,14,Smart TV,9,75-99%,FALSE,TRUE,TRUE,4K,SES757462,0,,,,,,,,,,,,,,,,,,,,,,,,,,,,,,,,,,,,,,,,,,,,,,,,,,,,,,,,,,,,,,,,,,,,,,,,,,,,,,,,,,,,,,,,,,,,,,,,,,,,,,,,,,,,,,,,,,,,,,,,,
EVT0002085,SUB00442,CNT00029,2023-12-29,21,Roku,70,75-99%,FALSE,FALSE,TRUE,HD,SES464479,0,,,,,,,,,,,,,,,,,,,,,,,,,,,,,,,,,,,,,,,,,,,,,,,,,,,,,,,,,,,,,,,,,,,,,,,,,,,,,,,,,,,,,,,,,,,,,,,,,,,,,,,,,,,,,,,,,,,,,,,,,
EVT0002086,SUB00629,CNT00031,2024-03-11,18,Fire TV,11,<25%,FALSE,FALSE,FALSE,HD,SES244758,0,,,,,,,,,,,,,,,,,,,,,,,,,,,,,,,,,,,,,,,,,,,,,,,,,,,,,,,,,,,,,,,,,,,,,,,,,,,,,,,,,,,,,,,,,,,,,,,,,,,,,,,,,,,,,,,,,,,,,,,,,
EVT0002087,SUB00091,CNT00094,2023-01-24,23,Desktop,6,100%,TRUE,FALSE,TRUE,HD,SES390554,1,,,,,,,,,,,,,,,,,,,,,,,,,,,,,,,,,,,,,,,,,,,,,,,,,,,,,,,,,,,,,,,,,,,,,,,,,,,,,,,,,,,,,,,,,,,,,,,,,,,,,,,,,,,,,,,,,,,,,,,,,
EVT0002088,SUB00082,CNT00079,2024-04-02,22,Mobile,31,<25%,FALSE,FALSE,TRUE,4K,SES998459,0,,,,,,,,,,,,,,,,,,,,,,,,,,,,,,,,,,,,,,,,,,,,,,,,,,,,,,,,,,,,,,,,,,,,,,,,,,,,,,,,,,,,,,,,,,,,,,,,,,,,,,,,,,,,,,,,,,,,,,,,,
EVT0002089,SUB00601,CNT00098,2024-06-17,13,Roku,26,50-75%,FALSE,FALSE,FALSE,4K,SES423003,0,,,,,,,,,,,,,,,,,,,,,,,,,,,,,,,,,,,,,,,,,,,,,,,,,,,,,,,,,,,,,,,,,,,,,,,,,,,,,,,,,,,,,,,,,,,,,,,,,,,,,,,,,,,,,,,,,,,,,,,,,
EVT0002090,SUB00604,CNT00016,2023-03-17,7,Tablet,34,50-75%,FALSE,FALSE,TRUE,HD,SES688035,0,,,,,,,,,,,,,,,,,,,,,,,,,,,,,,,,,,,,,,,,,,,,,,,,,,,,,,,,,,,,,,,,,,,,,,,,,,,,,,,,,,,,,,,,,,,,,,,,,,,,,,,,,,,,,,,,,,,,,,,,,
EVT0002091,SUB00603,CNT00035,2023-09-03,19,Desktop,32,100%,TRUE,FALSE,TRUE,HD,SES447478,1,,,,,,,,,,,,,,,,,,,,,,,,,,,,,,,,,,,,,,,,,,,,,,,,,,,,,,,,,,,,,,,,,,,,,,,,,,,,,,,,,,,,,,,,,,,,,,,,,,,,,,,,,,,,,,,,,,,,,,,,,
EVT0002092,SUB00130,CNT00051,2023-08-15,23,Tablet,115,75-99%,FALSE,FALSE,FALSE,HD,SES954266,0,,,,,,,,,,,,,,,,,,,,,,,,,,,,,,,,,,,,,,,,,,,,,,,,,,,,,,,,,,,,,,,,,,,,,,,,,,,,,,,,,,,,,,,,,,,,,,,,,,,,,,,,,,,,,,,,,,,,,,,,,
EVT0002093,SUB00424,CNT00043,2024-06-25,10,Roku,119,75-99%,FALSE,TRUE,TRUE,HD,SES795782,0,,,,,,,,,,,,,,,,,,,,,,,,,,,,,,,,,,,,,,,,,,,,,,,,,,,,,,,,,,,,,,,,,,,,,,,,,,,,,,,,,,,,,,,,,,,,,,,,,,,,,,,,,,,,,,,,,,,,,,,,,
EVT0002094,SUB00163,CNT00022,2023-07-10,6,Mobile,72,100%,TRUE,TRUE,TRUE,HD,SES491660,1,,,,,,,,,,,,,,,,,,,,,,,,,,,,,,,,,,,,,,,,,,,,,,,,,,,,,,,,,,,,,,,,,,,,,,,,,,,,,,,,,,,,,,,,,,,,,,,,,,,,,,,,,,,,,,,,,,,,,,,,,
EVT0002095,SUB00043,CNT00066,2023-08-03,19,Roku,98,75-99%,FALSE,FALSE,FALSE,HD,SES608515,0,,,,,,,,,,,,,,,,,,,,,,,,,,,,,,,,,,,,,,,,,,,,,,,,,,,,,,,,,,,,,,,,,,,,,,,,,,,,,,,,,,,,,,,,,,,,,,,,,,,,,,,,,,,,,,,,,,,,,,,,,
EVT0002096,SUB00655,CNT00003,2024-02-24,18,Tablet,46,100%,TRUE,FALSE,TRUE,HD,SES381858,1,,,,,,,,,,,,,,,,,,,,,,,,,,,,,,,,,,,,,,,,,,,,,,,,,,,,,,,,,,,,,,,,,,,,,,,,,,,,,,,,,,,,,,,,,,,,,,,,,,,,,,,,,,,,,,,,,,,,,,,,,
EVT0002097,SUB00589,CNT00062,2023-10-15,10,Mobile,34,75-99%,FALSE,FALSE,FALSE,HD,SES185103,0,,,,,,,,,,,,,,,,,,,,,,,,,,,,,,,,,,,,,,,,,,,,,,,,,,,,,,,,,,,,,,,,,,,,,,,,,,,,,,,,,,,,,,,,,,,,,,,,,,,,,,,,,,,,,,,,,,,,,,,,,
EVT0002098,SUB00331,CNT00088,2024-05-04,16,Roku,85,100%,TRUE,TRUE,FALSE,HD,SES612276,1,,,,,,,,,,,,,,,,,,,,,,,,,,,,,,,,,,,,,,,,,,,,,,,,,,,,,,,,,,,,,,,,,,,,,,,,,,,,,,,,,,,,,,,,,,,,,,,,,,,,,,,,,,,,,,,,,,,,,,,,,
EVT0002099,SUB00551,CNT00036,2023-10-09,8,Fire TV,86,<25%,FALSE,FALSE,FALSE,HD,SES817125,0,,,,,,,,,,,,,,,,,,,,,,,,,,,,,,,,,,,,,,,,,,,,,,,,,,,,,,,,,,,,,,,,,,,,,,,,,,,,,,,,,,,,,,,,,,,,,,,,,,,,,,,,,,,,,,,,,,,,,,,,,
EVT0002100,SUB00439,CNT00098,2023-06-10,9,Roku,84,25-50%,FALSE,FALSE,TRUE,4K,SES450900,0,,,,,,,,,,,,,,,,,,,,,,,,,,,,,,,,,,,,,,,,,,,,,,,,,,,,,,,,,,,,,,,,,,,,,,,,,,,,,,,,,,,,,,,,,,,,,,,,,,,,,,,,,,,,,,,,,,,,,,,,,
EVT0002101,SUB00275,CNT00046,2023-08-18,8,Tablet,104,100%,TRUE,FALSE,TRUE,4K,SES217013,1,,,,,,,,,,,,,,,,,,,,,,,,,,,,,,,,,,,,,,,,,,,,,,,,,,,,,,,,,,,,,,,,,,,,,,,,,,,,,,,,,,,,,,,,,,,,,,,,,,,,,,,,,,,,,,,,,,,,,,,,,
EVT0002102,SUB00452,CNT00055,2024-02-17,6,Mobile,77,50-75%,FALSE,TRUE,TRUE,HD,SES957920,0,,,,,,,,,,,,,,,,,,,,,,,,,,,,,,,,,,,,,,,,,,,,,,,,,,,,,,,,,,,,,,,,,,,,,,,,,,,,,,,,,,,,,,,,,,,,,,,,,,,,,,,,,,,,,,,,,,,,,,,,,
EVT0002103,SUB00063,CNT00051,2023-07-08,7,Mobile,102,100%,TRUE,FALSE,TRUE,HD,SES598493,1,,,,,,,,,,,,,,,,,,,,,,,,,,,,,,,,,,,,,,,,,,,,,,,,,,,,,,,,,,,,,,,,,,,,,,,,,,,,,,,,,,,,,,,,,,,,,,,,,,,,,,,,,,,,,,,,,,,,,,,,,
EVT0002104,SUB00177,CNT00019,2023-06-08,14,Roku,106,25-50%,FALSE,FALSE,TRUE,4K,SES909808,0,,,,,,,,,,,,,,,,,,,,,,,,,,,,,,,,,,,,,,,,,,,,,,,,,,,,,,,,,,,,,,,,,,,,,,,,,,,,,,,,,,,,,,,,,,,,,,,,,,,,,,,,,,,,,,,,,,,,,,,,,
EVT0002105,SUB00492,CNT00061,2023-06-21,22,Tablet,60,<25%,FALSE,FALSE,FALSE,SD,SES186835,0,,,,,,,,,,,,,,,,,,,,,,,,,,,,,,,,,,,,,,,,,,,,,,,,,,,,,,,,,,,,,,,,,,,,,,,,,,,,,,,,,,,,,,,,,,,,,,,,,,,,,,,,,,,,,,,,,,,,,,,,,
EVT0002106,SUB00035,CNT00085,2024-06-02,15,Roku,5,50-75%,FALSE,TRUE,TRUE,HD,SES559940,0,,,,,,,,,,,,,,,,,,,,,,,,,,,,,,,,,,,,,,,,,,,,,,,,,,,,,,,,,,,,,,,,,,,,,,,,,,,,,,,,,,,,,,,,,,,,,,,,,,,,,,,,,,,,,,,,,,,,,,,,,
EVT0002107,SUB00384,CNT00068,2023-09-05,21,Mobile,49,75-99%,FALSE,FALSE,TRUE,4K,SES537076,0,,,,,,,,,,,,,,,,,,,,,,,,,,,,,,,,,,,,,,,,,,,,,,,,,,,,,,,,,,,,,,,,,,,,,,,,,,,,,,,,,,,,,,,,,,,,,,,,,,,,,,,,,,,,,,,,,,,,,,,,,
EVT0002108,SUB00354,CNT00020,2023-01-17,7,Roku,118,100%,TRUE,FALSE,TRUE,4K,SES884060,1,,,,,,,,,,,,,,,,,,,,,,,,,,,,,,,,,,,,,,,,,,,,,,,,,,,,,,,,,,,,,,,,,,,,,,,,,,,,,,,,,,,,,,,,,,,,,,,,,,,,,,,,,,,,,,,,,,,,,,,,,
EVT0002109,SUB00649,CNT00064,2024-02-17,16,Fire TV,31,25-50%,FALSE,FALSE,FALSE,4K,SES754364,0,,,,,,,,,,,,,,,,,,,,,,,,,,,,,,,,,,,,,,,,,,,,,,,,,,,,,,,,,,,,,,,,,,,,,,,,,,,,,,,,,,,,,,,,,,,,,,,,,,,,,,,,,,,,,,,,,,,,,,,,,
EVT0002110,SUB00110,CNT00020,2023-03-06,17,Desktop,61,100%,TRUE,FALSE,FALSE,HD,SES942027,1,,,,,,,,,,,,,,,,,,,,,,,,,,,,,,,,,,,,,,,,,,,,,,,,,,,,,,,,,,,,,,,,,,,,,,,,,,,,,,,,,,,,,,,,,,,,,,,,,,,,,,,,,,,,,,,,,,,,,,,,,
EVT0002111,SUB00374,CNT00022,2024-05-28,17,Tablet,97,100%,TRUE,FALSE,FALSE,HD,SES684143,1,,,,,,,,,,,,,,,,,,,,,,,,,,,,,,,,,,,,,,,,,,,,,,,,,,,,,,,,,,,,,,,,,,,,,,,,,,,,,,,,,,,,,,,,,,,,,,,,,,,,,,,,,,,,,,,,,,,,,,,,,
EVT0002112,SUB00021,CNT00059,2023-09-09,16,Roku,22,50-75%,FALSE,TRUE,TRUE,HD,SES291252,0,,,,,,,,,,,,,,,,,,,,,,,,,,,,,,,,,,,,,,,,,,,,,,,,,,,,,,,,,,,,,,,,,,,,,,,,,,,,,,,,,,,,,,,,,,,,,,,,,,,,,,,,,,,,,,,,,,,,,,,,,
EVT0002113,SUB00267,CNT00064,2024-03-02,21,Fire TV,70,75-99%,FALSE,FALSE,TRUE,HD,SES102650,0,,,,,,,,,,,,,,,,,,,,,,,,,,,,,,,,,,,,,,,,,,,,,,,,,,,,,,,,,,,,,,,,,,,,,,,,,,,,,,,,,,,,,,,,,,,,,,,,,,,,,,,,,,,,,,,,,,,,,,,,,
EVT0002114,SUB00575,CNT00003,2024-04-01,16,Mobile,90,100%,TRUE,FALSE,FALSE,HD,SES204915,1,,,,,,,,,,,,,,,,,,,,,,,,,,,,,,,,,,,,,,,,,,,,,,,,,,,,,,,,,,,,,,,,,,,,,,,,,,,,,,,,,,,,,,,,,,,,,,,,,,,,,,,,,,,,,,,,,,,,,,,,,
EVT0002115,SUB00067,CNT00048,2024-05-31,10,Roku,91,75-99%,FALSE,FALSE,TRUE,4K,SES200639,0,,,,,,,,,,,,,,,,,,,,,,,,,,,,,,,,,,,,,,,,,,,,,,,,,,,,,,,,,,,,,,,,,,,,,,,,,,,,,,,,,,,,,,,,,,,,,,,,,,,,,,,,,,,,,,,,,,,,,,,,,
EVT0002116,SUB00619,CNT00044,2023-11-11,9,Desktop,40,50-75%,FALSE,FALSE,FALSE,HD,SES645273,0,,,,,,,,,,,,,,,,,,,,,,,,,,,,,,,,,,,,,,,,,,,,,,,,,,,,,,,,,,,,,,,,,,,,,,,,,,,,,,,,,,,,,,,,,,,,,,,,,,,,,,,,,,,,,,,,,,,,,,,,,
EVT0002117,SUB00530,CNT00044,2023-09-08,21,Tablet,61,100%,TRUE,FALSE,TRUE,4K,SES497657,1,,,,,,,,,,,,,,,,,,,,,,,,,,,,,,,,,,,,,,,,,,,,,,,,,,,,,,,,,,,,,,,,,,,,,,,,,,,,,,,,,,,,,,,,,,,,,,,,,,,,,,,,,,,,,,,,,,,,,,,,,
EVT0002118,SUB00597,CNT00062,2023-11-23,16,Tablet,97,<25%,FALSE,FALSE,TRUE,HD,SES769669,0,,,,,,,,,,,,,,,,,,,,,,,,,,,,,,,,,,,,,,,,,,,,,,,,,,,,,,,,,,,,,,,,,,,,,,,,,,,,,,,,,,,,,,,,,,,,,,,,,,,,,,,,,,,,,,,,,,,,,,,,,
EVT0002119,SUB00228,CNT00056,2023-11-10,21,Mobile,48,75-99%,FALSE,FALSE,FALSE,HD,SES247706,0,,,,,,,,,,,,,,,,,,,,,,,,,,,,,,,,,,,,,,,,,,,,,,,,,,,,,,,,,,,,,,,,,,,,,,,,,,,,,,,,,,,,,,,,,,,,,,,,,,,,,,,,,,,,,,,,,,,,,,,,,
EVT0002120,SUB00597,CNT00074,2023-01-03,7,Desktop,56,100%,TRUE,FALSE,TRUE,4K,SES218020,1,,,,,,,,,,,,,,,,,,,,,,,,,,,,,,,,,,,,,,,,,,,,,,,,,,,,,,,,,,,,,,,,,,,,,,,,,,,,,,,,,,,,,,,,,,,,,,,,,,,,,,,,,,,,,,,,,,,,,,,,,
EVT0002121,SUB00216,CNT00093,2023-12-21,7,Fire TV,11,75-99%,FALSE,TRUE,TRUE,4K,SES774705,0,,,,,,,,,,,,,,,,,,,,,,,,,,,,,,,,,,,,,,,,,,,,,,,,,,,,,,,,,,,,,,,,,,,,,,,,,,,,,,,,,,,,,,,,,,,,,,,,,,,,,,,,,,,,,,,,,,,,,,,,,
EVT0002122,SUB00474,CNT00030,2023-09-16,14,Smart TV,89,100%,TRUE,TRUE,FALSE,4K,SES827957,1,,,,,,,,,,,,,,,,,,,,,,,,,,,,,,,,,,,,,,,,,,,,,,,,,,,,,,,,,,,,,,,,,,,,,,,,,,,,,,,,,,,,,,,,,,,,,,,,,,,,,,,,,,,,,,,,,,,,,,,,,
EVT0002123,SUB00137,CNT00042,2024-05-10,22,Tablet,56,75-99%,FALSE,FALSE,TRUE,HD,SES459251,0,,,,,,,,,,,,,,,,,,,,,,,,,,,,,,,,,,,,,,,,,,,,,,,,,,,,,,,,,,,,,,,,,,,,,,,,,,,,,,,,,,,,,,,,,,,,,,,,,,,,,,,,,,,,,,,,,,,,,,,,,
EVT0002124,SUB00664,CNT00082,2023-10-04,9,Desktop,73,75-99%,FALSE,FALSE,FALSE,4K,SES590306,0,,,,,,,,,,,,,,,,,,,,,,,,,,,,,,,,,,,,,,,,,,,,,,,,,,,,,,,,,,,,,,,,,,,,,,,,,,,,,,,,,,,,,,,,,,,,,,,,,,,,,,,,,,,,,,,,,,,,,,,,,
EVT0002125,SUB00635,CNT00020,2023-08-08,10,Roku,51,50-75%,FALSE,FALSE,TRUE,HD,SES118510,0,,,,,,,,,,,,,,,,,,,,,,,,,,,,,,,,,,,,,,,,,,,,,,,,,,,,,,,,,,,,,,,,,,,,,,,,,,,,,,,,,,,,,,,,,,,,,,,,,,,,,,,,,,,,,,,,,,,,,,,,,
EVT0002126,SUB00498,CNT00039,2023-12-19,17,Roku,17,100%,TRUE,FALSE,TRUE,HD,SES146463,1,,,,,,,,,,,,,,,,,,,,,,,,,,,,,,,,,,,,,,,,,,,,,,,,,,,,,,,,,,,,,,,,,,,,,,,,,,,,,,,,,,,,,,,,,,,,,,,,,,,,,,,,,,,,,,,,,,,,,,,,,
EVT0002127,SUB00544,CNT00034,2023-06-09,9,Smart TV,57,100%,TRUE,TRUE,TRUE,HD,SES877690,1,,,,,,,,,,,,,,,,,,,,,,,,,,,,,,,,,,,,,,,,,,,,,,,,,,,,,,,,,,,,,,,,,,,,,,,,,,,,,,,,,,,,,,,,,,,,,,,,,,,,,,,,,,,,,,,,,,,,,,,,,
EVT0002128,SUB00455,CNT00004,2023-11-06,14,Desktop,108,75-99%,FALSE,FALSE,TRUE,SD,SES366847,0,,,,,,,,,,,,,,,,,,,,,,,,,,,,,,,,,,,,,,,,,,,,,,,,,,,,,,,,,,,,,,,,,,,,,,,,,,,,,,,,,,,,,,,,,,,,,,,,,,,,,,,,,,,,,,,,,,,,,,,,,
EVT0002129,SUB00686,CNT00093,2024-05-19,13,Tablet,20,100%,TRUE,FALSE,TRUE,4K,SES699686,1,,,,,,,,,,,,,,,,,,,,,,,,,,,,,,,,,,,,,,,,,,,,,,,,,,,,,,,,,,,,,,,,,,,,,,,,,,,,,,,,,,,,,,,,,,,,,,,,,,,,,,,,,,,,,,,,,,,,,,,,,
EVT0002130,SUB00043,CNT00028,2023-12-15,15,Tablet,96,75-99%,FALSE,FALSE,TRUE,SD,SES583896,0,,,,,,,,,,,,,,,,,,,,,,,,,,,,,,,,,,,,,,,,,,,,,,,,,,,,,,,,,,,,,,,,,,,,,,,,,,,,,,,,,,,,,,,,,,,,,,,,,,,,,,,,,,,,,,,,,,,,,,,,,
EVT0002131,SUB00196,CNT00050,2023-01-27,8,Desktop,49,25-50%,FALSE,FALSE,FALSE,SD,SES791067,0,,,,,,,,,,,,,,,,,,,,,,,,,,,,,,,,,,,,,,,,,,,,,,,,,,,,,,,,,,,,,,,,,,,,,,,,,,,,,,,,,,,,,,,,,,,,,,,,,,,,,,,,,,,,,,,,,,,,,,,,,
EVT0002132,SUB00108,CNT00005,2023-02-10,20,Roku,106,100%,TRUE,FALSE,TRUE,HD,SES135068,1,,,,,,,,,,,,,,,,,,,,,,,,,,,,,,,,,,,,,,,,,,,,,,,,,,,,,,,,,,,,,,,,,,,,,,,,,,,,,,,,,,,,,,,,,,,,,,,,,,,,,,,,,,,,,,,,,,,,,,,,,
EVT0002133,SUB00557,CNT00077,2024-05-15,22,Tablet,45,25-50%,FALSE,FALSE,TRUE,HD,SES837815,0,,,,,,,,,,,,,,,,,,,,,,,,,,,,,,,,,,,,,,,,,,,,,,,,,,,,,,,,,,,,,,,,,,,,,,,,,,,,,,,,,,,,,,,,,,,,,,,,,,,,,,,,,,,,,,,,,,,,,,,,,
EVT0002134,SUB00113,CNT00047,2023-06-09,13,Fire TV,75,100%,TRUE,FALSE,TRUE,HD,SES521322,1,,,,,,,,,,,,,,,,,,,,,,,,,,,,,,,,,,,,,,,,,,,,,,,,,,,,,,,,,,,,,,,,,,,,,,,,,,,,,,,,,,,,,,,,,,,,,,,,,,,,,,,,,,,,,,,,,,,,,,,,,
EVT0002135,SUB00362,CNT00055,2023-09-13,13,Tablet,117,75-99%,FALSE,FALSE,TRUE,HD,SES723217,0,,,,,,,,,,,,,,,,,,,,,,,,,,,,,,,,,,,,,,,,,,,,,,,,,,,,,,,,,,,,,,,,,,,,,,,,,,,,,,,,,,,,,,,,,,,,,,,,,,,,,,,,,,,,,,,,,,,,,,,,,
EVT0002136,SUB00047,CNT00059,2024-02-22,23,Roku,32,25-50%,FALSE,FALSE,TRUE,HD,SES341679,0,,,,,,,,,,,,,,,,,,,,,,,,,,,,,,,,,,,,,,,,,,,,,,,,,,,,,,,,,,,,,,,,,,,,,,,,,,,,,,,,,,,,,,,,,,,,,,,,,,,,,,,,,,,,,,,,,,,,,,,,,
EVT0002137,SUB00110,CNT00079,2023-12-20,14,Smart TV,11,<25%,FALSE,FALSE,TRUE,4K,SES272982,0,,,,,,,,,,,,,,,,,,,,,,,,,,,,,,,,,,,,,,,,,,,,,,,,,,,,,,,,,,,,,,,,,,,,,,,,,,,,,,,,,,,,,,,,,,,,,,,,,,,,,,,,,,,,,,,,,,,,,,,,,
EVT0002138,SUB00651,CNT00074,2024-05-19,18,Fire TV,33,50-75%,FALSE,FALSE,TRUE,HD,SES534159,0,,,,,,,,,,,,,,,,,,,,,,,,,,,,,,,,,,,,,,,,,,,,,,,,,,,,,,,,,,,,,,,,,,,,,,,,,,,,,,,,,,,,,,,,,,,,,,,,,,,,,,,,,,,,,,,,,,,,,,,,,
EVT0002139,SUB00065,CNT00035,2024-03-28,6,Smart TV,95,75-99%,FALSE,FALSE,TRUE,SD,SES578441,0,,,,,,,,,,,,,,,,,,,,,,,,,,,,,,,,,,,,,,,,,,,,,,,,,,,,,,,,,,,,,,,,,,,,,,,,,,,,,,,,,,,,,,,,,,,,,,,,,,,,,,,,,,,,,,,,,,,,,,,,,
EVT0002140,SUB00373,CNT00056,2023-08-22,23,Smart TV,54,100%,TRUE,TRUE,FALSE,HD,SES991080,1,,,,,,,,,,,,,,,,,,,,,,,,,,,,,,,,,,,,,,,,,,,,,,,,,,,,,,,,,,,,,,,,,,,,,,,,,,,,,,,,,,,,,,,,,,,,,,,,,,,,,,,,,,,,,,,,,,,,,,,,,
EVT0002141,SUB00186,CNT00086,2023-12-17,21,Roku,38,75-99%,FALSE,FALSE,TRUE,HD,SES631187,0,,,,,,,,,,,,,,,,,,,,,,,,,,,,,,,,,,,,,,,,,,,,,,,,,,,,,,,,,,,,,,,,,,,,,,,,,,,,,,,,,,,,,,,,,,,,,,,,,,,,,,,,,,,,,,,,,,,,,,,,,
EVT0002142,SUB00400,CNT00075,2024-06-19,10,Fire TV,21,25-50%,FALSE,TRUE,TRUE,SD,SES376671,0,,,,,,,,,,,,,,,,,,,,,,,,,,,,,,,,,,,,,,,,,,,,,,,,,,,,,,,,,,,,,,,,,,,,,,,,,,,,,,,,,,,,,,,,,,,,,,,,,,,,,,,,,,,,,,,,,,,,,,,,,
EVT0002143,SUB00331,CNT00049,2023-06-20,9,Roku,67,<25%,FALSE,FALSE,FALSE,HD,SES945182,0,,,,,,,,,,,,,,,,,,,,,,,,,,,,,,,,,,,,,,,,,,,,,,,,,,,,,,,,,,,,,,,,,,,,,,,,,,,,,,,,,,,,,,,,,,,,,,,,,,,,,,,,,,,,,,,,,,,,,,,,,
EVT0002144,SUB00342,CNT00040,2023-05-31,16,Desktop,38,75-99%,FALSE,FALSE,FALSE,4K,SES495881,0,,,,,,,,,,,,,,,,,,,,,,,,,,,,,,,,,,,,,,,,,,,,,,,,,,,,,,,,,,,,,,,,,,,,,,,,,,,,,,,,,,,,,,,,,,,,,,,,,,,,,,,,,,,,,,,,,,,,,,,,,
EVT0002145,SUB00220,CNT00078,2024-01-17,14,Tablet,14,100%,TRUE,TRUE,FALSE,SD,SES936021,1,,,,,,,,,,,,,,,,,,,,,,,,,,,,,,,,,,,,,,,,,,,,,,,,,,,,,,,,,,,,,,,,,,,,,,,,,,,,,,,,,,,,,,,,,,,,,,,,,,,,,,,,,,,,,,,,,,,,,,,,,
EVT0002146,SUB00682,CNT00090,2024-06-29,12,Desktop,62,50-75%,FALSE,TRUE,FALSE,SD,SES820528,0,,,,,,,,,,,,,,,,,,,,,,,,,,,,,,,,,,,,,,,,,,,,,,,,,,,,,,,,,,,,,,,,,,,,,,,,,,,,,,,,,,,,,,,,,,,,,,,,,,,,,,,,,,,,,,,,,,,,,,,,,
EVT0002147,SUB00148,CNT00061,2023-12-13,23,Mobile,93,100%,TRUE,FALSE,TRUE,HD,SES978183,1,,,,,,,,,,,,,,,,,,,,,,,,,,,,,,,,,,,,,,,,,,,,,,,,,,,,,,,,,,,,,,,,,,,,,,,,,,,,,,,,,,,,,,,,,,,,,,,,,,,,,,,,,,,,,,,,,,,,,,,,,
EVT0002148,SUB00526,CNT00035,2024-03-15,14,Desktop,15,75-99%,FALSE,FALSE,TRUE,HD,SES273867,0,,,,,,,,,,,,,,,,,,,,,,,,,,,,,,,,,,,,,,,,,,,,,,,,,,,,,,,,,,,,,,,,,,,,,,,,,,,,,,,,,,,,,,,,,,,,,,,,,,,,,,,,,,,,,,,,,,,,,,,,,
EVT0002149,SUB00077,CNT00069,2023-01-29,13,Tablet,39,50-75%,FALSE,TRUE,TRUE,SD,SES293550,0,,,,,,,,,,,,,,,,,,,,,,,,,,,,,,,,,,,,,,,,,,,,,,,,,,,,,,,,,,,,,,,,,,,,,,,,,,,,,,,,,,,,,,,,,,,,,,,,,,,,,,,,,,,,,,,,,,,,,,,,,
EVT0002150,SUB00174,CNT00050,2024-03-29,6,Roku,66,<25%,FALSE,FALSE,TRUE,HD,SES606362,0,,,,,,,,,,,,,,,,,,,,,,,,,,,,,,,,,,,,,,,,,,,,,,,,,,,,,,,,,,,,,,,,,,,,,,,,,,,,,,,,,,,,,,,,,,,,,,,,,,,,,,,,,,,,,,,,,,,,,,,,,
EVT0002151,SUB00587,CNT00028,2023-02-17,21,Desktop,18,100%,TRUE,FALSE,TRUE,HD,SES495540,1,,,,,,,,,,,,,,,,,,,,,,,,,,,,,,,,,,,,,,,,,,,,,,,,,,,,,,,,,,,,,,,,,,,,,,,,,,,,,,,,,,,,,,,,,,,,,,,,,,,,,,,,,,,,,,,,,,,,,,,,,
EVT0002152,SUB00619,CNT00056,2023-05-28,21,Fire TV,112,75-99%,FALSE,TRUE,FALSE,HD,SES294554,0,,,,,,,,,,,,,,,,,,,,,,,,,,,,,,,,,,,,,,,,,,,,,,,,,,,,,,,,,,,,,,,,,,,,,,,,,,,,,,,,,,,,,,,,,,,,,,,,,,,,,,,,,,,,,,,,,,,,,,,,,
EVT0002153,SUB00511,CNT00031,2023-04-07,22,Desktop,76,75-99%,FALSE,TRUE,FALSE,4K,SES207980,0,,,,,,,,,,,,,,,,,,,,,,,,,,,,,,,,,,,,,,,,,,,,,,,,,,,,,,,,,,,,,,,,,,,,,,,,,,,,,,,,,,,,,,,,,,,,,,,,,,,,,,,,,,,,,,,,,,,,,,,,,
EVT0002154,SUB00400,CNT00029,2024-05-28,11,Desktop,113,<25%,FALSE,FALSE,FALSE,4K,SES934504,0,,,,,,,,,,,,,,,,,,,,,,,,,,,,,,,,,,,,,,,,,,,,,,,,,,,,,,,,,,,,,,,,,,,,,,,,,,,,,,,,,,,,,,,,,,,,,,,,,,,,,,,,,,,,,,,,,,,,,,,,,
EVT0002155,SUB00263,CNT00060,2024-02-15,8,Desktop,9,50-75%,FALSE,FALSE,FALSE,HD,SES738819,0,,,,,,,,,,,,,,,,,,,,,,,,,,,,,,,,,,,,,,,,,,,,,,,,,,,,,,,,,,,,,,,,,,,,,,,,,,,,,,,,,,,,,,,,,,,,,,,,,,,,,,,,,,,,,,,,,,,,,,,,,
EVT0002156,SUB00397,CNT00033,2023-01-21,7,Roku,97,100%,TRUE,FALSE,TRUE,SD,SES340614,1,,,,,,,,,,,,,,,,,,,,,,,,,,,,,,,,,,,,,,,,,,,,,,,,,,,,,,,,,,,,,,,,,,,,,,,,,,,,,,,,,,,,,,,,,,,,,,,,,,,,,,,,,,,,,,,,,,,,,,,,,
EVT0002157,SUB00134,CNT00077,2023-11-02,20,Fire TV,11,100%,TRUE,TRUE,FALSE,SD,SES873212,1,,,,,,,,,,,,,,,,,,,,,,,,,,,,,,,,,,,,,,,,,,,,,,,,,,,,,,,,,,,,,,,,,,,,,,,,,,,,,,,,,,,,,,,,,,,,,,,,,,,,,,,,,,,,,,,,,,,,,,,,,
EVT0002158,SUB00573,CNT00025,2024-01-18,23,Smart TV,79,75-99%,FALSE,FALSE,TRUE,SD,SES584831,0,,,,,,,,,,,,,,,,,,,,,,,,,,,,,,,,,,,,,,,,,,,,,,,,,,,,,,,,,,,,,,,,,,,,,,,,,,,,,,,,,,,,,,,,,,,,,,,,,,,,,,,,,,,,,,,,,,,,,,,,,
EVT0002159,SUB00180,CNT00040,2023-10-11,8,Roku,36,100%,TRUE,FALSE,TRUE,HD,SES918894,1,,,,,,,,,,,,,,,,,,,,,,,,,,,,,,,,,,,,,,,,,,,,,,,,,,,,,,,,,,,,,,,,,,,,,,,,,,,,,,,,,,,,,,,,,,,,,,,,,,,,,,,,,,,,,,,,,,,,,,,,,
EVT0002160,SUB00176,CNT00001,2023-12-16,9,Desktop,78,25-50%,FALSE,FALSE,TRUE,HD,SES842222,0,,,,,,,,,,,,,,,,,,,,,,,,,,,,,,,,,,,,,,,,,,,,,,,,,,,,,,,,,,,,,,,,,,,,,,,,,,,,,,,,,,,,,,,,,,,,,,,,,,,,,,,,,,,,,,,,,,,,,,,,,
EVT0002161,SUB00467,CNT00037,2024-06-06,10,Roku,34,75-99%,FALSE,TRUE,TRUE,HD,SES342001,0,,,,,,,,,,,,,,,,,,,,,,,,,,,,,,,,,,,,,,,,,,,,,,,,,,,,,,,,,,,,,,,,,,,,,,,,,,,,,,,,,,,,,,,,,,,,,,,,,,,,,,,,,,,,,,,,,,,,,,,,,
EVT0002162,SUB00306,CNT00035,2024-05-30,17,Desktop,35,<25%,FALSE,FALSE,TRUE,HD,SES426629,0,,,,,,,,,,,,,,,,,,,,,,,,,,,,,,,,,,,,,,,,,,,,,,,,,,,,,,,,,,,,,,,,,,,,,,,,,,,,,,,,,,,,,,,,,,,,,,,,,,,,,,,,,,,,,,,,,,,,,,,,,
EVT0002163,SUB00260,CNT00024,2023-12-13,17,Mobile,8,100%,TRUE,TRUE,FALSE,SD,SES419037,1,,,,,,,,,,,,,,,,,,,,,,,,,,,,,,,,,,,,,,,,,,,,,,,,,,,,,,,,,,,,,,,,,,,,,,,,,,,,,,,,,,,,,,,,,,,,,,,,,,,,,,,,,,,,,,,,,,,,,,,,,
EVT0002164,SUB00091,CNT00060,2023-02-18,8,Roku,47,50-75%,FALSE,FALSE,FALSE,HD,SES840854,0,,,,,,,,,,,,,,,,,,,,,,,,,,,,,,,,,,,,,,,,,,,,,,,,,,,,,,,,,,,,,,,,,,,,,,,,,,,,,,,,,,,,,,,,,,,,,,,,,,,,,,,,,,,,,,,,,,,,,,,,,
EVT0002165,SUB00580,CNT00029,2024-05-08,20,Mobile,68,50-75%,FALSE,FALSE,TRUE,HD,SES833226,0,,,,,,,,,,,,,,,,,,,,,,,,,,,,,,,,,,,,,,,,,,,,,,,,,,,,,,,,,,,,,,,,,,,,,,,,,,,,,,,,,,,,,,,,,,,,,,,,,,,,,,,,,,,,,,,,,,,,,,,,,
EVT0002166,SUB00197,CNT00028,2023-01-28,7,Roku,43,75-99%,FALSE,TRUE,TRUE,4K,SES832584,0,,,,,,,,,,,,,,,,,,,,,,,,,,,,,,,,,,,,,,,,,,,,,,,,,,,,,,,,,,,,,,,,,,,,,,,,,,,,,,,,,,,,,,,,,,,,,,,,,,,,,,,,,,,,,,,,,,,,,,,,,
EVT0002167,SUB00005,CNT00044,2024-01-27,13,Fire TV,85,50-75%,FALSE,FALSE,FALSE,4K,SES318978,0,,,,,,,,,,,,,,,,,,,,,,,,,,,,,,,,,,,,,,,,,,,,,,,,,,,,,,,,,,,,,,,,,,,,,,,,,,,,,,,,,,,,,,,,,,,,,,,,,,,,,,,,,,,,,,,,,,,,,,,,,
EVT0002168,SUB00459,CNT00029,2023-09-02,23,Desktop,102,25-50%,FALSE,FALSE,TRUE,HD,SES799642,0,,,,,,,,,,,,,,,,,,,,,,,,,,,,,,,,,,,,,,,,,,,,,,,,,,,,,,,,,,,,,,,,,,,,,,,,,,,,,,,,,,,,,,,,,,,,,,,,,,,,,,,,,,,,,,,,,,,,,,,,,
EVT0002169,SUB00063,CNT00030,2024-03-22,16,Fire TV,112,50-75%,FALSE,FALSE,FALSE,HD,SES809175,0,,,,,,,,,,,,,,,,,,,,,,,,,,,,,,,,,,,,,,,,,,,,,,,,,,,,,,,,,,,,,,,,,,,,,,,,,,,,,,,,,,,,,,,,,,,,,,,,,,,,,,,,,,,,,,,,,,,,,,,,,
EVT0002170,SUB00082,CNT00061,2023-08-27,7,Smart TV,33,100%,TRUE,TRUE,TRUE,HD,SES929680,1,,,,,,,,,,,,,,,,,,,,,,,,,,,,,,,,,,,,,,,,,,,,,,,,,,,,,,,,,,,,,,,,,,,,,,,,,,,,,,,,,,,,,,,,,,,,,,,,,,,,,,,,,,,,,,,,,,,,,,,,,
EVT0002171,SUB00463,CNT00083,2024-03-06,14,Tablet,19,100%,TRUE,TRUE,TRUE,HD,SES394551,1,,,,,,,,,,,,,,,,,,,,,,,,,,,,,,,,,,,,,,,,,,,,,,,,,,,,,,,,,,,,,,,,,,,,,,,,,,,,,,,,,,,,,,,,,,,,,,,,,,,,,,,,,,,,,,,,,,,,,,,,,
EVT0002172,SUB00045,CNT00090,2024-06-30,20,Fire TV,107,100%,TRUE,TRUE,TRUE,HD,SES197234,1,,,,,,,,,,,,,,,,,,,,,,,,,,,,,,,,,,,,,,,,,,,,,,,,,,,,,,,,,,,,,,,,,,,,,,,,,,,,,,,,,,,,,,,,,,,,,,,,,,,,,,,,,,,,,,,,,,,,,,,,,
EVT0002173,SUB00397,CNT00071,2023-12-19,11,Desktop,11,100%,TRUE,FALSE,FALSE,HD,SES477360,1,,,,,,,,,,,,,,,,,,,,,,,,,,,,,,,,,,,,,,,,,,,,,,,,,,,,,,,,,,,,,,,,,,,,,,,,,,,,,,,,,,,,,,,,,,,,,,,,,,,,,,,,,,,,,,,,,,,,,,,,,
EVT0002174,SUB00489,CNT00016,2023-11-03,7,Desktop,78,25-50%,FALSE,FALSE,TRUE,4K,SES571413,0,,,,,,,,,,,,,,,,,,,,,,,,,,,,,,,,,,,,,,,,,,,,,,,,,,,,,,,,,,,,,,,,,,,,,,,,,,,,,,,,,,,,,,,,,,,,,,,,,,,,,,,,,,,,,,,,,,,,,,,,,
EVT0002175,SUB00297,CNT00045,2024-01-06,20,Smart TV,70,75-99%,FALSE,FALSE,TRUE,HD,SES274503,0,,,,,,,,,,,,,,,,,,,,,,,,,,,,,,,,,,,,,,,,,,,,,,,,,,,,,,,,,,,,,,,,,,,,,,,,,,,,,,,,,,,,,,,,,,,,,,,,,,,,,,,,,,,,,,,,,,,,,,,,,
EVT0002176,SUB00700,CNT00038,2024-02-01,14,Fire TV,8,75-99%,FALSE,TRUE,FALSE,SD,SES738430,0,,,,,,,,,,,,,,,,,,,,,,,,,,,,,,,,,,,,,,,,,,,,,,,,,,,,,,,,,,,,,,,,,,,,,,,,,,,,,,,,,,,,,,,,,,,,,,,,,,,,,,,,,,,,,,,,,,,,,,,,,
EVT0002177,SUB00265,CNT00049,2024-06-03,17,Fire TV,58,75-99%,FALSE,TRUE,TRUE,HD,SES858712,0,,,,,,,,,,,,,,,,,,,,,,,,,,,,,,,,,,,,,,,,,,,,,,,,,,,,,,,,,,,,,,,,,,,,,,,,,,,,,,,,,,,,,,,,,,,,,,,,,,,,,,,,,,,,,,,,,,,,,,,,,
EVT0002178,SUB00666,CNT00053,2023-07-06,22,Smart TV,57,<25%,FALSE,FALSE,TRUE,SD,SES755145,0,,,,,,,,,,,,,,,,,,,,,,,,,,,,,,,,,,,,,,,,,,,,,,,,,,,,,,,,,,,,,,,,,,,,,,,,,,,,,,,,,,,,,,,,,,,,,,,,,,,,,,,,,,,,,,,,,,,,,,,,,
EVT0002179,SUB00452,CNT00057,2024-03-29,20,Mobile,101,100%,TRUE,FALSE,TRUE,HD,SES692446,1,,,,,,,,,,,,,,,,,,,,,,,,,,,,,,,,,,,,,,,,,,,,,,,,,,,,,,,,,,,,,,,,,,,,,,,,,,,,,,,,,,,,,,,,,,,,,,,,,,,,,,,,,,,,,,,,,,,,,,,,,
EVT0002180,SUB00148,CNT00057,2024-02-21,11,Fire TV,108,75-99%,FALSE,FALSE,TRUE,SD,SES157854,0,,,,,,,,,,,,,,,,,,,,,,,,,,,,,,,,,,,,,,,,,,,,,,,,,,,,,,,,,,,,,,,,,,,,,,,,,,,,,,,,,,,,,,,,,,,,,,,,,,,,,,,,,,,,,,,,,,,,,,,,,
EVT0002181,SUB00245,CNT00016,2024-03-24,19,Smart TV,28,25-50%,FALSE,FALSE,TRUE,HD,SES665852,0,,,,,,,,,,,,,,,,,,,,,,,,,,,,,,,,,,,,,,,,,,,,,,,,,,,,,,,,,,,,,,,,,,,,,,,,,,,,,,,,,,,,,,,,,,,,,,,,,,,,,,,,,,,,,,,,,,,,,,,,,
EVT0002182,SUB00295,CNT00025,2023-06-21,13,Mobile,105,25-50%,FALSE,TRUE,TRUE,HD,SES718016,0,,,,,,,,,,,,,,,,,,,,,,,,,,,,,,,,,,,,,,,,,,,,,,,,,,,,,,,,,,,,,,,,,,,,,,,,,,,,,,,,,,,,,,,,,,,,,,,,,,,,,,,,,,,,,,,,,,,,,,,,,
EVT0002183,SUB00259,CNT00004,2023-08-24,6,Desktop,77,100%,TRUE,FALSE,FALSE,HD,SES813085,1,,,,,,,,,,,,,,,,,,,,,,,,,,,,,,,,,,,,,,,,,,,,,,,,,,,,,,,,,,,,,,,,,,,,,,,,,,,,,,,,,,,,,,,,,,,,,,,,,,,,,,,,,,,,,,,,,,,,,,,,,
EVT0002184,SUB00409,CNT00084,2023-01-03,16,Desktop,73,25-50%,FALSE,FALSE,TRUE,HD,SES727872,0,,,,,,,,,,,,,,,,,,,,,,,,,,,,,,,,,,,,,,,,,,,,,,,,,,,,,,,,,,,,,,,,,,,,,,,,,,,,,,,,,,,,,,,,,,,,,,,,,,,,,,,,,,,,,,,,,,,,,,,,,
EVT0002185,SUB00093,CNT00071,2023-11-09,7,Mobile,105,50-75%,FALSE,FALSE,TRUE,4K,SES656859,0,,,,,,,,,,,,,,,,,,,,,,,,,,,,,,,,,,,,,,,,,,,,,,,,,,,,,,,,,,,,,,,,,,,,,,,,,,,,,,,,,,,,,,,,,,,,,,,,,,,,,,,,,,,,,,,,,,,,,,,,,
EVT0002186,SUB00295,CNT00100,2023-12-11,13,Mobile,19,100%,TRUE,FALSE,FALSE,HD,SES921352,1,,,,,,,,,,,,,,,,,,,,,,,,,,,,,,,,,,,,,,,,,,,,,,,,,,,,,,,,,,,,,,,,,,,,,,,,,,,,,,,,,,,,,,,,,,,,,,,,,,,,,,,,,,,,,,,,,,,,,,,,,
EVT0002187,SUB00263,CNT00049,2023-01-11,10,Roku,107,100%,TRUE,TRUE,TRUE,HD,SES565637,1,,,,,,,,,,,,,,,,,,,,,,,,,,,,,,,,,,,,,,,,,,,,,,,,,,,,,,,,,,,,,,,,,,,,,,,,,,,,,,,,,,,,,,,,,,,,,,,,,,,,,,,,,,,,,,,,,,,,,,,,,
EVT0002188,SUB00310,CNT00047,2024-02-25,6,Desktop,76,50-75%,FALSE,FALSE,FALSE,HD,SES768510,0,,,,,,,,,,,,,,,,,,,,,,,,,,,,,,,,,,,,,,,,,,,,,,,,,,,,,,,,,,,,,,,,,,,,,,,,,,,,,,,,,,,,,,,,,,,,,,,,,,,,,,,,,,,,,,,,,,,,,,,,,
EVT0002189,SUB00558,CNT00078,2024-04-02,13,Fire TV,80,25-50%,FALSE,TRUE,TRUE,SD,SES361207,0,,,,,,,,,,,,,,,,,,,,,,,,,,,,,,,,,,,,,,,,,,,,,,,,,,,,,,,,,,,,,,,,,,,,,,,,,,,,,,,,,,,,,,,,,,,,,,,,,,,,,,,,,,,,,,,,,,,,,,,,,
EVT0002190,SUB00493,CNT00098,2023-03-18,16,Roku,56,<25%,FALSE,FALSE,TRUE,HD,SES913365,0,,,,,,,,,,,,,,,,,,,,,,,,,,,,,,,,,,,,,,,,,,,,,,,,,,,,,,,,,,,,,,,,,,,,,,,,,,,,,,,,,,,,,,,,,,,,,,,,,,,,,,,,,,,,,,,,,,,,,,,,,
EVT0002191,SUB00553,CNT00073,2023-05-15,21,Smart TV,118,75-99%,FALSE,FALSE,TRUE,HD,SES966507,0,,,,,,,,,,,,,,,,,,,,,,,,,,,,,,,,,,,,,,,,,,,,,,,,,,,,,,,,,,,,,,,,,,,,,,,,,,,,,,,,,,,,,,,,,,,,,,,,,,,,,,,,,,,,,,,,,,,,,,,,,
EVT0002192,SUB00258,CNT00040,2023-03-20,19,Smart TV,78,100%,TRUE,TRUE,TRUE,HD,SES511358,1,,,,,,,,,,,,,,,,,,,,,,,,,,,,,,,,,,,,,,,,,,,,,,,,,,,,,,,,,,,,,,,,,,,,,,,,,,,,,,,,,,,,,,,,,,,,,,,,,,,,,,,,,,,,,,,,,,,,,,,,,
EVT0002193,SUB00308,CNT00003,2023-11-14,11,Roku,76,50-75%,FALSE,FALSE,TRUE,HD,SES104707,0,,,,,,,,,,,,,,,,,,,,,,,,,,,,,,,,,,,,,,,,,,,,,,,,,,,,,,,,,,,,,,,,,,,,,,,,,,,,,,,,,,,,,,,,,,,,,,,,,,,,,,,,,,,,,,,,,,,,,,,,,
EVT0002194,SUB00332,CNT00011,2023-01-20,21,Tablet,48,25-50%,FALSE,FALSE,TRUE,HD,SES122232,0,,,,,,,,,,,,,,,,,,,,,,,,,,,,,,,,,,,,,,,,,,,,,,,,,,,,,,,,,,,,,,,,,,,,,,,,,,,,,,,,,,,,,,,,,,,,,,,,,,,,,,,,,,,,,,,,,,,,,,,,,
EVT0002195,SUB00698,CNT00005,2023-05-31,21,Tablet,43,<25%,FALSE,FALSE,TRUE,SD,SES517699,0,,,,,,,,,,,,,,,,,,,,,,,,,,,,,,,,,,,,,,,,,,,,,,,,,,,,,,,,,,,,,,,,,,,,,,,,,,,,,,,,,,,,,,,,,,,,,,,,,,,,,,,,,,,,,,,,,,,,,,,,,
EVT0002196,SUB00543,CNT00018,2023-10-10,8,Mobile,116,100%,TRUE,FALSE,TRUE,HD,SES238001,1,,,,,,,,,,,,,,,,,,,,,,,,,,,,,,,,,,,,,,,,,,,,,,,,,,,,,,,,,,,,,,,,,,,,,,,,,,,,,,,,,,,,,,,,,,,,,,,,,,,,,,,,,,,,,,,,,,,,,,,,,
EVT0002197,SUB00328,CNT00003,2024-04-22,17,Smart TV,56,100%,TRUE,FALSE,FALSE,HD,SES569045,1,,,,,,,,,,,,,,,,,,,,,,,,,,,,,,,,,,,,,,,,,,,,,,,,,,,,,,,,,,,,,,,,,,,,,,,,,,,,,,,,,,,,,,,,,,,,,,,,,,,,,,,,,,,,,,,,,,,,,,,,,
EVT0002198,SUB00283,CNT00006,2023-09-16,18,Mobile,66,50-75%,FALSE,FALSE,TRUE,4K,SES870645,0,,,,,,,,,,,,,,,,,,,,,,,,,,,,,,,,,,,,,,,,,,,,,,,,,,,,,,,,,,,,,,,,,,,,,,,,,,,,,,,,,,,,,,,,,,,,,,,,,,,,,,,,,,,,,,,,,,,,,,,,,
EVT0002199,SUB00207,CNT00049,2023-07-13,21,Smart TV,120,75-99%,FALSE,TRUE,FALSE,HD,SES326667,0,,,,,,,,,,,,,,,,,,,,,,,,,,,,,,,,,,,,,,,,,,,,,,,,,,,,,,,,,,,,,,,,,,,,,,,,,,,,,,,,,,,,,,,,,,,,,,,,,,,,,,,,,,,,,,,,,,,,,,,,,
EVT0002200,SUB00548,CNT00002,2024-02-12,8,Tablet,47,75-99%,FALSE,FALSE,FALSE,HD,SES340249,0,,,,,,,,,,,,,,,,,,,,,,,,,,,,,,,,,,,,,,,,,,,,,,,,,,,,,,,,,,,,,,,,,,,,,,,,,,,,,,,,,,,,,,,,,,,,,,,,,,,,,,,,,,,,,,,,,,,,,,,,,
EVT0002201,SUB00411,CNT00035,2023-05-18,23,Tablet,69,100%,TRUE,FALSE,TRUE,HD,SES765078,1,,,,,,,,,,,,,,,,,,,,,,,,,,,,,,,,,,,,,,,,,,,,,,,,,,,,,,,,,,,,,,,,,,,,,,,,,,,,,,,,,,,,,,,,,,,,,,,,,,,,,,,,,,,,,,,,,,,,,,,,,
EVT0002202,SUB00008,CNT00011,2024-04-16,19,Desktop,82,100%,TRUE,FALSE,FALSE,HD,SES129054,1,,,,,,,,,,,,,,,,,,,,,,,,,,,,,,,,,,,,,,,,,,,,,,,,,,,,,,,,,,,,,,,,,,,,,,,,,,,,,,,,,,,,,,,,,,,,,,,,,,,,,,,,,,,,,,,,,,,,,,,,,
EVT0002203,SUB00359,CNT00019,2023-05-13,23,Smart TV,75,<25%,FALSE,FALSE,FALSE,4K,SES232464,0,,,,,,,,,,,,,,,,,,,,,,,,,,,,,,,,,,,,,,,,,,,,,,,,,,,,,,,,,,,,,,,,,,,,,,,,,,,,,,,,,,,,,,,,,,,,,,,,,,,,,,,,,,,,,,,,,,,,,,,,,
EVT0002204,SUB00233,CNT00073,2023-09-01,6,Tablet,78,75-99%,FALSE,FALSE,TRUE,HD,SES713931,0,,,,,,,,,,,,,,,,,,,,,,,,,,,,,,,,,,,,,,,,,,,,,,,,,,,,,,,,,,,,,,,,,,,,,,,,,,,,,,,,,,,,,,,,,,,,,,,,,,,,,,,,,,,,,,,,,,,,,,,,,
EVT0002205,SUB00518,CNT00065,2023-12-15,17,Tablet,108,50-75%,FALSE,TRUE,TRUE,HD,SES983234,0,,,,,,,,,,,,,,,,,,,,,,,,,,,,,,,,,,,,,,,,,,,,,,,,,,,,,,,,,,,,,,,,,,,,,,,,,,,,,,,,,,,,,,,,,,,,,,,,,,,,,,,,,,,,,,,,,,,,,,,,,
EVT0002206,SUB00619,CNT00011,2023-08-05,11,Mobile,120,50-75%,FALSE,FALSE,TRUE,HD,SES417408,0,,,,,,,,,,,,,,,,,,,,,,,,,,,,,,,,,,,,,,,,,,,,,,,,,,,,,,,,,,,,,,,,,,,,,,,,,,,,,,,,,,,,,,,,,,,,,,,,,,,,,,,,,,,,,,,,,,,,,,,,,
EVT0002207,SUB00318,CNT00039,2023-04-24,20,Smart TV,79,100%,TRUE,FALSE,TRUE,HD,SES236614,1,,,,,,,,,,,,,,,,,,,,,,,,,,,,,,,,,,,,,,,,,,,,,,,,,,,,,,,,,,,,,,,,,,,,,,,,,,,,,,,,,,,,,,,,,,,,,,,,,,,,,,,,,,,,,,,,,,,,,,,,,
EVT0002208,SUB00616,CNT00096,2023-12-21,8,Smart TV,43,50-75%,FALSE,FALSE,FALSE,HD,SES862961,0,,,,,,,,,,,,,,,,,,,,,,,,,,,,,,,,,,,,,,,,,,,,,,,,,,,,,,,,,,,,,,,,,,,,,,,,,,,,,,,,,,,,,,,,,,,,,,,,,,,,,,,,,,,,,,,,,,,,,,,,,
EVT0002209,SUB00242,CNT00083,2024-04-05,20,Desktop,26,75-99%,FALSE,FALSE,TRUE,HD,SES766219,0,,,,,,,,,,,,,,,,,,,,,,,,,,,,,,,,,,,,,,,,,,,,,,,,,,,,,,,,,,,,,,,,,,,,,,,,,,,,,,,,,,,,,,,,,,,,,,,,,,,,,,,,,,,,,,,,,,,,,,,,,
EVT0002210,SUB00203,CNT00044,2023-11-10,20,Roku,68,100%,TRUE,TRUE,FALSE,HD,SES479482,1,,,,,,,,,,,,,,,,,,,,,,,,,,,,,,,,,,,,,,,,,,,,,,,,,,,,,,,,,,,,,,,,,,,,,,,,,,,,,,,,,,,,,,,,,,,,,,,,,,,,,,,,,,,,,,,,,,,,,,,,,
EVT0002211,SUB00113,CNT00072,2024-05-02,15,Smart TV,119,100%,TRUE,FALSE,FALSE,SD,SES975474,1,,,,,,,,,,,,,,,,,,,,,,,,,,,,,,,,,,,,,,,,,,,,,,,,,,,,,,,,,,,,,,,,,,,,,,,,,,,,,,,,,,,,,,,,,,,,,,,,,,,,,,,,,,,,,,,,,,,,,,,,,
EVT0002212,SUB00629,CNT00007,2023-06-10,13,Tablet,73,100%,TRUE,FALSE,TRUE,4K,SES231450,1,,,,,,,,,,,,,,,,,,,,,,,,,,,,,,,,,,,,,,,,,,,,,,,,,,,,,,,,,,,,,,,,,,,,,,,,,,,,,,,,,,,,,,,,,,,,,,,,,,,,,,,,,,,,,,,,,,,,,,,,,
EVT0002213,SUB00483,CNT00054,2023-10-28,6,Fire TV,11,100%,TRUE,FALSE,TRUE,SD,SES730621,1,,,,,,,,,,,,,,,,,,,,,,,,,,,,,,,,,,,,,,,,,,,,,,,,,,,,,,,,,,,,,,,,,,,,,,,,,,,,,,,,,,,,,,,,,,,,,,,,,,,,,,,,,,,,,,,,,,,,,,,,,
EVT0002214,SUB00430,CNT00062,2023-03-09,19,Smart TV,41,50-75%,FALSE,TRUE,TRUE,HD,SES828259,0,,,,,,,,,,,,,,,,,,,,,,,,,,,,,,,,,,,,,,,,,,,,,,,,,,,,,,,,,,,,,,,,,,,,,,,,,,,,,,,,,,,,,,,,,,,,,,,,,,,,,,,,,,,,,,,,,,,,,,,,,
EVT0002215,SUB00129,CNT00064,2023-05-22,7,Smart TV,57,25-50%,FALSE,FALSE,TRUE,SD,SES724356,0,,,,,,,,,,,,,,,,,,,,,,,,,,,,,,,,,,,,,,,,,,,,,,,,,,,,,,,,,,,,,,,,,,,,,,,,,,,,,,,,,,,,,,,,,,,,,,,,,,,,,,,,,,,,,,,,,,,,,,,,,
EVT0002216,SUB00275,CNT00081,2023-03-28,9,Fire TV,47,100%,TRUE,TRUE,TRUE,HD,SES214015,1,,,,,,,,,,,,,,,,,,,,,,,,,,,,,,,,,,,,,,,,,,,,,,,,,,,,,,,,,,,,,,,,,,,,,,,,,,,,,,,,,,,,,,,,,,,,,,,,,,,,,,,,,,,,,,,,,,,,,,,,,
EVT0002217,SUB00472,CNT00022,2023-04-27,8,Tablet,67,75-99%,FALSE,FALSE,TRUE,HD,SES926235,0,,,,,,,,,,,,,,,,,,,,,,,,,,,,,,,,,,,,,,,,,,,,,,,,,,,,,,,,,,,,,,,,,,,,,,,,,,,,,,,,,,,,,,,,,,,,,,,,,,,,,,,,,,,,,,,,,,,,,,,,,
EVT0002218,SUB00012,CNT00067,2023-01-14,13,Smart TV,47,50-75%,FALSE,FALSE,FALSE,4K,SES570155,0,,,,,,,,,,,,,,,,,,,,,,,,,,,,,,,,,,,,,,,,,,,,,,,,,,,,,,,,,,,,,,,,,,,,,,,,,,,,,,,,,,,,,,,,,,,,,,,,,,,,,,,,,,,,,,,,,,,,,,,,,
EVT0002219,SUB00168,CNT00100,2023-11-10,16,Roku,58,100%,TRUE,FALSE,TRUE,HD,SES925771,1,,,,,,,,,,,,,,,,,,,,,,,,,,,,,,,,,,,,,,,,,,,,,,,,,,,,,,,,,,,,,,,,,,,,,,,,,,,,,,,,,,,,,,,,,,,,,,,,,,,,,,,,,,,,,,,,,,,,,,,,,
EVT0002220,SUB00085,CNT00032,2024-05-03,6,Smart TV,26,100%,TRUE,FALSE,TRUE,4K,SES587559,1,,,,,,,,,,,,,,,,,,,,,,,,,,,,,,,,,,,,,,,,,,,,,,,,,,,,,,,,,,,,,,,,,,,,,,,,,,,,,,,,,,,,,,,,,,,,,,,,,,,,,,,,,,,,,,,,,,,,,,,,,
EVT0002221,SUB00413,CNT00065,2023-08-30,10,Roku,77,100%,TRUE,TRUE,FALSE,SD,SES837328,1,,,,,,,,,,,,,,,,,,,,,,,,,,,,,,,,,,,,,,,,,,,,,,,,,,,,,,,,,,,,,,,,,,,,,,,,,,,,,,,,,,,,,,,,,,,,,,,,,,,,,,,,,,,,,,,,,,,,,,,,,
EVT0002222,SUB00443,CNT00028,2023-02-26,15,Tablet,23,75-99%,FALSE,FALSE,FALSE,HD,SES361535,0,,,,,,,,,,,,,,,,,,,,,,,,,,,,,,,,,,,,,,,,,,,,,,,,,,,,,,,,,,,,,,,,,,,,,,,,,,,,,,,,,,,,,,,,,,,,,,,,,,,,,,,,,,,,,,,,,,,,,,,,,
EVT0002223,SUB00326,CNT00006,2023-11-29,15,Smart TV,87,100%,TRUE,TRUE,TRUE,HD,SES749323,1,,,,,,,,,,,,,,,,,,,,,,,,,,,,,,,,,,,,,,,,,,,,,,,,,,,,,,,,,,,,,,,,,,,,,,,,,,,,,,,,,,,,,,,,,,,,,,,,,,,,,,,,,,,,,,,,,,,,,,,,,
EVT0002224,SUB00614,CNT00080,2024-05-19,19,Desktop,51,100%,TRUE,FALSE,FALSE,HD,SES752185,1,,,,,,,,,,,,,,,,,,,,,,,,,,,,,,,,,,,,,,,,,,,,,,,,,,,,,,,,,,,,,,,,,,,,,,,,,,,,,,,,,,,,,,,,,,,,,,,,,,,,,,,,,,,,,,,,,,,,,,,,,
EVT0002225,SUB00314,CNT00088,2023-07-21,6,Tablet,45,100%,TRUE,TRUE,FALSE,HD,SES292125,1,,,,,,,,,,,,,,,,,,,,,,,,,,,,,,,,,,,,,,,,,,,,,,,,,,,,,,,,,,,,,,,,,,,,,,,,,,,,,,,,,,,,,,,,,,,,,,,,,,,,,,,,,,,,,,,,,,,,,,,,,
EVT0002226,SUB00179,CNT00072,2023-12-22,16,Desktop,30,100%,TRUE,TRUE,FALSE,SD,SES332065,1,,,,,,,,,,,,,,,,,,,,,,,,,,,,,,,,,,,,,,,,,,,,,,,,,,,,,,,,,,,,,,,,,,,,,,,,,,,,,,,,,,,,,,,,,,,,,,,,,,,,,,,,,,,,,,,,,,,,,,,,,
EVT0002227,SUB00021,CNT00030,2023-09-10,13,Fire TV,119,50-75%,FALSE,FALSE,TRUE,SD,SES289570,0,,,,,,,,,,,,,,,,,,,,,,,,,,,,,,,,,,,,,,,,,,,,,,,,,,,,,,,,,,,,,,,,,,,,,,,,,,,,,,,,,,,,,,,,,,,,,,,,,,,,,,,,,,,,,,,,,,,,,,,,,
EVT0002228,SUB00434,CNT00010,2023-08-24,21,Tablet,7,25-50%,FALSE,FALSE,FALSE,HD,SES492490,0,,,,,,,,,,,,,,,,,,,,,,,,,,,,,,,,,,,,,,,,,,,,,,,,,,,,,,,,,,,,,,,,,,,,,,,,,,,,,,,,,,,,,,,,,,,,,,,,,,,,,,,,,,,,,,,,,,,,,,,,,
EVT0002229,SUB00470,CNT00001,2023-07-15,7,Tablet,14,50-75%,FALSE,FALSE,TRUE,HD,SES360611,0,,,,,,,,,,,,,,,,,,,,,,,,,,,,,,,,,,,,,,,,,,,,,,,,,,,,,,,,,,,,,,,,,,,,,,,,,,,,,,,,,,,,,,,,,,,,,,,,,,,,,,,,,,,,,,,,,,,,,,,,,
EVT0002230,SUB00335,CNT00005,2023-05-16,8,Tablet,50,75-99%,FALSE,FALSE,FALSE,HD,SES156768,0,,,,,,,,,,,,,,,,,,,,,,,,,,,,,,,,,,,,,,,,,,,,,,,,,,,,,,,,,,,,,,,,,,,,,,,,,,,,,,,,,,,,,,,,,,,,,,,,,,,,,,,,,,,,,,,,,,,,,,,,,
EVT0002231,SUB00650,CNT00007,2023-10-01,10,Fire TV,109,50-75%,FALSE,FALSE,FALSE,4K,SES457447,0,,,,,,,,,,,,,,,,,,,,,,,,,,,,,,,,,,,,,,,,,,,,,,,,,,,,,,,,,,,,,,,,,,,,,,,,,,,,,,,,,,,,,,,,,,,,,,,,,,,,,,,,,,,,,,,,,,,,,,,,,
EVT0002232,SUB00313,CNT00036,2024-02-07,17,Mobile,21,75-99%,FALSE,FALSE,TRUE,HD,SES939683,0,,,,,,,,,,,,,,,,,,,,,,,,,,,,,,,,,,,,,,,,,,,,,,,,,,,,,,,,,,,,,,,,,,,,,,,,,,,,,,,,,,,,,,,,,,,,,,,,,,,,,,,,,,,,,,,,,,,,,,,,,
EVT0002233,SUB00498,CNT00010,2023-02-06,13,Fire TV,118,100%,TRUE,FALSE,TRUE,4K,SES850252,1,,,,,,,,,,,,,,,,,,,,,,,,,,,,,,,,,,,,,,,,,,,,,,,,,,,,,,,,,,,,,,,,,,,,,,,,,,,,,,,,,,,,,,,,,,,,,,,,,,,,,,,,,,,,,,,,,,,,,,,,,
EVT0002234,SUB00318,CNT00033,2023-08-17,8,Roku,96,100%,TRUE,FALSE,TRUE,4K,SES825621,1,,,,,,,,,,,,,,,,,,,,,,,,,,,,,,,,,,,,,,,,,,,,,,,,,,,,,,,,,,,,,,,,,,,,,,,,,,,,,,,,,,,,,,,,,,,,,,,,,,,,,,,,,,,,,,,,,,,,,,,,,
EVT0002235,SUB00322,CNT00018,2024-05-24,18,Desktop,107,100%,TRUE,TRUE,TRUE,HD,SES762494,1,,,,,,,,,,,,,,,,,,,,,,,,,,,,,,,,,,,,,,,,,,,,,,,,,,,,,,,,,,,,,,,,,,,,,,,,,,,,,,,,,,,,,,,,,,,,,,,,,,,,,,,,,,,,,,,,,,,,,,,,,
EVT0002236,SUB00285,CNT00003,2023-05-15,19,Mobile,100,100%,TRUE,FALSE,TRUE,SD,SES803962,1,,,,,,,,,,,,,,,,,,,,,,,,,,,,,,,,,,,,,,,,,,,,,,,,,,,,,,,,,,,,,,,,,,,,,,,,,,,,,,,,,,,,,,,,,,,,,,,,,,,,,,,,,,,,,,,,,,,,,,,,,
EVT0002237,SUB00443,CNT00027,2024-01-09,6,Desktop,60,<25%,FALSE,TRUE,TRUE,SD,SES403208,0,,,,,,,,,,,,,,,,,,,,,,,,,,,,,,,,,,,,,,,,,,,,,,,,,,,,,,,,,,,,,,,,,,,,,,,,,,,,,,,,,,,,,,,,,,,,,,,,,,,,,,,,,,,,,,,,,,,,,,,,,
EVT0002238,SUB00057,CNT00061,2023-06-07,22,Tablet,90,100%,TRUE,FALSE,TRUE,HD,SES567027,1,,,,,,,,,,,,,,,,,,,,,,,,,,,,,,,,,,,,,,,,,,,,,,,,,,,,,,,,,,,,,,,,,,,,,,,,,,,,,,,,,,,,,,,,,,,,,,,,,,,,,,,,,,,,,,,,,,,,,,,,,
EVT0002239,SUB00080,CNT00070,2024-04-16,19,Mobile,69,50-75%,FALSE,TRUE,FALSE,HD,SES139785,0,,,,,,,,,,,,,,,,,,,,,,,,,,,,,,,,,,,,,,,,,,,,,,,,,,,,,,,,,,,,,,,,,,,,,,,,,,,,,,,,,,,,,,,,,,,,,,,,,,,,,,,,,,,,,,,,,,,,,,,,,
EVT0002240,SUB00046,CNT00052,2023-04-22,19,Fire TV,17,100%,TRUE,TRUE,FALSE,HD,SES729036,1,,,,,,,,,,,,,,,,,,,,,,,,,,,,,,,,,,,,,,,,,,,,,,,,,,,,,,,,,,,,,,,,,,,,,,,,,,,,,,,,,,,,,,,,,,,,,,,,,,,,,,,,,,,,,,,,,,,,,,,,,
EVT0002241,SUB00498,CNT00068,2023-06-02,9,Roku,81,75-99%,FALSE,TRUE,TRUE,4K,SES938072,0,,,,,,,,,,,,,,,,,,,,,,,,,,,,,,,,,,,,,,,,,,,,,,,,,,,,,,,,,,,,,,,,,,,,,,,,,,,,,,,,,,,,,,,,,,,,,,,,,,,,,,,,,,,,,,,,,,,,,,,,,
EVT0002242,SUB00673,CNT00026,2024-02-05,9,Desktop,70,100%,TRUE,FALSE,FALSE,HD,SES869507,1,,,,,,,,,,,,,,,,,,,,,,,,,,,,,,,,,,,,,,,,,,,,,,,,,,,,,,,,,,,,,,,,,,,,,,,,,,,,,,,,,,,,,,,,,,,,,,,,,,,,,,,,,,,,,,,,,,,,,,,,,
EVT0002243,SUB00091,CNT00088,2023-12-27,19,Roku,10,75-99%,FALSE,FALSE,FALSE,SD,SES792939,0,,,,,,,,,,,,,,,,,,,,,,,,,,,,,,,,,,,,,,,,,,,,,,,,,,,,,,,,,,,,,,,,,,,,,,,,,,,,,,,,,,,,,,,,,,,,,,,,,,,,,,,,,,,,,,,,,,,,,,,,,
EVT0002244,SUB00343,CNT00098,2024-01-26,11,Desktop,66,100%,TRUE,TRUE,FALSE,SD,SES112615,1,,,,,,,,,,,,,,,,,,,,,,,,,,,,,,,,,,,,,,,,,,,,,,,,,,,,,,,,,,,,,,,,,,,,,,,,,,,,,,,,,,,,,,,,,,,,,,,,,,,,,,,,,,,,,,,,,,,,,,,,,
EVT0002245,SUB00160,CNT00021,2024-05-05,23,Mobile,91,100%,TRUE,FALSE,TRUE,HD,SES261834,1,,,,,,,,,,,,,,,,,,,,,,,,,,,,,,,,,,,,,,,,,,,,,,,,,,,,,,,,,,,,,,,,,,,,,,,,,,,,,,,,,,,,,,,,,,,,,,,,,,,,,,,,,,,,,,,,,,,,,,,,,
EVT0002246,SUB00470,CNT00002,2023-07-17,20,Roku,33,50-75%,FALSE,FALSE,FALSE,SD,SES659380,0,,,,,,,,,,,,,,,,,,,,,,,,,,,,,,,,,,,,,,,,,,,,,,,,,,,,,,,,,,,,,,,,,,,,,,,,,,,,,,,,,,,,,,,,,,,,,,,,,,,,,,,,,,,,,,,,,,,,,,,,,
EVT0002247,SUB00051,CNT00078,2023-08-16,22,Roku,79,75-99%,FALSE,FALSE,FALSE,4K,SES208255,0,,,,,,,,,,,,,,,,,,,,,,,,,,,,,,,,,,,,,,,,,,,,,,,,,,,,,,,,,,,,,,,,,,,,,,,,,,,,,,,,,,,,,,,,,,,,,,,,,,,,,,,,,,,,,,,,,,,,,,,,,
EVT0002248,SUB00355,CNT00078,2023-09-19,19,Desktop,119,75-99%,FALSE,TRUE,TRUE,HD,SES604161,0,,,,,,,,,,,,,,,,,,,,,,,,,,,,,,,,,,,,,,,,,,,,,,,,,,,,,,,,,,,,,,,,,,,,,,,,,,,,,,,,,,,,,,,,,,,,,,,,,,,,,,,,,,,,,,,,,,,,,,,,,
EVT0002249,SUB00578,CNT00049,2023-09-27,22,Fire TV,58,75-99%,FALSE,FALSE,TRUE,SD,SES688446,0,,,,,,,,,,,,,,,,,,,,,,,,,,,,,,,,,,,,,,,,,,,,,,,,,,,,,,,,,,,,,,,,,,,,,,,,,,,,,,,,,,,,,,,,,,,,,,,,,,,,,,,,,,,,,,,,,,,,,,,,,
EVT0002250,SUB00504,CNT00011,2023-12-12,17,Desktop,10,75-99%,FALSE,FALSE,FALSE,HD,SES934252,0,,,,,,,,,,,,,,,,,,,,,,,,,,,,,,,,,,,,,,,,,,,,,,,,,,,,,,,,,,,,,,,,,,,,,,,,,,,,,,,,,,,,,,,,,,,,,,,,,,,,,,,,,,,,,,,,,,,,,,,,,
EVT0002251,SUB00412,CNT00032,2024-01-10,8,Roku,11,50-75%,FALSE,FALSE,FALSE,HD,SES319686,0,,,,,,,,,,,,,,,,,,,,,,,,,,,,,,,,,,,,,,,,,,,,,,,,,,,,,,,,,,,,,,,,,,,,,,,,,,,,,,,,,,,,,,,,,,,,,,,,,,,,,,,,,,,,,,,,,,,,,,,,,
EVT0002252,SUB00017,CNT00018,2023-05-31,17,Desktop,47,50-75%,FALSE,TRUE,TRUE,HD,SES837679,0,,,,,,,,,,,,,,,,,,,,,,,,,,,,,,,,,,,,,,,,,,,,,,,,,,,,,,,,,,,,,,,,,,,,,,,,,,,,,,,,,,,,,,,,,,,,,,,,,,,,,,,,,,,,,,,,,,,,,,,,,
EVT0002253,SUB00494,CNT00003,2024-05-03,9,Desktop,68,100%,TRUE,FALSE,FALSE,HD,SES213524,1,,,,,,,,,,,,,,,,,,,,,,,,,,,,,,,,,,,,,,,,,,,,,,,,,,,,,,,,,,,,,,,,,,,,,,,,,,,,,,,,,,,,,,,,,,,,,,,,,,,,,,,,,,,,,,,,,,,,,,,,,
EVT0002254,SUB00426,CNT00031,2023-06-14,10,Mobile,114,75-99%,FALSE,TRUE,TRUE,4K,SES797079,0,,,,,,,,,,,,,,,,,,,,,,,,,,,,,,,,,,,,,,,,,,,,,,,,,,,,,,,,,,,,,,,,,,,,,,,,,,,,,,,,,,,,,,,,,,,,,,,,,,,,,,,,,,,,,,,,,,,,,,,,,
EVT0002255,SUB00142,CNT00038,2023-02-28,6,Fire TV,12,50-75%,FALSE,FALSE,TRUE,HD,SES132873,0,,,,,,,,,,,,,,,,,,,,,,,,,,,,,,,,,,,,,,,,,,,,,,,,,,,,,,,,,,,,,,,,,,,,,,,,,,,,,,,,,,,,,,,,,,,,,,,,,,,,,,,,,,,,,,,,,,,,,,,,,
EVT0002256,SUB00038,CNT00076,2024-06-03,12,Roku,113,100%,TRUE,FALSE,TRUE,HD,SES348409,1,,,,,,,,,,,,,,,,,,,,,,,,,,,,,,,,,,,,,,,,,,,,,,,,,,,,,,,,,,,,,,,,,,,,,,,,,,,,,,,,,,,,,,,,,,,,,,,,,,,,,,,,,,,,,,,,,,,,,,,,,
EVT0002257,SUB00523,CNT00040,2024-06-16,18,Smart TV,6,75-99%,FALSE,TRUE,TRUE,HD,SES651710,0,,,,,,,,,,,,,,,,,,,,,,,,,,,,,,,,,,,,,,,,,,,,,,,,,,,,,,,,,,,,,,,,,,,,,,,,,,,,,,,,,,,,,,,,,,,,,,,,,,,,,,,,,,,,,,,,,,,,,,,,,
EVT0002258,SUB00688,CNT00004,2023-08-14,15,Smart TV,45,100%,TRUE,TRUE,FALSE,4K,SES748503,1,,,,,,,,,,,,,,,,,,,,,,,,,,,,,,,,,,,,,,,,,,,,,,,,,,,,,,,,,,,,,,,,,,,,,,,,,,,,,,,,,,,,,,,,,,,,,,,,,,,,,,,,,,,,,,,,,,,,,,,,,
EVT0002259,SUB00019,CNT00092,2023-08-20,20,Roku,77,50-75%,FALSE,FALSE,TRUE,4K,SES384656,0,,,,,,,,,,,,,,,,,,,,,,,,,,,,,,,,,,,,,,,,,,,,,,,,,,,,,,,,,,,,,,,,,,,,,,,,,,,,,,,,,,,,,,,,,,,,,,,,,,,,,,,,,,,,,,,,,,,,,,,,,
EVT0002260,SUB00397,CNT00073,2024-02-28,17,Mobile,71,100%,TRUE,FALSE,TRUE,HD,SES252328,1,,,,,,,,,,,,,,,,,,,,,,,,,,,,,,,,,,,,,,,,,,,,,,,,,,,,,,,,,,,,,,,,,,,,,,,,,,,,,,,,,,,,,,,,,,,,,,,,,,,,,,,,,,,,,,,,,,,,,,,,,
EVT0002261,SUB00159,CNT00042,2023-12-11,7,Mobile,26,100%,TRUE,TRUE,TRUE,SD,SES235936,1,,,,,,,,,,,,,,,,,,,,,,,,,,,,,,,,,,,,,,,,,,,,,,,,,,,,,,,,,,,,,,,,,,,,,,,,,,,,,,,,,,,,,,,,,,,,,,,,,,,,,,,,,,,,,,,,,,,,,,,,,
EVT0002262,SUB00294,CNT00072,2023-08-18,20,Mobile,28,100%,TRUE,FALSE,TRUE,4K,SES643851,1,,,,,,,,,,,,,,,,,,,,,,,,,,,,,,,,,,,,,,,,,,,,,,,,,,,,,,,,,,,,,,,,,,,,,,,,,,,,,,,,,,,,,,,,,,,,,,,,,,,,,,,,,,,,,,,,,,,,,,,,,
EVT0002263,SUB00269,CNT00059,2023-02-14,11,Roku,117,100%,TRUE,TRUE,TRUE,SD,SES532870,1,,,,,,,,,,,,,,,,,,,,,,,,,,,,,,,,,,,,,,,,,,,,,,,,,,,,,,,,,,,,,,,,,,,,,,,,,,,,,,,,,,,,,,,,,,,,,,,,,,,,,,,,,,,,,,,,,,,,,,,,,
EVT0002264,SUB00442,CNT00060,2024-02-17,11,Smart TV,79,100%,TRUE,TRUE,TRUE,HD,SES680203,1,,,,,,,,,,,,,,,,,,,,,,,,,,,,,,,,,,,,,,,,,,,,,,,,,,,,,,,,,,,,,,,,,,,,,,,,,,,,,,,,,,,,,,,,,,,,,,,,,,,,,,,,,,,,,,,,,,,,,,,,,
EVT0002265,SUB00283,CNT00079,2023-10-28,23,Desktop,107,<25%,FALSE,TRUE,TRUE,SD,SES442239,0,,,,,,,,,,,,,,,,,,,,,,,,,,,,,,,,,,,,,,,,,,,,,,,,,,,,,,,,,,,,,,,,,,,,,,,,,,,,,,,,,,,,,,,,,,,,,,,,,,,,,,,,,,,,,,,,,,,,,,,,,
EVT0002266,SUB00486,CNT00033,2023-05-24,15,Tablet,43,100%,TRUE,TRUE,TRUE,HD,SES267846,1,,,,,,,,,,,,,,,,,,,,,,,,,,,,,,,,,,,,,,,,,,,,,,,,,,,,,,,,,,,,,,,,,,,,,,,,,,,,,,,,,,,,,,,,,,,,,,,,,,,,,,,,,,,,,,,,,,,,,,,,,
EVT0002267,SUB00569,CNT00060,2023-09-23,18,Smart TV,97,75-99%,FALSE,TRUE,TRUE,HD,SES346106,0,,,,,,,,,,,,,,,,,,,,,,,,,,,,,,,,,,,,,,,,,,,,,,,,,,,,,,,,,,,,,,,,,,,,,,,,,,,,,,,,,,,,,,,,,,,,,,,,,,,,,,,,,,,,,,,,,,,,,,,,,
EVT0002268,SUB00079,CNT00011,2024-04-18,8,Mobile,73,50-75%,FALSE,TRUE,FALSE,HD,SES498730,0,,,,,,,,,,,,,,,,,,,,,,,,,,,,,,,,,,,,,,,,,,,,,,,,,,,,,,,,,,,,,,,,,,,,,,,,,,,,,,,,,,,,,,,,,,,,,,,,,,,,,,,,,,,,,,,,,,,,,,,,,
EVT0002269,SUB00647,CNT00016,2024-01-25,9,Roku,102,100%,TRUE,TRUE,FALSE,HD,SES528620,1,,,,,,,,,,,,,,,,,,,,,,,,,,,,,,,,,,,,,,,,,,,,,,,,,,,,,,,,,,,,,,,,,,,,,,,,,,,,,,,,,,,,,,,,,,,,,,,,,,,,,,,,,,,,,,,,,,,,,,,,,
EVT0002270,SUB00393,CNT00067,2023-01-07,8,Roku,77,75-99%,FALSE,FALSE,TRUE,SD,SES954151,0,,,,,,,,,,,,,,,,,,,,,,,,,,,,,,,,,,,,,,,,,,,,,,,,,,,,,,,,,,,,,,,,,,,,,,,,,,,,,,,,,,,,,,,,,,,,,,,,,,,,,,,,,,,,,,,,,,,,,,,,,
EVT0002271,SUB00323,CNT00049,2023-05-09,10,Tablet,97,100%,TRUE,FALSE,TRUE,HD,SES679035,1,,,,,,,,,,,,,,,,,,,,,,,,,,,,,,,,,,,,,,,,,,,,,,,,,,,,,,,,,,,,,,,,,,,,,,,,,,,,,,,,,,,,,,,,,,,,,,,,,,,,,,,,,,,,,,,,,,,,,,,,,
EVT0002272,SUB00297,CNT00006,2023-08-05,8,Tablet,16,50-75%,FALSE,TRUE,TRUE,HD,SES208679,0,,,,,,,,,,,,,,,,,,,,,,,,,,,,,,,,,,,,,,,,,,,,,,,,,,,,,,,,,,,,,,,,,,,,,,,,,,,,,,,,,,,,,,,,,,,,,,,,,,,,,,,,,,,,,,,,,,,,,,,,,
EVT0002273,SUB00576,CNT00040,2023-04-24,16,Mobile,94,<25%,FALSE,FALSE,TRUE,HD,SES430157,0,,,,,,,,,,,,,,,,,,,,,,,,,,,,,,,,,,,,,,,,,,,,,,,,,,,,,,,,,,,,,,,,,,,,,,,,,,,,,,,,,,,,,,,,,,,,,,,,,,,,,,,,,,,,,,,,,,,,,,,,,
EVT0002274,SUB00456,CNT00086,2023-04-29,15,Desktop,9,<25%,FALSE,FALSE,TRUE,HD,SES101429,0,,,,,,,,,,,,,,,,,,,,,,,,,,,,,,,,,,,,,,,,,,,,,,,,,,,,,,,,,,,,,,,,,,,,,,,,,,,,,,,,,,,,,,,,,,,,,,,,,,,,,,,,,,,,,,,,,,,,,,,,,
EVT0002275,SUB00049,CNT00050,2023-10-09,15,Fire TV,109,75-99%,FALSE,FALSE,TRUE,HD,SES323011,0,,,,,,,,,,,,,,,,,,,,,,,,,,,,,,,,,,,,,,,,,,,,,,,,,,,,,,,,,,,,,,,,,,,,,,,,,,,,,,,,,,,,,,,,,,,,,,,,,,,,,,,,,,,,,,,,,,,,,,,,,
EVT0002276,SUB00023,CNT00037,2023-03-12,17,Desktop,39,100%,TRUE,FALSE,TRUE,HD,SES901710,1,,,,,,,,,,,,,,,,,,,,,,,,,,,,,,,,,,,,,,,,,,,,,,,,,,,,,,,,,,,,,,,,,,,,,,,,,,,,,,,,,,,,,,,,,,,,,,,,,,,,,,,,,,,,,,,,,,,,,,,,,
EVT0002277,SUB00469,CNT00056,2023-06-06,7,Desktop,97,100%,TRUE,FALSE,TRUE,HD,SES325228,1,,,,,,,,,,,,,,,,,,,,,,,,,,,,,,,,,,,,,,,,,,,,,,,,,,,,,,,,,,,,,,,,,,,,,,,,,,,,,,,,,,,,,,,,,,,,,,,,,,,,,,,,,,,,,,,,,,,,,,,,,
EVT0002278,SUB00272,CNT00070,2024-04-05,22,Desktop,5,100%,TRUE,FALSE,TRUE,HD,SES738015,1,,,,,,,,,,,,,,,,,,,,,,,,,,,,,,,,,,,,,,,,,,,,,,,,,,,,,,,,,,,,,,,,,,,,,,,,,,,,,,,,,,,,,,,,,,,,,,,,,,,,,,,,,,,,,,,,,,,,,,,,,
EVT0002279,SUB00235,CNT00038,2023-04-20,18,Tablet,14,<25%,FALSE,TRUE,TRUE,SD,SES335035,0,,,,,,,,,,,,,,,,,,,,,,,,,,,,,,,,,,,,,,,,,,,,,,,,,,,,,,,,,,,,,,,,,,,,,,,,,,,,,,,,,,,,,,,,,,,,,,,,,,,,,,,,,,,,,,,,,,,,,,,,,
EVT0002280,SUB00437,CNT00058,2023-06-21,8,Fire TV,87,75-99%,FALSE,FALSE,TRUE,4K,SES612659,0,,,,,,,,,,,,,,,,,,,,,,,,,,,,,,,,,,,,,,,,,,,,,,,,,,,,,,,,,,,,,,,,,,,,,,,,,,,,,,,,,,,,,,,,,,,,,,,,,,,,,,,,,,,,,,,,,,,,,,,,,
EVT0002281,SUB00248,CNT00006,2024-02-11,23,Roku,56,<25%,FALSE,FALSE,TRUE,4K,SES526774,0,,,,,,,,,,,,,,,,,,,,,,,,,,,,,,,,,,,,,,,,,,,,,,,,,,,,,,,,,,,,,,,,,,,,,,,,,,,,,,,,,,,,,,,,,,,,,,,,,,,,,,,,,,,,,,,,,,,,,,,,,
EVT0002282,SUB00170,CNT00044,2023-04-07,15,Mobile,12,<25%,FALSE,FALSE,TRUE,4K,SES646364,0,,,,,,,,,,,,,,,,,,,,,,,,,,,,,,,,,,,,,,,,,,,,,,,,,,,,,,,,,,,,,,,,,,,,,,,,,,,,,,,,,,,,,,,,,,,,,,,,,,,,,,,,,,,,,,,,,,,,,,,,,
EVT0002283,SUB00476,CNT00072,2024-02-14,22,Roku,39,75-99%,FALSE,FALSE,TRUE,HD,SES172704,0,,,,,,,,,,,,,,,,,,,,,,,,,,,,,,,,,,,,,,,,,,,,,,,,,,,,,,,,,,,,,,,,,,,,,,,,,,,,,,,,,,,,,,,,,,,,,,,,,,,,,,,,,,,,,,,,,,,,,,,,,
EVT0002284,SUB00013,CNT00032,2024-04-23,9,Mobile,11,75-99%,FALSE,FALSE,TRUE,SD,SES890095,0,,,,,,,,,,,,,,,,,,,,,,,,,,,,,,,,,,,,,,,,,,,,,,,,,,,,,,,,,,,,,,,,,,,,,,,,,,,,,,,,,,,,,,,,,,,,,,,,,,,,,,,,,,,,,,,,,,,,,,,,,
EVT0002285,SUB00456,CNT00098,2023-03-15,21,Tablet,78,100%,TRUE,FALSE,FALSE,HD,SES948240,1,,,,,,,,,,,,,,,,,,,,,,,,,,,,,,,,,,,,,,,,,,,,,,,,,,,,,,,,,,,,,,,,,,,,,,,,,,,,,,,,,,,,,,,,,,,,,,,,,,,,,,,,,,,,,,,,,,,,,,,,,
EVT0002286,SUB00038,CNT00014,2023-07-26,8,Desktop,18,25-50%,FALSE,FALSE,FALSE,HD,SES972569,0,,,,,,,,,,,,,,,,,,,,,,,,,,,,,,,,,,,,,,,,,,,,,,,,,,,,,,,,,,,,,,,,,,,,,,,,,,,,,,,,,,,,,,,,,,,,,,,,,,,,,,,,,,,,,,,,,,,,,,,,,
EVT0002287,SUB00038,CNT00034,2023-02-23,8,Tablet,41,25-50%,FALSE,FALSE,TRUE,4K,SES450421,0,,,,,,,,,,,,,,,,,,,,,,,,,,,,,,,,,,,,,,,,,,,,,,,,,,,,,,,,,,,,,,,,,,,,,,,,,,,,,,,,,,,,,,,,,,,,,,,,,,,,,,,,,,,,,,,,,,,,,,,,,
EVT0002288,SUB00459,CNT00025,2024-03-09,22,Tablet,89,50-75%,FALSE,FALSE,FALSE,HD,SES835397,0,,,,,,,,,,,,,,,,,,,,,,,,,,,,,,,,,,,,,,,,,,,,,,,,,,,,,,,,,,,,,,,,,,,,,,,,,,,,,,,,,,,,,,,,,,,,,,,,,,,,,,,,,,,,,,,,,,,,,,,,,
EVT0002289,SUB00384,CNT00030,2023-12-17,9,Desktop,104,100%,TRUE,FALSE,TRUE,HD,SES862202,1,,,,,,,,,,,,,,,,,,,,,,,,,,,,,,,,,,,,,,,,,,,,,,,,,,,,,,,,,,,,,,,,,,,,,,,,,,,,,,,,,,,,,,,,,,,,,,,,,,,,,,,,,,,,,,,,,,,,,,,,,
EVT0002290,SUB00369,CNT00003,2023-08-28,7,Tablet,84,100%,TRUE,FALSE,FALSE,HD,SES288861,1,,,,,,,,,,,,,,,,,,,,,,,,,,,,,,,,,,,,,,,,,,,,,,,,,,,,,,,,,,,,,,,,,,,,,,,,,,,,,,,,,,,,,,,,,,,,,,,,,,,,,,,,,,,,,,,,,,,,,,,,,
EVT0002291,SUB00642,CNT00045,2024-01-29,18,Fire TV,19,50-75%,FALSE,FALSE,FALSE,HD,SES779052,0,,,,,,,,,,,,,,,,,,,,,,,,,,,,,,,,,,,,,,,,,,,,,,,,,,,,,,,,,,,,,,,,,,,,,,,,,,,,,,,,,,,,,,,,,,,,,,,,,,,,,,,,,,,,,,,,,,,,,,,,,
EVT0002292,SUB00242,CNT00073,2024-04-12,15,Desktop,93,50-75%,FALSE,TRUE,TRUE,HD,SES619370,0,,,,,,,,,,,,,,,,,,,,,,,,,,,,,,,,,,,,,,,,,,,,,,,,,,,,,,,,,,,,,,,,,,,,,,,,,,,,,,,,,,,,,,,,,,,,,,,,,,,,,,,,,,,,,,,,,,,,,,,,,
EVT0002293,SUB00201,CNT00072,2023-06-05,22,Desktop,114,100%,TRUE,FALSE,FALSE,HD,SES976183,1,,,,,,,,,,,,,,,,,,,,,,,,,,,,,,,,,,,,,,,,,,,,,,,,,,,,,,,,,,,,,,,,,,,,,,,,,,,,,,,,,,,,,,,,,,,,,,,,,,,,,,,,,,,,,,,,,,,,,,,,,
EVT0002294,SUB00491,CNT00050,2023-06-07,8,Tablet,94,100%,TRUE,TRUE,TRUE,4K,SES704511,1,,,,,,,,,,,,,,,,,,,,,,,,,,,,,,,,,,,,,,,,,,,,,,,,,,,,,,,,,,,,,,,,,,,,,,,,,,,,,,,,,,,,,,,,,,,,,,,,,,,,,,,,,,,,,,,,,,,,,,,,,
EVT0002295,SUB00128,CNT00062,2023-07-25,18,Desktop,9,100%,TRUE,FALSE,TRUE,4K,SES481511,1,,,,,,,,,,,,,,,,,,,,,,,,,,,,,,,,,,,,,,,,,,,,,,,,,,,,,,,,,,,,,,,,,,,,,,,,,,,,,,,,,,,,,,,,,,,,,,,,,,,,,,,,,,,,,,,,,,,,,,,,,
EVT0002296,SUB00490,CNT00041,2023-04-14,10,Mobile,117,75-99%,FALSE,FALSE,TRUE,HD,SES242865,0,,,,,,,,,,,,,,,,,,,,,,,,,,,,,,,,,,,,,,,,,,,,,,,,,,,,,,,,,,,,,,,,,,,,,,,,,,,,,,,,,,,,,,,,,,,,,,,,,,,,,,,,,,,,,,,,,,,,,,,,,
EVT0002297,SUB00026,CNT00097,2023-12-14,12,Tablet,101,100%,TRUE,FALSE,TRUE,4K,SES520105,1,,,,,,,,,,,,,,,,,,,,,,,,,,,,,,,,,,,,,,,,,,,,,,,,,,,,,,,,,,,,,,,,,,,,,,,,,,,,,,,,,,,,,,,,,,,,,,,,,,,,,,,,,,,,,,,,,,,,,,,,,
EVT0002298,SUB00607,CNT00077,2023-08-02,9,Tablet,89,75-99%,FALSE,FALSE,FALSE,4K,SES478136,0,,,,,,,,,,,,,,,,,,,,,,,,,,,,,,,,,,,,,,,,,,,,,,,,,,,,,,,,,,,,,,,,,,,,,,,,,,,,,,,,,,,,,,,,,,,,,,,,,,,,,,,,,,,,,,,,,,,,,,,,,
EVT0002299,SUB00006,CNT00030,2024-05-12,13,Tablet,89,100%,TRUE,TRUE,TRUE,SD,SES859482,1,,,,,,,,,,,,,,,,,,,,,,,,,,,,,,,,,,,,,,,,,,,,,,,,,,,,,,,,,,,,,,,,,,,,,,,,,,,,,,,,,,,,,,,,,,,,,,,,,,,,,,,,,,,,,,,,,,,,,,,,,
EVT0002300,SUB00408,CNT00075,2024-02-09,17,Tablet,21,100%,TRUE,FALSE,FALSE,SD,SES445261,1,,,,,,,,,,,,,,,,,,,,,,,,,,,,,,,,,,,,,,,,,,,,,,,,,,,,,,,,,,,,,,,,,,,,,,,,,,,,,,,,,,,,,,,,,,,,,,,,,,,,,,,,,,,,,,,,,,,,,,,,,
EVT0002301,SUB00637,CNT00050,2023-01-25,6,Mobile,90,100%,TRUE,TRUE,TRUE,SD,SES187203,1,,,,,,,,,,,,,,,,,,,,,,,,,,,,,,,,,,,,,,,,,,,,,,,,,,,,,,,,,,,,,,,,,,,,,,,,,,,,,,,,,,,,,,,,,,,,,,,,,,,,,,,,,,,,,,,,,,,,,,,,,
EVT0002302,SUB00435,CNT00015,2023-12-01,20,Smart TV,76,100%,TRUE,FALSE,TRUE,HD,SES757246,1,,,,,,,,,,,,,,,,,,,,,,,,,,,,,,,,,,,,,,,,,,,,,,,,,,,,,,,,,,,,,,,,,,,,,,,,,,,,,,,,,,,,,,,,,,,,,,,,,,,,,,,,,,,,,,,,,,,,,,,,,
EVT0002303,SUB00084,CNT00035,2024-06-10,6,Mobile,91,100%,TRUE,FALSE,FALSE,HD,SES246728,1,,,,,,,,,,,,,,,,,,,,,,,,,,,,,,,,,,,,,,,,,,,,,,,,,,,,,,,,,,,,,,,,,,,,,,,,,,,,,,,,,,,,,,,,,,,,,,,,,,,,,,,,,,,,,,,,,,,,,,,,,
EVT0002304,SUB00544,CNT00086,2023-07-17,7,Fire TV,92,100%,TRUE,FALSE,FALSE,HD,SES601294,1,,,,,,,,,,,,,,,,,,,,,,,,,,,,,,,,,,,,,,,,,,,,,,,,,,,,,,,,,,,,,,,,,,,,,,,,,,,,,,,,,,,,,,,,,,,,,,,,,,,,,,,,,,,,,,,,,,,,,,,,,
EVT0002305,SUB00202,CNT00028,2023-05-11,14,Fire TV,38,<25%,FALSE,FALSE,TRUE,HD,SES809119,0,,,,,,,,,,,,,,,,,,,,,,,,,,,,,,,,,,,,,,,,,,,,,,,,,,,,,,,,,,,,,,,,,,,,,,,,,,,,,,,,,,,,,,,,,,,,,,,,,,,,,,,,,,,,,,,,,,,,,,,,,
EVT0002306,SUB00644,CNT00028,2024-04-22,17,Tablet,97,100%,TRUE,FALSE,TRUE,HD,SES245230,1,,,,,,,,,,,,,,,,,,,,,,,,,,,,,,,,,,,,,,,,,,,,,,,,,,,,,,,,,,,,,,,,,,,,,,,,,,,,,,,,,,,,,,,,,,,,,,,,,,,,,,,,,,,,,,,,,,,,,,,,,
EVT0002307,SUB00074,CNT00068,2023-05-10,10,Mobile,57,75-99%,FALSE,TRUE,TRUE,HD,SES862561,0,,,,,,,,,,,,,,,,,,,,,,,,,,,,,,,,,,,,,,,,,,,,,,,,,,,,,,,,,,,,,,,,,,,,,,,,,,,,,,,,,,,,,,,,,,,,,,,,,,,,,,,,,,,,,,,,,,,,,,,,,
EVT0002308,SUB00295,CNT00043,2024-02-12,13,Mobile,24,<25%,FALSE,TRUE,TRUE,4K,SES901717,0,,,,,,,,,,,,,,,,,,,,,,,,,,,,,,,,,,,,,,,,,,,,,,,,,,,,,,,,,,,,,,,,,,,,,,,,,,,,,,,,,,,,,,,,,,,,,,,,,,,,,,,,,,,,,,,,,,,,,,,,,
EVT0002309,SUB00643,CNT00031,2023-04-30,12,Tablet,85,75-99%,FALSE,FALSE,FALSE,SD,SES533929,0,,,,,,,,,,,,,,,,,,,,,,,,,,,,,,,,,,,,,,,,,,,,,,,,,,,,,,,,,,,,,,,,,,,,,,,,,,,,,,,,,,,,,,,,,,,,,,,,,,,,,,,,,,,,,,,,,,,,,,,,,
EVT0002310,SUB00445,CNT00088,2024-04-18,13,Roku,90,50-75%,FALSE,TRUE,FALSE,HD,SES869835,0,,,,,,,,,,,,,,,,,,,,,,,,,,,,,,,,,,,,,,,,,,,,,,,,,,,,,,,,,,,,,,,,,,,,,,,,,,,,,,,,,,,,,,,,,,,,,,,,,,,,,,,,,,,,,,,,,,,,,,,,,
EVT0002311,SUB00675,CNT00040,2023-08-22,23,Smart TV,118,25-50%,FALSE,FALSE,TRUE,HD,SES206639,0,,,,,,,,,,,,,,,,,,,,,,,,,,,,,,,,,,,,,,,,,,,,,,,,,,,,,,,,,,,,,,,,,,,,,,,,,,,,,,,,,,,,,,,,,,,,,,,,,,,,,,,,,,,,,,,,,,,,,,,,,
EVT0002312,SUB00390,CNT00031,2023-06-29,14,Roku,113,75-99%,FALSE,FALSE,FALSE,4K,SES986738,0,,,,,,,,,,,,,,,,,,,,,,,,,,,,,,,,,,,,,,,,,,,,,,,,,,,,,,,,,,,,,,,,,,,,,,,,,,,,,,,,,,,,,,,,,,,,,,,,,,,,,,,,,,,,,,,,,,,,,,,,,
EVT0002313,SUB00191,CNT00092,2023-06-19,14,Tablet,92,100%,TRUE,FALSE,TRUE,HD,SES940365,1,,,,,,,,,,,,,,,,,,,,,,,,,,,,,,,,,,,,,,,,,,,,,,,,,,,,,,,,,,,,,,,,,,,,,,,,,,,,,,,,,,,,,,,,,,,,,,,,,,,,,,,,,,,,,,,,,,,,,,,,,
EVT0002314,SUB00556,CNT00015,2024-03-15,9,Mobile,44,100%,TRUE,TRUE,TRUE,SD,SES546783,1,,,,,,,,,,,,,,,,,,,,,,,,,,,,,,,,,,,,,,,,,,,,,,,,,,,,,,,,,,,,,,,,,,,,,,,,,,,,,,,,,,,,,,,,,,,,,,,,,,,,,,,,,,,,,,,,,,,,,,,,,
EVT0002315,SUB00025,CNT00067,2023-09-21,23,Desktop,66,<25%,FALSE,TRUE,TRUE,4K,SES836604,0,,,,,,,,,,,,,,,,,,,,,,,,,,,,,,,,,,,,,,,,,,,,,,,,,,,,,,,,,,,,,,,,,,,,,,,,,,,,,,,,,,,,,,,,,,,,,,,,,,,,,,,,,,,,,,,,,,,,,,,,,
EVT0002316,SUB00609,CNT00089,2023-12-23,18,Fire TV,118,<25%,FALSE,TRUE,TRUE,HD,SES602172,0,,,,,,,,,,,,,,,,,,,,,,,,,,,,,,,,,,,,,,,,,,,,,,,,,,,,,,,,,,,,,,,,,,,,,,,,,,,,,,,,,,,,,,,,,,,,,,,,,,,,,,,,,,,,,,,,,,,,,,,,,
EVT0002317,SUB00176,CNT00074,2023-02-23,10,Mobile,96,<25%,FALSE,FALSE,TRUE,HD,SES346814,0,,,,,,,,,,,,,,,,,,,,,,,,,,,,,,,,,,,,,,,,,,,,,,,,,,,,,,,,,,,,,,,,,,,,,,,,,,,,,,,,,,,,,,,,,,,,,,,,,,,,,,,,,,,,,,,,,,,,,,,,,
EVT0002318,SUB00173,CNT00036,2024-04-24,18,Desktop,97,100%,TRUE,TRUE,TRUE,HD,SES299503,1,,,,,,,,,,,,,,,,,,,,,,,,,,,,,,,,,,,,,,,,,,,,,,,,,,,,,,,,,,,,,,,,,,,,,,,,,,,,,,,,,,,,,,,,,,,,,,,,,,,,,,,,,,,,,,,,,,,,,,,,,
EVT0002319,SUB00521,CNT00060,2023-11-28,11,Roku,45,100%,TRUE,FALSE,FALSE,HD,SES718069,1,,,,,,,,,,,,,,,,,,,,,,,,,,,,,,,,,,,,,,,,,,,,,,,,,,,,,,,,,,,,,,,,,,,,,,,,,,,,,,,,,,,,,,,,,,,,,,,,,,,,,,,,,,,,,,,,,,,,,,,,,
EVT0002320,SUB00480,CNT00093,2024-05-16,12,Roku,111,75-99%,FALSE,FALSE,TRUE,HD,SES431189,0,,,,,,,,,,,,,,,,,,,,,,,,,,,,,,,,,,,,,,,,,,,,,,,,,,,,,,,,,,,,,,,,,,,,,,,,,,,,,,,,,,,,,,,,,,,,,,,,,,,,,,,,,,,,,,,,,,,,,,,,,
EVT0002321,SUB00070,CNT00083,2023-12-21,14,Fire TV,62,100%,TRUE,FALSE,FALSE,SD,SES177060,1,,,,,,,,,,,,,,,,,,,,,,,,,,,,,,,,,,,,,,,,,,,,,,,,,,,,,,,,,,,,,,,,,,,,,,,,,,,,,,,,,,,,,,,,,,,,,,,,,,,,,,,,,,,,,,,,,,,,,,,,,
EVT0002322,SUB00491,CNT00051,2023-03-07,20,Mobile,32,100%,TRUE,FALSE,FALSE,HD,SES255627,1,,,,,,,,,,,,,,,,,,,,,,,,,,,,,,,,,,,,,,,,,,,,,,,,,,,,,,,,,,,,,,,,,,,,,,,,,,,,,,,,,,,,,,,,,,,,,,,,,,,,,,,,,,,,,,,,,,,,,,,,,
EVT0002323,SUB00403,CNT00060,2023-12-30,9,Mobile,25,100%,TRUE,FALSE,FALSE,4K,SES865757,1,,,,,,,,,,,,,,,,,,,,,,,,,,,,,,,,,,,,,,,,,,,,,,,,,,,,,,,,,,,,,,,,,,,,,,,,,,,,,,,,,,,,,,,,,,,,,,,,,,,,,,,,,,,,,,,,,,,,,,,,,
EVT0002324,SUB00211,CNT00085,2023-06-14,7,Tablet,55,<25%,FALSE,TRUE,TRUE,HD,SES833400,0,,,,,,,,,,,,,,,,,,,,,,,,,,,,,,,,,,,,,,,,,,,,,,,,,,,,,,,,,,,,,,,,,,,,,,,,,,,,,,,,,,,,,,,,,,,,,,,,,,,,,,,,,,,,,,,,,,,,,,,,,
EVT0002325,SUB00592,CNT00081,2023-05-30,23,Smart TV,70,50-75%,FALSE,FALSE,TRUE,HD,SES938201,0,,,,,,,,,,,,,,,,,,,,,,,,,,,,,,,,,,,,,,,,,,,,,,,,,,,,,,,,,,,,,,,,,,,,,,,,,,,,,,,,,,,,,,,,,,,,,,,,,,,,,,,,,,,,,,,,,,,,,,,,,
EVT0002326,SUB00041,CNT00088,2023-04-24,22,Smart TV,15,100%,TRUE,TRUE,FALSE,HD,SES340677,1,,,,,,,,,,,,,,,,,,,,,,,,,,,,,,,,,,,,,,,,,,,,,,,,,,,,,,,,,,,,,,,,,,,,,,,,,,,,,,,,,,,,,,,,,,,,,,,,,,,,,,,,,,,,,,,,,,,,,,,,,
EVT0002327,SUB00362,CNT00038,2024-03-13,10,Smart TV,5,75-99%,FALSE,FALSE,TRUE,SD,SES167164,0,,,,,,,,,,,,,,,,,,,,,,,,,,,,,,,,,,,,,,,,,,,,,,,,,,,,,,,,,,,,,,,,,,,,,,,,,,,,,,,,,,,,,,,,,,,,,,,,,,,,,,,,,,,,,,,,,,,,,,,,,
EVT0002328,SUB00024,CNT00018,2024-04-04,14,Fire TV,13,75-99%,FALSE,FALSE,FALSE,HD,SES613861,0,,,,,,,,,,,,,,,,,,,,,,,,,,,,,,,,,,,,,,,,,,,,,,,,,,,,,,,,,,,,,,,,,,,,,,,,,,,,,,,,,,,,,,,,,,,,,,,,,,,,,,,,,,,,,,,,,,,,,,,,,
EVT0002329,SUB00215,CNT00042,2024-03-16,16,Tablet,47,<25%,FALSE,TRUE,FALSE,SD,SES119210,0,,,,,,,,,,,,,,,,,,,,,,,,,,,,,,,,,,,,,,,,,,,,,,,,,,,,,,,,,,,,,,,,,,,,,,,,,,,,,,,,,,,,,,,,,,,,,,,,,,,,,,,,,,,,,,,,,,,,,,,,,
EVT0002330,SUB00083,CNT00018,2024-01-08,23,Tablet,95,100%,TRUE,TRUE,TRUE,HD,SES281317,1,,,,,,,,,,,,,,,,,,,,,,,,,,,,,,,,,,,,,,,,,,,,,,,,,,,,,,,,,,,,,,,,,,,,,,,,,,,,,,,,,,,,,,,,,,,,,,,,,,,,,,,,,,,,,,,,,,,,,,,,,
EVT0002331,SUB00049,CNT00045,2023-08-01,20,Smart TV,21,<25%,FALSE,TRUE,TRUE,SD,SES260999,0,,,,,,,,,,,,,,,,,,,,,,,,,,,,,,,,,,,,,,,,,,,,,,,,,,,,,,,,,,,,,,,,,,,,,,,,,,,,,,,,,,,,,,,,,,,,,,,,,,,,,,,,,,,,,,,,,,,,,,,,,
EVT0002332,SUB00237,CNT00066,2024-06-25,10,Fire TV,40,100%,TRUE,TRUE,TRUE,4K,SES946073,1,,,,,,,,,,,,,,,,,,,,,,,,,,,,,,,,,,,,,,,,,,,,,,,,,,,,,,,,,,,,,,,,,,,,,,,,,,,,,,,,,,,,,,,,,,,,,,,,,,,,,,,,,,,,,,,,,,,,,,,,,
EVT0002333,SUB00589,CNT00053,2023-07-29,10,Roku,8,100%,TRUE,FALSE,TRUE,HD,SES843927,1,,,,,,,,,,,,,,,,,,,,,,,,,,,,,,,,,,,,,,,,,,,,,,,,,,,,,,,,,,,,,,,,,,,,,,,,,,,,,,,,,,,,,,,,,,,,,,,,,,,,,,,,,,,,,,,,,,,,,,,,,
EVT0002334,SUB00227,CNT00088,2024-02-10,19,Roku,54,100%,TRUE,FALSE,TRUE,4K,SES109699,1,,,,,,,,,,,,,,,,,,,,,,,,,,,,,,,,,,,,,,,,,,,,,,,,,,,,,,,,,,,,,,,,,,,,,,,,,,,,,,,,,,,,,,,,,,,,,,,,,,,,,,,,,,,,,,,,,,,,,,,,,
EVT0002335,SUB00212,CNT00033,2023-09-12,14,Mobile,7,75-99%,FALSE,FALSE,TRUE,HD,SES509955,0,,,,,,,,,,,,,,,,,,,,,,,,,,,,,,,,,,,,,,,,,,,,,,,,,,,,,,,,,,,,,,,,,,,,,,,,,,,,,,,,,,,,,,,,,,,,,,,,,,,,,,,,,,,,,,,,,,,,,,,,,
EVT0002336,SUB00595,CNT00004,2023-09-28,15,Tablet,105,100%,TRUE,FALSE,TRUE,HD,SES128803,1,,,,,,,,,,,,,,,,,,,,,,,,,,,,,,,,,,,,,,,,,,,,,,,,,,,,,,,,,,,,,,,,,,,,,,,,,,,,,,,,,,,,,,,,,,,,,,,,,,,,,,,,,,,,,,,,,,,,,,,,,
EVT0002337,SUB00338,CNT00013,2023-04-13,15,Smart TV,79,75-99%,FALSE,FALSE,FALSE,HD,SES640776,0,,,,,,,,,,,,,,,,,,,,,,,,,,,,,,,,,,,,,,,,,,,,,,,,,,,,,,,,,,,,,,,,,,,,,,,,,,,,,,,,,,,,,,,,,,,,,,,,,,,,,,,,,,,,,,,,,,,,,,,,,
EVT0002338,SUB00601,CNT00008,2023-01-04,6,Tablet,109,25-50%,FALSE,TRUE,FALSE,HD,SES945208,0,,,,,,,,,,,,,,,,,,,,,,,,,,,,,,,,,,,,,,,,,,,,,,,,,,,,,,,,,,,,,,,,,,,,,,,,,,,,,,,,,,,,,,,,,,,,,,,,,,,,,,,,,,,,,,,,,,,,,,,,,
EVT0002339,SUB00631,CNT00091,2024-02-22,12,Mobile,47,75-99%,FALSE,TRUE,FALSE,4K,SES490571,0,,,,,,,,,,,,,,,,,,,,,,,,,,,,,,,,,,,,,,,,,,,,,,,,,,,,,,,,,,,,,,,,,,,,,,,,,,,,,,,,,,,,,,,,,,,,,,,,,,,,,,,,,,,,,,,,,,,,,,,,,
EVT0002340,SUB00251,CNT00018,2023-06-13,23,Mobile,46,100%,TRUE,FALSE,FALSE,HD,SES578181,1,,,,,,,,,,,,,,,,,,,,,,,,,,,,,,,,,,,,,,,,,,,,,,,,,,,,,,,,,,,,,,,,,,,,,,,,,,,,,,,,,,,,,,,,,,,,,,,,,,,,,,,,,,,,,,,,,,,,,,,,,
EVT0002341,SUB00652,CNT00071,2024-03-31,7,Fire TV,113,100%,TRUE,FALSE,TRUE,HD,SES524245,1,,,,,,,,,,,,,,,,,,,,,,,,,,,,,,,,,,,,,,,,,,,,,,,,,,,,,,,,,,,,,,,,,,,,,,,,,,,,,,,,,,,,,,,,,,,,,,,,,,,,,,,,,,,,,,,,,,,,,,,,,
EVT0002342,SUB00349,CNT00087,2023-06-28,17,Mobile,103,25-50%,FALSE,TRUE,TRUE,SD,SES445623,0,,,,,,,,,,,,,,,,,,,,,,,,,,,,,,,,,,,,,,,,,,,,,,,,,,,,,,,,,,,,,,,,,,,,,,,,,,,,,,,,,,,,,,,,,,,,,,,,,,,,,,,,,,,,,,,,,,,,,,,,,
EVT0002343,SUB00333,CNT00078,2023-06-12,11,Desktop,62,75-99%,FALSE,FALSE,FALSE,HD,SES664451,0,,,,,,,,,,,,,,,,,,,,,,,,,,,,,,,,,,,,,,,,,,,,,,,,,,,,,,,,,,,,,,,,,,,,,,,,,,,,,,,,,,,,,,,,,,,,,,,,,,,,,,,,,,,,,,,,,,,,,,,,,
EVT0002344,SUB00412,CNT00016,2023-07-01,14,Roku,80,100%,TRUE,TRUE,TRUE,SD,SES367100,1,,,,,,,,,,,,,,,,,,,,,,,,,,,,,,,,,,,,,,,,,,,,,,,,,,,,,,,,,,,,,,,,,,,,,,,,,,,,,,,,,,,,,,,,,,,,,,,,,,,,,,,,,,,,,,,,,,,,,,,,,
EVT0002345,SUB00547,CNT00065,2024-01-03,21,Mobile,112,<25%,FALSE,FALSE,TRUE,SD,SES938098,0,,,,,,,,,,,,,,,,,,,,,,,,,,,,,,,,,,,,,,,,,,,,,,,,,,,,,,,,,,,,,,,,,,,,,,,,,,,,,,,,,,,,,,,,,,,,,,,,,,,,,,,,,,,,,,,,,,,,,,,,,
EVT0002346,SUB00135,CNT00098,2023-11-13,16,Fire TV,103,50-75%,FALSE,FALSE,FALSE,4K,SES725221,0,,,,,,,,,,,,,,,,,,,,,,,,,,,,,,,,,,,,,,,,,,,,,,,,,,,,,,,,,,,,,,,,,,,,,,,,,,,,,,,,,,,,,,,,,,,,,,,,,,,,,,,,,,,,,,,,,,,,,,,,,
EVT0002347,SUB00047,CNT00028,2023-07-05,20,Tablet,61,100%,TRUE,FALSE,FALSE,HD,SES994005,1,,,,,,,,,,,,,,,,,,,,,,,,,,,,,,,,,,,,,,,,,,,,,,,,,,,,,,,,,,,,,,,,,,,,,,,,,,,,,,,,,,,,,,,,,,,,,,,,,,,,,,,,,,,,,,,,,,,,,,,,,
EVT0002348,SUB00110,CNT00058,2023-04-01,23,Smart TV,7,100%,TRUE,FALSE,TRUE,4K,SES590456,1,,,,,,,,,,,,,,,,,,,,,,,,,,,,,,,,,,,,,,,,,,,,,,,,,,,,,,,,,,,,,,,,,,,,,,,,,,,,,,,,,,,,,,,,,,,,,,,,,,,,,,,,,,,,,,,,,,,,,,,,,
EVT0002349,SUB00147,CNT00033,2024-02-26,9,Mobile,54,50-75%,FALSE,TRUE,FALSE,HD,SES990102,0,,,,,,,,,,,,,,,,,,,,,,,,,,,,,,,,,,,,,,,,,,,,,,,,,,,,,,,,,,,,,,,,,,,,,,,,,,,,,,,,,,,,,,,,,,,,,,,,,,,,,,,,,,,,,,,,,,,,,,,,,
EVT0002350,SUB00544,CNT00005,2024-01-01,9,Tablet,89,100%,TRUE,TRUE,TRUE,SD,SES914311,1,,,,,,,,,,,,,,,,,,,,,,,,,,,,,,,,,,,,,,,,,,,,,,,,,,,,,,,,,,,,,,,,,,,,,,,,,,,,,,,,,,,,,,,,,,,,,,,,,,,,,,,,,,,,,,,,,,,,,,,,,
EVT0002351,SUB00207,CNT00050,2023-07-30,18,Mobile,5,100%,TRUE,FALSE,TRUE,4K,SES580778,1,,,,,,,,,,,,,,,,,,,,,,,,,,,,,,,,,,,,,,,,,,,,,,,,,,,,,,,,,,,,,,,,,,,,,,,,,,,,,,,,,,,,,,,,,,,,,,,,,,,,,,,,,,,,,,,,,,,,,,,,,
EVT0002352,SUB00698,CNT00017,2024-03-19,22,Roku,84,100%,TRUE,FALSE,TRUE,SD,SES820223,1,,,,,,,,,,,,,,,,,,,,,,,,,,,,,,,,,,,,,,,,,,,,,,,,,,,,,,,,,,,,,,,,,,,,,,,,,,,,,,,,,,,,,,,,,,,,,,,,,,,,,,,,,,,,,,,,,,,,,,,,,
EVT0002353,SUB00288,CNT00017,2024-05-22,13,Fire TV,112,100%,TRUE,FALSE,FALSE,HD,SES705359,1,,,,,,,,,,,,,,,,,,,,,,,,,,,,,,,,,,,,,,,,,,,,,,,,,,,,,,,,,,,,,,,,,,,,,,,,,,,,,,,,,,,,,,,,,,,,,,,,,,,,,,,,,,,,,,,,,,,,,,,,,
EVT0002354,SUB00478,CNT00039,2023-05-10,7,Smart TV,32,100%,TRUE,FALSE,FALSE,HD,SES884511,1,,,,,,,,,,,,,,,,,,,,,,,,,,,,,,,,,,,,,,,,,,,,,,,,,,,,,,,,,,,,,,,,,,,,,,,,,,,,,,,,,,,,,,,,,,,,,,,,,,,,,,,,,,,,,,,,,,,,,,,,,
EVT0002355,SUB00693,CNT00036,2024-06-15,23,Roku,70,75-99%,FALSE,FALSE,FALSE,SD,SES672625,0,,,,,,,,,,,,,,,,,,,,,,,,,,,,,,,,,,,,,,,,,,,,,,,,,,,,,,,,,,,,,,,,,,,,,,,,,,,,,,,,,,,,,,,,,,,,,,,,,,,,,,,,,,,,,,,,,,,,,,,,,
EVT0002356,SUB00241,CNT00060,2023-09-22,13,Mobile,96,75-99%,FALSE,FALSE,TRUE,SD,SES593107,0,,,,,,,,,,,,,,,,,,,,,,,,,,,,,,,,,,,,,,,,,,,,,,,,,,,,,,,,,,,,,,,,,,,,,,,,,,,,,,,,,,,,,,,,,,,,,,,,,,,,,,,,,,,,,,,,,,,,,,,,,
EVT0002357,SUB00509,CNT00079,2023-08-31,15,Tablet,45,100%,TRUE,FALSE,FALSE,4K,SES938830,1,,,,,,,,,,,,,,,,,,,,,,,,,,,,,,,,,,,,,,,,,,,,,,,,,,,,,,,,,,,,,,,,,,,,,,,,,,,,,,,,,,,,,,,,,,,,,,,,,,,,,,,,,,,,,,,,,,,,,,,,,
EVT0002358,SUB00284,CNT00001,2023-11-14,11,Fire TV,59,75-99%,FALSE,TRUE,TRUE,4K,SES398644,0,,,,,,,,,,,,,,,,,,,,,,,,,,,,,,,,,,,,,,,,,,,,,,,,,,,,,,,,,,,,,,,,,,,,,,,,,,,,,,,,,,,,,,,,,,,,,,,,,,,,,,,,,,,,,,,,,,,,,,,,,
EVT0002359,SUB00305,CNT00046,2023-08-26,9,Fire TV,55,100%,TRUE,TRUE,FALSE,4K,SES361604,1,,,,,,,,,,,,,,,,,,,,,,,,,,,,,,,,,,,,,,,,,,,,,,,,,,,,,,,,,,,,,,,,,,,,,,,,,,,,,,,,,,,,,,,,,,,,,,,,,,,,,,,,,,,,,,,,,,,,,,,,,
EVT0002360,SUB00594,CNT00066,2023-12-16,22,Tablet,85,50-75%,FALSE,FALSE,FALSE,HD,SES876755,0,,,,,,,,,,,,,,,,,,,,,,,,,,,,,,,,,,,,,,,,,,,,,,,,,,,,,,,,,,,,,,,,,,,,,,,,,,,,,,,,,,,,,,,,,,,,,,,,,,,,,,,,,,,,,,,,,,,,,,,,,
EVT0002361,SUB00474,CNT00091,2023-02-25,19,Tablet,69,100%,TRUE,FALSE,TRUE,HD,SES893067,1,,,,,,,,,,,,,,,,,,,,,,,,,,,,,,,,,,,,,,,,,,,,,,,,,,,,,,,,,,,,,,,,,,,,,,,,,,,,,,,,,,,,,,,,,,,,,,,,,,,,,,,,,,,,,,,,,,,,,,,,,
EVT0002362,SUB00689,CNT00054,2023-08-17,23,Mobile,53,100%,TRUE,FALSE,FALSE,4K,SES963828,1,,,,,,,,,,,,,,,,,,,,,,,,,,,,,,,,,,,,,,,,,,,,,,,,,,,,,,,,,,,,,,,,,,,,,,,,,,,,,,,,,,,,,,,,,,,,,,,,,,,,,,,,,,,,,,,,,,,,,,,,,
EVT0002363,SUB00314,CNT00063,2023-08-12,12,Mobile,61,100%,TRUE,FALSE,FALSE,SD,SES945540,1,,,,,,,,,,,,,,,,,,,,,,,,,,,,,,,,,,,,,,,,,,,,,,,,,,,,,,,,,,,,,,,,,,,,,,,,,,,,,,,,,,,,,,,,,,,,,,,,,,,,,,,,,,,,,,,,,,,,,,,,,
EVT0002364,SUB00477,CNT00013,2024-04-22,12,Tablet,89,100%,TRUE,TRUE,FALSE,SD,SES615825,1,,,,,,,,,,,,,,,,,,,,,,,,,,,,,,,,,,,,,,,,,,,,,,,,,,,,,,,,,,,,,,,,,,,,,,,,,,,,,,,,,,,,,,,,,,,,,,,,,,,,,,,,,,,,,,,,,,,,,,,,,
EVT0002365,SUB00548,CNT00063,2024-06-04,12,Smart TV,96,25-50%,FALSE,FALSE,FALSE,4K,SES396244,0,,,,,,,,,,,,,,,,,,,,,,,,,,,,,,,,,,,,,,,,,,,,,,,,,,,,,,,,,,,,,,,,,,,,,,,,,,,,,,,,,,,,,,,,,,,,,,,,,,,,,,,,,,,,,,,,,,,,,,,,,
EVT0002366,SUB00242,CNT00053,2023-01-14,16,Smart TV,75,100%,TRUE,FALSE,FALSE,SD,SES863410,1,,,,,,,,,,,,,,,,,,,,,,,,,,,,,,,,,,,,,,,,,,,,,,,,,,,,,,,,,,,,,,,,,,,,,,,,,,,,,,,,,,,,,,,,,,,,,,,,,,,,,,,,,,,,,,,,,,,,,,,,,
EVT0002367,SUB00230,CNT00019,2023-07-11,18,Tablet,30,100%,TRUE,TRUE,TRUE,HD,SES428793,1,,,,,,,,,,,,,,,,,,,,,,,,,,,,,,,,,,,,,,,,,,,,,,,,,,,,,,,,,,,,,,,,,,,,,,,,,,,,,,,,,,,,,,,,,,,,,,,,,,,,,,,,,,,,,,,,,,,,,,,,,
EVT0002368,SUB00122,CNT00073,2023-12-05,7,Smart TV,22,25-50%,FALSE,TRUE,TRUE,4K,SES605488,0,,,,,,,,,,,,,,,,,,,,,,,,,,,,,,,,,,,,,,,,,,,,,,,,,,,,,,,,,,,,,,,,,,,,,,,,,,,,,,,,,,,,,,,,,,,,,,,,,,,,,,,,,,,,,,,,,,,,,,,,,
EVT0002369,SUB00077,CNT00069,2024-05-13,7,Roku,36,50-75%,FALSE,FALSE,TRUE,4K,SES486027,0,,,,,,,,,,,,,,,,,,,,,,,,,,,,,,,,,,,,,,,,,,,,,,,,,,,,,,,,,,,,,,,,,,,,,,,,,,,,,,,,,,,,,,,,,,,,,,,,,,,,,,,,,,,,,,,,,,,,,,,,,
EVT0002370,SUB00463,CNT00006,2023-12-19,10,Mobile,10,100%,TRUE,FALSE,TRUE,HD,SES363692,1,,,,,,,,,,,,,,,,,,,,,,,,,,,,,,,,,,,,,,,,,,,,,,,,,,,,,,,,,,,,,,,,,,,,,,,,,,,,,,,,,,,,,,,,,,,,,,,,,,,,,,,,,,,,,,,,,,,,,,,,,
EVT0002371,SUB00200,CNT00040,2023-03-17,17,Roku,40,50-75%,FALSE,FALSE,TRUE,SD,SES903179,0,,,,,,,,,,,,,,,,,,,,,,,,,,,,,,,,,,,,,,,,,,,,,,,,,,,,,,,,,,,,,,,,,,,,,,,,,,,,,,,,,,,,,,,,,,,,,,,,,,,,,,,,,,,,,,,,,,,,,,,,,
EVT0002372,SUB00111,CNT00032,2023-06-13,8,Fire TV,23,100%,TRUE,FALSE,FALSE,SD,SES983675,1,,,,,,,,,,,,,,,,,,,,,,,,,,,,,,,,,,,,,,,,,,,,,,,,,,,,,,,,,,,,,,,,,,,,,,,,,,,,,,,,,,,,,,,,,,,,,,,,,,,,,,,,,,,,,,,,,,,,,,,,,
EVT0002373,SUB00333,CNT00082,2024-03-04,10,Smart TV,116,75-99%,FALSE,TRUE,FALSE,HD,SES788091,0,,,,,,,,,,,,,,,,,,,,,,,,,,,,,,,,,,,,,,,,,,,,,,,,,,,,,,,,,,,,,,,,,,,,,,,,,,,,,,,,,,,,,,,,,,,,,,,,,,,,,,,,,,,,,,,,,,,,,,,,,
EVT0002374,SUB00374,CNT00052,2023-01-28,17,Smart TV,90,75-99%,FALSE,TRUE,TRUE,4K,SES487676,0,,,,,,,,,,,,,,,,,,,,,,,,,,,,,,,,,,,,,,,,,,,,,,,,,,,,,,,,,,,,,,,,,,,,,,,,,,,,,,,,,,,,,,,,,,,,,,,,,,,,,,,,,,,,,,,,,,,,,,,,,
EVT0002375,SUB00349,CNT00007,2023-11-28,19,Smart TV,95,25-50%,FALSE,FALSE,TRUE,SD,SES623996,0,,,,,,,,,,,,,,,,,,,,,,,,,,,,,,,,,,,,,,,,,,,,,,,,,,,,,,,,,,,,,,,,,,,,,,,,,,,,,,,,,,,,,,,,,,,,,,,,,,,,,,,,,,,,,,,,,,,,,,,,,
EVT0002376,SUB00499,CNT00078,2024-05-25,15,Smart TV,34,100%,TRUE,FALSE,TRUE,HD,SES529855,1,,,,,,,,,,,,,,,,,,,,,,,,,,,,,,,,,,,,,,,,,,,,,,,,,,,,,,,,,,,,,,,,,,,,,,,,,,,,,,,,,,,,,,,,,,,,,,,,,,,,,,,,,,,,,,,,,,,,,,,,,
EVT0002377,SUB00591,CNT00008,2023-07-16,19,Mobile,8,50-75%,FALSE,FALSE,TRUE,HD,SES519752,0,,,,,,,,,,,,,,,,,,,,,,,,,,,,,,,,,,,,,,,,,,,,,,,,,,,,,,,,,,,,,,,,,,,,,,,,,,,,,,,,,,,,,,,,,,,,,,,,,,,,,,,,,,,,,,,,,,,,,,,,,
EVT0002378,SUB00677,CNT00019,2024-01-22,19,Roku,7,100%,TRUE,TRUE,FALSE,HD,SES256936,1,,,,,,,,,,,,,,,,,,,,,,,,,,,,,,,,,,,,,,,,,,,,,,,,,,,,,,,,,,,,,,,,,,,,,,,,,,,,,,,,,,,,,,,,,,,,,,,,,,,,,,,,,,,,,,,,,,,,,,,,,
EVT0002379,SUB00578,CNT00044,2023-03-05,18,Mobile,63,100%,TRUE,FALSE,TRUE,HD,SES774564,1,,,,,,,,,,,,,,,,,,,,,,,,,,,,,,,,,,,,,,,,,,,,,,,,,,,,,,,,,,,,,,,,,,,,,,,,,,,,,,,,,,,,,,,,,,,,,,,,,,,,,,,,,,,,,,,,,,,,,,,,,
EVT0002380,SUB00025,CNT00009,2024-04-18,9,Smart TV,9,100%,TRUE,TRUE,TRUE,HD,SES989552,1,,,,,,,,,,,,,,,,,,,,,,,,,,,,,,,,,,,,,,,,,,,,,,,,,,,,,,,,,,,,,,,,,,,,,,,,,,,,,,,,,,,,,,,,,,,,,,,,,,,,,,,,,,,,,,,,,,,,,,,,,
EVT0002381,SUB00259,CNT00011,2023-08-02,21,Smart TV,19,75-99%,FALSE,FALSE,TRUE,SD,SES678009,0,,,,,,,,,,,,,,,,,,,,,,,,,,,,,,,,,,,,,,,,,,,,,,,,,,,,,,,,,,,,,,,,,,,,,,,,,,,,,,,,,,,,,,,,,,,,,,,,,,,,,,,,,,,,,,,,,,,,,,,,,
EVT0002382,SUB00244,CNT00030,2023-07-18,8,Fire TV,81,100%,TRUE,TRUE,FALSE,HD,SES921241,1,,,,,,,,,,,,,,,,,,,,,,,,,,,,,,,,,,,,,,,,,,,,,,,,,,,,,,,,,,,,,,,,,,,,,,,,,,,,,,,,,,,,,,,,,,,,,,,,,,,,,,,,,,,,,,,,,,,,,,,,,
EVT0002383,SUB00116,CNT00040,2023-05-31,21,Mobile,25,50-75%,FALSE,TRUE,TRUE,SD,SES158356,0,,,,,,,,,,,,,,,,,,,,,,,,,,,,,,,,,,,,,,,,,,,,,,,,,,,,,,,,,,,,,,,,,,,,,,,,,,,,,,,,,,,,,,,,,,,,,,,,,,,,,,,,,,,,,,,,,,,,,,,,,
EVT0002384,SUB00149,CNT00084,2023-05-09,14,Smart TV,63,75-99%,FALSE,TRUE,TRUE,4K,SES750581,0,,,,,,,,,,,,,,,,,,,,,,,,,,,,,,,,,,,,,,,,,,,,,,,,,,,,,,,,,,,,,,,,,,,,,,,,,,,,,,,,,,,,,,,,,,,,,,,,,,,,,,,,,,,,,,,,,,,,,,,,,
EVT0002385,SUB00503,CNT00069,2023-11-28,11,Roku,23,100%,TRUE,TRUE,TRUE,HD,SES258047,1,,,,,,,,,,,,,,,,,,,,,,,,,,,,,,,,,,,,,,,,,,,,,,,,,,,,,,,,,,,,,,,,,,,,,,,,,,,,,,,,,,,,,,,,,,,,,,,,,,,,,,,,,,,,,,,,,,,,,,,,,
EVT0002386,SUB00677,CNT00089,2023-06-12,6,Mobile,26,100%,TRUE,FALSE,FALSE,HD,SES155591,1,,,,,,,,,,,,,,,,,,,,,,,,,,,,,,,,,,,,,,,,,,,,,,,,,,,,,,,,,,,,,,,,,,,,,,,,,,,,,,,,,,,,,,,,,,,,,,,,,,,,,,,,,,,,,,,,,,,,,,,,,
EVT0002387,SUB00265,CNT00054,2023-10-26,16,Smart TV,99,75-99%,FALSE,FALSE,TRUE,HD,SES113779,0,,,,,,,,,,,,,,,,,,,,,,,,,,,,,,,,,,,,,,,,,,,,,,,,,,,,,,,,,,,,,,,,,,,,,,,,,,,,,,,,,,,,,,,,,,,,,,,,,,,,,,,,,,,,,,,,,,,,,,,,,
EVT0002388,SUB00020,CNT00034,2024-03-02,14,Tablet,27,75-99%,FALSE,FALSE,TRUE,HD,SES575055,0,,,,,,,,,,,,,,,,,,,,,,,,,,,,,,,,,,,,,,,,,,,,,,,,,,,,,,,,,,,,,,,,,,,,,,,,,,,,,,,,,,,,,,,,,,,,,,,,,,,,,,,,,,,,,,,,,,,,,,,,,
EVT0002389,SUB00257,CNT00071,2024-04-21,14,Mobile,61,100%,TRUE,TRUE,FALSE,HD,SES385825,1,,,,,,,,,,,,,,,,,,,,,,,,,,,,,,,,,,,,,,,,,,,,,,,,,,,,,,,,,,,,,,,,,,,,,,,,,,,,,,,,,,,,,,,,,,,,,,,,,,,,,,,,,,,,,,,,,,,,,,,,,
EVT0002390,SUB00326,CNT00059,2024-03-02,7,Desktop,16,100%,TRUE,TRUE,FALSE,HD,SES624417,1,,,,,,,,,,,,,,,,,,,,,,,,,,,,,,,,,,,,,,,,,,,,,,,,,,,,,,,,,,,,,,,,,,,,,,,,,,,,,,,,,,,,,,,,,,,,,,,,,,,,,,,,,,,,,,,,,,,,,,,,,
EVT0002391,SUB00157,CNT00020,2024-04-09,7,Roku,22,75-99%,FALSE,FALSE,TRUE,HD,SES820389,0,,,,,,,,,,,,,,,,,,,,,,,,,,,,,,,,,,,,,,,,,,,,,,,,,,,,,,,,,,,,,,,,,,,,,,,,,,,,,,,,,,,,,,,,,,,,,,,,,,,,,,,,,,,,,,,,,,,,,,,,,
EVT0002392,SUB00660,CNT00033,2023-03-14,6,Mobile,48,25-50%,FALSE,TRUE,TRUE,SD,SES776828,0,,,,,,,,,,,,,,,,,,,,,,,,,,,,,,,,,,,,,,,,,,,,,,,,,,,,,,,,,,,,,,,,,,,,,,,,,,,,,,,,,,,,,,,,,,,,,,,,,,,,,,,,,,,,,,,,,,,,,,,,,
EVT0002393,SUB00435,CNT00043,2024-06-12,18,Roku,70,100%,TRUE,TRUE,TRUE,SD,SES823489,1,,,,,,,,,,,,,,,,,,,,,,,,,,,,,,,,,,,,,,,,,,,,,,,,,,,,,,,,,,,,,,,,,,,,,,,,,,,,,,,,,,,,,,,,,,,,,,,,,,,,,,,,,,,,,,,,,,,,,,,,,
EVT0002394,SUB00388,CNT00073,2024-02-16,17,Fire TV,13,100%,TRUE,TRUE,TRUE,HD,SES649135,1,,,,,,,,,,,,,,,,,,,,,,,,,,,,,,,,,,,,,,,,,,,,,,,,,,,,,,,,,,,,,,,,,,,,,,,,,,,,,,,,,,,,,,,,,,,,,,,,,,,,,,,,,,,,,,,,,,,,,,,,,
EVT0002395,SUB00127,CNT00098,2023-07-15,14,Smart TV,76,100%,TRUE,FALSE,TRUE,HD,SES491203,1,,,,,,,,,,,,,,,,,,,,,,,,,,,,,,,,,,,,,,,,,,,,,,,,,,,,,,,,,,,,,,,,,,,,,,,,,,,,,,,,,,,,,,,,,,,,,,,,,,,,,,,,,,,,,,,,,,,,,,,,,
EVT0002396,SUB00086,CNT00003,2023-10-04,8,Roku,76,<25%,FALSE,FALSE,TRUE,HD,SES120678,0,,,,,,,,,,,,,,,,,,,,,,,,,,,,,,,,,,,,,,,,,,,,,,,,,,,,,,,,,,,,,,,,,,,,,,,,,,,,,,,,,,,,,,,,,,,,,,,,,,,,,,,,,,,,,,,,,,,,,,,,,
EVT0002397,SUB00451,CNT00035,2024-06-18,22,Fire TV,92,75-99%,FALSE,FALSE,TRUE,SD,SES484847,0,,,,,,,,,,,,,,,,,,,,,,,,,,,,,,,,,,,,,,,,,,,,,,,,,,,,,,,,,,,,,,,,,,,,,,,,,,,,,,,,,,,,,,,,,,,,,,,,,,,,,,,,,,,,,,,,,,,,,,,,,
EVT0002398,SUB00041,CNT00084,2023-06-24,7,Desktop,110,25-50%,FALSE,FALSE,TRUE,4K,SES337071,0,,,,,,,,,,,,,,,,,,,,,,,,,,,,,,,,,,,,,,,,,,,,,,,,,,,,,,,,,,,,,,,,,,,,,,,,,,,,,,,,,,,,,,,,,,,,,,,,,,,,,,,,,,,,,,,,,,,,,,,,,
EVT0002399,SUB00435,CNT00075,2023-08-19,20,Roku,53,75-99%,FALSE,FALSE,FALSE,HD,SES779599,0,,,,,,,,,,,,,,,,,,,,,,,,,,,,,,,,,,,,,,,,,,,,,,,,,,,,,,,,,,,,,,,,,,,,,,,,,,,,,,,,,,,,,,,,,,,,,,,,,,,,,,,,,,,,,,,,,,,,,,,,,
EVT0002400,SUB00423,CNT00012,2023-10-28,8,Mobile,9,50-75%,FALSE,FALSE,TRUE,SD,SES809136,0,,,,,,,,,,,,,,,,,,,,,,,,,,,,,,,,,,,,,,,,,,,,,,,,,,,,,,,,,,,,,,,,,,,,,,,,,,,,,,,,,,,,,,,,,,,,,,,,,,,,,,,,,,,,,,,,,,,,,,,,,
EVT0002401,SUB00053,CNT00064,2024-04-25,17,Mobile,97,100%,TRUE,TRUE,TRUE,4K,SES150400,1,,,,,,,,,,,,,,,,,,,,,,,,,,,,,,,,,,,,,,,,,,,,,,,,,,,,,,,,,,,,,,,,,,,,,,,,,,,,,,,,,,,,,,,,,,,,,,,,,,,,,,,,,,,,,,,,,,,,,,,,,
EVT0002402,SUB00357,CNT00073,2023-06-02,13,Fire TV,92,75-99%,FALSE,FALSE,TRUE,SD,SES185887,0,,,,,,,,,,,,,,,,,,,,,,,,,,,,,,,,,,,,,,,,,,,,,,,,,,,,,,,,,,,,,,,,,,,,,,,,,,,,,,,,,,,,,,,,,,,,,,,,,,,,,,,,,,,,,,,,,,,,,,,,,
EVT0002403,SUB00691,CNT00094,2023-01-13,21,Tablet,87,75-99%,FALSE,FALSE,FALSE,4K,SES771092,0,,,,,,,,,,,,,,,,,,,,,,,,,,,,,,,,,,,,,,,,,,,,,,,,,,,,,,,,,,,,,,,,,,,,,,,,,,,,,,,,,,,,,,,,,,,,,,,,,,,,,,,,,,,,,,,,,,,,,,,,,
EVT0002404,SUB00614,CNT00077,2023-08-24,20,Fire TV,44,100%,TRUE,FALSE,TRUE,4K,SES258699,1,,,,,,,,,,,,,,,,,,,,,,,,,,,,,,,,,,,,,,,,,,,,,,,,,,,,,,,,,,,,,,,,,,,,,,,,,,,,,,,,,,,,,,,,,,,,,,,,,,,,,,,,,,,,,,,,,,,,,,,,,
EVT0002405,SUB00680,CNT00079,2024-01-28,14,Fire TV,88,100%,TRUE,TRUE,TRUE,4K,SES187430,1,,,,,,,,,,,,,,,,,,,,,,,,,,,,,,,,,,,,,,,,,,,,,,,,,,,,,,,,,,,,,,,,,,,,,,,,,,,,,,,,,,,,,,,,,,,,,,,,,,,,,,,,,,,,,,,,,,,,,,,,,
EVT0002406,SUB00292,CNT00084,2024-02-19,20,Tablet,10,100%,TRUE,FALSE,TRUE,SD,SES296769,1,,,,,,,,,,,,,,,,,,,,,,,,,,,,,,,,,,,,,,,,,,,,,,,,,,,,,,,,,,,,,,,,,,,,,,,,,,,,,,,,,,,,,,,,,,,,,,,,,,,,,,,,,,,,,,,,,,,,,,,,,
EVT0002407,SUB00470,CNT00079,2023-09-02,20,Desktop,106,100%,TRUE,FALSE,FALSE,HD,SES908920,1,,,,,,,,,,,,,,,,,,,,,,,,,,,,,,,,,,,,,,,,,,,,,,,,,,,,,,,,,,,,,,,,,,,,,,,,,,,,,,,,,,,,,,,,,,,,,,,,,,,,,,,,,,,,,,,,,,,,,,,,,
EVT0002408,SUB00389,CNT00096,2024-04-03,18,Mobile,112,100%,TRUE,FALSE,TRUE,4K,SES620517,1,,,,,,,,,,,,,,,,,,,,,,,,,,,,,,,,,,,,,,,,,,,,,,,,,,,,,,,,,,,,,,,,,,,,,,,,,,,,,,,,,,,,,,,,,,,,,,,,,,,,,,,,,,,,,,,,,,,,,,,,,
EVT0002409,SUB00469,CNT00077,2023-04-01,17,Roku,43,<25%,FALSE,FALSE,FALSE,HD,SES641286,0,,,,,,,,,,,,,,,,,,,,,,,,,,,,,,,,,,,,,,,,,,,,,,,,,,,,,,,,,,,,,,,,,,,,,,,,,,,,,,,,,,,,,,,,,,,,,,,,,,,,,,,,,,,,,,,,,,,,,,,,,
EVT0002410,SUB00081,CNT00034,2024-06-05,12,Tablet,69,75-99%,FALSE,FALSE,TRUE,4K,SES870149,0,,,,,,,,,,,,,,,,,,,,,,,,,,,,,,,,,,,,,,,,,,,,,,,,,,,,,,,,,,,,,,,,,,,,,,,,,,,,,,,,,,,,,,,,,,,,,,,,,,,,,,,,,,,,,,,,,,,,,,,,,
EVT0002411,SUB00691,CNT00037,2023-02-16,6,Roku,84,50-75%,FALSE,FALSE,FALSE,HD,SES319256,0,,,,,,,,,,,,,,,,,,,,,,,,,,,,,,,,,,,,,,,,,,,,,,,,,,,,,,,,,,,,,,,,,,,,,,,,,,,,,,,,,,,,,,,,,,,,,,,,,,,,,,,,,,,,,,,,,,,,,,,,,
EVT0002412,SUB00265,CNT00026,2023-07-07,20,Fire TV,80,50-75%,FALSE,TRUE,TRUE,SD,SES194926,0,,,,,,,,,,,,,,,,,,,,,,,,,,,,,,,,,,,,,,,,,,,,,,,,,,,,,,,,,,,,,,,,,,,,,,,,,,,,,,,,,,,,,,,,,,,,,,,,,,,,,,,,,,,,,,,,,,,,,,,,,
EVT0002413,SUB00531,CNT00079,2023-02-28,23,Tablet,57,100%,TRUE,FALSE,TRUE,HD,SES739304,1,,,,,,,,,,,,,,,,,,,,,,,,,,,,,,,,,,,,,,,,,,,,,,,,,,,,,,,,,,,,,,,,,,,,,,,,,,,,,,,,,,,,,,,,,,,,,,,,,,,,,,,,,,,,,,,,,,,,,,,,,
EVT0002414,SUB00611,CNT00036,2023-11-26,17,Roku,57,<25%,FALSE,TRUE,FALSE,HD,SES154856,0,,,,,,,,,,,,,,,,,,,,,,,,,,,,,,,,,,,,,,,,,,,,,,,,,,,,,,,,,,,,,,,,,,,,,,,,,,,,,,,,,,,,,,,,,,,,,,,,,,,,,,,,,,,,,,,,,,,,,,,,,
EVT0002415,SUB00204,CNT00089,2024-04-09,23,Mobile,117,100%,TRUE,TRUE,TRUE,HD,SES788538,1,,,,,,,,,,,,,,,,,,,,,,,,,,,,,,,,,,,,,,,,,,,,,,,,,,,,,,,,,,,,,,,,,,,,,,,,,,,,,,,,,,,,,,,,,,,,,,,,,,,,,,,,,,,,,,,,,,,,,,,,,
EVT0002416,SUB00272,CNT00069,2024-03-04,21,Fire TV,22,100%,TRUE,TRUE,TRUE,4K,SES410909,1,,,,,,,,,,,,,,,,,,,,,,,,,,,,,,,,,,,,,,,,,,,,,,,,,,,,,,,,,,,,,,,,,,,,,,,,,,,,,,,,,,,,,,,,,,,,,,,,,,,,,,,,,,,,,,,,,,,,,,,,,
EVT0002417,SUB00589,CNT00062,2023-06-17,23,Mobile,96,100%,TRUE,FALSE,TRUE,SD,SES995342,1,,,,,,,,,,,,,,,,,,,,,,,,,,,,,,,,,,,,,,,,,,,,,,,,,,,,,,,,,,,,,,,,,,,,,,,,,,,,,,,,,,,,,,,,,,,,,,,,,,,,,,,,,,,,,,,,,,,,,,,,,
EVT0002418,SUB00482,CNT00033,2023-10-16,23,Tablet,62,100%,TRUE,FALSE,TRUE,SD,SES409002,1,,,,,,,,,,,,,,,,,,,,,,,,,,,,,,,,,,,,,,,,,,,,,,,,,,,,,,,,,,,,,,,,,,,,,,,,,,,,,,,,,,,,,,,,,,,,,,,,,,,,,,,,,,,,,,,,,,,,,,,,,
EVT0002419,SUB00598,CNT00055,2023-06-28,21,Fire TV,75,100%,TRUE,FALSE,FALSE,HD,SES932990,1,,,,,,,,,,,,,,,,,,,,,,,,,,,,,,,,,,,,,,,,,,,,,,,,,,,,,,,,,,,,,,,,,,,,,,,,,,,,,,,,,,,,,,,,,,,,,,,,,,,,,,,,,,,,,,,,,,,,,,,,,
EVT0002420,SUB00083,CNT00016,2023-07-04,21,Tablet,73,75-99%,FALSE,TRUE,TRUE,4K,SES939500,0,,,,,,,,,,,,,,,,,,,,,,,,,,,,,,,,,,,,,,,,,,,,,,,,,,,,,,,,,,,,,,,,,,,,,,,,,,,,,,,,,,,,,,,,,,,,,,,,,,,,,,,,,,,,,,,,,,,,,,,,,
EVT0002421,SUB00637,CNT00024,2023-05-28,19,Roku,69,75-99%,FALSE,FALSE,FALSE,HD,SES577097,0,,,,,,,,,,,,,,,,,,,,,,,,,,,,,,,,,,,,,,,,,,,,,,,,,,,,,,,,,,,,,,,,,,,,,,,,,,,,,,,,,,,,,,,,,,,,,,,,,,,,,,,,,,,,,,,,,,,,,,,,,
EVT0002422,SUB00473,CNT00043,2024-06-21,16,Roku,38,50-75%,FALSE,FALSE,TRUE,SD,SES347044,0,,,,,,,,,,,,,,,,,,,,,,,,,,,,,,,,,,,,,,,,,,,,,,,,,,,,,,,,,,,,,,,,,,,,,,,,,,,,,,,,,,,,,,,,,,,,,,,,,,,,,,,,,,,,,,,,,,,,,,,,,
EVT0002423,SUB00005,CNT00074,2023-10-12,10,Fire TV,79,100%,TRUE,FALSE,TRUE,HD,SES103419,1,,,,,,,,,,,,,,,,,,,,,,,,,,,,,,,,,,,,,,,,,,,,,,,,,,,,,,,,,,,,,,,,,,,,,,,,,,,,,,,,,,,,,,,,,,,,,,,,,,,,,,,,,,,,,,,,,,,,,,,,,
EVT0002424,SUB00617,CNT00090,2023-12-03,8,Fire TV,79,75-99%,FALSE,TRUE,TRUE,HD,SES361300,0,,,,,,,,,,,,,,,,,,,,,,,,,,,,,,,,,,,,,,,,,,,,,,,,,,,,,,,,,,,,,,,,,,,,,,,,,,,,,,,,,,,,,,,,,,,,,,,,,,,,,,,,,,,,,,,,,,,,,,,,,
EVT0002425,SUB00618,CNT00020,2024-06-12,22,Tablet,105,100%,TRUE,FALSE,TRUE,HD,SES354176,1,,,,,,,,,,,,,,,,,,,,,,,,,,,,,,,,,,,,,,,,,,,,,,,,,,,,,,,,,,,,,,,,,,,,,,,,,,,,,,,,,,,,,,,,,,,,,,,,,,,,,,,,,,,,,,,,,,,,,,,,,
EVT0002426,SUB00686,CNT00018,2024-03-08,8,Tablet,57,100%,TRUE,FALSE,TRUE,HD,SES839509,1,,,,,,,,,,,,,,,,,,,,,,,,,,,,,,,,,,,,,,,,,,,,,,,,,,,,,,,,,,,,,,,,,,,,,,,,,,,,,,,,,,,,,,,,,,,,,,,,,,,,,,,,,,,,,,,,,,,,,,,,,
EVT0002427,SUB00246,CNT00008,2023-05-16,20,Mobile,89,100%,TRUE,FALSE,TRUE,HD,SES364580,1,,,,,,,,,,,,,,,,,,,,,,,,,,,,,,,,,,,,,,,,,,,,,,,,,,,,,,,,,,,,,,,,,,,,,,,,,,,,,,,,,,,,,,,,,,,,,,,,,,,,,,,,,,,,,,,,,,,,,,,,,
EVT0002428,SUB00031,CNT00030,2024-06-14,7,Smart TV,95,25-50%,FALSE,TRUE,TRUE,4K,SES352992,0,,,,,,,,,,,,,,,,,,,,,,,,,,,,,,,,,,,,,,,,,,,,,,,,,,,,,,,,,,,,,,,,,,,,,,,,,,,,,,,,,,,,,,,,,,,,,,,,,,,,,,,,,,,,,,,,,,,,,,,,,
EVT0002429,SUB00055,CNT00054,2023-09-12,11,Fire TV,96,100%,TRUE,FALSE,TRUE,HD,SES533959,1,,,,,,,,,,,,,,,,,,,,,,,,,,,,,,,,,,,,,,,,,,,,,,,,,,,,,,,,,,,,,,,,,,,,,,,,,,,,,,,,,,,,,,,,,,,,,,,,,,,,,,,,,,,,,,,,,,,,,,,,,
EVT0002430,SUB00292,CNT00090,2023-06-15,19,Smart TV,115,100%,TRUE,TRUE,TRUE,HD,SES755929,1,,,,,,,,,,,,,,,,,,,,,,,,,,,,,,,,,,,,,,,,,,,,,,,,,,,,,,,,,,,,,,,,,,,,,,,,,,,,,,,,,,,,,,,,,,,,,,,,,,,,,,,,,,,,,,,,,,,,,,,,,
EVT0002431,SUB00215,CNT00002,2023-03-20,11,Roku,120,75-99%,FALSE,FALSE,FALSE,SD,SES514284,0,,,,,,,,,,,,,,,,,,,,,,,,,,,,,,,,,,,,,,,,,,,,,,,,,,,,,,,,,,,,,,,,,,,,,,,,,,,,,,,,,,,,,,,,,,,,,,,,,,,,,,,,,,,,,,,,,,,,,,,,,
EVT0002432,SUB00080,CNT00067,2024-03-02,22,Tablet,70,50-75%,FALSE,FALSE,TRUE,HD,SES470817,0,,,,,,,,,,,,,,,,,,,,,,,,,,,,,,,,,,,,,,,,,,,,,,,,,,,,,,,,,,,,,,,,,,,,,,,,,,,,,,,,,,,,,,,,,,,,,,,,,,,,,,,,,,,,,,,,,,,,,,,,,
EVT0002433,SUB00334,CNT00038,2024-03-19,6,Smart TV,85,<25%,FALSE,FALSE,FALSE,HD,SES284570,0,,,,,,,,,,,,,,,,,,,,,,,,,,,,,,,,,,,,,,,,,,,,,,,,,,,,,,,,,,,,,,,,,,,,,,,,,,,,,,,,,,,,,,,,,,,,,,,,,,,,,,,,,,,,,,,,,,,,,,,,,
EVT0002434,SUB00143,CNT00027,2023-12-13,22,Fire TV,74,100%,TRUE,FALSE,TRUE,HD,SES143519,1,,,,,,,,,,,,,,,,,,,,,,,,,,,,,,,,,,,,,,,,,,,,,,,,,,,,,,,,,,,,,,,,,,,,,,,,,,,,,,,,,,,,,,,,,,,,,,,,,,,,,,,,,,,,,,,,,,,,,,,,,
EVT0002435,SUB00629,CNT00063,2023-11-20,22,Tablet,27,100%,TRUE,FALSE,FALSE,HD,SES826326,1,,,,,,,,,,,,,,,,,,,,,,,,,,,,,,,,,,,,,,,,,,,,,,,,,,,,,,,,,,,,,,,,,,,,,,,,,,,,,,,,,,,,,,,,,,,,,,,,,,,,,,,,,,,,,,,,,,,,,,,,,
EVT0002436,SUB00294,CNT00005,2024-06-29,7,Smart TV,15,50-75%,FALSE,FALSE,TRUE,HD,SES954056,0,,,,,,,,,,,,,,,,,,,,,,,,,,,,,,,,,,,,,,,,,,,,,,,,,,,,,,,,,,,,,,,,,,,,,,,,,,,,,,,,,,,,,,,,,,,,,,,,,,,,,,,,,,,,,,,,,,,,,,,,,
EVT0002437,SUB00094,CNT00097,2024-04-16,12,Fire TV,25,100%,TRUE,TRUE,TRUE,HD,SES500173,1,,,,,,,,,,,,,,,,,,,,,,,,,,,,,,,,,,,,,,,,,,,,,,,,,,,,,,,,,,,,,,,,,,,,,,,,,,,,,,,,,,,,,,,,,,,,,,,,,,,,,,,,,,,,,,,,,,,,,,,,,
EVT0002438,SUB00447,CNT00017,2024-06-19,21,Roku,54,100%,TRUE,TRUE,TRUE,HD,SES836544,1,,,,,,,,,,,,,,,,,,,,,,,,,,,,,,,,,,,,,,,,,,,,,,,,,,,,,,,,,,,,,,,,,,,,,,,,,,,,,,,,,,,,,,,,,,,,,,,,,,,,,,,,,,,,,,,,,,,,,,,,,
EVT0002439,SUB00191,CNT00068,2023-12-13,18,Mobile,97,75-99%,FALSE,TRUE,TRUE,SD,SES630389,0,,,,,,,,,,,,,,,,,,,,,,,,,,,,,,,,,,,,,,,,,,,,,,,,,,,,,,,,,,,,,,,,,,,,,,,,,,,,,,,,,,,,,,,,,,,,,,,,,,,,,,,,,,,,,,,,,,,,,,,,,
EVT0002440,SUB00460,CNT00035,2024-05-09,8,Fire TV,5,75-99%,FALSE,FALSE,TRUE,HD,SES338609,0,,,,,,,,,,,,,,,,,,,,,,,,,,,,,,,,,,,,,,,,,,,,,,,,,,,,,,,,,,,,,,,,,,,,,,,,,,,,,,,,,,,,,,,,,,,,,,,,,,,,,,,,,,,,,,,,,,,,,,,,,
EVT0002441,SUB00273,CNT00045,2023-08-16,17,Desktop,36,100%,TRUE,FALSE,TRUE,HD,SES302247,1,,,,,,,,,,,,,,,,,,,,,,,,,,,,,,,,,,,,,,,,,,,,,,,,,,,,,,,,,,,,,,,,,,,,,,,,,,,,,,,,,,,,,,,,,,,,,,,,,,,,,,,,,,,,,,,,,,,,,,,,,
EVT0002442,SUB00464,CNT00092,2023-05-13,7,Tablet,47,100%,TRUE,TRUE,TRUE,HD,SES473767,1,,,,,,,,,,,,,,,,,,,,,,,,,,,,,,,,,,,,,,,,,,,,,,,,,,,,,,,,,,,,,,,,,,,,,,,,,,,,,,,,,,,,,,,,,,,,,,,,,,,,,,,,,,,,,,,,,,,,,,,,,
EVT0002443,SUB00224,CNT00019,2024-04-26,13,Fire TV,86,100%,TRUE,FALSE,TRUE,HD,SES677504,1,,,,,,,,,,,,,,,,,,,,,,,,,,,,,,,,,,,,,,,,,,,,,,,,,,,,,,,,,,,,,,,,,,,,,,,,,,,,,,,,,,,,,,,,,,,,,,,,,,,,,,,,,,,,,,,,,,,,,,,,,
EVT0002444,SUB00459,CNT00003,2023-12-19,11,Tablet,10,50-75%,FALSE,FALSE,TRUE,4K,SES458804,0,,,,,,,,,,,,,,,,,,,,,,,,,,,,,,,,,,,,,,,,,,,,,,,,,,,,,,,,,,,,,,,,,,,,,,,,,,,,,,,,,,,,,,,,,,,,,,,,,,,,,,,,,,,,,,,,,,,,,,,,,
EVT0002445,SUB00298,CNT00067,2023-12-12,13,Roku,106,100%,TRUE,FALSE,TRUE,SD,SES407412,1,,,,,,,,,,,,,,,,,,,,,,,,,,,,,,,,,,,,,,,,,,,,,,,,,,,,,,,,,,,,,,,,,,,,,,,,,,,,,,,,,,,,,,,,,,,,,,,,,,,,,,,,,,,,,,,,,,,,,,,,,
EVT0002446,SUB00107,CNT00072,2023-04-17,8,Tablet,105,75-99%,FALSE,FALSE,TRUE,4K,SES519148,0,,,,,,,,,,,,,,,,,,,,,,,,,,,,,,,,,,,,,,,,,,,,,,,,,,,,,,,,,,,,,,,,,,,,,,,,,,,,,,,,,,,,,,,,,,,,,,,,,,,,,,,,,,,,,,,,,,,,,,,,,
EVT0002447,SUB00239,CNT00044,2024-04-16,6,Tablet,40,75-99%,FALSE,FALSE,FALSE,4K,SES882371,0,,,,,,,,,,,,,,,,,,,,,,,,,,,,,,,,,,,,,,,,,,,,,,,,,,,,,,,,,,,,,,,,,,,,,,,,,,,,,,,,,,,,,,,,,,,,,,,,,,,,,,,,,,,,,,,,,,,,,,,,,
EVT0002448,SUB00512,CNT00027,2024-03-17,11,Roku,113,25-50%,FALSE,TRUE,FALSE,HD,SES397191,0,,,,,,,,,,,,,,,,,,,,,,,,,,,,,,,,,,,,,,,,,,,,,,,,,,,,,,,,,,,,,,,,,,,,,,,,,,,,,,,,,,,,,,,,,,,,,,,,,,,,,,,,,,,,,,,,,,,,,,,,,
EVT0002449,SUB00361,CNT00089,2023-12-05,6,Fire TV,113,75-99%,FALSE,FALSE,TRUE,HD,SES810295,0,,,,,,,,,,,,,,,,,,,,,,,,,,,,,,,,,,,,,,,,,,,,,,,,,,,,,,,,,,,,,,,,,,,,,,,,,,,,,,,,,,,,,,,,,,,,,,,,,,,,,,,,,,,,,,,,,,,,,,,,,
EVT0002450,SUB00321,CNT00076,2023-09-26,14,Smart TV,58,100%,TRUE,FALSE,TRUE,HD,SES532621,1,,,,,,,,,,,,,,,,,,,,,,,,,,,,,,,,,,,,,,,,,,,,,,,,,,,,,,,,,,,,,,,,,,,,,,,,,,,,,,,,,,,,,,,,,,,,,,,,,,,,,,,,,,,,,,,,,,,,,,,,,
EVT0002451,SUB00652,CNT00042,2023-01-25,8,Smart TV,96,50-75%,FALSE,TRUE,TRUE,HD,SES703896,0,,,,,,,,,,,,,,,,,,,,,,,,,,,,,,,,,,,,,,,,,,,,,,,,,,,,,,,,,,,,,,,,,,,,,,,,,,,,,,,,,,,,,,,,,,,,,,,,,,,,,,,,,,,,,,,,,,,,,,,,,
EVT0002452,SUB00030,CNT00031,2024-06-07,22,Desktop,16,100%,TRUE,FALSE,TRUE,HD,SES334719,1,,,,,,,,,,,,,,,,,,,,,,,,,,,,,,,,,,,,,,,,,,,,,,,,,,,,,,,,,,,,,,,,,,,,,,,,,,,,,,,,,,,,,,,,,,,,,,,,,,,,,,,,,,,,,,,,,,,,,,,,,
EVT0002453,SUB00365,CNT00080,2023-09-11,23,Mobile,9,<25%,FALSE,FALSE,FALSE,SD,SES222649,0,,,,,,,,,,,,,,,,,,,,,,,,,,,,,,,,,,,,,,,,,,,,,,,,,,,,,,,,,,,,,,,,,,,,,,,,,,,,,,,,,,,,,,,,,,,,,,,,,,,,,,,,,,,,,,,,,,,,,,,,,
EVT0002454,SUB00224,CNT00030,2024-01-10,12,Tablet,56,100%,TRUE,FALSE,TRUE,HD,SES766776,1,,,,,,,,,,,,,,,,,,,,,,,,,,,,,,,,,,,,,,,,,,,,,,,,,,,,,,,,,,,,,,,,,,,,,,,,,,,,,,,,,,,,,,,,,,,,,,,,,,,,,,,,,,,,,,,,,,,,,,,,,
EVT0002455,SUB00503,CNT00093,2024-04-05,16,Desktop,51,<25%,FALSE,FALSE,TRUE,HD,SES485971,0,,,,,,,,,,,,,,,,,,,,,,,,,,,,,,,,,,,,,,,,,,,,,,,,,,,,,,,,,,,,,,,,,,,,,,,,,,,,,,,,,,,,,,,,,,,,,,,,,,,,,,,,,,,,,,,,,,,,,,,,,
EVT0002456,SUB00596,CNT00038,2024-04-18,21,Tablet,77,75-99%,FALSE,FALSE,FALSE,HD,SES488868,0,,,,,,,,,,,,,,,,,,,,,,,,,,,,,,,,,,,,,,,,,,,,,,,,,,,,,,,,,,,,,,,,,,,,,,,,,,,,,,,,,,,,,,,,,,,,,,,,,,,,,,,,,,,,,,,,,,,,,,,,,
EVT0002457,SUB00027,CNT00042,2024-01-12,13,Fire TV,85,100%,TRUE,FALSE,TRUE,HD,SES844566,1,,,,,,,,,,,,,,,,,,,,,,,,,,,,,,,,,,,,,,,,,,,,,,,,,,,,,,,,,,,,,,,,,,,,,,,,,,,,,,,,,,,,,,,,,,,,,,,,,,,,,,,,,,,,,,,,,,,,,,,,,
EVT0002458,SUB00454,CNT00058,2023-03-26,15,Mobile,76,75-99%,FALSE,TRUE,FALSE,4K,SES268247,0,,,,,,,,,,,,,,,,,,,,,,,,,,,,,,,,,,,,,,,,,,,,,,,,,,,,,,,,,,,,,,,,,,,,,,,,,,,,,,,,,,,,,,,,,,,,,,,,,,,,,,,,,,,,,,,,,,,,,,,,,
EVT0002459,SUB00135,CNT00085,2023-11-17,10,Mobile,63,100%,TRUE,FALSE,FALSE,HD,SES271993,1,,,,,,,,,,,,,,,,,,,,,,,,,,,,,,,,,,,,,,,,,,,,,,,,,,,,,,,,,,,,,,,,,,,,,,,,,,,,,,,,,,,,,,,,,,,,,,,,,,,,,,,,,,,,,,,,,,,,,,,,,
EVT0002460,SUB00404,CNT00013,2023-03-18,11,Mobile,43,100%,TRUE,FALSE,TRUE,4K,SES845047,1,,,,,,,,,,,,,,,,,,,,,,,,,,,,,,,,,,,,,,,,,,,,,,,,,,,,,,,,,,,,,,,,,,,,,,,,,,,,,,,,,,,,,,,,,,,,,,,,,,,,,,,,,,,,,,,,,,,,,,,,,
EVT0002461,SUB00328,CNT00086,2023-10-30,10,Desktop,85,50-75%,FALSE,FALSE,FALSE,4K,SES585731,0,,,,,,,,,,,,,,,,,,,,,,,,,,,,,,,,,,,,,,,,,,,,,,,,,,,,,,,,,,,,,,,,,,,,,,,,,,,,,,,,,,,,,,,,,,,,,,,,,,,,,,,,,,,,,,,,,,,,,,,,,
EVT0002462,SUB00027,CNT00100,2023-07-27,15,Mobile,29,75-99%,FALSE,FALSE,TRUE,HD,SES280672,0,,,,,,,,,,,,,,,,,,,,,,,,,,,,,,,,,,,,,,,,,,,,,,,,,,,,,,,,,,,,,,,,,,,,,,,,,,,,,,,,,,,,,,,,,,,,,,,,,,,,,,,,,,,,,,,,,,,,,,,,,
EVT0002463,SUB00173,CNT00037,2023-04-04,15,Mobile,99,100%,TRUE,FALSE,TRUE,HD,SES310003,1,,,,,,,,,,,,,,,,,,,,,,,,,,,,,,,,,,,,,,,,,,,,,,,,,,,,,,,,,,,,,,,,,,,,,,,,,,,,,,,,,,,,,,,,,,,,,,,,,,,,,,,,,,,,,,,,,,,,,,,,,
EVT0002464,SUB00240,CNT00034,2024-03-22,8,Smart TV,107,100%,TRUE,FALSE,TRUE,HD,SES140669,1,,,,,,,,,,,,,,,,,,,,,,,,,,,,,,,,,,,,,,,,,,,,,,,,,,,,,,,,,,,,,,,,,,,,,,,,,,,,,,,,,,,,,,,,,,,,,,,,,,,,,,,,,,,,,,,,,,,,,,,,,
EVT0002465,SUB00676,CNT00049,2024-01-06,7,Fire TV,8,100%,TRUE,FALSE,TRUE,HD,SES365164,1,,,,,,,,,,,,,,,,,,,,,,,,,,,,,,,,,,,,,,,,,,,,,,,,,,,,,,,,,,,,,,,,,,,,,,,,,,,,,,,,,,,,,,,,,,,,,,,,,,,,,,,,,,,,,,,,,,,,,,,,,
EVT0002466,SUB00140,CNT00084,2023-04-01,10,Tablet,43,50-75%,FALSE,FALSE,TRUE,SD,SES680584,0,,,,,,,,,,,,,,,,,,,,,,,,,,,,,,,,,,,,,,,,,,,,,,,,,,,,,,,,,,,,,,,,,,,,,,,,,,,,,,,,,,,,,,,,,,,,,,,,,,,,,,,,,,,,,,,,,,,,,,,,,
EVT0002467,SUB00117,CNT00052,2023-03-31,13,Tablet,107,100%,TRUE,FALSE,FALSE,4K,SES595967,1,,,,,,,,,,,,,,,,,,,,,,,,,,,,,,,,,,,,,,,,,,,,,,,,,,,,,,,,,,,,,,,,,,,,,,,,,,,,,,,,,,,,,,,,,,,,,,,,,,,,,,,,,,,,,,,,,,,,,,,,,
EVT0002468,SUB00207,CNT00050,2023-03-12,11,Desktop,59,100%,TRUE,FALSE,TRUE,SD,SES294657,1,,,,,,,,,,,,,,,,,,,,,,,,,,,,,,,,,,,,,,,,,,,,,,,,,,,,,,,,,,,,,,,,,,,,,,,,,,,,,,,,,,,,,,,,,,,,,,,,,,,,,,,,,,,,,,,,,,,,,,,,,
EVT0002469,SUB00245,CNT00036,2024-05-20,9,Smart TV,8,25-50%,FALSE,TRUE,FALSE,SD,SES829604,0,,,,,,,,,,,,,,,,,,,,,,,,,,,,,,,,,,,,,,,,,,,,,,,,,,,,,,,,,,,,,,,,,,,,,,,,,,,,,,,,,,,,,,,,,,,,,,,,,,,,,,,,,,,,,,,,,,,,,,,,,
EVT0002470,SUB00515,CNT00051,2023-07-28,15,Roku,114,<25%,FALSE,FALSE,FALSE,SD,SES270667,0,,,,,,,,,,,,,,,,,,,,,,,,,,,,,,,,,,,,,,,,,,,,,,,,,,,,,,,,,,,,,,,,,,,,,,,,,,,,,,,,,,,,,,,,,,,,,,,,,,,,,,,,,,,,,,,,,,,,,,,,,
EVT0002471,SUB00617,CNT00060,2024-06-22,8,Roku,53,100%,TRUE,FALSE,TRUE,4K,SES948895,1,,,,,,,,,,,,,,,,,,,,,,,,,,,,,,,,,,,,,,,,,,,,,,,,,,,,,,,,,,,,,,,,,,,,,,,,,,,,,,,,,,,,,,,,,,,,,,,,,,,,,,,,,,,,,,,,,,,,,,,,,
EVT0002472,SUB00162,CNT00097,2024-01-05,7,Roku,24,25-50%,FALSE,TRUE,FALSE,HD,SES301529,0,,,,,,,,,,,,,,,,,,,,,,,,,,,,,,,,,,,,,,,,,,,,,,,,,,,,,,,,,,,,,,,,,,,,,,,,,,,,,,,,,,,,,,,,,,,,,,,,,,,,,,,,,,,,,,,,,,,,,,,,,
EVT0002473,SUB00402,CNT00094,2023-11-25,12,Mobile,61,100%,TRUE,TRUE,TRUE,HD,SES756445,1,,,,,,,,,,,,,,,,,,,,,,,,,,,,,,,,,,,,,,,,,,,,,,,,,,,,,,,,,,,,,,,,,,,,,,,,,,,,,,,,,,,,,,,,,,,,,,,,,,,,,,,,,,,,,,,,,,,,,,,,,
EVT0002474,SUB00501,CNT00038,2024-02-13,8,Desktop,15,100%,TRUE,TRUE,FALSE,HD,SES824337,1,,,,,,,,,,,,,,,,,,,,,,,,,,,,,,,,,,,,,,,,,,,,,,,,,,,,,,,,,,,,,,,,,,,,,,,,,,,,,,,,,,,,,,,,,,,,,,,,,,,,,,,,,,,,,,,,,,,,,,,,,
EVT0002475,SUB00634,CNT00095,2023-04-05,21,Tablet,9,100%,TRUE,FALSE,TRUE,SD,SES350796,1,,,,,,,,,,,,,,,,,,,,,,,,,,,,,,,,,,,,,,,,,,,,,,,,,,,,,,,,,,,,,,,,,,,,,,,,,,,,,,,,,,,,,,,,,,,,,,,,,,,,,,,,,,,,,,,,,,,,,,,,,
EVT0002476,SUB00163,CNT00091,2023-07-30,14,Tablet,80,100%,TRUE,FALSE,TRUE,SD,SES617045,1,,,,,,,,,,,,,,,,,,,,,,,,,,,,,,,,,,,,,,,,,,,,,,,,,,,,,,,,,,,,,,,,,,,,,,,,,,,,,,,,,,,,,,,,,,,,,,,,,,,,,,,,,,,,,,,,,,,,,,,,,
EVT0002477,SUB00263,CNT00061,2023-03-20,17,Mobile,110,100%,TRUE,FALSE,TRUE,HD,SES463596,1,,,,,,,,,,,,,,,,,,,,,,,,,,,,,,,,,,,,,,,,,,,,,,,,,,,,,,,,,,,,,,,,,,,,,,,,,,,,,,,,,,,,,,,,,,,,,,,,,,,,,,,,,,,,,,,,,,,,,,,,,
EVT0002478,SUB00367,CNT00084,2023-06-07,13,Mobile,110,75-99%,FALSE,FALSE,FALSE,HD,SES223387,0,,,,,,,,,,,,,,,,,,,,,,,,,,,,,,,,,,,,,,,,,,,,,,,,,,,,,,,,,,,,,,,,,,,,,,,,,,,,,,,,,,,,,,,,,,,,,,,,,,,,,,,,,,,,,,,,,,,,,,,,,
EVT0002479,SUB00027,CNT00085,2024-02-08,22,Fire TV,14,75-99%,FALSE,TRUE,FALSE,SD,SES430780,0,,,,,,,,,,,,,,,,,,,,,,,,,,,,,,,,,,,,,,,,,,,,,,,,,,,,,,,,,,,,,,,,,,,,,,,,,,,,,,,,,,,,,,,,,,,,,,,,,,,,,,,,,,,,,,,,,,,,,,,,,
EVT0002480,SUB00032,CNT00098,2024-03-26,18,Smart TV,12,100%,TRUE,FALSE,TRUE,HD,SES123813,1,,,,,,,,,,,,,,,,,,,,,,,,,,,,,,,,,,,,,,,,,,,,,,,,,,,,,,,,,,,,,,,,,,,,,,,,,,,,,,,,,,,,,,,,,,,,,,,,,,,,,,,,,,,,,,,,,,,,,,,,,
EVT0002481,SUB00354,CNT00036,2023-01-14,18,Desktop,92,75-99%,FALSE,FALSE,TRUE,HD,SES903070,0,,,,,,,,,,,,,,,,,,,,,,,,,,,,,,,,,,,,,,,,,,,,,,,,,,,,,,,,,,,,,,,,,,,,,,,,,,,,,,,,,,,,,,,,,,,,,,,,,,,,,,,,,,,,,,,,,,,,,,,,,
EVT0002482,SUB00224,CNT00008,2023-09-11,9,Fire TV,92,<25%,FALSE,FALSE,FALSE,SD,SES919305,0,,,,,,,,,,,,,,,,,,,,,,,,,,,,,,,,,,,,,,,,,,,,,,,,,,,,,,,,,,,,,,,,,,,,,,,,,,,,,,,,,,,,,,,,,,,,,,,,,,,,,,,,,,,,,,,,,,,,,,,,,
EVT0002483,SUB00594,CNT00009,2023-01-28,7,Roku,58,50-75%,FALSE,TRUE,TRUE,HD,SES326704,0,,,,,,,,,,,,,,,,,,,,,,,,,,,,,,,,,,,,,,,,,,,,,,,,,,,,,,,,,,,,,,,,,,,,,,,,,,,,,,,,,,,,,,,,,,,,,,,,,,,,,,,,,,,,,,,,,,,,,,,,,
EVT0002484,SUB00221,CNT00097,2023-11-02,23,Desktop,42,75-99%,FALSE,FALSE,FALSE,HD,SES827176,0,,,,,,,,,,,,,,,,,,,,,,,,,,,,,,,,,,,,,,,,,,,,,,,,,,,,,,,,,,,,,,,,,,,,,,,,,,,,,,,,,,,,,,,,,,,,,,,,,,,,,,,,,,,,,,,,,,,,,,,,,
EVT0002485,SUB00566,CNT00050,2024-06-22,20,Tablet,81,25-50%,FALSE,FALSE,TRUE,HD,SES616830,0,,,,,,,,,,,,,,,,,,,,,,,,,,,,,,,,,,,,,,,,,,,,,,,,,,,,,,,,,,,,,,,,,,,,,,,,,,,,,,,,,,,,,,,,,,,,,,,,,,,,,,,,,,,,,,,,,,,,,,,,,
EVT0002486,SUB00146,CNT00042,2023-07-10,10,Fire TV,52,100%,TRUE,FALSE,TRUE,4K,SES473367,1,,,,,,,,,,,,,,,,,,,,,,,,,,,,,,,,,,,,,,,,,,,,,,,,,,,,,,,,,,,,,,,,,,,,,,,,,,,,,,,,,,,,,,,,,,,,,,,,,,,,,,,,,,,,,,,,,,,,,,,,,
EVT0002487,SUB00116,CNT00084,2023-11-20,19,Mobile,32,25-50%,FALSE,FALSE,FALSE,HD,SES916091,0,,,,,,,,,,,,,,,,,,,,,,,,,,,,,,,,,,,,,,,,,,,,,,,,,,,,,,,,,,,,,,,,,,,,,,,,,,,,,,,,,,,,,,,,,,,,,,,,,,,,,,,,,,,,,,,,,,,,,,,,,
EVT0002488,SUB00439,CNT00072,2023-08-29,23,Fire TV,67,100%,TRUE,TRUE,TRUE,HD,SES982049,1,,,,,,,,,,,,,,,,,,,,,,,,,,,,,,,,,,,,,,,,,,,,,,,,,,,,,,,,,,,,,,,,,,,,,,,,,,,,,,,,,,,,,,,,,,,,,,,,,,,,,,,,,,,,,,,,,,,,,,,,,
EVT0002489,SUB00149,CNT00069,2023-07-17,14,Fire TV,35,<25%,FALSE,FALSE,TRUE,HD,SES481778,0,,,,,,,,,,,,,,,,,,,,,,,,,,,,,,,,,,,,,,,,,,,,,,,,,,,,,,,,,,,,,,,,,,,,,,,,,,,,,,,,,,,,,,,,,,,,,,,,,,,,,,,,,,,,,,,,,,,,,,,,,
EVT0002490,SUB00319,CNT00036,2024-06-15,21,Fire TV,39,75-99%,FALSE,TRUE,TRUE,HD,SES614949,0,,,,,,,,,,,,,,,,,,,,,,,,,,,,,,,,,,,,,,,,,,,,,,,,,,,,,,,,,,,,,,,,,,,,,,,,,,,,,,,,,,,,,,,,,,,,,,,,,,,,,,,,,,,,,,,,,,,,,,,,,
EVT0002491,SUB00134,CNT00025,2023-04-01,16,Tablet,118,25-50%,FALSE,TRUE,FALSE,HD,SES604140,0,,,,,,,,,,,,,,,,,,,,,,,,,,,,,,,,,,,,,,,,,,,,,,,,,,,,,,,,,,,,,,,,,,,,,,,,,,,,,,,,,,,,,,,,,,,,,,,,,,,,,,,,,,,,,,,,,,,,,,,,,
EVT0002492,SUB00039,CNT00041,2024-02-14,6,Roku,18,75-99%,FALSE,TRUE,FALSE,4K,SES365354,0,,,,,,,,,,,,,,,,,,,,,,,,,,,,,,,,,,,,,,,,,,,,,,,,,,,,,,,,,,,,,,,,,,,,,,,,,,,,,,,,,,,,,,,,,,,,,,,,,,,,,,,,,,,,,,,,,,,,,,,,,
EVT0002493,SUB00379,CNT00070,2023-03-23,15,Fire TV,32,25-50%,FALSE,FALSE,TRUE,SD,SES176222,0,,,,,,,,,,,,,,,,,,,,,,,,,,,,,,,,,,,,,,,,,,,,,,,,,,,,,,,,,,,,,,,,,,,,,,,,,,,,,,,,,,,,,,,,,,,,,,,,,,,,,,,,,,,,,,,,,,,,,,,,,
EVT0002494,SUB00552,CNT00017,2024-02-29,6,Smart TV,117,50-75%,FALSE,FALSE,TRUE,SD,SES641481,0,,,,,,,,,,,,,,,,,,,,,,,,,,,,,,,,,,,,,,,,,,,,,,,,,,,,,,,,,,,,,,,,,,,,,,,,,,,,,,,,,,,,,,,,,,,,,,,,,,,,,,,,,,,,,,,,,,,,,,,,,
EVT0002495,SUB00410,CNT00003,2023-06-20,16,Tablet,95,100%,TRUE,FALSE,TRUE,HD,SES467666,1,,,,,,,,,,,,,,,,,,,,,,,,,,,,,,,,,,,,,,,,,,,,,,,,,,,,,,,,,,,,,,,,,,,,,,,,,,,,,,,,,,,,,,,,,,,,,,,,,,,,,,,,,,,,,,,,,,,,,,,,,
EVT0002496,SUB00180,CNT00065,2023-09-22,18,Roku,101,100%,TRUE,FALSE,TRUE,HD,SES574037,1,,,,,,,,,,,,,,,,,,,,,,,,,,,,,,,,,,,,,,,,,,,,,,,,,,,,,,,,,,,,,,,,,,,,,,,,,,,,,,,,,,,,,,,,,,,,,,,,,,,,,,,,,,,,,,,,,,,,,,,,,
EVT0002497,SUB00274,CNT00026,2023-04-02,14,Fire TV,92,50-75%,FALSE,FALSE,TRUE,4K,SES988772,0,,,,,,,,,,,,,,,,,,,,,,,,,,,,,,,,,,,,,,,,,,,,,,,,,,,,,,,,,,,,,,,,,,,,,,,,,,,,,,,,,,,,,,,,,,,,,,,,,,,,,,,,,,,,,,,,,,,,,,,,,
EVT0002498,SUB00691,CNT00055,2023-12-29,13,Mobile,113,<25%,FALSE,TRUE,TRUE,HD,SES533756,0,,,,,,,,,,,,,,,,,,,,,,,,,,,,,,,,,,,,,,,,,,,,,,,,,,,,,,,,,,,,,,,,,,,,,,,,,,,,,,,,,,,,,,,,,,,,,,,,,,,,,,,,,,,,,,,,,,,,,,,,,
EVT0002499,SUB00156,CNT00020,2023-05-21,22,Desktop,107,100%,TRUE,FALSE,TRUE,4K,SES820360,1,,,,,,,,,,,,,,,,,,,,,,,,,,,,,,,,,,,,,,,,,,,,,,,,,,,,,,,,,,,,,,,,,,,,,,,,,,,,,,,,,,,,,,,,,,,,,,,,,,,,,,,,,,,,,,,,,,,,,,,,,
EVT0002500,SUB00102,CNT00094,2023-05-09,20,Fire TV,116,100%,TRUE,TRUE,TRUE,HD,SES343011,1,,,,,,,,,,,,,,,,,,,,,,,,,,,,,,,,,,,,,,,,,,,,,,,,,,,,,,,,,,,,,,,,,,,,,,,,,,,,,,,,,,,,,,,,,,,,,,,,,,,,,,,,,,,,,,,,,,,,,,,,,
EVT0002501,SUB00674,CNT00008,2024-01-12,16,Fire TV,85,100%,TRUE,FALSE,TRUE,HD,SES303086,1,,,,,,,,,,,,,,,,,,,,,,,,,,,,,,,,,,,,,,,,,,,,,,,,,,,,,,,,,,,,,,,,,,,,,,,,,,,,,,,,,,,,,,,,,,,,,,,,,,,,,,,,,,,,,,,,,,,,,,,,,
EVT0002502,SUB00031,CNT00078,2023-09-22,19,Fire TV,51,100%,TRUE,TRUE,FALSE,SD,SES173015,1,,,,,,,,,,,,,,,,,,,,,,,,,,,,,,,,,,,,,,,,,,,,,,,,,,,,,,,,,,,,,,,,,,,,,,,,,,,,,,,,,,,,,,,,,,,,,,,,,,,,,,,,,,,,,,,,,,,,,,,,,
EVT0002503,SUB00422,CNT00034,2023-07-13,6,Smart TV,40,100%,TRUE,FALSE,FALSE,4K,SES689271,1,,,,,,,,,,,,,,,,,,,,,,,,,,,,,,,,,,,,,,,,,,,,,,,,,,,,,,,,,,,,,,,,,,,,,,,,,,,,,,,,,,,,,,,,,,,,,,,,,,,,,,,,,,,,,,,,,,,,,,,,,
EVT0002504,SUB00194,CNT00061,2023-10-06,7,Mobile,93,100%,TRUE,FALSE,TRUE,HD,SES698120,1,,,,,,,,,,,,,,,,,,,,,,,,,,,,,,,,,,,,,,,,,,,,,,,,,,,,,,,,,,,,,,,,,,,,,,,,,,,,,,,,,,,,,,,,,,,,,,,,,,,,,,,,,,,,,,,,,,,,,,,,,
EVT0002505,SUB00677,CNT00091,2023-12-05,11,Roku,50,25-50%,FALSE,FALSE,TRUE,HD,SES885222,0,,,,,,,,,,,,,,,,,,,,,,,,,,,,,,,,,,,,,,,,,,,,,,,,,,,,,,,,,,,,,,,,,,,,,,,,,,,,,,,,,,,,,,,,,,,,,,,,,,,,,,,,,,,,,,,,,,,,,,,,,
EVT0002506,SUB00439,CNT00038,2024-02-01,8,Fire TV,101,25-50%,FALSE,FALSE,TRUE,4K,SES985774,0,,,,,,,,,,,,,,,,,,,,,,,,,,,,,,,,,,,,,,,,,,,,,,,,,,,,,,,,,,,,,,,,,,,,,,,,,,,,,,,,,,,,,,,,,,,,,,,,,,,,,,,,,,,,,,,,,,,,,,,,,
EVT0002507,SUB00134,CNT00022,2024-03-21,6,Mobile,58,75-99%,FALSE,FALSE,FALSE,SD,SES779855,0,,,,,,,,,,,,,,,,,,,,,,,,,,,,,,,,,,,,,,,,,,,,,,,,,,,,,,,,,,,,,,,,,,,,,,,,,,,,,,,,,,,,,,,,,,,,,,,,,,,,,,,,,,,,,,,,,,,,,,,,,
EVT0002508,SUB00210,CNT00055,2024-04-02,15,Fire TV,101,100%,TRUE,FALSE,FALSE,HD,SES345613,1,,,,,,,,,,,,,,,,,,,,,,,,,,,,,,,,,,,,,,,,,,,,,,,,,,,,,,,,,,,,,,,,,,,,,,,,,,,,,,,,,,,,,,,,,,,,,,,,,,,,,,,,,,,,,,,,,,,,,,,,,
EVT0002509,SUB00691,CNT00092,2023-11-17,23,Smart TV,110,100%,TRUE,TRUE,TRUE,4K,SES867854,1,,,,,,,,,,,,,,,,,,,,,,,,,,,,,,,,,,,,,,,,,,,,,,,,,,,,,,,,,,,,,,,,,,,,,,,,,,,,,,,,,,,,,,,,,,,,,,,,,,,,,,,,,,,,,,,,,,,,,,,,,
EVT0002510,SUB00621,CNT00012,2024-06-10,7,Mobile,16,100%,TRUE,FALSE,TRUE,HD,SES683202,1,,,,,,,,,,,,,,,,,,,,,,,,,,,,,,,,,,,,,,,,,,,,,,,,,,,,,,,,,,,,,,,,,,,,,,,,,,,,,,,,,,,,,,,,,,,,,,,,,,,,,,,,,,,,,,,,,,,,,,,,,
EVT0002511,SUB00129,CNT00080,2023-04-16,16,Desktop,56,50-75%,FALSE,TRUE,FALSE,HD,SES142943,0,,,,,,,,,,,,,,,,,,,,,,,,,,,,,,,,,,,,,,,,,,,,,,,,,,,,,,,,,,,,,,,,,,,,,,,,,,,,,,,,,,,,,,,,,,,,,,,,,,,,,,,,,,,,,,,,,,,,,,,,,
EVT0002512,SUB00580,CNT00031,2023-10-05,15,Smart TV,85,<25%,FALSE,FALSE,FALSE,HD,SES428601,0,,,,,,,,,,,,,,,,,,,,,,,,,,,,,,,,,,,,,,,,,,,,,,,,,,,,,,,,,,,,,,,,,,,,,,,,,,,,,,,,,,,,,,,,,,,,,,,,,,,,,,,,,,,,,,,,,,,,,,,,,
EVT0002513,SUB00154,CNT00070,2023-12-26,12,Desktop,26,50-75%,FALSE,FALSE,FALSE,HD,SES847573,0,,,,,,,,,,,,,,,,,,,,,,,,,,,,,,,,,,,,,,,,,,,,,,,,,,,,,,,,,,,,,,,,,,,,,,,,,,,,,,,,,,,,,,,,,,,,,,,,,,,,,,,,,,,,,,,,,,,,,,,,,
EVT0002514,SUB00416,CNT00074,2024-01-03,9,Fire TV,31,100%,TRUE,TRUE,TRUE,HD,SES441533,1,,,,,,,,,,,,,,,,,,,,,,,,,,,,,,,,,,,,,,,,,,,,,,,,,,,,,,,,,,,,,,,,,,,,,,,,,,,,,,,,,,,,,,,,,,,,,,,,,,,,,,,,,,,,,,,,,,,,,,,,,
EVT0002515,SUB00281,CNT00092,2024-01-23,8,Tablet,71,75-99%,FALSE,FALSE,TRUE,SD,SES976391,0,,,,,,,,,,,,,,,,,,,,,,,,,,,,,,,,,,,,,,,,,,,,,,,,,,,,,,,,,,,,,,,,,,,,,,,,,,,,,,,,,,,,,,,,,,,,,,,,,,,,,,,,,,,,,,,,,,,,,,,,,
EVT0002516,SUB00480,CNT00087,2024-06-21,14,Mobile,97,100%,TRUE,TRUE,TRUE,HD,SES226690,1,,,,,,,,,,,,,,,,,,,,,,,,,,,,,,,,,,,,,,,,,,,,,,,,,,,,,,,,,,,,,,,,,,,,,,,,,,,,,,,,,,,,,,,,,,,,,,,,,,,,,,,,,,,,,,,,,,,,,,,,,
EVT0002517,SUB00427,CNT00032,2023-04-29,14,Tablet,53,100%,TRUE,FALSE,FALSE,SD,SES208077,1,,,,,,,,,,,,,,,,,,,,,,,,,,,,,,,,,,,,,,,,,,,,,,,,,,,,,,,,,,,,,,,,,,,,,,,,,,,,,,,,,,,,,,,,,,,,,,,,,,,,,,,,,,,,,,,,,,,,,,,,,
EVT0002518,SUB00247,CNT00097,2024-05-31,15,Smart TV,98,75-99%,FALSE,FALSE,TRUE,HD,SES867210,0,,,,,,,,,,,,,,,,,,,,,,,,,,,,,,,,,,,,,,,,,,,,,,,,,,,,,,,,,,,,,,,,,,,,,,,,,,,,,,,,,,,,,,,,,,,,,,,,,,,,,,,,,,,,,,,,,,,,,,,,,
EVT0002519,SUB00560,CNT00098,2024-06-12,11,Smart TV,68,50-75%,FALSE,FALSE,FALSE,HD,SES406595,0,,,,,,,,,,,,,,,,,,,,,,,,,,,,,,,,,,,,,,,,,,,,,,,,,,,,,,,,,,,,,,,,,,,,,,,,,,,,,,,,,,,,,,,,,,,,,,,,,,,,,,,,,,,,,,,,,,,,,,,,,
EVT0002520,SUB00470,CNT00002,2024-05-22,9,Fire TV,23,100%,TRUE,FALSE,TRUE,HD,SES450574,1,,,,,,,,,,,,,,,,,,,,,,,,,,,,,,,,,,,,,,,,,,,,,,,,,,,,,,,,,,,,,,,,,,,,,,,,,,,,,,,,,,,,,,,,,,,,,,,,,,,,,,,,,,,,,,,,,,,,,,,,,
EVT0002521,SUB00161,CNT00001,2023-04-08,11,Smart TV,56,100%,TRUE,FALSE,FALSE,HD,SES163336,1,,,,,,,,,,,,,,,,,,,,,,,,,,,,,,,,,,,,,,,,,,,,,,,,,,,,,,,,,,,,,,,,,,,,,,,,,,,,,,,,,,,,,,,,,,,,,,,,,,,,,,,,,,,,,,,,,,,,,,,,,
EVT0002522,SUB00682,CNT00094,2024-02-23,23,Desktop,51,<25%,FALSE,FALSE,TRUE,HD,SES325451,0,,,,,,,,,,,,,,,,,,,,,,,,,,,,,,,,,,,,,,,,,,,,,,,,,,,,,,,,,,,,,,,,,,,,,,,,,,,,,,,,,,,,,,,,,,,,,,,,,,,,,,,,,,,,,,,,,,,,,,,,,
EVT0002523,SUB00471,CNT00032,2024-01-05,22,Smart TV,18,75-99%,FALSE,FALSE,TRUE,SD,SES298088,0,,,,,,,,,,,,,,,,,,,,,,,,,,,,,,,,,,,,,,,,,,,,,,,,,,,,,,,,,,,,,,,,,,,,,,,,,,,,,,,,,,,,,,,,,,,,,,,,,,,,,,,,,,,,,,,,,,,,,,,,,
EVT0002524,SUB00010,CNT00096,2024-04-28,6,Desktop,10,100%,TRUE,TRUE,TRUE,HD,SES914441,1,,,,,,,,,,,,,,,,,,,,,,,,,,,,,,,,,,,,,,,,,,,,,,,,,,,,,,,,,,,,,,,,,,,,,,,,,,,,,,,,,,,,,,,,,,,,,,,,,,,,,,,,,,,,,,,,,,,,,,,,,
EVT0002525,SUB00541,CNT00097,2023-03-04,19,Roku,33,100%,TRUE,TRUE,TRUE,HD,SES939435,1,,,,,,,,,,,,,,,,,,,,,,,,,,,,,,,,,,,,,,,,,,,,,,,,,,,,,,,,,,,,,,,,,,,,,,,,,,,,,,,,,,,,,,,,,,,,,,,,,,,,,,,,,,,,,,,,,,,,,,,,,
EVT0002526,SUB00585,CNT00066,2023-02-05,22,Tablet,81,50-75%,FALSE,TRUE,FALSE,HD,SES615593,0,,,,,,,,,,,,,,,,,,,,,,,,,,,,,,,,,,,,,,,,,,,,,,,,,,,,,,,,,,,,,,,,,,,,,,,,,,,,,,,,,,,,,,,,,,,,,,,,,,,,,,,,,,,,,,,,,,,,,,,,,
EVT0002527,SUB00554,CNT00053,2023-11-08,11,Roku,57,100%,TRUE,FALSE,TRUE,HD,SES937228,1,,,,,,,,,,,,,,,,,,,,,,,,,,,,,,,,,,,,,,,,,,,,,,,,,,,,,,,,,,,,,,,,,,,,,,,,,,,,,,,,,,,,,,,,,,,,,,,,,,,,,,,,,,,,,,,,,,,,,,,,,
EVT0002528,SUB00690,CNT00044,2023-10-21,20,Smart TV,59,75-99%,FALSE,FALSE,TRUE,4K,SES809866,0,,,,,,,,,,,,,,,,,,,,,,,,,,,,,,,,,,,,,,,,,,,,,,,,,,,,,,,,,,,,,,,,,,,,,,,,,,,,,,,,,,,,,,,,,,,,,,,,,,,,,,,,,,,,,,,,,,,,,,,,,
EVT0002529,SUB00092,CNT00066,2023-10-10,9,Desktop,80,25-50%,FALSE,FALSE,TRUE,HD,SES705442,0,,,,,,,,,,,,,,,,,,,,,,,,,,,,,,,,,,,,,,,,,,,,,,,,,,,,,,,,,,,,,,,,,,,,,,,,,,,,,,,,,,,,,,,,,,,,,,,,,,,,,,,,,,,,,,,,,,,,,,,,,
EVT0002530,SUB00004,CNT00006,2023-12-25,16,Smart TV,101,25-50%,FALSE,TRUE,TRUE,HD,SES558713,0,,,,,,,,,,,,,,,,,,,,,,,,,,,,,,,,,,,,,,,,,,,,,,,,,,,,,,,,,,,,,,,,,,,,,,,,,,,,,,,,,,,,,,,,,,,,,,,,,,,,,,,,,,,,,,,,,,,,,,,,,
EVT0002531,SUB00407,CNT00029,2023-07-03,10,Fire TV,54,<25%,FALSE,FALSE,TRUE,4K,SES280177,0,,,,,,,,,,,,,,,,,,,,,,,,,,,,,,,,,,,,,,,,,,,,,,,,,,,,,,,,,,,,,,,,,,,,,,,,,,,,,,,,,,,,,,,,,,,,,,,,,,,,,,,,,,,,,,,,,,,,,,,,,
EVT0002532,SUB00454,CNT00003,2024-01-16,7,Desktop,101,100%,TRUE,FALSE,TRUE,HD,SES338131,1,,,,,,,,,,,,,,,,,,,,,,,,,,,,,,,,,,,,,,,,,,,,,,,,,,,,,,,,,,,,,,,,,,,,,,,,,,,,,,,,,,,,,,,,,,,,,,,,,,,,,,,,,,,,,,,,,,,,,,,,,
EVT0002533,SUB00089,CNT00044,2023-12-10,10,Tablet,64,25-50%,FALSE,FALSE,FALSE,HD,SES485976,0,,,,,,,,,,,,,,,,,,,,,,,,,,,,,,,,,,,,,,,,,,,,,,,,,,,,,,,,,,,,,,,,,,,,,,,,,,,,,,,,,,,,,,,,,,,,,,,,,,,,,,,,,,,,,,,,,,,,,,,,,
EVT0002534,SUB00129,CNT00061,2023-05-06,6,Mobile,97,50-75%,FALSE,FALSE,TRUE,HD,SES858466,0,,,,,,,,,,,,,,,,,,,,,,,,,,,,,,,,,,,,,,,,,,,,,,,,,,,,,,,,,,,,,,,,,,,,,,,,,,,,,,,,,,,,,,,,,,,,,,,,,,,,,,,,,,,,,,,,,,,,,,,,,
EVT0002535,SUB00615,CNT00025,2024-02-22,19,Smart TV,32,25-50%,FALSE,FALSE,TRUE,HD,SES658671,0,,,,,,,,,,,,,,,,,,,,,,,,,,,,,,,,,,,,,,,,,,,,,,,,,,,,,,,,,,,,,,,,,,,,,,,,,,,,,,,,,,,,,,,,,,,,,,,,,,,,,,,,,,,,,,,,,,,,,,,,,
EVT0002536,SUB00410,CNT00084,2023-12-30,20,Smart TV,119,75-99%,FALSE,TRUE,TRUE,HD,SES295285,0,,,,,,,,,,,,,,,,,,,,,,,,,,,,,,,,,,,,,,,,,,,,,,,,,,,,,,,,,,,,,,,,,,,,,,,,,,,,,,,,,,,,,,,,,,,,,,,,,,,,,,,,,,,,,,,,,,,,,,,,,
EVT0002537,SUB00594,CNT00011,2023-12-12,13,Fire TV,65,50-75%,FALSE,FALSE,FALSE,SD,SES107241,0,,,,,,,,,,,,,,,,,,,,,,,,,,,,,,,,,,,,,,,,,,,,,,,,,,,,,,,,,,,,,,,,,,,,,,,,,,,,,,,,,,,,,,,,,,,,,,,,,,,,,,,,,,,,,,,,,,,,,,,,,
EVT0002538,SUB00146,CNT00033,2023-11-16,7,Smart TV,100,100%,TRUE,FALSE,TRUE,4K,SES307108,1,,,,,,,,,,,,,,,,,,,,,,,,,,,,,,,,,,,,,,,,,,,,,,,,,,,,,,,,,,,,,,,,,,,,,,,,,,,,,,,,,,,,,,,,,,,,,,,,,,,,,,,,,,,,,,,,,,,,,,,,,
EVT0002539,SUB00239,CNT00026,2023-07-15,23,Roku,31,100%,TRUE,FALSE,TRUE,4K,SES517987,1,,,,,,,,,,,,,,,,,,,,,,,,,,,,,,,,,,,,,,,,,,,,,,,,,,,,,,,,,,,,,,,,,,,,,,,,,,,,,,,,,,,,,,,,,,,,,,,,,,,,,,,,,,,,,,,,,,,,,,,,,
EVT0002540,SUB00131,CNT00094,2023-03-26,6,Tablet,64,100%,TRUE,TRUE,TRUE,SD,SES721220,1,,,,,,,,,,,,,,,,,,,,,,,,,,,,,,,,,,,,,,,,,,,,,,,,,,,,,,,,,,,,,,,,,,,,,,,,,,,,,,,,,,,,,,,,,,,,,,,,,,,,,,,,,,,,,,,,,,,,,,,,,
EVT0002541,SUB00658,CNT00097,2024-06-20,9,Desktop,58,100%,TRUE,FALSE,FALSE,HD,SES666601,1,,,,,,,,,,,,,,,,,,,,,,,,,,,,,,,,,,,,,,,,,,,,,,,,,,,,,,,,,,,,,,,,,,,,,,,,,,,,,,,,,,,,,,,,,,,,,,,,,,,,,,,,,,,,,,,,,,,,,,,,,
EVT0002542,SUB00669,CNT00038,2023-01-17,17,Tablet,43,75-99%,FALSE,FALSE,FALSE,HD,SES200515,0,,,,,,,,,,,,,,,,,,,,,,,,,,,,,,,,,,,,,,,,,,,,,,,,,,,,,,,,,,,,,,,,,,,,,,,,,,,,,,,,,,,,,,,,,,,,,,,,,,,,,,,,,,,,,,,,,,,,,,,,,
EVT0002543,SUB00502,CNT00070,2024-01-12,20,Roku,90,100%,TRUE,TRUE,TRUE,4K,SES131580,1,,,,,,,,,,,,,,,,,,,,,,,,,,,,,,,,,,,,,,,,,,,,,,,,,,,,,,,,,,,,,,,,,,,,,,,,,,,,,,,,,,,,,,,,,,,,,,,,,,,,,,,,,,,,,,,,,,,,,,,,,
EVT0002544,SUB00212,CNT00081,2023-11-27,12,Fire TV,82,100%,TRUE,FALSE,FALSE,HD,SES480276,1,,,,,,,,,,,,,,,,,,,,,,,,,,,,,,,,,,,,,,,,,,,,,,,,,,,,,,,,,,,,,,,,,,,,,,,,,,,,,,,,,,,,,,,,,,,,,,,,,,,,,,,,,,,,,,,,,,,,,,,,,
EVT0002545,SUB00270,CNT00017,2023-07-29,23,Smart TV,86,75-99%,FALSE,FALSE,TRUE,HD,SES732532,0,,,,,,,,,,,,,,,,,,,,,,,,,,,,,,,,,,,,,,,,,,,,,,,,,,,,,,,,,,,,,,,,,,,,,,,,,,,,,,,,,,,,,,,,,,,,,,,,,,,,,,,,,,,,,,,,,,,,,,,,,
EVT0002546,SUB00629,CNT00060,2024-04-12,22,Smart TV,91,100%,TRUE,TRUE,TRUE,4K,SES123967,1,,,,,,,,,,,,,,,,,,,,,,,,,,,,,,,,,,,,,,,,,,,,,,,,,,,,,,,,,,,,,,,,,,,,,,,,,,,,,,,,,,,,,,,,,,,,,,,,,,,,,,,,,,,,,,,,,,,,,,,,,
EVT0002547,SUB00169,CNT00058,2023-09-01,19,Tablet,107,75-99%,FALSE,FALSE,TRUE,SD,SES233973,0,,,,,,,,,,,,,,,,,,,,,,,,,,,,,,,,,,,,,,,,,,,,,,,,,,,,,,,,,,,,,,,,,,,,,,,,,,,,,,,,,,,,,,,,,,,,,,,,,,,,,,,,,,,,,,,,,,,,,,,,,
EVT0002548,SUB00012,CNT00053,2023-12-06,22,Desktop,86,100%,TRUE,FALSE,TRUE,HD,SES777623,1,,,,,,,,,,,,,,,,,,,,,,,,,,,,,,,,,,,,,,,,,,,,,,,,,,,,,,,,,,,,,,,,,,,,,,,,,,,,,,,,,,,,,,,,,,,,,,,,,,,,,,,,,,,,,,,,,,,,,,,,,
EVT0002549,SUB00229,CNT00064,2024-04-13,8,Tablet,111,75-99%,FALSE,FALSE,FALSE,HD,SES549379,0,,,,,,,,,,,,,,,,,,,,,,,,,,,,,,,,,,,,,,,,,,,,,,,,,,,,,,,,,,,,,,,,,,,,,,,,,,,,,,,,,,,,,,,,,,,,,,,,,,,,,,,,,,,,,,,,,,,,,,,,,
EVT0002550,SUB00146,CNT00046,2023-09-10,8,Fire TV,5,100%,TRUE,TRUE,FALSE,4K,SES294194,1,,,,,,,,,,,,,,,,,,,,,,,,,,,,,,,,,,,,,,,,,,,,,,,,,,,,,,,,,,,,,,,,,,,,,,,,,,,,,,,,,,,,,,,,,,,,,,,,,,,,,,,,,,,,,,,,,,,,,,,,,
EVT0002551,SUB00151,CNT00049,2023-11-14,9,Tablet,50,25-50%,FALSE,FALSE,TRUE,HD,SES809890,0,,,,,,,,,,,,,,,,,,,,,,,,,,,,,,,,,,,,,,,,,,,,,,,,,,,,,,,,,,,,,,,,,,,,,,,,,,,,,,,,,,,,,,,,,,,,,,,,,,,,,,,,,,,,,,,,,,,,,,,,,
EVT0002552,SUB00303,CNT00078,2024-03-28,13,Roku,82,100%,TRUE,FALSE,FALSE,4K,SES725448,1,,,,,,,,,,,,,,,,,,,,,,,,,,,,,,,,,,,,,,,,,,,,,,,,,,,,,,,,,,,,,,,,,,,,,,,,,,,,,,,,,,,,,,,,,,,,,,,,,,,,,,,,,,,,,,,,,,,,,,,,,
EVT0002553,SUB00008,CNT00062,2023-10-23,15,Desktop,51,50-75%,FALSE,FALSE,FALSE,4K,SES308023,0,,,,,,,,,,,,,,,,,,,,,,,,,,,,,,,,,,,,,,,,,,,,,,,,,,,,,,,,,,,,,,,,,,,,,,,,,,,,,,,,,,,,,,,,,,,,,,,,,,,,,,,,,,,,,,,,,,,,,,,,,
EVT0002554,SUB00482,CNT00057,2023-03-18,7,Smart TV,99,50-75%,FALSE,TRUE,TRUE,HD,SES872067,0,,,,,,,,,,,,,,,,,,,,,,,,,,,,,,,,,,,,,,,,,,,,,,,,,,,,,,,,,,,,,,,,,,,,,,,,,,,,,,,,,,,,,,,,,,,,,,,,,,,,,,,,,,,,,,,,,,,,,,,,,
EVT0002555,SUB00209,CNT00043,2024-04-23,11,Tablet,99,50-75%,FALSE,FALSE,FALSE,HD,SES314840,0,,,,,,,,,,,,,,,,,,,,,,,,,,,,,,,,,,,,,,,,,,,,,,,,,,,,,,,,,,,,,,,,,,,,,,,,,,,,,,,,,,,,,,,,,,,,,,,,,,,,,,,,,,,,,,,,,,,,,,,,,
EVT0002556,SUB00175,CNT00027,2023-07-10,22,Desktop,39,50-75%,FALSE,FALSE,TRUE,HD,SES168484,0,,,,,,,,,,,,,,,,,,,,,,,,,,,,,,,,,,,,,,,,,,,,,,,,,,,,,,,,,,,,,,,,,,,,,,,,,,,,,,,,,,,,,,,,,,,,,,,,,,,,,,,,,,,,,,,,,,,,,,,,,
EVT0002557,SUB00684,CNT00086,2024-03-12,9,Mobile,82,<25%,FALSE,TRUE,TRUE,HD,SES644627,0,,,,,,,,,,,,,,,,,,,,,,,,,,,,,,,,,,,,,,,,,,,,,,,,,,,,,,,,,,,,,,,,,,,,,,,,,,,,,,,,,,,,,,,,,,,,,,,,,,,,,,,,,,,,,,,,,,,,,,,,,
EVT0002558,SUB00406,CNT00094,2024-03-17,20,Smart TV,114,<25%,FALSE,FALSE,TRUE,HD,SES424578,0,,,,,,,,,,,,,,,,,,,,,,,,,,,,,,,,,,,,,,,,,,,,,,,,,,,,,,,,,,,,,,,,,,,,,,,,,,,,,,,,,,,,,,,,,,,,,,,,,,,,,,,,,,,,,,,,,,,,,,,,,
EVT0002559,SUB00459,CNT00072,2023-11-08,12,Fire TV,65,100%,TRUE,FALSE,TRUE,HD,SES480703,1,,,,,,,,,,,,,,,,,,,,,,,,,,,,,,,,,,,,,,,,,,,,,,,,,,,,,,,,,,,,,,,,,,,,,,,,,,,,,,,,,,,,,,,,,,,,,,,,,,,,,,,,,,,,,,,,,,,,,,,,,
EVT0002560,SUB00094,CNT00056,2023-10-14,6,Roku,30,100%,TRUE,FALSE,TRUE,HD,SES406850,1,,,,,,,,,,,,,,,,,,,,,,,,,,,,,,,,,,,,,,,,,,,,,,,,,,,,,,,,,,,,,,,,,,,,,,,,,,,,,,,,,,,,,,,,,,,,,,,,,,,,,,,,,,,,,,,,,,,,,,,,,
EVT0002561,SUB00654,CNT00014,2024-01-10,17,Desktop,109,<25%,FALSE,TRUE,FALSE,4K,SES538794,0,,,,,,,,,,,,,,,,,,,,,,,,,,,,,,,,,,,,,,,,,,,,,,,,,,,,,,,,,,,,,,,,,,,,,,,,,,,,,,,,,,,,,,,,,,,,,,,,,,,,,,,,,,,,,,,,,,,,,,,,,
EVT0002562,SUB00589,CNT00033,2024-03-21,12,Fire TV,34,100%,TRUE,FALSE,TRUE,HD,SES159726,1,,,,,,,,,,,,,,,,,,,,,,,,,,,,,,,,,,,,,,,,,,,,,,,,,,,,,,,,,,,,,,,,,,,,,,,,,,,,,,,,,,,,,,,,,,,,,,,,,,,,,,,,,,,,,,,,,,,,,,,,,
EVT0002563,SUB00134,CNT00074,2023-11-30,16,Desktop,60,<25%,FALSE,FALSE,TRUE,HD,SES300679,0,,,,,,,,,,,,,,,,,,,,,,,,,,,,,,,,,,,,,,,,,,,,,,,,,,,,,,,,,,,,,,,,,,,,,,,,,,,,,,,,,,,,,,,,,,,,,,,,,,,,,,,,,,,,,,,,,,,,,,,,,
EVT0002564,SUB00556,CNT00039,2024-03-29,20,Mobile,80,100%,TRUE,FALSE,FALSE,HD,SES347872,1,,,,,,,,,,,,,,,,,,,,,,,,,,,,,,,,,,,,,,,,,,,,,,,,,,,,,,,,,,,,,,,,,,,,,,,,,,,,,,,,,,,,,,,,,,,,,,,,,,,,,,,,,,,,,,,,,,,,,,,,,
EVT0002565,SUB00281,CNT00037,2024-03-31,18,Roku,45,75-99%,FALSE,FALSE,TRUE,HD,SES142547,0,,,,,,,,,,,,,,,,,,,,,,,,,,,,,,,,,,,,,,,,,,,,,,,,,,,,,,,,,,,,,,,,,,,,,,,,,,,,,,,,,,,,,,,,,,,,,,,,,,,,,,,,,,,,,,,,,,,,,,,,,
EVT0002566,SUB00162,CNT00008,2024-02-09,7,Roku,115,25-50%,FALSE,FALSE,FALSE,HD,SES968953,0,,,,,,,,,,,,,,,,,,,,,,,,,,,,,,,,,,,,,,,,,,,,,,,,,,,,,,,,,,,,,,,,,,,,,,,,,,,,,,,,,,,,,,,,,,,,,,,,,,,,,,,,,,,,,,,,,,,,,,,,,
EVT0002567,SUB00288,CNT00064,2024-02-04,11,Tablet,33,100%,TRUE,FALSE,TRUE,4K,SES363334,1,,,,,,,,,,,,,,,,,,,,,,,,,,,,,,,,,,,,,,,,,,,,,,,,,,,,,,,,,,,,,,,,,,,,,,,,,,,,,,,,,,,,,,,,,,,,,,,,,,,,,,,,,,,,,,,,,,,,,,,,,
EVT0002568,SUB00416,CNT00023,2024-06-25,11,Mobile,92,100%,TRUE,FALSE,TRUE,SD,SES962500,1,,,,,,,,,,,,,,,,,,,,,,,,,,,,,,,,,,,,,,,,,,,,,,,,,,,,,,,,,,,,,,,,,,,,,,,,,,,,,,,,,,,,,,,,,,,,,,,,,,,,,,,,,,,,,,,,,,,,,,,,,
EVT0002569,SUB00517,CNT00001,2023-08-29,7,Smart TV,47,75-99%,FALSE,FALSE,TRUE,HD,SES404860,0,,,,,,,,,,,,,,,,,,,,,,,,,,,,,,,,,,,,,,,,,,,,,,,,,,,,,,,,,,,,,,,,,,,,,,,,,,,,,,,,,,,,,,,,,,,,,,,,,,,,,,,,,,,,,,,,,,,,,,,,,
EVT0002570,SUB00438,CNT00032,2024-01-26,7,Smart TV,66,100%,TRUE,FALSE,TRUE,HD,SES389621,1,,,,,,,,,,,,,,,,,,,,,,,,,,,,,,,,,,,,,,,,,,,,,,,,,,,,,,,,,,,,,,,,,,,,,,,,,,,,,,,,,,,,,,,,,,,,,,,,,,,,,,,,,,,,,,,,,,,,,,,,,
EVT0002571,SUB00441,CNT00075,2024-04-15,8,Desktop,15,25-50%,FALSE,TRUE,TRUE,SD,SES951957,0,,,,,,,,,,,,,,,,,,,,,,,,,,,,,,,,,,,,,,,,,,,,,,,,,,,,,,,,,,,,,,,,,,,,,,,,,,,,,,,,,,,,,,,,,,,,,,,,,,,,,,,,,,,,,,,,,,,,,,,,,
EVT0002572,SUB00046,CNT00031,2023-12-13,18,Fire TV,45,100%,TRUE,FALSE,FALSE,HD,SES844657,1,,,,,,,,,,,,,,,,,,,,,,,,,,,,,,,,,,,,,,,,,,,,,,,,,,,,,,,,,,,,,,,,,,,,,,,,,,,,,,,,,,,,,,,,,,,,,,,,,,,,,,,,,,,,,,,,,,,,,,,,,
EVT0002573,SUB00072,CNT00082,2024-05-29,15,Mobile,45,<25%,FALSE,FALSE,FALSE,HD,SES325294,0,,,,,,,,,,,,,,,,,,,,,,,,,,,,,,,,,,,,,,,,,,,,,,,,,,,,,,,,,,,,,,,,,,,,,,,,,,,,,,,,,,,,,,,,,,,,,,,,,,,,,,,,,,,,,,,,,,,,,,,,,
EVT0002574,SUB00382,CNT00060,2023-08-10,18,Mobile,17,75-99%,FALSE,TRUE,FALSE,4K,SES430986,0,,,,,,,,,,,,,,,,,,,,,,,,,,,,,,,,,,,,,,,,,,,,,,,,,,,,,,,,,,,,,,,,,,,,,,,,,,,,,,,,,,,,,,,,,,,,,,,,,,,,,,,,,,,,,,,,,,,,,,,,,
EVT0002575,SUB00027,CNT00040,2023-01-01,21,Smart TV,106,100%,TRUE,FALSE,TRUE,SD,SES132680,1,,,,,,,,,,,,,,,,,,,,,,,,,,,,,,,,,,,,,,,,,,,,,,,,,,,,,,,,,,,,,,,,,,,,,,,,,,,,,,,,,,,,,,,,,,,,,,,,,,,,,,,,,,,,,,,,,,,,,,,,,
EVT0002576,SUB00189,CNT00046,2023-03-12,9,Roku,16,100%,TRUE,FALSE,FALSE,SD,SES503457,1,,,,,,,,,,,,,,,,,,,,,,,,,,,,,,,,,,,,,,,,,,,,,,,,,,,,,,,,,,,,,,,,,,,,,,,,,,,,,,,,,,,,,,,,,,,,,,,,,,,,,,,,,,,,,,,,,,,,,,,,,
EVT0002577,SUB00613,CNT00062,2023-04-03,9,Smart TV,56,100%,TRUE,FALSE,FALSE,4K,SES137939,1,,,,,,,,,,,,,,,,,,,,,,,,,,,,,,,,,,,,,,,,,,,,,,,,,,,,,,,,,,,,,,,,,,,,,,,,,,,,,,,,,,,,,,,,,,,,,,,,,,,,,,,,,,,,,,,,,,,,,,,,,
EVT0002578,SUB00345,CNT00008,2023-12-31,13,Roku,57,100%,TRUE,FALSE,TRUE,SD,SES626035,1,,,,,,,,,,,,,,,,,,,,,,,,,,,,,,,,,,,,,,,,,,,,,,,,,,,,,,,,,,,,,,,,,,,,,,,,,,,,,,,,,,,,,,,,,,,,,,,,,,,,,,,,,,,,,,,,,,,,,,,,,
EVT0002579,SUB00677,CNT00062,2024-03-19,6,Fire TV,44,<25%,FALSE,FALSE,TRUE,HD,SES992012,0,,,,,,,,,,,,,,,,,,,,,,,,,,,,,,,,,,,,,,,,,,,,,,,,,,,,,,,,,,,,,,,,,,,,,,,,,,,,,,,,,,,,,,,,,,,,,,,,,,,,,,,,,,,,,,,,,,,,,,,,,
EVT0002580,SUB00167,CNT00072,2023-07-28,17,Mobile,67,100%,TRUE,FALSE,TRUE,HD,SES543090,1,,,,,,,,,,,,,,,,,,,,,,,,,,,,,,,,,,,,,,,,,,,,,,,,,,,,,,,,,,,,,,,,,,,,,,,,,,,,,,,,,,,,,,,,,,,,,,,,,,,,,,,,,,,,,,,,,,,,,,,,,
EVT0002581,SUB00158,CNT00029,2023-03-27,10,Mobile,102,50-75%,FALSE,TRUE,TRUE,HD,SES470162,0,,,,,,,,,,,,,,,,,,,,,,,,,,,,,,,,,,,,,,,,,,,,,,,,,,,,,,,,,,,,,,,,,,,,,,,,,,,,,,,,,,,,,,,,,,,,,,,,,,,,,,,,,,,,,,,,,,,,,,,,,
EVT0002582,SUB00139,CNT00090,2023-06-17,14,Mobile,90,100%,TRUE,TRUE,TRUE,HD,SES809070,1,,,,,,,,,,,,,,,,,,,,,,,,,,,,,,,,,,,,,,,,,,,,,,,,,,,,,,,,,,,,,,,,,,,,,,,,,,,,,,,,,,,,,,,,,,,,,,,,,,,,,,,,,,,,,,,,,,,,,,,,,
EVT0002583,SUB00483,CNT00067,2023-03-16,18,Smart TV,96,100%,TRUE,FALSE,TRUE,HD,SES107240,1,,,,,,,,,,,,,,,,,,,,,,,,,,,,,,,,,,,,,,,,,,,,,,,,,,,,,,,,,,,,,,,,,,,,,,,,,,,,,,,,,,,,,,,,,,,,,,,,,,,,,,,,,,,,,,,,,,,,,,,,,
EVT0002584,SUB00410,CNT00079,2024-02-02,11,Desktop,105,100%,TRUE,FALSE,TRUE,SD,SES781224,1,,,,,,,,,,,,,,,,,,,,,,,,,,,,,,,,,,,,,,,,,,,,,,,,,,,,,,,,,,,,,,,,,,,,,,,,,,,,,,,,,,,,,,,,,,,,,,,,,,,,,,,,,,,,,,,,,,,,,,,,,
EVT0002585,SUB00061,CNT00076,2023-08-24,17,Mobile,59,100%,TRUE,FALSE,TRUE,SD,SES276179,1,,,,,,,,,,,,,,,,,,,,,,,,,,,,,,,,,,,,,,,,,,,,,,,,,,,,,,,,,,,,,,,,,,,,,,,,,,,,,,,,,,,,,,,,,,,,,,,,,,,,,,,,,,,,,,,,,,,,,,,,,
EVT0002586,SUB00121,CNT00007,2023-04-23,8,Roku,15,100%,TRUE,TRUE,FALSE,HD,SES800631,1,,,,,,,,,,,,,,,,,,,,,,,,,,,,,,,,,,,,,,,,,,,,,,,,,,,,,,,,,,,,,,,,,,,,,,,,,,,,,,,,,,,,,,,,,,,,,,,,,,,,,,,,,,,,,,,,,,,,,,,,,
EVT0002587,SUB00696,CNT00078,2023-08-24,12,Mobile,28,100%,TRUE,FALSE,TRUE,HD,SES881755,1,,,,,,,,,,,,,,,,,,,,,,,,,,,,,,,,,,,,,,,,,,,,,,,,,,,,,,,,,,,,,,,,,,,,,,,,,,,,,,,,,,,,,,,,,,,,,,,,,,,,,,,,,,,,,,,,,,,,,,,,,
EVT0002588,SUB00508,CNT00018,2024-06-04,10,Smart TV,19,<25%,FALSE,FALSE,FALSE,4K,SES729180,0,,,,,,,,,,,,,,,,,,,,,,,,,,,,,,,,,,,,,,,,,,,,,,,,,,,,,,,,,,,,,,,,,,,,,,,,,,,,,,,,,,,,,,,,,,,,,,,,,,,,,,,,,,,,,,,,,,,,,,,,,
EVT0002589,SUB00569,CNT00065,2024-03-16,9,Mobile,117,100%,TRUE,FALSE,FALSE,HD,SES764027,1,,,,,,,,,,,,,,,,,,,,,,,,,,,,,,,,,,,,,,,,,,,,,,,,,,,,,,,,,,,,,,,,,,,,,,,,,,,,,,,,,,,,,,,,,,,,,,,,,,,,,,,,,,,,,,,,,,,,,,,,,
EVT0002590,SUB00585,CNT00071,2023-04-21,15,Tablet,8,<25%,FALSE,FALSE,TRUE,SD,SES168264,0,,,,,,,,,,,,,,,,,,,,,,,,,,,,,,,,,,,,,,,,,,,,,,,,,,,,,,,,,,,,,,,,,,,,,,,,,,,,,,,,,,,,,,,,,,,,,,,,,,,,,,,,,,,,,,,,,,,,,,,,,
EVT0002591,SUB00051,CNT00055,2023-05-25,9,Desktop,105,<25%,FALSE,FALSE,TRUE,HD,SES906018,0,,,,,,,,,,,,,,,,,,,,,,,,,,,,,,,,,,,,,,,,,,,,,,,,,,,,,,,,,,,,,,,,,,,,,,,,,,,,,,,,,,,,,,,,,,,,,,,,,,,,,,,,,,,,,,,,,,,,,,,,,
EVT0002592,SUB00260,CNT00085,2023-01-14,7,Roku,94,100%,TRUE,TRUE,FALSE,HD,SES623829,1,,,,,,,,,,,,,,,,,,,,,,,,,,,,,,,,,,,,,,,,,,,,,,,,,,,,,,,,,,,,,,,,,,,,,,,,,,,,,,,,,,,,,,,,,,,,,,,,,,,,,,,,,,,,,,,,,,,,,,,,,
EVT0002593,SUB00263,CNT00050,2023-04-15,14,Desktop,77,100%,TRUE,FALSE,TRUE,4K,SES693535,1,,,,,,,,,,,,,,,,,,,,,,,,,,,,,,,,,,,,,,,,,,,,,,,,,,,,,,,,,,,,,,,,,,,,,,,,,,,,,,,,,,,,,,,,,,,,,,,,,,,,,,,,,,,,,,,,,,,,,,,,,
EVT0002594,SUB00031,CNT00002,2023-12-27,16,Roku,9,100%,TRUE,FALSE,TRUE,HD,SES375016,1,,,,,,,,,,,,,,,,,,,,,,,,,,,,,,,,,,,,,,,,,,,,,,,,,,,,,,,,,,,,,,,,,,,,,,,,,,,,,,,,,,,,,,,,,,,,,,,,,,,,,,,,,,,,,,,,,,,,,,,,,
EVT0002595,SUB00408,CNT00072,2023-12-15,23,Tablet,78,50-75%,FALSE,FALSE,TRUE,HD,SES370418,0,,,,,,,,,,,,,,,,,,,,,,,,,,,,,,,,,,,,,,,,,,,,,,,,,,,,,,,,,,,,,,,,,,,,,,,,,,,,,,,,,,,,,,,,,,,,,,,,,,,,,,,,,,,,,,,,,,,,,,,,,
EVT0002596,SUB00623,CNT00011,2023-05-26,6,Tablet,84,50-75%,FALSE,FALSE,TRUE,HD,SES552018,0,,,,,,,,,,,,,,,,,,,,,,,,,,,,,,,,,,,,,,,,,,,,,,,,,,,,,,,,,,,,,,,,,,,,,,,,,,,,,,,,,,,,,,,,,,,,,,,,,,,,,,,,,,,,,,,,,,,,,,,,,
EVT0002597,SUB00324,CNT00087,2023-07-03,23,Tablet,63,100%,TRUE,FALSE,TRUE,HD,SES189732,1,,,,,,,,,,,,,,,,,,,,,,,,,,,,,,,,,,,,,,,,,,,,,,,,,,,,,,,,,,,,,,,,,,,,,,,,,,,,,,,,,,,,,,,,,,,,,,,,,,,,,,,,,,,,,,,,,,,,,,,,,
EVT0002598,SUB00200,CNT00044,2023-12-20,15,Desktop,22,100%,TRUE,FALSE,FALSE,HD,SES229460,1,,,,,,,,,,,,,,,,,,,,,,,,,,,,,,,,,,,,,,,,,,,,,,,,,,,,,,,,,,,,,,,,,,,,,,,,,,,,,,,,,,,,,,,,,,,,,,,,,,,,,,,,,,,,,,,,,,,,,,,,,
EVT0002599,SUB00301,CNT00049,2024-04-25,16,Roku,6,100%,TRUE,TRUE,FALSE,HD,SES235766,1,,,,,,,,,,,,,,,,,,,,,,,,,,,,,,,,,,,,,,,,,,,,,,,,,,,,,,,,,,,,,,,,,,,,,,,,,,,,,,,,,,,,,,,,,,,,,,,,,,,,,,,,,,,,,,,,,,,,,,,,,
EVT0002600,SUB00398,CNT00047,2024-04-01,23,Desktop,60,75-99%,FALSE,TRUE,TRUE,4K,SES725752,0,,,,,,,,,,,,,,,,,,,,,,,,,,,,,,,,,,,,,,,,,,,,,,,,,,,,,,,,,,,,,,,,,,,,,,,,,,,,,,,,,,,,,,,,,,,,,,,,,,,,,,,,,,,,,,,,,,,,,,,,,
EVT0002601,SUB00131,CNT00047,2024-06-18,19,Desktop,88,100%,TRUE,TRUE,TRUE,HD,SES487530,1,,,,,,,,,,,,,,,,,,,,,,,,,,,,,,,,,,,,,,,,,,,,,,,,,,,,,,,,,,,,,,,,,,,,,,,,,,,,,,,,,,,,,,,,,,,,,,,,,,,,,,,,,,,,,,,,,,,,,,,,,
EVT0002602,SUB00162,CNT00096,2024-01-23,15,Mobile,25,75-99%,FALSE,TRUE,TRUE,HD,SES238555,0,,,,,,,,,,,,,,,,,,,,,,,,,,,,,,,,,,,,,,,,,,,,,,,,,,,,,,,,,,,,,,,,,,,,,,,,,,,,,,,,,,,,,,,,,,,,,,,,,,,,,,,,,,,,,,,,,,,,,,,,,
EVT0002603,SUB00089,CNT00019,2023-07-31,14,Smart TV,30,50-75%,FALSE,FALSE,TRUE,4K,SES968015,0,,,,,,,,,,,,,,,,,,,,,,,,,,,,,,,,,,,,,,,,,,,,,,,,,,,,,,,,,,,,,,,,,,,,,,,,,,,,,,,,,,,,,,,,,,,,,,,,,,,,,,,,,,,,,,,,,,,,,,,,,
EVT0002604,SUB00035,CNT00033,2024-02-04,22,Roku,44,100%,TRUE,FALSE,TRUE,SD,SES574602,1,,,,,,,,,,,,,,,,,,,,,,,,,,,,,,,,,,,,,,,,,,,,,,,,,,,,,,,,,,,,,,,,,,,,,,,,,,,,,,,,,,,,,,,,,,,,,,,,,,,,,,,,,,,,,,,,,,,,,,,,,
EVT0002605,SUB00111,CNT00089,2023-07-04,10,Mobile,85,<25%,FALSE,FALSE,FALSE,HD,SES446510,0,,,,,,,,,,,,,,,,,,,,,,,,,,,,,,,,,,,,,,,,,,,,,,,,,,,,,,,,,,,,,,,,,,,,,,,,,,,,,,,,,,,,,,,,,,,,,,,,,,,,,,,,,,,,,,,,,,,,,,,,,
EVT0002606,SUB00090,CNT00008,2023-07-23,17,Desktop,7,75-99%,FALSE,FALSE,FALSE,HD,SES341104,0,,,,,,,,,,,,,,,,,,,,,,,,,,,,,,,,,,,,,,,,,,,,,,,,,,,,,,,,,,,,,,,,,,,,,,,,,,,,,,,,,,,,,,,,,,,,,,,,,,,,,,,,,,,,,,,,,,,,,,,,,
EVT0002607,SUB00680,CNT00020,2023-10-23,9,Mobile,82,25-50%,FALSE,TRUE,TRUE,HD,SES384025,0,,,,,,,,,,,,,,,,,,,,,,,,,,,,,,,,,,,,,,,,,,,,,,,,,,,,,,,,,,,,,,,,,,,,,,,,,,,,,,,,,,,,,,,,,,,,,,,,,,,,,,,,,,,,,,,,,,,,,,,,,
EVT0002608,SUB00232,CNT00036,2023-09-22,8,Tablet,115,100%,TRUE,TRUE,FALSE,HD,SES636864,1,,,,,,,,,,,,,,,,,,,,,,,,,,,,,,,,,,,,,,,,,,,,,,,,,,,,,,,,,,,,,,,,,,,,,,,,,,,,,,,,,,,,,,,,,,,,,,,,,,,,,,,,,,,,,,,,,,,,,,,,,
EVT0002609,SUB00272,CNT00026,2023-08-16,20,Desktop,80,100%,TRUE,FALSE,TRUE,4K,SES147324,1,,,,,,,,,,,,,,,,,,,,,,,,,,,,,,,,,,,,,,,,,,,,,,,,,,,,,,,,,,,,,,,,,,,,,,,,,,,,,,,,,,,,,,,,,,,,,,,,,,,,,,,,,,,,,,,,,,,,,,,,,
EVT0002610,SUB00099,CNT00055,2023-06-02,10,Smart TV,16,100%,TRUE,TRUE,TRUE,HD,SES693336,1,,,,,,,,,,,,,,,,,,,,,,,,,,,,,,,,,,,,,,,,,,,,,,,,,,,,,,,,,,,,,,,,,,,,,,,,,,,,,,,,,,,,,,,,,,,,,,,,,,,,,,,,,,,,,,,,,,,,,,,,,
EVT0002611,SUB00083,CNT00084,2024-06-13,7,Fire TV,77,<25%,FALSE,FALSE,TRUE,4K,SES270524,0,,,,,,,,,,,,,,,,,,,,,,,,,,,,,,,,,,,,,,,,,,,,,,,,,,,,,,,,,,,,,,,,,,,,,,,,,,,,,,,,,,,,,,,,,,,,,,,,,,,,,,,,,,,,,,,,,,,,,,,,,
EVT0002612,SUB00353,CNT00067,2024-02-23,19,Smart TV,91,100%,TRUE,FALSE,TRUE,HD,SES596470,1,,,,,,,,,,,,,,,,,,,,,,,,,,,,,,,,,,,,,,,,,,,,,,,,,,,,,,,,,,,,,,,,,,,,,,,,,,,,,,,,,,,,,,,,,,,,,,,,,,,,,,,,,,,,,,,,,,,,,,,,,
EVT0002613,SUB00290,CNT00045,2024-04-07,19,Smart TV,103,100%,TRUE,FALSE,TRUE,HD,SES648068,1,,,,,,,,,,,,,,,,,,,,,,,,,,,,,,,,,,,,,,,,,,,,,,,,,,,,,,,,,,,,,,,,,,,,,,,,,,,,,,,,,,,,,,,,,,,,,,,,,,,,,,,,,,,,,,,,,,,,,,,,,
EVT0002614,SUB00148,CNT00083,2024-06-29,10,Tablet,44,100%,TRUE,FALSE,FALSE,HD,SES234491,1,,,,,,,,,,,,,,,,,,,,,,,,,,,,,,,,,,,,,,,,,,,,,,,,,,,,,,,,,,,,,,,,,,,,,,,,,,,,,,,,,,,,,,,,,,,,,,,,,,,,,,,,,,,,,,,,,,,,,,,,,
EVT0002615,SUB00208,CNT00001,2023-11-26,22,Fire TV,76,100%,TRUE,TRUE,FALSE,SD,SES447203,1,,,,,,,,,,,,,,,,,,,,,,,,,,,,,,,,,,,,,,,,,,,,,,,,,,,,,,,,,,,,,,,,,,,,,,,,,,,,,,,,,,,,,,,,,,,,,,,,,,,,,,,,,,,,,,,,,,,,,,,,,
EVT0002616,SUB00256,CNT00067,2023-02-17,22,Smart TV,70,50-75%,FALSE,FALSE,TRUE,SD,SES374722,0,,,,,,,,,,,,,,,,,,,,,,,,,,,,,,,,,,,,,,,,,,,,,,,,,,,,,,,,,,,,,,,,,,,,,,,,,,,,,,,,,,,,,,,,,,,,,,,,,,,,,,,,,,,,,,,,,,,,,,,,,
EVT0002617,SUB00407,CNT00049,2024-03-27,7,Roku,21,100%,TRUE,FALSE,FALSE,HD,SES413763,1,,,,,,,,,,,,,,,,,,,,,,,,,,,,,,,,,,,,,,,,,,,,,,,,,,,,,,,,,,,,,,,,,,,,,,,,,,,,,,,,,,,,,,,,,,,,,,,,,,,,,,,,,,,,,,,,,,,,,,,,,
EVT0002618,SUB00513,CNT00093,2023-11-25,7,Fire TV,65,100%,TRUE,FALSE,TRUE,SD,SES817241,1,,,,,,,,,,,,,,,,,,,,,,,,,,,,,,,,,,,,,,,,,,,,,,,,,,,,,,,,,,,,,,,,,,,,,,,,,,,,,,,,,,,,,,,,,,,,,,,,,,,,,,,,,,,,,,,,,,,,,,,,,
EVT0002619,SUB00400,CNT00078,2023-08-09,17,Fire TV,22,25-50%,FALSE,FALSE,TRUE,SD,SES788565,0,,,,,,,,,,,,,,,,,,,,,,,,,,,,,,,,,,,,,,,,,,,,,,,,,,,,,,,,,,,,,,,,,,,,,,,,,,,,,,,,,,,,,,,,,,,,,,,,,,,,,,,,,,,,,,,,,,,,,,,,,
EVT0002620,SUB00493,CNT00092,2023-02-05,8,Tablet,106,100%,TRUE,FALSE,TRUE,SD,SES766443,1,,,,,,,,,,,,,,,,,,,,,,,,,,,,,,,,,,,,,,,,,,,,,,,,,,,,,,,,,,,,,,,,,,,,,,,,,,,,,,,,,,,,,,,,,,,,,,,,,,,,,,,,,,,,,,,,,,,,,,,,,
EVT0002621,SUB00016,CNT00011,2023-05-05,15,Tablet,23,50-75%,FALSE,FALSE,FALSE,HD,SES420750,0,,,,,,,,,,,,,,,,,,,,,,,,,,,,,,,,,,,,,,,,,,,,,,,,,,,,,,,,,,,,,,,,,,,,,,,,,,,,,,,,,,,,,,,,,,,,,,,,,,,,,,,,,,,,,,,,,,,,,,,,,
EVT0002622,SUB00473,CNT00024,2023-12-27,21,Mobile,108,50-75%,FALSE,TRUE,FALSE,4K,SES337797,0,,,,,,,,,,,,,,,,,,,,,,,,,,,,,,,,,,,,,,,,,,,,,,,,,,,,,,,,,,,,,,,,,,,,,,,,,,,,,,,,,,,,,,,,,,,,,,,,,,,,,,,,,,,,,,,,,,,,,,,,,
EVT0002623,SUB00249,CNT00075,2023-08-21,11,Roku,60,100%,TRUE,FALSE,TRUE,SD,SES196715,1,,,,,,,,,,,,,,,,,,,,,,,,,,,,,,,,,,,,,,,,,,,,,,,,,,,,,,,,,,,,,,,,,,,,,,,,,,,,,,,,,,,,,,,,,,,,,,,,,,,,,,,,,,,,,,,,,,,,,,,,,
EVT0002624,SUB00047,CNT00082,2023-01-26,15,Tablet,81,50-75%,FALSE,FALSE,TRUE,4K,SES874785,0,,,,,,,,,,,,,,,,,,,,,,,,,,,,,,,,,,,,,,,,,,,,,,,,,,,,,,,,,,,,,,,,,,,,,,,,,,,,,,,,,,,,,,,,,,,,,,,,,,,,,,,,,,,,,,,,,,,,,,,,,
EVT0002625,SUB00565,CNT00081,2023-12-31,22,Roku,69,<25%,FALSE,TRUE,TRUE,HD,SES523069,0,,,,,,,,,,,,,,,,,,,,,,,,,,,,,,,,,,,,,,,,,,,,,,,,,,,,,,,,,,,,,,,,,,,,,,,,,,,,,,,,,,,,,,,,,,,,,,,,,,,,,,,,,,,,,,,,,,,,,,,,,
EVT0002626,SUB00134,CNT00062,2023-02-24,21,Roku,37,100%,TRUE,TRUE,TRUE,HD,SES330257,1,,,,,,,,,,,,,,,,,,,,,,,,,,,,,,,,,,,,,,,,,,,,,,,,,,,,,,,,,,,,,,,,,,,,,,,,,,,,,,,,,,,,,,,,,,,,,,,,,,,,,,,,,,,,,,,,,,,,,,,,,
EVT0002627,SUB00131,CNT00037,2024-06-11,7,Smart TV,32,100%,TRUE,TRUE,TRUE,HD,SES295262,1,,,,,,,,,,,,,,,,,,,,,,,,,,,,,,,,,,,,,,,,,,,,,,,,,,,,,,,,,,,,,,,,,,,,,,,,,,,,,,,,,,,,,,,,,,,,,,,,,,,,,,,,,,,,,,,,,,,,,,,,,
EVT0002628,SUB00617,CNT00061,2023-08-23,20,Mobile,42,<25%,FALSE,FALSE,TRUE,SD,SES427362,0,,,,,,,,,,,,,,,,,,,,,,,,,,,,,,,,,,,,,,,,,,,,,,,,,,,,,,,,,,,,,,,,,,,,,,,,,,,,,,,,,,,,,,,,,,,,,,,,,,,,,,,,,,,,,,,,,,,,,,,,,
EVT0002629,SUB00224,CNT00072,2024-06-21,20,Desktop,97,75-99%,FALSE,FALSE,TRUE,SD,SES581341,0,,,,,,,,,,,,,,,,,,,,,,,,,,,,,,,,,,,,,,,,,,,,,,,,,,,,,,,,,,,,,,,,,,,,,,,,,,,,,,,,,,,,,,,,,,,,,,,,,,,,,,,,,,,,,,,,,,,,,,,,,
EVT0002630,SUB00227,CNT00053,2023-01-19,17,Desktop,6,100%,TRUE,TRUE,FALSE,HD,SES495968,1,,,,,,,,,,,,,,,,,,,,,,,,,,,,,,,,,,,,,,,,,,,,,,,,,,,,,,,,,,,,,,,,,,,,,,,,,,,,,,,,,,,,,,,,,,,,,,,,,,,,,,,,,,,,,,,,,,,,,,,,,
EVT0002631,SUB00166,CNT00071,2023-05-23,9,Smart TV,105,100%,TRUE,FALSE,FALSE,HD,SES233231,1,,,,,,,,,,,,,,,,,,,,,,,,,,,,,,,,,,,,,,,,,,,,,,,,,,,,,,,,,,,,,,,,,,,,,,,,,,,,,,,,,,,,,,,,,,,,,,,,,,,,,,,,,,,,,,,,,,,,,,,,,
EVT0002632,SUB00595,CNT00028,2023-05-04,22,Desktop,115,100%,TRUE,FALSE,TRUE,HD,SES682585,1,,,,,,,,,,,,,,,,,,,,,,,,,,,,,,,,,,,,,,,,,,,,,,,,,,,,,,,,,,,,,,,,,,,,,,,,,,,,,,,,,,,,,,,,,,,,,,,,,,,,,,,,,,,,,,,,,,,,,,,,,
EVT0002633,SUB00451,CNT00052,2023-09-25,12,Roku,31,100%,TRUE,TRUE,TRUE,4K,SES856990,1,,,,,,,,,,,,,,,,,,,,,,,,,,,,,,,,,,,,,,,,,,,,,,,,,,,,,,,,,,,,,,,,,,,,,,,,,,,,,,,,,,,,,,,,,,,,,,,,,,,,,,,,,,,,,,,,,,,,,,,,,
EVT0002634,SUB00660,CNT00056,2024-01-04,7,Desktop,56,100%,TRUE,FALSE,TRUE,SD,SES386433,1,,,,,,,,,,,,,,,,,,,,,,,,,,,,,,,,,,,,,,,,,,,,,,,,,,,,,,,,,,,,,,,,,,,,,,,,,,,,,,,,,,,,,,,,,,,,,,,,,,,,,,,,,,,,,,,,,,,,,,,,,
EVT0002635,SUB00238,CNT00066,2023-12-27,14,Smart TV,48,50-75%,FALSE,FALSE,FALSE,4K,SES706368,0,,,,,,,,,,,,,,,,,,,,,,,,,,,,,,,,,,,,,,,,,,,,,,,,,,,,,,,,,,,,,,,,,,,,,,,,,,,,,,,,,,,,,,,,,,,,,,,,,,,,,,,,,,,,,,,,,,,,,,,,,
EVT0002636,SUB00116,CNT00085,2023-04-04,19,Tablet,17,50-75%,FALSE,TRUE,TRUE,HD,SES224100,0,,,,,,,,,,,,,,,,,,,,,,,,,,,,,,,,,,,,,,,,,,,,,,,,,,,,,,,,,,,,,,,,,,,,,,,,,,,,,,,,,,,,,,,,,,,,,,,,,,,,,,,,,,,,,,,,,,,,,,,,,
EVT0002637,SUB00399,CNT00060,2023-01-30,8,Desktop,101,100%,TRUE,FALSE,TRUE,4K,SES686270,1,,,,,,,,,,,,,,,,,,,,,,,,,,,,,,,,,,,,,,,,,,,,,,,,,,,,,,,,,,,,,,,,,,,,,,,,,,,,,,,,,,,,,,,,,,,,,,,,,,,,,,,,,,,,,,,,,,,,,,,,,
EVT0002638,SUB00386,CNT00059,2023-08-19,19,Fire TV,48,<25%,FALSE,FALSE,TRUE,4K,SES873967,0,,,,,,,,,,,,,,,,,,,,,,,,,,,,,,,,,,,,,,,,,,,,,,,,,,,,,,,,,,,,,,,,,,,,,,,,,,,,,,,,,,,,,,,,,,,,,,,,,,,,,,,,,,,,,,,,,,,,,,,,,
EVT0002639,SUB00587,CNT00022,2024-01-17,13,Desktop,78,<25%,FALSE,TRUE,TRUE,HD,SES900128,0,,,,,,,,,,,,,,,,,,,,,,,,,,,,,,,,,,,,,,,,,,,,,,,,,,,,,,,,,,,,,,,,,,,,,,,,,,,,,,,,,,,,,,,,,,,,,,,,,,,,,,,,,,,,,,,,,,,,,,,,,
EVT0002640,SUB00199,CNT00051,2024-02-24,21,Smart TV,67,50-75%,FALSE,FALSE,TRUE,HD,SES644910,0,,,,,,,,,,,,,,,,,,,,,,,,,,,,,,,,,,,,,,,,,,,,,,,,,,,,,,,,,,,,,,,,,,,,,,,,,,,,,,,,,,,,,,,,,,,,,,,,,,,,,,,,,,,,,,,,,,,,,,,,,
EVT0002641,SUB00488,CNT00073,2024-05-19,23,Desktop,14,50-75%,FALSE,TRUE,TRUE,SD,SES609111,0,,,,,,,,,,,,,,,,,,,,,,,,,,,,,,,,,,,,,,,,,,,,,,,,,,,,,,,,,,,,,,,,,,,,,,,,,,,,,,,,,,,,,,,,,,,,,,,,,,,,,,,,,,,,,,,,,,,,,,,,,
EVT0002642,SUB00610,CNT00002,2023-09-21,23,Mobile,75,50-75%,FALSE,FALSE,FALSE,4K,SES287858,0,,,,,,,,,,,,,,,,,,,,,,,,,,,,,,,,,,,,,,,,,,,,,,,,,,,,,,,,,,,,,,,,,,,,,,,,,,,,,,,,,,,,,,,,,,,,,,,,,,,,,,,,,,,,,,,,,,,,,,,,,
EVT0002643,SUB00504,CNT00025,2024-03-18,6,Fire TV,108,50-75%,FALSE,FALSE,TRUE,SD,SES480968,0,,,,,,,,,,,,,,,,,,,,,,,,,,,,,,,,,,,,,,,,,,,,,,,,,,,,,,,,,,,,,,,,,,,,,,,,,,,,,,,,,,,,,,,,,,,,,,,,,,,,,,,,,,,,,,,,,,,,,,,,,
EVT0002644,SUB00034,CNT00016,2023-01-29,9,Tablet,44,50-75%,FALSE,FALSE,TRUE,4K,SES396808,0,,,,,,,,,,,,,,,,,,,,,,,,,,,,,,,,,,,,,,,,,,,,,,,,,,,,,,,,,,,,,,,,,,,,,,,,,,,,,,,,,,,,,,,,,,,,,,,,,,,,,,,,,,,,,,,,,,,,,,,,,
EVT0002645,SUB00204,CNT00033,2023-07-07,11,Mobile,38,75-99%,FALSE,FALSE,FALSE,SD,SES191258,0,,,,,,,,,,,,,,,,,,,,,,,,,,,,,,,,,,,,,,,,,,,,,,,,,,,,,,,,,,,,,,,,,,,,,,,,,,,,,,,,,,,,,,,,,,,,,,,,,,,,,,,,,,,,,,,,,,,,,,,,,
EVT0002646,SUB00538,CNT00013,2023-01-03,18,Tablet,110,100%,TRUE,FALSE,FALSE,HD,SES119449,1,,,,,,,,,,,,,,,,,,,,,,,,,,,,,,,,,,,,,,,,,,,,,,,,,,,,,,,,,,,,,,,,,,,,,,,,,,,,,,,,,,,,,,,,,,,,,,,,,,,,,,,,,,,,,,,,,,,,,,,,,
EVT0002647,SUB00644,CNT00085,2023-11-16,8,Tablet,120,100%,TRUE,FALSE,TRUE,HD,SES793612,1,,,,,,,,,,,,,,,,,,,,,,,,,,,,,,,,,,,,,,,,,,,,,,,,,,,,,,,,,,,,,,,,,,,,,,,,,,,,,,,,,,,,,,,,,,,,,,,,,,,,,,,,,,,,,,,,,,,,,,,,,
EVT0002648,SUB00391,CNT00074,2023-01-28,13,Desktop,62,75-99%,FALSE,TRUE,TRUE,HD,SES808401,0,,,,,,,,,,,,,,,,,,,,,,,,,,,,,,,,,,,,,,,,,,,,,,,,,,,,,,,,,,,,,,,,,,,,,,,,,,,,,,,,,,,,,,,,,,,,,,,,,,,,,,,,,,,,,,,,,,,,,,,,,
EVT0002649,SUB00122,CNT00036,2024-02-08,20,Smart TV,60,100%,TRUE,FALSE,TRUE,HD,SES159910,1,,,,,,,,,,,,,,,,,,,,,,,,,,,,,,,,,,,,,,,,,,,,,,,,,,,,,,,,,,,,,,,,,,,,,,,,,,,,,,,,,,,,,,,,,,,,,,,,,,,,,,,,,,,,,,,,,,,,,,,,,
EVT0002650,SUB00522,CNT00073,2024-01-08,11,Tablet,51,100%,TRUE,FALSE,TRUE,SD,SES796855,1,,,,,,,,,,,,,,,,,,,,,,,,,,,,,,,,,,,,,,,,,,,,,,,,,,,,,,,,,,,,,,,,,,,,,,,,,,,,,,,,,,,,,,,,,,,,,,,,,,,,,,,,,,,,,,,,,,,,,,,,,
EVT0002651,SUB00371,CNT00057,2024-01-08,11,Desktop,64,100%,TRUE,TRUE,TRUE,SD,SES814384,1,,,,,,,,,,,,,,,,,,,,,,,,,,,,,,,,,,,,,,,,,,,,,,,,,,,,,,,,,,,,,,,,,,,,,,,,,,,,,,,,,,,,,,,,,,,,,,,,,,,,,,,,,,,,,,,,,,,,,,,,,
EVT0002652,SUB00316,CNT00013,2023-12-10,20,Fire TV,68,100%,TRUE,TRUE,FALSE,HD,SES865625,1,,,,,,,,,,,,,,,,,,,,,,,,,,,,,,,,,,,,,,,,,,,,,,,,,,,,,,,,,,,,,,,,,,,,,,,,,,,,,,,,,,,,,,,,,,,,,,,,,,,,,,,,,,,,,,,,,,,,,,,,,
EVT0002653,SUB00005,CNT00076,2024-02-28,16,Desktop,70,75-99%,FALSE,FALSE,FALSE,HD,SES771980,0,,,,,,,,,,,,,,,,,,,,,,,,,,,,,,,,,,,,,,,,,,,,,,,,,,,,,,,,,,,,,,,,,,,,,,,,,,,,,,,,,,,,,,,,,,,,,,,,,,,,,,,,,,,,,,,,,,,,,,,,,
EVT0002654,SUB00065,CNT00083,2024-03-06,21,Smart TV,49,75-99%,FALSE,FALSE,TRUE,HD,SES970269,0,,,,,,,,,,,,,,,,,,,,,,,,,,,,,,,,,,,,,,,,,,,,,,,,,,,,,,,,,,,,,,,,,,,,,,,,,,,,,,,,,,,,,,,,,,,,,,,,,,,,,,,,,,,,,,,,,,,,,,,,,
EVT0002655,SUB00218,CNT00025,2023-10-28,19,Tablet,39,100%,TRUE,FALSE,TRUE,HD,SES501267,1,,,,,,,,,,,,,,,,,,,,,,,,,,,,,,,,,,,,,,,,,,,,,,,,,,,,,,,,,,,,,,,,,,,,,,,,,,,,,,,,,,,,,,,,,,,,,,,,,,,,,,,,,,,,,,,,,,,,,,,,,
EVT0002656,SUB00154,CNT00064,2023-07-25,17,Roku,55,100%,TRUE,FALSE,FALSE,4K,SES643416,1,,,,,,,,,,,,,,,,,,,,,,,,,,,,,,,,,,,,,,,,,,,,,,,,,,,,,,,,,,,,,,,,,,,,,,,,,,,,,,,,,,,,,,,,,,,,,,,,,,,,,,,,,,,,,,,,,,,,,,,,,
EVT0002657,SUB00672,CNT00050,2024-03-31,14,Desktop,100,100%,TRUE,TRUE,TRUE,4K,SES982858,1,,,,,,,,,,,,,,,,,,,,,,,,,,,,,,,,,,,,,,,,,,,,,,,,,,,,,,,,,,,,,,,,,,,,,,,,,,,,,,,,,,,,,,,,,,,,,,,,,,,,,,,,,,,,,,,,,,,,,,,,,
EVT0002658,SUB00282,CNT00033,2023-09-02,7,Fire TV,86,100%,TRUE,TRUE,TRUE,SD,SES912282,1,,,,,,,,,,,,,,,,,,,,,,,,,,,,,,,,,,,,,,,,,,,,,,,,,,,,,,,,,,,,,,,,,,,,,,,,,,,,,,,,,,,,,,,,,,,,,,,,,,,,,,,,,,,,,,,,,,,,,,,,,
EVT0002659,SUB00248,CNT00022,2024-01-09,6,Roku,97,100%,TRUE,FALSE,FALSE,HD,SES740828,1,,,,,,,,,,,,,,,,,,,,,,,,,,,,,,,,,,,,,,,,,,,,,,,,,,,,,,,,,,,,,,,,,,,,,,,,,,,,,,,,,,,,,,,,,,,,,,,,,,,,,,,,,,,,,,,,,,,,,,,,,
EVT0002660,SUB00323,CNT00083,2024-02-12,16,Mobile,35,100%,TRUE,FALSE,TRUE,4K,SES680875,1,,,,,,,,,,,,,,,,,,,,,,,,,,,,,,,,,,,,,,,,,,,,,,,,,,,,,,,,,,,,,,,,,,,,,,,,,,,,,,,,,,,,,,,,,,,,,,,,,,,,,,,,,,,,,,,,,,,,,,,,,
EVT0002661,SUB00494,CNT00048,2023-02-03,12,Smart TV,98,50-75%,FALSE,FALSE,TRUE,HD,SES708536,0,,,,,,,,,,,,,,,,,,,,,,,,,,,,,,,,,,,,,,,,,,,,,,,,,,,,,,,,,,,,,,,,,,,,,,,,,,,,,,,,,,,,,,,,,,,,,,,,,,,,,,,,,,,,,,,,,,,,,,,,,
EVT0002662,SUB00192,CNT00016,2023-07-13,18,Tablet,99,50-75%,FALSE,FALSE,TRUE,4K,SES950838,0,,,,,,,,,,,,,,,,,,,,,,,,,,,,,,,,,,,,,,,,,,,,,,,,,,,,,,,,,,,,,,,,,,,,,,,,,,,,,,,,,,,,,,,,,,,,,,,,,,,,,,,,,,,,,,,,,,,,,,,,,
EVT0002663,SUB00487,CNT00024,2023-01-30,14,Mobile,50,<25%,FALSE,TRUE,FALSE,HD,SES329033,0,,,,,,,,,,,,,,,,,,,,,,,,,,,,,,,,,,,,,,,,,,,,,,,,,,,,,,,,,,,,,,,,,,,,,,,,,,,,,,,,,,,,,,,,,,,,,,,,,,,,,,,,,,,,,,,,,,,,,,,,,
EVT0002664,SUB00264,CNT00041,2023-06-30,10,Desktop,51,25-50%,FALSE,FALSE,TRUE,HD,SES573909,0,,,,,,,,,,,,,,,,,,,,,,,,,,,,,,,,,,,,,,,,,,,,,,,,,,,,,,,,,,,,,,,,,,,,,,,,,,,,,,,,,,,,,,,,,,,,,,,,,,,,,,,,,,,,,,,,,,,,,,,,,
EVT0002665,SUB00211,CNT00031,2024-03-18,20,Tablet,87,100%,TRUE,FALSE,TRUE,HD,SES552862,1,,,,,,,,,,,,,,,,,,,,,,,,,,,,,,,,,,,,,,,,,,,,,,,,,,,,,,,,,,,,,,,,,,,,,,,,,,,,,,,,,,,,,,,,,,,,,,,,,,,,,,,,,,,,,,,,,,,,,,,,,
EVT0002666,SUB00254,CNT00089,2023-02-08,21,Smart TV,110,100%,TRUE,FALSE,FALSE,HD,SES377302,1,,,,,,,,,,,,,,,,,,,,,,,,,,,,,,,,,,,,,,,,,,,,,,,,,,,,,,,,,,,,,,,,,,,,,,,,,,,,,,,,,,,,,,,,,,,,,,,,,,,,,,,,,,,,,,,,,,,,,,,,,
EVT0002667,SUB00344,CNT00007,2023-04-25,15,Mobile,11,100%,TRUE,TRUE,TRUE,HD,SES758804,1,,,,,,,,,,,,,,,,,,,,,,,,,,,,,,,,,,,,,,,,,,,,,,,,,,,,,,,,,,,,,,,,,,,,,,,,,,,,,,,,,,,,,,,,,,,,,,,,,,,,,,,,,,,,,,,,,,,,,,,,,
EVT0002668,SUB00447,CNT00086,2024-05-15,16,Mobile,55,75-99%,FALSE,FALSE,FALSE,4K,SES720651,0,,,,,,,,,,,,,,,,,,,,,,,,,,,,,,,,,,,,,,,,,,,,,,,,,,,,,,,,,,,,,,,,,,,,,,,,,,,,,,,,,,,,,,,,,,,,,,,,,,,,,,,,,,,,,,,,,,,,,,,,,
EVT0002669,SUB00488,CNT00061,2024-04-17,12,Smart TV,115,50-75%,FALSE,TRUE,TRUE,SD,SES376389,0,,,,,,,,,,,,,,,,,,,,,,,,,,,,,,,,,,,,,,,,,,,,,,,,,,,,,,,,,,,,,,,,,,,,,,,,,,,,,,,,,,,,,,,,,,,,,,,,,,,,,,,,,,,,,,,,,,,,,,,,,
EVT0002670,SUB00221,CNT00058,2023-09-15,17,Tablet,95,100%,TRUE,FALSE,FALSE,HD,SES320592,1,,,,,,,,,,,,,,,,,,,,,,,,,,,,,,,,,,,,,,,,,,,,,,,,,,,,,,,,,,,,,,,,,,,,,,,,,,,,,,,,,,,,,,,,,,,,,,,,,,,,,,,,,,,,,,,,,,,,,,,,,
EVT0002671,SUB00024,CNT00045,2023-12-16,11,Desktop,9,100%,TRUE,TRUE,TRUE,SD,SES861475,1,,,,,,,,,,,,,,,,,,,,,,,,,,,,,,,,,,,,,,,,,,,,,,,,,,,,,,,,,,,,,,,,,,,,,,,,,,,,,,,,,,,,,,,,,,,,,,,,,,,,,,,,,,,,,,,,,,,,,,,,,
EVT0002672,SUB00541,CNT00056,2024-02-18,7,Desktop,15,100%,TRUE,FALSE,FALSE,HD,SES813241,1,,,,,,,,,,,,,,,,,,,,,,,,,,,,,,,,,,,,,,,,,,,,,,,,,,,,,,,,,,,,,,,,,,,,,,,,,,,,,,,,,,,,,,,,,,,,,,,,,,,,,,,,,,,,,,,,,,,,,,,,,
EVT0002673,SUB00164,CNT00031,2023-05-03,18,Mobile,115,100%,TRUE,TRUE,FALSE,SD,SES233563,1,,,,,,,,,,,,,,,,,,,,,,,,,,,,,,,,,,,,,,,,,,,,,,,,,,,,,,,,,,,,,,,,,,,,,,,,,,,,,,,,,,,,,,,,,,,,,,,,,,,,,,,,,,,,,,,,,,,,,,,,,
EVT0002674,SUB00504,CNT00047,2023-07-12,22,Tablet,91,100%,TRUE,TRUE,FALSE,HD,SES360529,1,,,,,,,,,,,,,,,,,,,,,,,,,,,,,,,,,,,,,,,,,,,,,,,,,,,,,,,,,,,,,,,,,,,,,,,,,,,,,,,,,,,,,,,,,,,,,,,,,,,,,,,,,,,,,,,,,,,,,,,,,
EVT0002675,SUB00422,CNT00058,2024-05-25,22,Mobile,67,<25%,FALSE,FALSE,TRUE,SD,SES758472,0,,,,,,,,,,,,,,,,,,,,,,,,,,,,,,,,,,,,,,,,,,,,,,,,,,,,,,,,,,,,,,,,,,,,,,,,,,,,,,,,,,,,,,,,,,,,,,,,,,,,,,,,,,,,,,,,,,,,,,,,,
EVT0002676,SUB00657,CNT00091,2024-02-19,19,Tablet,10,<25%,FALSE,FALSE,TRUE,HD,SES653344,0,,,,,,,,,,,,,,,,,,,,,,,,,,,,,,,,,,,,,,,,,,,,,,,,,,,,,,,,,,,,,,,,,,,,,,,,,,,,,,,,,,,,,,,,,,,,,,,,,,,,,,,,,,,,,,,,,,,,,,,,,
EVT0002677,SUB00551,CNT00039,2023-07-29,14,Roku,30,75-99%,FALSE,TRUE,TRUE,4K,SES642684,0,,,,,,,,,,,,,,,,,,,,,,,,,,,,,,,,,,,,,,,,,,,,,,,,,,,,,,,,,,,,,,,,,,,,,,,,,,,,,,,,,,,,,,,,,,,,,,,,,,,,,,,,,,,,,,,,,,,,,,,,,
EVT0002678,SUB00474,CNT00028,2023-12-26,6,Tablet,117,100%,TRUE,FALSE,FALSE,HD,SES602486,1,,,,,,,,,,,,,,,,,,,,,,,,,,,,,,,,,,,,,,,,,,,,,,,,,,,,,,,,,,,,,,,,,,,,,,,,,,,,,,,,,,,,,,,,,,,,,,,,,,,,,,,,,,,,,,,,,,,,,,,,,
EVT0002679,SUB00527,CNT00034,2023-07-09,20,Roku,116,25-50%,FALSE,FALSE,TRUE,HD,SES942623,0,,,,,,,,,,,,,,,,,,,,,,,,,,,,,,,,,,,,,,,,,,,,,,,,,,,,,,,,,,,,,,,,,,,,,,,,,,,,,,,,,,,,,,,,,,,,,,,,,,,,,,,,,,,,,,,,,,,,,,,,,
EVT0002680,SUB00252,CNT00011,2023-09-20,22,Tablet,100,75-99%,FALSE,FALSE,FALSE,4K,SES373775,0,,,,,,,,,,,,,,,,,,,,,,,,,,,,,,,,,,,,,,,,,,,,,,,,,,,,,,,,,,,,,,,,,,,,,,,,,,,,,,,,,,,,,,,,,,,,,,,,,,,,,,,,,,,,,,,,,,,,,,,,,
EVT0002681,SUB00043,CNT00085,2023-10-01,16,Fire TV,80,100%,TRUE,TRUE,TRUE,HD,SES295234,1,,,,,,,,,,,,,,,,,,,,,,,,,,,,,,,,,,,,,,,,,,,,,,,,,,,,,,,,,,,,,,,,,,,,,,,,,,,,,,,,,,,,,,,,,,,,,,,,,,,,,,,,,,,,,,,,,,,,,,,,,
EVT0002682,SUB00473,CNT00048,2023-02-04,16,Smart TV,59,75-99%,FALSE,FALSE,FALSE,SD,SES230230,0,,,,,,,,,,,,,,,,,,,,,,,,,,,,,,,,,,,,,,,,,,,,,,,,,,,,,,,,,,,,,,,,,,,,,,,,,,,,,,,,,,,,,,,,,,,,,,,,,,,,,,,,,,,,,,,,,,,,,,,,,
EVT0002683,SUB00163,CNT00099,2024-01-06,10,Roku,81,100%,TRUE,FALSE,FALSE,HD,SES499609,1,,,,,,,,,,,,,,,,,,,,,,,,,,,,,,,,,,,,,,,,,,,,,,,,,,,,,,,,,,,,,,,,,,,,,,,,,,,,,,,,,,,,,,,,,,,,,,,,,,,,,,,,,,,,,,,,,,,,,,,,,
EVT0002684,SUB00225,CNT00064,2023-07-20,11,Smart TV,50,100%,TRUE,FALSE,TRUE,4K,SES103373,1,,,,,,,,,,,,,,,,,,,,,,,,,,,,,,,,,,,,,,,,,,,,,,,,,,,,,,,,,,,,,,,,,,,,,,,,,,,,,,,,,,,,,,,,,,,,,,,,,,,,,,,,,,,,,,,,,,,,,,,,,
EVT0002685,SUB00031,CNT00083,2023-09-08,17,Tablet,108,100%,TRUE,TRUE,TRUE,HD,SES318607,1,,,,,,,,,,,,,,,,,,,,,,,,,,,,,,,,,,,,,,,,,,,,,,,,,,,,,,,,,,,,,,,,,,,,,,,,,,,,,,,,,,,,,,,,,,,,,,,,,,,,,,,,,,,,,,,,,,,,,,,,,
EVT0002686,SUB00027,CNT00090,2023-06-17,17,Smart TV,16,100%,TRUE,FALSE,TRUE,SD,SES123059,1,,,,,,,,,,,,,,,,,,,,,,,,,,,,,,,,,,,,,,,,,,,,,,,,,,,,,,,,,,,,,,,,,,,,,,,,,,,,,,,,,,,,,,,,,,,,,,,,,,,,,,,,,,,,,,,,,,,,,,,,,
EVT0002687,SUB00132,CNT00077,2023-10-27,10,Fire TV,9,100%,TRUE,FALSE,TRUE,HD,SES232451,1,,,,,,,,,,,,,,,,,,,,,,,,,,,,,,,,,,,,,,,,,,,,,,,,,,,,,,,,,,,,,,,,,,,,,,,,,,,,,,,,,,,,,,,,,,,,,,,,,,,,,,,,,,,,,,,,,,,,,,,,,
EVT0002688,SUB00309,CNT00016,2023-02-26,7,Roku,35,100%,TRUE,TRUE,TRUE,4K,SES656465,1,,,,,,,,,,,,,,,,,,,,,,,,,,,,,,,,,,,,,,,,,,,,,,,,,,,,,,,,,,,,,,,,,,,,,,,,,,,,,,,,,,,,,,,,,,,,,,,,,,,,,,,,,,,,,,,,,,,,,,,,,
EVT0002689,SUB00460,CNT00002,2023-10-22,21,Roku,62,75-99%,FALSE,TRUE,FALSE,HD,SES884826,0,,,,,,,,,,,,,,,,,,,,,,,,,,,,,,,,,,,,,,,,,,,,,,,,,,,,,,,,,,,,,,,,,,,,,,,,,,,,,,,,,,,,,,,,,,,,,,,,,,,,,,,,,,,,,,,,,,,,,,,,,
EVT0002690,SUB00278,CNT00043,2023-06-03,16,Smart TV,72,100%,TRUE,TRUE,TRUE,SD,SES661810,1,,,,,,,,,,,,,,,,,,,,,,,,,,,,,,,,,,,,,,,,,,,,,,,,,,,,,,,,,,,,,,,,,,,,,,,,,,,,,,,,,,,,,,,,,,,,,,,,,,,,,,,,,,,,,,,,,,,,,,,,,
EVT0002691,SUB00498,CNT00013,2023-06-10,10,Desktop,40,100%,TRUE,TRUE,FALSE,4K,SES203249,1,,,,,,,,,,,,,,,,,,,,,,,,,,,,,,,,,,,,,,,,,,,,,,,,,,,,,,,,,,,,,,,,,,,,,,,,,,,,,,,,,,,,,,,,,,,,,,,,,,,,,,,,,,,,,,,,,,,,,,,,,
EVT0002692,SUB00352,CNT00042,2024-05-31,20,Fire TV,58,75-99%,FALSE,FALSE,FALSE,SD,SES452891,0,,,,,,,,,,,,,,,,,,,,,,,,,,,,,,,,,,,,,,,,,,,,,,,,,,,,,,,,,,,,,,,,,,,,,,,,,,,,,,,,,,,,,,,,,,,,,,,,,,,,,,,,,,,,,,,,,,,,,,,,,
EVT0002693,SUB00606,CNT00012,2023-12-13,9,Roku,59,100%,TRUE,FALSE,FALSE,HD,SES444294,1,,,,,,,,,,,,,,,,,,,,,,,,,,,,,,,,,,,,,,,,,,,,,,,,,,,,,,,,,,,,,,,,,,,,,,,,,,,,,,,,,,,,,,,,,,,,,,,,,,,,,,,,,,,,,,,,,,,,,,,,,
EVT0002694,SUB00269,CNT00059,2023-11-07,16,Mobile,110,75-99%,FALSE,FALSE,TRUE,HD,SES681337,0,,,,,,,,,,,,,,,,,,,,,,,,,,,,,,,,,,,,,,,,,,,,,,,,,,,,,,,,,,,,,,,,,,,,,,,,,,,,,,,,,,,,,,,,,,,,,,,,,,,,,,,,,,,,,,,,,,,,,,,,,
EVT0002695,SUB00600,CNT00092,2023-10-16,6,Roku,78,100%,TRUE,TRUE,FALSE,4K,SES402101,1,,,,,,,,,,,,,,,,,,,,,,,,,,,,,,,,,,,,,,,,,,,,,,,,,,,,,,,,,,,,,,,,,,,,,,,,,,,,,,,,,,,,,,,,,,,,,,,,,,,,,,,,,,,,,,,,,,,,,,,,,
EVT0002696,SUB00298,CNT00099,2024-02-21,20,Desktop,81,50-75%,FALSE,FALSE,TRUE,4K,SES730544,0,,,,,,,,,,,,,,,,,,,,,,,,,,,,,,,,,,,,,,,,,,,,,,,,,,,,,,,,,,,,,,,,,,,,,,,,,,,,,,,,,,,,,,,,,,,,,,,,,,,,,,,,,,,,,,,,,,,,,,,,,
EVT0002697,SUB00378,CNT00066,2023-08-04,7,Roku,101,75-99%,FALSE,FALSE,TRUE,HD,SES568332,0,,,,,,,,,,,,,,,,,,,,,,,,,,,,,,,,,,,,,,,,,,,,,,,,,,,,,,,,,,,,,,,,,,,,,,,,,,,,,,,,,,,,,,,,,,,,,,,,,,,,,,,,,,,,,,,,,,,,,,,,,
EVT0002698,SUB00338,CNT00049,2024-03-25,21,Tablet,52,100%,TRUE,FALSE,TRUE,4K,SES397661,1,,,,,,,,,,,,,,,,,,,,,,,,,,,,,,,,,,,,,,,,,,,,,,,,,,,,,,,,,,,,,,,,,,,,,,,,,,,,,,,,,,,,,,,,,,,,,,,,,,,,,,,,,,,,,,,,,,,,,,,,,
EVT0002699,SUB00130,CNT00093,2023-05-01,15,Fire TV,80,25-50%,FALSE,TRUE,TRUE,HD,SES592764,0,,,,,,,,,,,,,,,,,,,,,,,,,,,,,,,,,,,,,,,,,,,,,,,,,,,,,,,,,,,,,,,,,,,,,,,,,,,,,,,,,,,,,,,,,,,,,,,,,,,,,,,,,,,,,,,,,,,,,,,,,
EVT0002700,SUB00018,CNT00091,2023-02-09,16,Tablet,81,50-75%,FALSE,FALSE,FALSE,4K,SES696839,0,,,,,,,,,,,,,,,,,,,,,,,,,,,,,,,,,,,,,,,,,,,,,,,,,,,,,,,,,,,,,,,,,,,,,,,,,,,,,,,,,,,,,,,,,,,,,,,,,,,,,,,,,,,,,,,,,,,,,,,,,
EVT0002701,SUB00473,CNT00093,2024-03-02,9,Desktop,59,100%,TRUE,TRUE,TRUE,HD,SES457479,1,,,,,,,,,,,,,,,,,,,,,,,,,,,,,,,,,,,,,,,,,,,,,,,,,,,,,,,,,,,,,,,,,,,,,,,,,,,,,,,,,,,,,,,,,,,,,,,,,,,,,,,,,,,,,,,,,,,,,,,,,
EVT0002702,SUB00675,CNT00016,2024-03-07,17,Roku,33,25-50%,FALSE,FALSE,TRUE,HD,SES914243,0,,,,,,,,,,,,,,,,,,,,,,,,,,,,,,,,,,,,,,,,,,,,,,,,,,,,,,,,,,,,,,,,,,,,,,,,,,,,,,,,,,,,,,,,,,,,,,,,,,,,,,,,,,,,,,,,,,,,,,,,,
EVT0002703,SUB00442,CNT00080,2024-04-06,6,Desktop,43,100%,TRUE,TRUE,TRUE,HD,SES614661,1,,,,,,,,,,,,,,,,,,,,,,,,,,,,,,,,,,,,,,,,,,,,,,,,,,,,,,,,,,,,,,,,,,,,,,,,,,,,,,,,,,,,,,,,,,,,,,,,,,,,,,,,,,,,,,,,,,,,,,,,,
EVT0002704,SUB00696,CNT00047,2023-06-01,8,Tablet,109,25-50%,FALSE,FALSE,TRUE,HD,SES389726,0,,,,,,,,,,,,,,,,,,,,,,,,,,,,,,,,,,,,,,,,,,,,,,,,,,,,,,,,,,,,,,,,,,,,,,,,,,,,,,,,,,,,,,,,,,,,,,,,,,,,,,,,,,,,,,,,,,,,,,,,,
EVT0002705,SUB00509,CNT00082,2023-04-16,7,Tablet,41,100%,TRUE,FALSE,TRUE,HD,SES352349,1,,,,,,,,,,,,,,,,,,,,,,,,,,,,,,,,,,,,,,,,,,,,,,,,,,,,,,,,,,,,,,,,,,,,,,,,,,,,,,,,,,,,,,,,,,,,,,,,,,,,,,,,,,,,,,,,,,,,,,,,,
EVT0002706,SUB00362,CNT00071,2023-10-24,17,Desktop,107,100%,TRUE,TRUE,TRUE,HD,SES685360,1,,,,,,,,,,,,,,,,,,,,,,,,,,,,,,,,,,,,,,,,,,,,,,,,,,,,,,,,,,,,,,,,,,,,,,,,,,,,,,,,,,,,,,,,,,,,,,,,,,,,,,,,,,,,,,,,,,,,,,,,,
EVT0002707,SUB00209,CNT00077,2023-08-08,19,Desktop,70,75-99%,FALSE,TRUE,FALSE,HD,SES473420,0,,,,,,,,,,,,,,,,,,,,,,,,,,,,,,,,,,,,,,,,,,,,,,,,,,,,,,,,,,,,,,,,,,,,,,,,,,,,,,,,,,,,,,,,,,,,,,,,,,,,,,,,,,,,,,,,,,,,,,,,,
EVT0002708,SUB00309,CNT00096,2023-01-08,6,Roku,58,100%,TRUE,FALSE,TRUE,4K,SES310683,1,,,,,,,,,,,,,,,,,,,,,,,,,,,,,,,,,,,,,,,,,,,,,,,,,,,,,,,,,,,,,,,,,,,,,,,,,,,,,,,,,,,,,,,,,,,,,,,,,,,,,,,,,,,,,,,,,,,,,,,,,
EVT0002709,SUB00486,CNT00099,2023-03-23,21,Roku,46,50-75%,FALSE,TRUE,TRUE,HD,SES578980,0,,,,,,,,,,,,,,,,,,,,,,,,,,,,,,,,,,,,,,,,,,,,,,,,,,,,,,,,,,,,,,,,,,,,,,,,,,,,,,,,,,,,,,,,,,,,,,,,,,,,,,,,,,,,,,,,,,,,,,,,,
EVT0002710,SUB00229,CNT00049,2023-08-26,13,Mobile,90,100%,TRUE,FALSE,TRUE,SD,SES648942,1,,,,,,,,,,,,,,,,,,,,,,,,,,,,,,,,,,,,,,,,,,,,,,,,,,,,,,,,,,,,,,,,,,,,,,,,,,,,,,,,,,,,,,,,,,,,,,,,,,,,,,,,,,,,,,,,,,,,,,,,,
EVT0002711,SUB00519,CNT00083,2024-06-14,8,Mobile,52,100%,TRUE,FALSE,FALSE,HD,SES726227,1,,,,,,,,,,,,,,,,,,,,,,,,,,,,,,,,,,,,,,,,,,,,,,,,,,,,,,,,,,,,,,,,,,,,,,,,,,,,,,,,,,,,,,,,,,,,,,,,,,,,,,,,,,,,,,,,,,,,,,,,,
EVT0002712,SUB00096,CNT00088,2023-03-22,7,Smart TV,56,50-75%,FALSE,FALSE,TRUE,SD,SES740773,0,,,,,,,,,,,,,,,,,,,,,,,,,,,,,,,,,,,,,,,,,,,,,,,,,,,,,,,,,,,,,,,,,,,,,,,,,,,,,,,,,,,,,,,,,,,,,,,,,,,,,,,,,,,,,,,,,,,,,,,,,
EVT0002713,SUB00695,CNT00091,2023-07-14,19,Smart TV,68,50-75%,FALSE,FALSE,TRUE,HD,SES102557,0,,,,,,,,,,,,,,,,,,,,,,,,,,,,,,,,,,,,,,,,,,,,,,,,,,,,,,,,,,,,,,,,,,,,,,,,,,,,,,,,,,,,,,,,,,,,,,,,,,,,,,,,,,,,,,,,,,,,,,,,,
EVT0002714,SUB00557,CNT00058,2023-08-30,8,Roku,73,75-99%,FALSE,FALSE,TRUE,HD,SES411588,0,,,,,,,,,,,,,,,,,,,,,,,,,,,,,,,,,,,,,,,,,,,,,,,,,,,,,,,,,,,,,,,,,,,,,,,,,,,,,,,,,,,,,,,,,,,,,,,,,,,,,,,,,,,,,,,,,,,,,,,,,
EVT0002715,SUB00461,CNT00097,2023-10-18,20,Desktop,56,100%,TRUE,TRUE,FALSE,4K,SES984288,1,,,,,,,,,,,,,,,,,,,,,,,,,,,,,,,,,,,,,,,,,,,,,,,,,,,,,,,,,,,,,,,,,,,,,,,,,,,,,,,,,,,,,,,,,,,,,,,,,,,,,,,,,,,,,,,,,,,,,,,,,
EVT0002716,SUB00009,CNT00039,2023-05-19,8,Smart TV,42,75-99%,FALSE,TRUE,FALSE,HD,SES556093,0,,,,,,,,,,,,,,,,,,,,,,,,,,,,,,,,,,,,,,,,,,,,,,,,,,,,,,,,,,,,,,,,,,,,,,,,,,,,,,,,,,,,,,,,,,,,,,,,,,,,,,,,,,,,,,,,,,,,,,,,,
EVT0002717,SUB00493,CNT00081,2023-10-27,15,Tablet,113,100%,TRUE,TRUE,TRUE,HD,SES779733,1,,,,,,,,,,,,,,,,,,,,,,,,,,,,,,,,,,,,,,,,,,,,,,,,,,,,,,,,,,,,,,,,,,,,,,,,,,,,,,,,,,,,,,,,,,,,,,,,,,,,,,,,,,,,,,,,,,,,,,,,,
EVT0002718,SUB00171,CNT00077,2023-07-18,19,Smart TV,61,100%,TRUE,FALSE,FALSE,4K,SES643459,1,,,,,,,,,,,,,,,,,,,,,,,,,,,,,,,,,,,,,,,,,,,,,,,,,,,,,,,,,,,,,,,,,,,,,,,,,,,,,,,,,,,,,,,,,,,,,,,,,,,,,,,,,,,,,,,,,,,,,,,,,
EVT0002719,SUB00700,CNT00061,2023-04-06,15,Tablet,83,75-99%,FALSE,FALSE,TRUE,4K,SES507026,0,,,,,,,,,,,,,,,,,,,,,,,,,,,,,,,,,,,,,,,,,,,,,,,,,,,,,,,,,,,,,,,,,,,,,,,,,,,,,,,,,,,,,,,,,,,,,,,,,,,,,,,,,,,,,,,,,,,,,,,,,
EVT0002720,SUB00457,CNT00040,2024-06-23,14,Desktop,109,100%,TRUE,FALSE,TRUE,HD,SES746556,1,,,,,,,,,,,,,,,,,,,,,,,,,,,,,,,,,,,,,,,,,,,,,,,,,,,,,,,,,,,,,,,,,,,,,,,,,,,,,,,,,,,,,,,,,,,,,,,,,,,,,,,,,,,,,,,,,,,,,,,,,
EVT0002721,SUB00256,CNT00067,2023-12-09,19,Desktop,44,50-75%,FALSE,FALSE,TRUE,HD,SES744926,0,,,,,,,,,,,,,,,,,,,,,,,,,,,,,,,,,,,,,,,,,,,,,,,,,,,,,,,,,,,,,,,,,,,,,,,,,,,,,,,,,,,,,,,,,,,,,,,,,,,,,,,,,,,,,,,,,,,,,,,,,
EVT0002722,SUB00011,CNT00081,2023-10-13,6,Roku,77,75-99%,FALSE,FALSE,TRUE,HD,SES507477,0,,,,,,,,,,,,,,,,,,,,,,,,,,,,,,,,,,,,,,,,,,,,,,,,,,,,,,,,,,,,,,,,,,,,,,,,,,,,,,,,,,,,,,,,,,,,,,,,,,,,,,,,,,,,,,,,,,,,,,,,,
EVT0002723,SUB00429,CNT00067,2024-02-04,9,Fire TV,73,<25%,FALSE,TRUE,TRUE,HD,SES919464,0,,,,,,,,,,,,,,,,,,,,,,,,,,,,,,,,,,,,,,,,,,,,,,,,,,,,,,,,,,,,,,,,,,,,,,,,,,,,,,,,,,,,,,,,,,,,,,,,,,,,,,,,,,,,,,,,,,,,,,,,,
EVT0002724,SUB00249,CNT00084,2023-05-30,10,Tablet,54,100%,TRUE,FALSE,TRUE,HD,SES294761,1,,,,,,,,,,,,,,,,,,,,,,,,,,,,,,,,,,,,,,,,,,,,,,,,,,,,,,,,,,,,,,,,,,,,,,,,,,,,,,,,,,,,,,,,,,,,,,,,,,,,,,,,,,,,,,,,,,,,,,,,,
EVT0002725,SUB00232,CNT00030,2023-02-23,23,Tablet,11,75-99%,FALSE,FALSE,FALSE,SD,SES313650,0,,,,,,,,,,,,,,,,,,,,,,,,,,,,,,,,,,,,,,,,,,,,,,,,,,,,,,,,,,,,,,,,,,,,,,,,,,,,,,,,,,,,,,,,,,,,,,,,,,,,,,,,,,,,,,,,,,,,,,,,,
EVT0002726,SUB00424,CNT00039,2024-06-11,22,Tablet,68,100%,TRUE,FALSE,TRUE,SD,SES378392,1,,,,,,,,,,,,,,,,,,,,,,,,,,,,,,,,,,,,,,,,,,,,,,,,,,,,,,,,,,,,,,,,,,,,,,,,,,,,,,,,,,,,,,,,,,,,,,,,,,,,,,,,,,,,,,,,,,,,,,,,,
EVT0002727,SUB00336,CNT00088,2023-12-04,16,Fire TV,104,100%,TRUE,FALSE,FALSE,HD,SES783384,1,,,,,,,,,,,,,,,,,,,,,,,,,,,,,,,,,,,,,,,,,,,,,,,,,,,,,,,,,,,,,,,,,,,,,,,,,,,,,,,,,,,,,,,,,,,,,,,,,,,,,,,,,,,,,,,,,,,,,,,,,
EVT0002728,SUB00472,CNT00072,2024-01-16,7,Tablet,48,100%,TRUE,TRUE,FALSE,HD,SES514815,1,,,,,,,,,,,,,,,,,,,,,,,,,,,,,,,,,,,,,,,,,,,,,,,,,,,,,,,,,,,,,,,,,,,,,,,,,,,,,,,,,,,,,,,,,,,,,,,,,,,,,,,,,,,,,,,,,,,,,,,,,
EVT0002729,SUB00668,CNT00082,2024-05-05,14,Smart TV,58,50-75%,FALSE,TRUE,TRUE,HD,SES138190,0,,,,,,,,,,,,,,,,,,,,,,,,,,,,,,,,,,,,,,,,,,,,,,,,,,,,,,,,,,,,,,,,,,,,,,,,,,,,,,,,,,,,,,,,,,,,,,,,,,,,,,,,,,,,,,,,,,,,,,,,,
EVT0002730,SUB00421,CNT00068,2024-01-12,14,Tablet,27,75-99%,FALSE,TRUE,TRUE,4K,SES258256,0,,,,,,,,,,,,,,,,,,,,,,,,,,,,,,,,,,,,,,,,,,,,,,,,,,,,,,,,,,,,,,,,,,,,,,,,,,,,,,,,,,,,,,,,,,,,,,,,,,,,,,,,,,,,,,,,,,,,,,,,,
EVT0002731,SUB00523,CNT00033,2023-03-31,9,Tablet,22,75-99%,FALSE,TRUE,TRUE,4K,SES186845,0,,,,,,,,,,,,,,,,,,,,,,,,,,,,,,,,,,,,,,,,,,,,,,,,,,,,,,,,,,,,,,,,,,,,,,,,,,,,,,,,,,,,,,,,,,,,,,,,,,,,,,,,,,,,,,,,,,,,,,,,,
EVT0002732,SUB00586,CNT00045,2023-04-05,6,Tablet,57,100%,TRUE,FALSE,FALSE,SD,SES346868,1,,,,,,,,,,,,,,,,,,,,,,,,,,,,,,,,,,,,,,,,,,,,,,,,,,,,,,,,,,,,,,,,,,,,,,,,,,,,,,,,,,,,,,,,,,,,,,,,,,,,,,,,,,,,,,,,,,,,,,,,,
EVT0002733,SUB00325,CNT00071,2023-08-18,23,Mobile,85,50-75%,FALSE,FALSE,TRUE,HD,SES973417,0,,,,,,,,,,,,,,,,,,,,,,,,,,,,,,,,,,,,,,,,,,,,,,,,,,,,,,,,,,,,,,,,,,,,,,,,,,,,,,,,,,,,,,,,,,,,,,,,,,,,,,,,,,,,,,,,,,,,,,,,,
EVT0002734,SUB00577,CNT00061,2023-07-10,19,Fire TV,31,100%,TRUE,TRUE,TRUE,HD,SES825445,1,,,,,,,,,,,,,,,,,,,,,,,,,,,,,,,,,,,,,,,,,,,,,,,,,,,,,,,,,,,,,,,,,,,,,,,,,,,,,,,,,,,,,,,,,,,,,,,,,,,,,,,,,,,,,,,,,,,,,,,,,
EVT0002735,SUB00286,CNT00024,2023-02-18,6,Desktop,10,75-99%,FALSE,FALSE,FALSE,HD,SES181181,0,,,,,,,,,,,,,,,,,,,,,,,,,,,,,,,,,,,,,,,,,,,,,,,,,,,,,,,,,,,,,,,,,,,,,,,,,,,,,,,,,,,,,,,,,,,,,,,,,,,,,,,,,,,,,,,,,,,,,,,,,
EVT0002736,SUB00045,CNT00009,2024-05-17,8,Roku,39,25-50%,FALSE,FALSE,TRUE,4K,SES708571,0,,,,,,,,,,,,,,,,,,,,,,,,,,,,,,,,,,,,,,,,,,,,,,,,,,,,,,,,,,,,,,,,,,,,,,,,,,,,,,,,,,,,,,,,,,,,,,,,,,,,,,,,,,,,,,,,,,,,,,,,,
EVT0002737,SUB00371,CNT00003,2024-02-21,10,Desktop,7,50-75%,FALSE,FALSE,TRUE,4K,SES746364,0,,,,,,,,,,,,,,,,,,,,,,,,,,,,,,,,,,,,,,,,,,,,,,,,,,,,,,,,,,,,,,,,,,,,,,,,,,,,,,,,,,,,,,,,,,,,,,,,,,,,,,,,,,,,,,,,,,,,,,,,,
EVT0002738,SUB00098,CNT00038,2024-03-15,22,Smart TV,10,50-75%,FALSE,FALSE,TRUE,HD,SES602409,0,,,,,,,,,,,,,,,,,,,,,,,,,,,,,,,,,,,,,,,,,,,,,,,,,,,,,,,,,,,,,,,,,,,,,,,,,,,,,,,,,,,,,,,,,,,,,,,,,,,,,,,,,,,,,,,,,,,,,,,,,
EVT0002739,SUB00127,CNT00053,2024-01-11,10,Smart TV,18,<25%,FALSE,FALSE,FALSE,HD,SES577914,0,,,,,,,,,,,,,,,,,,,,,,,,,,,,,,,,,,,,,,,,,,,,,,,,,,,,,,,,,,,,,,,,,,,,,,,,,,,,,,,,,,,,,,,,,,,,,,,,,,,,,,,,,,,,,,,,,,,,,,,,,
EVT0002740,SUB00348,CNT00026,2023-10-22,9,Tablet,62,100%,TRUE,TRUE,TRUE,SD,SES397185,1,,,,,,,,,,,,,,,,,,,,,,,,,,,,,,,,,,,,,,,,,,,,,,,,,,,,,,,,,,,,,,,,,,,,,,,,,,,,,,,,,,,,,,,,,,,,,,,,,,,,,,,,,,,,,,,,,,,,,,,,,
EVT0002741,SUB00085,CNT00057,2023-09-09,8,Smart TV,57,50-75%,FALSE,FALSE,TRUE,4K,SES517483,0,,,,,,,,,,,,,,,,,,,,,,,,,,,,,,,,,,,,,,,,,,,,,,,,,,,,,,,,,,,,,,,,,,,,,,,,,,,,,,,,,,,,,,,,,,,,,,,,,,,,,,,,,,,,,,,,,,,,,,,,,
EVT0002742,SUB00180,CNT00044,2023-02-14,19,Tablet,48,<25%,FALSE,FALSE,TRUE,HD,SES899890,0,,,,,,,,,,,,,,,,,,,,,,,,,,,,,,,,,,,,,,,,,,,,,,,,,,,,,,,,,,,,,,,,,,,,,,,,,,,,,,,,,,,,,,,,,,,,,,,,,,,,,,,,,,,,,,,,,,,,,,,,,
EVT0002743,SUB00257,CNT00043,2023-05-30,19,Desktop,22,50-75%,FALSE,TRUE,FALSE,HD,SES524864,0,,,,,,,,,,,,,,,,,,,,,,,,,,,,,,,,,,,,,,,,,,,,,,,,,,,,,,,,,,,,,,,,,,,,,,,,,,,,,,,,,,,,,,,,,,,,,,,,,,,,,,,,,,,,,,,,,,,,,,,,,
EVT0002744,SUB00059,CNT00081,2024-04-29,6,Mobile,118,50-75%,FALSE,FALSE,FALSE,HD,SES676569,0,,,,,,,,,,,,,,,,,,,,,,,,,,,,,,,,,,,,,,,,,,,,,,,,,,,,,,,,,,,,,,,,,,,,,,,,,,,,,,,,,,,,,,,,,,,,,,,,,,,,,,,,,,,,,,,,,,,,,,,,,
EVT0002745,SUB00043,CNT00001,2024-05-14,8,Mobile,27,50-75%,FALSE,TRUE,FALSE,HD,SES195745,0,,,,,,,,,,,,,,,,,,,,,,,,,,,,,,,,,,,,,,,,,,,,,,,,,,,,,,,,,,,,,,,,,,,,,,,,,,,,,,,,,,,,,,,,,,,,,,,,,,,,,,,,,,,,,,,,,,,,,,,,,
EVT0002746,SUB00465,CNT00077,2024-01-28,11,Smart TV,51,50-75%,FALSE,TRUE,FALSE,HD,SES897170,0,,,,,,,,,,,,,,,,,,,,,,,,,,,,,,,,,,,,,,,,,,,,,,,,,,,,,,,,,,,,,,,,,,,,,,,,,,,,,,,,,,,,,,,,,,,,,,,,,,,,,,,,,,,,,,,,,,,,,,,,,
EVT0002747,SUB00018,CNT00048,2023-08-25,15,Fire TV,79,50-75%,FALSE,FALSE,TRUE,SD,SES538937,0,,,,,,,,,,,,,,,,,,,,,,,,,,,,,,,,,,,,,,,,,,,,,,,,,,,,,,,,,,,,,,,,,,,,,,,,,,,,,,,,,,,,,,,,,,,,,,,,,,,,,,,,,,,,,,,,,,,,,,,,,
EVT0002748,SUB00485,CNT00057,2023-12-05,12,Smart TV,115,100%,TRUE,TRUE,FALSE,HD,SES338238,1,,,,,,,,,,,,,,,,,,,,,,,,,,,,,,,,,,,,,,,,,,,,,,,,,,,,,,,,,,,,,,,,,,,,,,,,,,,,,,,,,,,,,,,,,,,,,,,,,,,,,,,,,,,,,,,,,,,,,,,,,
EVT0002749,SUB00152,CNT00028,2023-02-02,19,Fire TV,72,100%,TRUE,FALSE,FALSE,4K,SES875123,1,,,,,,,,,,,,,,,,,,,,,,,,,,,,,,,,,,,,,,,,,,,,,,,,,,,,,,,,,,,,,,,,,,,,,,,,,,,,,,,,,,,,,,,,,,,,,,,,,,,,,,,,,,,,,,,,,,,,,,,,,
EVT0002750,SUB00588,CNT00081,2023-04-24,8,Fire TV,120,<25%,FALSE,TRUE,TRUE,4K,SES670816,0,,,,,,,,,,,,,,,,,,,,,,,,,,,,,,,,,,,,,,,,,,,,,,,,,,,,,,,,,,,,,,,,,,,,,,,,,,,,,,,,,,,,,,,,,,,,,,,,,,,,,,,,,,,,,,,,,,,,,,,,,
EVT0002751,SUB00034,CNT00013,2024-05-31,13,Smart TV,41,<25%,FALSE,FALSE,TRUE,HD,SES335164,0,,,,,,,,,,,,,,,,,,,,,,,,,,,,,,,,,,,,,,,,,,,,,,,,,,,,,,,,,,,,,,,,,,,,,,,,,,,,,,,,,,,,,,,,,,,,,,,,,,,,,,,,,,,,,,,,,,,,,,,,,
EVT0002752,SUB00208,CNT00001,2024-03-02,17,Fire TV,43,50-75%,FALSE,TRUE,TRUE,SD,SES103038,0,,,,,,,,,,,,,,,,,,,,,,,,,,,,,,,,,,,,,,,,,,,,,,,,,,,,,,,,,,,,,,,,,,,,,,,,,,,,,,,,,,,,,,,,,,,,,,,,,,,,,,,,,,,,,,,,,,,,,,,,,
EVT0002753,SUB00123,CNT00034,2023-10-16,20,Mobile,86,50-75%,FALSE,FALSE,TRUE,SD,SES924484,0,,,,,,,,,,,,,,,,,,,,,,,,,,,,,,,,,,,,,,,,,,,,,,,,,,,,,,,,,,,,,,,,,,,,,,,,,,,,,,,,,,,,,,,,,,,,,,,,,,,,,,,,,,,,,,,,,,,,,,,,,
EVT0002754,SUB00011,CNT00096,2024-04-18,7,Mobile,109,50-75%,FALSE,TRUE,TRUE,HD,SES277856,0,,,,,,,,,,,,,,,,,,,,,,,,,,,,,,,,,,,,,,,,,,,,,,,,,,,,,,,,,,,,,,,,,,,,,,,,,,,,,,,,,,,,,,,,,,,,,,,,,,,,,,,,,,,,,,,,,,,,,,,,,
EVT0002755,SUB00218,CNT00081,2023-08-18,21,Mobile,62,100%,TRUE,FALSE,FALSE,4K,SES499174,1,,,,,,,,,,,,,,,,,,,,,,,,,,,,,,,,,,,,,,,,,,,,,,,,,,,,,,,,,,,,,,,,,,,,,,,,,,,,,,,,,,,,,,,,,,,,,,,,,,,,,,,,,,,,,,,,,,,,,,,,,
EVT0002756,SUB00112,CNT00078,2024-06-25,7,Tablet,82,75-99%,FALSE,TRUE,TRUE,HD,SES822911,0,,,,,,,,,,,,,,,,,,,,,,,,,,,,,,,,,,,,,,,,,,,,,,,,,,,,,,,,,,,,,,,,,,,,,,,,,,,,,,,,,,,,,,,,,,,,,,,,,,,,,,,,,,,,,,,,,,,,,,,,,
EVT0002757,SUB00032,CNT00009,2023-09-02,17,Fire TV,51,100%,TRUE,FALSE,TRUE,HD,SES736040,1,,,,,,,,,,,,,,,,,,,,,,,,,,,,,,,,,,,,,,,,,,,,,,,,,,,,,,,,,,,,,,,,,,,,,,,,,,,,,,,,,,,,,,,,,,,,,,,,,,,,,,,,,,,,,,,,,,,,,,,,,
EVT0002758,SUB00254,CNT00010,2023-07-13,12,Desktop,41,75-99%,FALSE,FALSE,TRUE,SD,SES644349,0,,,,,,,,,,,,,,,,,,,,,,,,,,,,,,,,,,,,,,,,,,,,,,,,,,,,,,,,,,,,,,,,,,,,,,,,,,,,,,,,,,,,,,,,,,,,,,,,,,,,,,,,,,,,,,,,,,,,,,,,,
EVT0002759,SUB00308,CNT00041,2023-09-21,15,Tablet,110,100%,TRUE,TRUE,FALSE,4K,SES698667,1,,,,,,,,,,,,,,,,,,,,,,,,,,,,,,,,,,,,,,,,,,,,,,,,,,,,,,,,,,,,,,,,,,,,,,,,,,,,,,,,,,,,,,,,,,,,,,,,,,,,,,,,,,,,,,,,,,,,,,,,,
EVT0002760,SUB00378,CNT00085,2023-07-27,18,Tablet,5,75-99%,FALSE,FALSE,TRUE,HD,SES288666,0,,,,,,,,,,,,,,,,,,,,,,,,,,,,,,,,,,,,,,,,,,,,,,,,,,,,,,,,,,,,,,,,,,,,,,,,,,,,,,,,,,,,,,,,,,,,,,,,,,,,,,,,,,,,,,,,,,,,,,,,,
EVT0002761,SUB00481,CNT00083,2023-01-13,10,Fire TV,97,50-75%,FALSE,TRUE,TRUE,SD,SES709187,0,,,,,,,,,,,,,,,,,,,,,,,,,,,,,,,,,,,,,,,,,,,,,,,,,,,,,,,,,,,,,,,,,,,,,,,,,,,,,,,,,,,,,,,,,,,,,,,,,,,,,,,,,,,,,,,,,,,,,,,,,
EVT0002762,SUB00421,CNT00066,2023-06-13,18,Fire TV,109,100%,TRUE,TRUE,TRUE,HD,SES557294,1,,,,,,,,,,,,,,,,,,,,,,,,,,,,,,,,,,,,,,,,,,,,,,,,,,,,,,,,,,,,,,,,,,,,,,,,,,,,,,,,,,,,,,,,,,,,,,,,,,,,,,,,,,,,,,,,,,,,,,,,,
EVT0002763,SUB00021,CNT00004,2024-06-08,13,Desktop,112,100%,TRUE,TRUE,FALSE,SD,SES718206,1,,,,,,,,,,,,,,,,,,,,,,,,,,,,,,,,,,,,,,,,,,,,,,,,,,,,,,,,,,,,,,,,,,,,,,,,,,,,,,,,,,,,,,,,,,,,,,,,,,,,,,,,,,,,,,,,,,,,,,,,,
EVT0002764,SUB00586,CNT00001,2023-10-13,7,Mobile,116,100%,TRUE,TRUE,TRUE,HD,SES823826,1,,,,,,,,,,,,,,,,,,,,,,,,,,,,,,,,,,,,,,,,,,,,,,,,,,,,,,,,,,,,,,,,,,,,,,,,,,,,,,,,,,,,,,,,,,,,,,,,,,,,,,,,,,,,,,,,,,,,,,,,,
EVT0002765,SUB00683,CNT00005,2024-02-20,22,Desktop,64,50-75%,FALSE,FALSE,TRUE,SD,SES188737,0,,,,,,,,,,,,,,,,,,,,,,,,,,,,,,,,,,,,,,,,,,,,,,,,,,,,,,,,,,,,,,,,,,,,,,,,,,,,,,,,,,,,,,,,,,,,,,,,,,,,,,,,,,,,,,,,,,,,,,,,,
EVT0002766,SUB00688,CNT00018,2023-10-12,22,Smart TV,117,100%,TRUE,TRUE,TRUE,HD,SES452165,1,,,,,,,,,,,,,,,,,,,,,,,,,,,,,,,,,,,,,,,,,,,,,,,,,,,,,,,,,,,,,,,,,,,,,,,,,,,,,,,,,,,,,,,,,,,,,,,,,,,,,,,,,,,,,,,,,,,,,,,,,
EVT0002767,SUB00664,CNT00095,2024-03-13,18,Tablet,60,100%,TRUE,TRUE,TRUE,HD,SES312106,1,,,,,,,,,,,,,,,,,,,,,,,,,,,,,,,,,,,,,,,,,,,,,,,,,,,,,,,,,,,,,,,,,,,,,,,,,,,,,,,,,,,,,,,,,,,,,,,,,,,,,,,,,,,,,,,,,,,,,,,,,
EVT0002768,SUB00609,CNT00079,2023-11-22,9,Roku,109,100%,TRUE,TRUE,TRUE,SD,SES471301,1,,,,,,,,,,,,,,,,,,,,,,,,,,,,,,,,,,,,,,,,,,,,,,,,,,,,,,,,,,,,,,,,,,,,,,,,,,,,,,,,,,,,,,,,,,,,,,,,,,,,,,,,,,,,,,,,,,,,,,,,,
EVT0002769,SUB00210,CNT00026,2023-05-04,20,Tablet,98,100%,TRUE,FALSE,FALSE,HD,SES283194,1,,,,,,,,,,,,,,,,,,,,,,,,,,,,,,,,,,,,,,,,,,,,,,,,,,,,,,,,,,,,,,,,,,,,,,,,,,,,,,,,,,,,,,,,,,,,,,,,,,,,,,,,,,,,,,,,,,,,,,,,,
EVT0002770,SUB00046,CNT00071,2023-12-27,20,Fire TV,39,25-50%,FALSE,FALSE,FALSE,HD,SES770000,0,,,,,,,,,,,,,,,,,,,,,,,,,,,,,,,,,,,,,,,,,,,,,,,,,,,,,,,,,,,,,,,,,,,,,,,,,,,,,,,,,,,,,,,,,,,,,,,,,,,,,,,,,,,,,,,,,,,,,,,,,
EVT0002771,SUB00194,CNT00018,2024-04-29,9,Desktop,98,100%,TRUE,FALSE,TRUE,HD,SES571098,1,,,,,,,,,,,,,,,,,,,,,,,,,,,,,,,,,,,,,,,,,,,,,,,,,,,,,,,,,,,,,,,,,,,,,,,,,,,,,,,,,,,,,,,,,,,,,,,,,,,,,,,,,,,,,,,,,,,,,,,,,
EVT0002772,SUB00512,CNT00031,2023-10-16,16,Fire TV,75,75-99%,FALSE,FALSE,TRUE,HD,SES346621,0,,,,,,,,,,,,,,,,,,,,,,,,,,,,,,,,,,,,,,,,,,,,,,,,,,,,,,,,,,,,,,,,,,,,,,,,,,,,,,,,,,,,,,,,,,,,,,,,,,,,,,,,,,,,,,,,,,,,,,,,,
EVT0002773,SUB00396,CNT00076,2024-01-17,9,Smart TV,49,75-99%,FALSE,TRUE,TRUE,SD,SES741344,0,,,,,,,,,,,,,,,,,,,,,,,,,,,,,,,,,,,,,,,,,,,,,,,,,,,,,,,,,,,,,,,,,,,,,,,,,,,,,,,,,,,,,,,,,,,,,,,,,,,,,,,,,,,,,,,,,,,,,,,,,
EVT0002774,SUB00064,CNT00033,2023-07-24,9,Smart TV,53,75-99%,FALSE,FALSE,TRUE,HD,SES193372,0,,,,,,,,,,,,,,,,,,,,,,,,,,,,,,,,,,,,,,,,,,,,,,,,,,,,,,,,,,,,,,,,,,,,,,,,,,,,,,,,,,,,,,,,,,,,,,,,,,,,,,,,,,,,,,,,,,,,,,,,,
EVT0002775,SUB00600,CNT00027,2024-03-06,7,Smart TV,85,75-99%,FALSE,TRUE,TRUE,HD,SES601628,0,,,,,,,,,,,,,,,,,,,,,,,,,,,,,,,,,,,,,,,,,,,,,,,,,,,,,,,,,,,,,,,,,,,,,,,,,,,,,,,,,,,,,,,,,,,,,,,,,,,,,,,,,,,,,,,,,,,,,,,,,
EVT0002776,SUB00041,CNT00068,2023-08-10,22,Fire TV,97,75-99%,FALSE,FALSE,TRUE,HD,SES346857,0,,,,,,,,,,,,,,,,,,,,,,,,,,,,,,,,,,,,,,,,,,,,,,,,,,,,,,,,,,,,,,,,,,,,,,,,,,,,,,,,,,,,,,,,,,,,,,,,,,,,,,,,,,,,,,,,,,,,,,,,,
EVT0002777,SUB00340,CNT00079,2023-12-04,10,Roku,91,25-50%,FALSE,FALSE,FALSE,HD,SES365899,0,,,,,,,,,,,,,,,,,,,,,,,,,,,,,,,,,,,,,,,,,,,,,,,,,,,,,,,,,,,,,,,,,,,,,,,,,,,,,,,,,,,,,,,,,,,,,,,,,,,,,,,,,,,,,,,,,,,,,,,,,
EVT0002778,SUB00517,CNT00027,2024-05-06,18,Roku,114,100%,TRUE,FALSE,FALSE,HD,SES404488,1,,,,,,,,,,,,,,,,,,,,,,,,,,,,,,,,,,,,,,,,,,,,,,,,,,,,,,,,,,,,,,,,,,,,,,,,,,,,,,,,,,,,,,,,,,,,,,,,,,,,,,,,,,,,,,,,,,,,,,,,,
EVT0002779,SUB00126,CNT00074,2024-01-13,10,Smart TV,79,100%,TRUE,TRUE,TRUE,HD,SES776110,1,,,,,,,,,,,,,,,,,,,,,,,,,,,,,,,,,,,,,,,,,,,,,,,,,,,,,,,,,,,,,,,,,,,,,,,,,,,,,,,,,,,,,,,,,,,,,,,,,,,,,,,,,,,,,,,,,,,,,,,,,
EVT0002780,SUB00523,CNT00002,2024-04-16,14,Fire TV,97,100%,TRUE,FALSE,TRUE,SD,SES431628,1,,,,,,,,,,,,,,,,,,,,,,,,,,,,,,,,,,,,,,,,,,,,,,,,,,,,,,,,,,,,,,,,,,,,,,,,,,,,,,,,,,,,,,,,,,,,,,,,,,,,,,,,,,,,,,,,,,,,,,,,,
EVT0002781,SUB00494,CNT00064,2023-11-30,8,Desktop,43,100%,TRUE,TRUE,TRUE,HD,SES801830,1,,,,,,,,,,,,,,,,,,,,,,,,,,,,,,,,,,,,,,,,,,,,,,,,,,,,,,,,,,,,,,,,,,,,,,,,,,,,,,,,,,,,,,,,,,,,,,,,,,,,,,,,,,,,,,,,,,,,,,,,,
EVT0002782,SUB00217,CNT00071,2023-11-05,13,Roku,94,50-75%,FALSE,TRUE,TRUE,4K,SES618996,0,,,,,,,,,,,,,,,,,,,,,,,,,,,,,,,,,,,,,,,,,,,,,,,,,,,,,,,,,,,,,,,,,,,,,,,,,,,,,,,,,,,,,,,,,,,,,,,,,,,,,,,,,,,,,,,,,,,,,,,,,
EVT0002783,SUB00033,CNT00019,2023-12-27,20,Smart TV,11,100%,TRUE,FALSE,TRUE,HD,SES136322,1,,,,,,,,,,,,,,,,,,,,,,,,,,,,,,,,,,,,,,,,,,,,,,,,,,,,,,,,,,,,,,,,,,,,,,,,,,,,,,,,,,,,,,,,,,,,,,,,,,,,,,,,,,,,,,,,,,,,,,,,,
EVT0002784,SUB00390,CNT00048,2023-07-12,17,Desktop,28,75-99%,FALSE,FALSE,TRUE,HD,SES309156,0,,,,,,,,,,,,,,,,,,,,,,,,,,,,,,,,,,,,,,,,,,,,,,,,,,,,,,,,,,,,,,,,,,,,,,,,,,,,,,,,,,,,,,,,,,,,,,,,,,,,,,,,,,,,,,,,,,,,,,,,,
EVT0002785,SUB00417,CNT00059,2023-04-13,22,Roku,45,100%,TRUE,FALSE,TRUE,HD,SES700446,1,,,,,,,,,,,,,,,,,,,,,,,,,,,,,,,,,,,,,,,,,,,,,,,,,,,,,,,,,,,,,,,,,,,,,,,,,,,,,,,,,,,,,,,,,,,,,,,,,,,,,,,,,,,,,,,,,,,,,,,,,
EVT0002786,SUB00234,CNT00075,2023-10-06,14,Tablet,107,100%,TRUE,TRUE,TRUE,SD,SES116401,1,,,,,,,,,,,,,,,,,,,,,,,,,,,,,,,,,,,,,,,,,,,,,,,,,,,,,,,,,,,,,,,,,,,,,,,,,,,,,,,,,,,,,,,,,,,,,,,,,,,,,,,,,,,,,,,,,,,,,,,,,
EVT0002787,SUB00150,CNT00100,2023-11-04,21,Tablet,84,100%,TRUE,TRUE,TRUE,4K,SES982369,1,,,,,,,,,,,,,,,,,,,,,,,,,,,,,,,,,,,,,,,,,,,,,,,,,,,,,,,,,,,,,,,,,,,,,,,,,,,,,,,,,,,,,,,,,,,,,,,,,,,,,,,,,,,,,,,,,,,,,,,,,
EVT0002788,SUB00118,CNT00001,2023-06-03,22,Mobile,69,25-50%,FALSE,FALSE,FALSE,HD,SES535849,0,,,,,,,,,,,,,,,,,,,,,,,,,,,,,,,,,,,,,,,,,,,,,,,,,,,,,,,,,,,,,,,,,,,,,,,,,,,,,,,,,,,,,,,,,,,,,,,,,,,,,,,,,,,,,,,,,,,,,,,,,
EVT0002789,SUB00220,CNT00098,2023-04-27,13,Tablet,62,100%,TRUE,FALSE,TRUE,HD,SES421583,1,,,,,,,,,,,,,,,,,,,,,,,,,,,,,,,,,,,,,,,,,,,,,,,,,,,,,,,,,,,,,,,,,,,,,,,,,,,,,,,,,,,,,,,,,,,,,,,,,,,,,,,,,,,,,,,,,,,,,,,,,
EVT0002790,SUB00650,CNT00016,2024-05-29,21,Mobile,114,50-75%,FALSE,TRUE,TRUE,HD,SES487376,0,,,,,,,,,,,,,,,,,,,,,,,,,,,,,,,,,,,,,,,,,,,,,,,,,,,,,,,,,,,,,,,,,,,,,,,,,,,,,,,,,,,,,,,,,,,,,,,,,,,,,,,,,,,,,,,,,,,,,,,,,
EVT0002791,SUB00055,CNT00053,2024-02-10,11,Desktop,28,50-75%,FALSE,FALSE,TRUE,4K,SES397619,0,,,,,,,,,,,,,,,,,,,,,,,,,,,,,,,,,,,,,,,,,,,,,,,,,,,,,,,,,,,,,,,,,,,,,,,,,,,,,,,,,,,,,,,,,,,,,,,,,,,,,,,,,,,,,,,,,,,,,,,,,
EVT0002792,SUB00167,CNT00010,2024-03-02,13,Tablet,95,100%,TRUE,FALSE,TRUE,HD,SES843645,1,,,,,,,,,,,,,,,,,,,,,,,,,,,,,,,,,,,,,,,,,,,,,,,,,,,,,,,,,,,,,,,,,,,,,,,,,,,,,,,,,,,,,,,,,,,,,,,,,,,,,,,,,,,,,,,,,,,,,,,,,
EVT0002793,SUB00148,CNT00073,2023-06-23,21,Mobile,101,50-75%,FALSE,FALSE,TRUE,4K,SES340201,0,,,,,,,,,,,,,,,,,,,,,,,,,,,,,,,,,,,,,,,,,,,,,,,,,,,,,,,,,,,,,,,,,,,,,,,,,,,,,,,,,,,,,,,,,,,,,,,,,,,,,,,,,,,,,,,,,,,,,,,,,
EVT0002794,SUB00395,CNT00012,2023-10-10,16,Tablet,65,100%,TRUE,FALSE,TRUE,SD,SES537382,1,,,,,,,,,,,,,,,,,,,,,,,,,,,,,,,,,,,,,,,,,,,,,,,,,,,,,,,,,,,,,,,,,,,,,,,,,,,,,,,,,,,,,,,,,,,,,,,,,,,,,,,,,,,,,,,,,,,,,,,,,
EVT0002795,SUB00256,CNT00068,2023-02-21,8,Mobile,61,100%,TRUE,FALSE,TRUE,SD,SES510185,1,,,,,,,,,,,,,,,,,,,,,,,,,,,,,,,,,,,,,,,,,,,,,,,,,,,,,,,,,,,,,,,,,,,,,,,,,,,,,,,,,,,,,,,,,,,,,,,,,,,,,,,,,,,,,,,,,,,,,,,,,
EVT0002796,SUB00346,CNT00029,2023-07-14,8,Fire TV,27,100%,TRUE,TRUE,TRUE,HD,SES405203,1,,,,,,,,,,,,,,,,,,,,,,,,,,,,,,,,,,,,,,,,,,,,,,,,,,,,,,,,,,,,,,,,,,,,,,,,,,,,,,,,,,,,,,,,,,,,,,,,,,,,,,,,,,,,,,,,,,,,,,,,,
EVT0002797,SUB00500,CNT00015,2023-04-20,7,Roku,48,75-99%,FALSE,FALSE,TRUE,SD,SES654467,0,,,,,,,,,,,,,,,,,,,,,,,,,,,,,,,,,,,,,,,,,,,,,,,,,,,,,,,,,,,,,,,,,,,,,,,,,,,,,,,,,,,,,,,,,,,,,,,,,,,,,,,,,,,,,,,,,,,,,,,,,
EVT0002798,SUB00277,CNT00013,2023-12-10,19,Desktop,51,100%,TRUE,FALSE,TRUE,HD,SES643045,1,,,,,,,,,,,,,,,,,,,,,,,,,,,,,,,,,,,,,,,,,,,,,,,,,,,,,,,,,,,,,,,,,,,,,,,,,,,,,,,,,,,,,,,,,,,,,,,,,,,,,,,,,,,,,,,,,,,,,,,,,
EVT0002799,SUB00612,CNT00009,2023-12-15,19,Fire TV,102,50-75%,FALSE,FALSE,FALSE,SD,SES560581,0,,,,,,,,,,,,,,,,,,,,,,,,,,,,,,,,,,,,,,,,,,,,,,,,,,,,,,,,,,,,,,,,,,,,,,,,,,,,,,,,,,,,,,,,,,,,,,,,,,,,,,,,,,,,,,,,,,,,,,,,,
EVT0002800,SUB00683,CNT00094,2023-04-12,7,Fire TV,47,75-99%,FALSE,TRUE,FALSE,4K,SES721437,0,,,,,,,,,,,,,,,,,,,,,,,,,,,,,,,,,,,,,,,,,,,,,,,,,,,,,,,,,,,,,,,,,,,,,,,,,,,,,,,,,,,,,,,,,,,,,,,,,,,,,,,,,,,,,,,,,,,,,,,,,
EVT0002801,SUB00175,CNT00097,2023-07-02,9,Fire TV,41,100%,TRUE,TRUE,FALSE,HD,SES737119,1,,,,,,,,,,,,,,,,,,,,,,,,,,,,,,,,,,,,,,,,,,,,,,,,,,,,,,,,,,,,,,,,,,,,,,,,,,,,,,,,,,,,,,,,,,,,,,,,,,,,,,,,,,,,,,,,,,,,,,,,,
EVT0002802,SUB00516,CNT00027,2023-10-04,8,Smart TV,109,50-75%,FALSE,FALSE,TRUE,HD,SES705286,0,,,,,,,,,,,,,,,,,,,,,,,,,,,,,,,,,,,,,,,,,,,,,,,,,,,,,,,,,,,,,,,,,,,,,,,,,,,,,,,,,,,,,,,,,,,,,,,,,,,,,,,,,,,,,,,,,,,,,,,,,
EVT0002803,SUB00595,CNT00089,2023-07-14,16,Smart TV,5,25-50%,FALSE,TRUE,TRUE,SD,SES213322,0,,,,,,,,,,,,,,,,,,,,,,,,,,,,,,,,,,,,,,,,,,,,,,,,,,,,,,,,,,,,,,,,,,,,,,,,,,,,,,,,,,,,,,,,,,,,,,,,,,,,,,,,,,,,,,,,,,,,,,,,,
EVT0002804,SUB00310,CNT00020,2024-04-06,22,Fire TV,43,<25%,FALSE,FALSE,TRUE,HD,SES748303,0,,,,,,,,,,,,,,,,,,,,,,,,,,,,,,,,,,,,,,,,,,,,,,,,,,,,,,,,,,,,,,,,,,,,,,,,,,,,,,,,,,,,,,,,,,,,,,,,,,,,,,,,,,,,,,,,,,,,,,,,,
EVT0002805,SUB00526,CNT00051,2024-05-30,15,Roku,14,75-99%,FALSE,FALSE,FALSE,HD,SES585858,0,,,,,,,,,,,,,,,,,,,,,,,,,,,,,,,,,,,,,,,,,,,,,,,,,,,,,,,,,,,,,,,,,,,,,,,,,,,,,,,,,,,,,,,,,,,,,,,,,,,,,,,,,,,,,,,,,,,,,,,,,
EVT0002806,SUB00615,CNT00002,2023-07-11,16,Roku,18,75-99%,FALSE,FALSE,TRUE,4K,SES827553,0,,,,,,,,,,,,,,,,,,,,,,,,,,,,,,,,,,,,,,,,,,,,,,,,,,,,,,,,,,,,,,,,,,,,,,,,,,,,,,,,,,,,,,,,,,,,,,,,,,,,,,,,,,,,,,,,,,,,,,,,,
EVT0002807,SUB00321,CNT00036,2023-05-07,23,Fire TV,8,100%,TRUE,TRUE,TRUE,HD,SES164630,1,,,,,,,,,,,,,,,,,,,,,,,,,,,,,,,,,,,,,,,,,,,,,,,,,,,,,,,,,,,,,,,,,,,,,,,,,,,,,,,,,,,,,,,,,,,,,,,,,,,,,,,,,,,,,,,,,,,,,,,,,
EVT0002808,SUB00323,CNT00028,2024-06-13,18,Roku,103,25-50%,FALSE,TRUE,TRUE,4K,SES291921,0,,,,,,,,,,,,,,,,,,,,,,,,,,,,,,,,,,,,,,,,,,,,,,,,,,,,,,,,,,,,,,,,,,,,,,,,,,,,,,,,,,,,,,,,,,,,,,,,,,,,,,,,,,,,,,,,,,,,,,,,,
EVT0002809,SUB00013,CNT00019,2023-09-14,14,Desktop,27,100%,TRUE,FALSE,TRUE,SD,SES760321,1,,,,,,,,,,,,,,,,,,,,,,,,,,,,,,,,,,,,,,,,,,,,,,,,,,,,,,,,,,,,,,,,,,,,,,,,,,,,,,,,,,,,,,,,,,,,,,,,,,,,,,,,,,,,,,,,,,,,,,,,,
EVT0002810,SUB00162,CNT00009,2023-09-06,14,Smart TV,35,50-75%,FALSE,FALSE,TRUE,HD,SES938694,0,,,,,,,,,,,,,,,,,,,,,,,,,,,,,,,,,,,,,,,,,,,,,,,,,,,,,,,,,,,,,,,,,,,,,,,,,,,,,,,,,,,,,,,,,,,,,,,,,,,,,,,,,,,,,,,,,,,,,,,,,
EVT0002811,SUB00459,CNT00004,2023-02-10,10,Roku,98,50-75%,FALSE,TRUE,FALSE,HD,SES887789,0,,,,,,,,,,,,,,,,,,,,,,,,,,,,,,,,,,,,,,,,,,,,,,,,,,,,,,,,,,,,,,,,,,,,,,,,,,,,,,,,,,,,,,,,,,,,,,,,,,,,,,,,,,,,,,,,,,,,,,,,,
EVT0002812,SUB00656,CNT00055,2024-05-20,21,Tablet,11,100%,TRUE,FALSE,FALSE,HD,SES610441,1,,,,,,,,,,,,,,,,,,,,,,,,,,,,,,,,,,,,,,,,,,,,,,,,,,,,,,,,,,,,,,,,,,,,,,,,,,,,,,,,,,,,,,,,,,,,,,,,,,,,,,,,,,,,,,,,,,,,,,,,,
EVT0002813,SUB00077,CNT00070,2023-05-18,15,Fire TV,11,50-75%,FALSE,TRUE,TRUE,HD,SES832910,0,,,,,,,,,,,,,,,,,,,,,,,,,,,,,,,,,,,,,,,,,,,,,,,,,,,,,,,,,,,,,,,,,,,,,,,,,,,,,,,,,,,,,,,,,,,,,,,,,,,,,,,,,,,,,,,,,,,,,,,,,
EVT0002814,SUB00380,CNT00003,2023-02-06,21,Smart TV,41,100%,TRUE,FALSE,TRUE,4K,SES389941,1,,,,,,,,,,,,,,,,,,,,,,,,,,,,,,,,,,,,,,,,,,,,,,,,,,,,,,,,,,,,,,,,,,,,,,,,,,,,,,,,,,,,,,,,,,,,,,,,,,,,,,,,,,,,,,,,,,,,,,,,,
EVT0002815,SUB00443,CNT00027,2023-07-07,23,Roku,90,75-99%,FALSE,TRUE,FALSE,HD,SES608974,0,,,,,,,,,,,,,,,,,,,,,,,,,,,,,,,,,,,,,,,,,,,,,,,,,,,,,,,,,,,,,,,,,,,,,,,,,,,,,,,,,,,,,,,,,,,,,,,,,,,,,,,,,,,,,,,,,,,,,,,,,
EVT0002816,SUB00240,CNT00041,2024-03-20,13,Roku,89,100%,TRUE,TRUE,FALSE,HD,SES933655,1,,,,,,,,,,,,,,,,,,,,,,,,,,,,,,,,,,,,,,,,,,,,,,,,,,,,,,,,,,,,,,,,,,,,,,,,,,,,,,,,,,,,,,,,,,,,,,,,,,,,,,,,,,,,,,,,,,,,,,,,,
EVT0002817,SUB00591,CNT00072,2024-06-07,11,Desktop,75,100%,TRUE,FALSE,TRUE,HD,SES122378,1,,,,,,,,,,,,,,,,,,,,,,,,,,,,,,,,,,,,,,,,,,,,,,,,,,,,,,,,,,,,,,,,,,,,,,,,,,,,,,,,,,,,,,,,,,,,,,,,,,,,,,,,,,,,,,,,,,,,,,,,,
EVT0002818,SUB00041,CNT00070,2024-05-04,17,Desktop,103,100%,TRUE,FALSE,TRUE,SD,SES646375,1,,,,,,,,,,,,,,,,,,,,,,,,,,,,,,,,,,,,,,,,,,,,,,,,,,,,,,,,,,,,,,,,,,,,,,,,,,,,,,,,,,,,,,,,,,,,,,,,,,,,,,,,,,,,,,,,,,,,,,,,,
EVT0002819,SUB00593,CNT00087,2024-01-12,19,Fire TV,79,<25%,FALSE,FALSE,TRUE,SD,SES782413,0,,,,,,,,,,,,,,,,,,,,,,,,,,,,,,,,,,,,,,,,,,,,,,,,,,,,,,,,,,,,,,,,,,,,,,,,,,,,,,,,,,,,,,,,,,,,,,,,,,,,,,,,,,,,,,,,,,,,,,,,,
EVT0002820,SUB00327,CNT00080,2023-07-15,7,Tablet,5,75-99%,FALSE,FALSE,FALSE,SD,SES619693,0,,,,,,,,,,,,,,,,,,,,,,,,,,,,,,,,,,,,,,,,,,,,,,,,,,,,,,,,,,,,,,,,,,,,,,,,,,,,,,,,,,,,,,,,,,,,,,,,,,,,,,,,,,,,,,,,,,,,,,,,,
EVT0002821,SUB00384,CNT00096,2024-05-05,15,Roku,41,100%,TRUE,FALSE,FALSE,HD,SES741682,1,,,,,,,,,,,,,,,,,,,,,,,,,,,,,,,,,,,,,,,,,,,,,,,,,,,,,,,,,,,,,,,,,,,,,,,,,,,,,,,,,,,,,,,,,,,,,,,,,,,,,,,,,,,,,,,,,,,,,,,,,
EVT0002822,SUB00203,CNT00059,2024-02-14,19,Fire TV,58,75-99%,FALSE,TRUE,TRUE,HD,SES673397,0,,,,,,,,,,,,,,,,,,,,,,,,,,,,,,,,,,,,,,,,,,,,,,,,,,,,,,,,,,,,,,,,,,,,,,,,,,,,,,,,,,,,,,,,,,,,,,,,,,,,,,,,,,,,,,,,,,,,,,,,,
EVT0002823,SUB00334,CNT00046,2023-01-12,14,Roku,40,<25%,FALSE,FALSE,TRUE,4K,SES884599,0,,,,,,,,,,,,,,,,,,,,,,,,,,,,,,,,,,,,,,,,,,,,,,,,,,,,,,,,,,,,,,,,,,,,,,,,,,,,,,,,,,,,,,,,,,,,,,,,,,,,,,,,,,,,,,,,,,,,,,,,,
EVT0002824,SUB00167,CNT00075,2023-06-25,9,Smart TV,109,50-75%,FALSE,TRUE,FALSE,SD,SES878563,0,,,,,,,,,,,,,,,,,,,,,,,,,,,,,,,,,,,,,,,,,,,,,,,,,,,,,,,,,,,,,,,,,,,,,,,,,,,,,,,,,,,,,,,,,,,,,,,,,,,,,,,,,,,,,,,,,,,,,,,,,
EVT0002825,SUB00628,CNT00049,2023-12-02,19,Smart TV,89,<25%,FALSE,FALSE,TRUE,SD,SES883977,0,,,,,,,,,,,,,,,,,,,,,,,,,,,,,,,,,,,,,,,,,,,,,,,,,,,,,,,,,,,,,,,,,,,,,,,,,,,,,,,,,,,,,,,,,,,,,,,,,,,,,,,,,,,,,,,,,,,,,,,,,
EVT0002826,SUB00027,CNT00064,2023-04-12,9,Fire TV,34,50-75%,FALSE,FALSE,TRUE,HD,SES893048,0,,,,,,,,,,,,,,,,,,,,,,,,,,,,,,,,,,,,,,,,,,,,,,,,,,,,,,,,,,,,,,,,,,,,,,,,,,,,,,,,,,,,,,,,,,,,,,,,,,,,,,,,,,,,,,,,,,,,,,,,,
EVT0002827,SUB00620,CNT00089,2023-12-31,6,Tablet,13,50-75%,FALSE,FALSE,TRUE,HD,SES249277,0,,,,,,,,,,,,,,,,,,,,,,,,,,,,,,,,,,,,,,,,,,,,,,,,,,,,,,,,,,,,,,,,,,,,,,,,,,,,,,,,,,,,,,,,,,,,,,,,,,,,,,,,,,,,,,,,,,,,,,,,,
EVT0002828,SUB00243,CNT00045,2023-05-25,21,Roku,105,100%,TRUE,FALSE,TRUE,HD,SES966185,1,,,,,,,,,,,,,,,,,,,,,,,,,,,,,,,,,,,,,,,,,,,,,,,,,,,,,,,,,,,,,,,,,,,,,,,,,,,,,,,,,,,,,,,,,,,,,,,,,,,,,,,,,,,,,,,,,,,,,,,,,
EVT0002829,SUB00222,CNT00070,2023-06-26,22,Mobile,61,25-50%,FALSE,TRUE,FALSE,HD,SES785602,0,,,,,,,,,,,,,,,,,,,,,,,,,,,,,,,,,,,,,,,,,,,,,,,,,,,,,,,,,,,,,,,,,,,,,,,,,,,,,,,,,,,,,,,,,,,,,,,,,,,,,,,,,,,,,,,,,,,,,,,,,
EVT0002830,SUB00362,CNT00040,2023-08-24,16,Smart TV,110,100%,TRUE,TRUE,TRUE,HD,SES562669,1,,,,,,,,,,,,,,,,,,,,,,,,,,,,,,,,,,,,,,,,,,,,,,,,,,,,,,,,,,,,,,,,,,,,,,,,,,,,,,,,,,,,,,,,,,,,,,,,,,,,,,,,,,,,,,,,,,,,,,,,,
EVT0002831,SUB00596,CNT00097,2023-11-21,12,Mobile,16,100%,TRUE,FALSE,FALSE,HD,SES350196,1,,,,,,,,,,,,,,,,,,,,,,,,,,,,,,,,,,,,,,,,,,,,,,,,,,,,,,,,,,,,,,,,,,,,,,,,,,,,,,,,,,,,,,,,,,,,,,,,,,,,,,,,,,,,,,,,,,,,,,,,,
EVT0002832,SUB00017,CNT00065,2023-04-18,13,Mobile,109,75-99%,FALSE,FALSE,FALSE,4K,SES919430,0,,,,,,,,,,,,,,,,,,,,,,,,,,,,,,,,,,,,,,,,,,,,,,,,,,,,,,,,,,,,,,,,,,,,,,,,,,,,,,,,,,,,,,,,,,,,,,,,,,,,,,,,,,,,,,,,,,,,,,,,,
EVT0002833,SUB00690,CNT00004,2023-09-23,23,Mobile,70,50-75%,FALSE,TRUE,TRUE,HD,SES412308,0,,,,,,,,,,,,,,,,,,,,,,,,,,,,,,,,,,,,,,,,,,,,,,,,,,,,,,,,,,,,,,,,,,,,,,,,,,,,,,,,,,,,,,,,,,,,,,,,,,,,,,,,,,,,,,,,,,,,,,,,,
EVT0002834,SUB00095,CNT00006,2024-01-17,22,Smart TV,43,25-50%,FALSE,TRUE,FALSE,4K,SES124888,0,,,,,,,,,,,,,,,,,,,,,,,,,,,,,,,,,,,,,,,,,,,,,,,,,,,,,,,,,,,,,,,,,,,,,,,,,,,,,,,,,,,,,,,,,,,,,,,,,,,,,,,,,,,,,,,,,,,,,,,,,
EVT0002835,SUB00459,CNT00059,2023-03-31,19,Mobile,59,50-75%,FALSE,FALSE,FALSE,HD,SES658847,0,,,,,,,,,,,,,,,,,,,,,,,,,,,,,,,,,,,,,,,,,,,,,,,,,,,,,,,,,,,,,,,,,,,,,,,,,,,,,,,,,,,,,,,,,,,,,,,,,,,,,,,,,,,,,,,,,,,,,,,,,
EVT0002836,SUB00657,CNT00025,2024-04-01,8,Tablet,77,25-50%,FALSE,FALSE,FALSE,HD,SES995521,0,,,,,,,,,,,,,,,,,,,,,,,,,,,,,,,,,,,,,,,,,,,,,,,,,,,,,,,,,,,,,,,,,,,,,,,,,,,,,,,,,,,,,,,,,,,,,,,,,,,,,,,,,,,,,,,,,,,,,,,,,
EVT0002837,SUB00215,CNT00003,2023-01-12,15,Fire TV,68,50-75%,FALSE,FALSE,TRUE,HD,SES421689,0,,,,,,,,,,,,,,,,,,,,,,,,,,,,,,,,,,,,,,,,,,,,,,,,,,,,,,,,,,,,,,,,,,,,,,,,,,,,,,,,,,,,,,,,,,,,,,,,,,,,,,,,,,,,,,,,,,,,,,,,,
EVT0002838,SUB00133,CNT00045,2023-11-09,7,Mobile,42,75-99%,FALSE,FALSE,TRUE,SD,SES112569,0,,,,,,,,,,,,,,,,,,,,,,,,,,,,,,,,,,,,,,,,,,,,,,,,,,,,,,,,,,,,,,,,,,,,,,,,,,,,,,,,,,,,,,,,,,,,,,,,,,,,,,,,,,,,,,,,,,,,,,,,,
EVT0002839,SUB00114,CNT00048,2023-10-27,16,Fire TV,63,50-75%,FALSE,FALSE,TRUE,HD,SES149623,0,,,,,,,,,,,,,,,,,,,,,,,,,,,,,,,,,,,,,,,,,,,,,,,,,,,,,,,,,,,,,,,,,,,,,,,,,,,,,,,,,,,,,,,,,,,,,,,,,,,,,,,,,,,,,,,,,,,,,,,,,
EVT0002840,SUB00151,CNT00017,2024-04-28,17,Desktop,101,100%,TRUE,FALSE,TRUE,HD,SES788847,1,,,,,,,,,,,,,,,,,,,,,,,,,,,,,,,,,,,,,,,,,,,,,,,,,,,,,,,,,,,,,,,,,,,,,,,,,,,,,,,,,,,,,,,,,,,,,,,,,,,,,,,,,,,,,,,,,,,,,,,,,
EVT0002841,SUB00501,CNT00007,2023-03-29,23,Roku,75,100%,TRUE,FALSE,FALSE,HD,SES990233,1,,,,,,,,,,,,,,,,,,,,,,,,,,,,,,,,,,,,,,,,,,,,,,,,,,,,,,,,,,,,,,,,,,,,,,,,,,,,,,,,,,,,,,,,,,,,,,,,,,,,,,,,,,,,,,,,,,,,,,,,,
EVT0002842,SUB00503,CNT00095,2024-04-09,17,Mobile,32,75-99%,FALSE,FALSE,TRUE,HD,SES788161,0,,,,,,,,,,,,,,,,,,,,,,,,,,,,,,,,,,,,,,,,,,,,,,,,,,,,,,,,,,,,,,,,,,,,,,,,,,,,,,,,,,,,,,,,,,,,,,,,,,,,,,,,,,,,,,,,,,,,,,,,,
EVT0002843,SUB00132,CNT00078,2023-03-20,23,Roku,33,75-99%,FALSE,FALSE,TRUE,HD,SES143746,0,,,,,,,,,,,,,,,,,,,,,,,,,,,,,,,,,,,,,,,,,,,,,,,,,,,,,,,,,,,,,,,,,,,,,,,,,,,,,,,,,,,,,,,,,,,,,,,,,,,,,,,,,,,,,,,,,,,,,,,,,
EVT0002844,SUB00519,CNT00005,2023-10-12,9,Roku,37,50-75%,FALSE,FALSE,TRUE,HD,SES529799,0,,,,,,,,,,,,,,,,,,,,,,,,,,,,,,,,,,,,,,,,,,,,,,,,,,,,,,,,,,,,,,,,,,,,,,,,,,,,,,,,,,,,,,,,,,,,,,,,,,,,,,,,,,,,,,,,,,,,,,,,,
EVT0002845,SUB00087,CNT00059,2024-06-06,13,Tablet,19,100%,TRUE,FALSE,FALSE,SD,SES622852,1,,,,,,,,,,,,,,,,,,,,,,,,,,,,,,,,,,,,,,,,,,,,,,,,,,,,,,,,,,,,,,,,,,,,,,,,,,,,,,,,,,,,,,,,,,,,,,,,,,,,,,,,,,,,,,,,,,,,,,,,,
EVT0002846,SUB00320,CNT00006,2024-02-17,9,Tablet,117,50-75%,FALSE,FALSE,TRUE,HD,SES447552,0,,,,,,,,,,,,,,,,,,,,,,,,,,,,,,,,,,,,,,,,,,,,,,,,,,,,,,,,,,,,,,,,,,,,,,,,,,,,,,,,,,,,,,,,,,,,,,,,,,,,,,,,,,,,,,,,,,,,,,,,,
EVT0002847,SUB00583,CNT00096,2023-07-17,13,Fire TV,55,100%,TRUE,FALSE,TRUE,SD,SES479266,1,,,,,,,,,,,,,,,,,,,,,,,,,,,,,,,,,,,,,,,,,,,,,,,,,,,,,,,,,,,,,,,,,,,,,,,,,,,,,,,,,,,,,,,,,,,,,,,,,,,,,,,,,,,,,,,,,,,,,,,,,
EVT0002848,SUB00314,CNT00099,2023-10-13,11,Desktop,15,50-75%,FALSE,FALSE,FALSE,4K,SES363887,0,,,,,,,,,,,,,,,,,,,,,,,,,,,,,,,,,,,,,,,,,,,,,,,,,,,,,,,,,,,,,,,,,,,,,,,,,,,,,,,,,,,,,,,,,,,,,,,,,,,,,,,,,,,,,,,,,,,,,,,,,
EVT0002849,SUB00421,CNT00067,2023-02-01,20,Mobile,22,100%,TRUE,TRUE,FALSE,HD,SES765727,1,,,,,,,,,,,,,,,,,,,,,,,,,,,,,,,,,,,,,,,,,,,,,,,,,,,,,,,,,,,,,,,,,,,,,,,,,,,,,,,,,,,,,,,,,,,,,,,,,,,,,,,,,,,,,,,,,,,,,,,,,
EVT0002850,SUB00364,CNT00100,2023-03-18,11,Mobile,92,100%,TRUE,FALSE,TRUE,4K,SES853914,1,,,,,,,,,,,,,,,,,,,,,,,,,,,,,,,,,,,,,,,,,,,,,,,,,,,,,,,,,,,,,,,,,,,,,,,,,,,,,,,,,,,,,,,,,,,,,,,,,,,,,,,,,,,,,,,,,,,,,,,,,
EVT0002851,SUB00225,CNT00035,2023-12-11,7,Desktop,102,50-75%,FALSE,FALSE,FALSE,HD,SES810442,0,,,,,,,,,,,,,,,,,,,,,,,,,,,,,,,,,,,,,,,,,,,,,,,,,,,,,,,,,,,,,,,,,,,,,,,,,,,,,,,,,,,,,,,,,,,,,,,,,,,,,,,,,,,,,,,,,,,,,,,,,
EVT0002852,SUB00467,CNT00065,2024-02-28,23,Roku,117,100%,TRUE,TRUE,FALSE,HD,SES937872,1,,,,,,,,,,,,,,,,,,,,,,,,,,,,,,,,,,,,,,,,,,,,,,,,,,,,,,,,,,,,,,,,,,,,,,,,,,,,,,,,,,,,,,,,,,,,,,,,,,,,,,,,,,,,,,,,,,,,,,,,,
EVT0002853,SUB00033,CNT00059,2023-04-19,6,Tablet,7,100%,TRUE,FALSE,TRUE,HD,SES896723,1,,,,,,,,,,,,,,,,,,,,,,,,,,,,,,,,,,,,,,,,,,,,,,,,,,,,,,,,,,,,,,,,,,,,,,,,,,,,,,,,,,,,,,,,,,,,,,,,,,,,,,,,,,,,,,,,,,,,,,,,,
EVT0002854,SUB00128,CNT00038,2023-03-11,20,Tablet,90,75-99%,FALSE,FALSE,FALSE,SD,SES393065,0,,,,,,,,,,,,,,,,,,,,,,,,,,,,,,,,,,,,,,,,,,,,,,,,,,,,,,,,,,,,,,,,,,,,,,,,,,,,,,,,,,,,,,,,,,,,,,,,,,,,,,,,,,,,,,,,,,,,,,,,,
EVT0002855,SUB00024,CNT00040,2023-04-08,19,Desktop,15,100%,TRUE,FALSE,TRUE,4K,SES386703,1,,,,,,,,,,,,,,,,,,,,,,,,,,,,,,,,,,,,,,,,,,,,,,,,,,,,,,,,,,,,,,,,,,,,,,,,,,,,,,,,,,,,,,,,,,,,,,,,,,,,,,,,,,,,,,,,,,,,,,,,,
EVT0002856,SUB00444,CNT00031,2023-06-02,21,Mobile,94,50-75%,FALSE,FALSE,FALSE,HD,SES534559,0,,,,,,,,,,,,,,,,,,,,,,,,,,,,,,,,,,,,,,,,,,,,,,,,,,,,,,,,,,,,,,,,,,,,,,,,,,,,,,,,,,,,,,,,,,,,,,,,,,,,,,,,,,,,,,,,,,,,,,,,,
EVT0002857,SUB00085,CNT00004,2024-04-26,22,Desktop,64,100%,TRUE,TRUE,TRUE,HD,SES264658,1,,,,,,,,,,,,,,,,,,,,,,,,,,,,,,,,,,,,,,,,,,,,,,,,,,,,,,,,,,,,,,,,,,,,,,,,,,,,,,,,,,,,,,,,,,,,,,,,,,,,,,,,,,,,,,,,,,,,,,,,,
EVT0002858,SUB00475,CNT00089,2023-12-01,15,Smart TV,105,50-75%,FALSE,TRUE,TRUE,HD,SES241142,0,,,,,,,,,,,,,,,,,,,,,,,,,,,,,,,,,,,,,,,,,,,,,,,,,,,,,,,,,,,,,,,,,,,,,,,,,,,,,,,,,,,,,,,,,,,,,,,,,,,,,,,,,,,,,,,,,,,,,,,,,
EVT0002859,SUB00386,CNT00099,2023-11-12,21,Fire TV,119,75-99%,FALSE,FALSE,FALSE,SD,SES891426,0,,,,,,,,,,,,,,,,,,,,,,,,,,,,,,,,,,,,,,,,,,,,,,,,,,,,,,,,,,,,,,,,,,,,,,,,,,,,,,,,,,,,,,,,,,,,,,,,,,,,,,,,,,,,,,,,,,,,,,,,,
EVT0002860,SUB00655,CNT00034,2023-08-07,13,Roku,17,100%,TRUE,FALSE,TRUE,HD,SES723694,1,,,,,,,,,,,,,,,,,,,,,,,,,,,,,,,,,,,,,,,,,,,,,,,,,,,,,,,,,,,,,,,,,,,,,,,,,,,,,,,,,,,,,,,,,,,,,,,,,,,,,,,,,,,,,,,,,,,,,,,,,
EVT0002861,SUB00605,CNT00034,2024-05-27,11,Tablet,64,75-99%,FALSE,TRUE,TRUE,HD,SES227099,0,,,,,,,,,,,,,,,,,,,,,,,,,,,,,,,,,,,,,,,,,,,,,,,,,,,,,,,,,,,,,,,,,,,,,,,,,,,,,,,,,,,,,,,,,,,,,,,,,,,,,,,,,,,,,,,,,,,,,,,,,
EVT0002862,SUB00697,CNT00016,2023-04-18,15,Smart TV,22,75-99%,FALSE,TRUE,TRUE,4K,SES474628,0,,,,,,,,,,,,,,,,,,,,,,,,,,,,,,,,,,,,,,,,,,,,,,,,,,,,,,,,,,,,,,,,,,,,,,,,,,,,,,,,,,,,,,,,,,,,,,,,,,,,,,,,,,,,,,,,,,,,,,,,,
EVT0002863,SUB00381,CNT00085,2024-01-24,20,Tablet,81,25-50%,FALSE,TRUE,TRUE,SD,SES122621,0,,,,,,,,,,,,,,,,,,,,,,,,,,,,,,,,,,,,,,,,,,,,,,,,,,,,,,,,,,,,,,,,,,,,,,,,,,,,,,,,,,,,,,,,,,,,,,,,,,,,,,,,,,,,,,,,,,,,,,,,,
EVT0002864,SUB00278,CNT00028,2023-09-09,10,Tablet,118,50-75%,FALSE,FALSE,FALSE,HD,SES410397,0,,,,,,,,,,,,,,,,,,,,,,,,,,,,,,,,,,,,,,,,,,,,,,,,,,,,,,,,,,,,,,,,,,,,,,,,,,,,,,,,,,,,,,,,,,,,,,,,,,,,,,,,,,,,,,,,,,,,,,,,,
EVT0002865,SUB00339,CNT00036,2023-01-30,10,Smart TV,20,50-75%,FALSE,TRUE,TRUE,4K,SES214526,0,,,,,,,,,,,,,,,,,,,,,,,,,,,,,,,,,,,,,,,,,,,,,,,,,,,,,,,,,,,,,,,,,,,,,,,,,,,,,,,,,,,,,,,,,,,,,,,,,,,,,,,,,,,,,,,,,,,,,,,,,
EVT0002866,SUB00117,CNT00004,2023-03-10,6,Desktop,6,100%,TRUE,FALSE,TRUE,HD,SES872806,1,,,,,,,,,,,,,,,,,,,,,,,,,,,,,,,,,,,,,,,,,,,,,,,,,,,,,,,,,,,,,,,,,,,,,,,,,,,,,,,,,,,,,,,,,,,,,,,,,,,,,,,,,,,,,,,,,,,,,,,,,
EVT0002867,SUB00666,CNT00007,2024-02-16,17,Smart TV,27,100%,TRUE,TRUE,FALSE,4K,SES377640,1,,,,,,,,,,,,,,,,,,,,,,,,,,,,,,,,,,,,,,,,,,,,,,,,,,,,,,,,,,,,,,,,,,,,,,,,,,,,,,,,,,,,,,,,,,,,,,,,,,,,,,,,,,,,,,,,,,,,,,,,,
EVT0002868,SUB00663,CNT00057,2023-06-17,13,Fire TV,101,100%,TRUE,FALSE,TRUE,HD,SES378411,1,,,,,,,,,,,,,,,,,,,,,,,,,,,,,,,,,,,,,,,,,,,,,,,,,,,,,,,,,,,,,,,,,,,,,,,,,,,,,,,,,,,,,,,,,,,,,,,,,,,,,,,,,,,,,,,,,,,,,,,,,
EVT0002869,SUB00324,CNT00016,2023-05-20,19,Mobile,92,25-50%,FALSE,FALSE,FALSE,HD,SES698606,0,,,,,,,,,,,,,,,,,,,,,,,,,,,,,,,,,,,,,,,,,,,,,,,,,,,,,,,,,,,,,,,,,,,,,,,,,,,,,,,,,,,,,,,,,,,,,,,,,,,,,,,,,,,,,,,,,,,,,,,,,
EVT0002870,SUB00277,CNT00053,2023-11-15,8,Roku,40,100%,TRUE,FALSE,TRUE,HD,SES559893,1,,,,,,,,,,,,,,,,,,,,,,,,,,,,,,,,,,,,,,,,,,,,,,,,,,,,,,,,,,,,,,,,,,,,,,,,,,,,,,,,,,,,,,,,,,,,,,,,,,,,,,,,,,,,,,,,,,,,,,,,,
EVT0002871,SUB00549,CNT00052,2023-11-21,17,Mobile,73,75-99%,FALSE,TRUE,TRUE,HD,SES708729,0,,,,,,,,,,,,,,,,,,,,,,,,,,,,,,,,,,,,,,,,,,,,,,,,,,,,,,,,,,,,,,,,,,,,,,,,,,,,,,,,,,,,,,,,,,,,,,,,,,,,,,,,,,,,,,,,,,,,,,,,,
EVT0002872,SUB00033,CNT00048,2023-11-15,17,Roku,52,25-50%,FALSE,FALSE,TRUE,4K,SES636006,0,,,,,,,,,,,,,,,,,,,,,,,,,,,,,,,,,,,,,,,,,,,,,,,,,,,,,,,,,,,,,,,,,,,,,,,,,,,,,,,,,,,,,,,,,,,,,,,,,,,,,,,,,,,,,,,,,,,,,,,,,
EVT0002873,SUB00212,CNT00095,2023-02-27,16,Fire TV,26,100%,TRUE,FALSE,FALSE,SD,SES452387,1,,,,,,,,,,,,,,,,,,,,,,,,,,,,,,,,,,,,,,,,,,,,,,,,,,,,,,,,,,,,,,,,,,,,,,,,,,,,,,,,,,,,,,,,,,,,,,,,,,,,,,,,,,,,,,,,,,,,,,,,,
EVT0002874,SUB00508,CNT00073,2023-01-29,22,Mobile,79,100%,TRUE,FALSE,FALSE,HD,SES947558,1,,,,,,,,,,,,,,,,,,,,,,,,,,,,,,,,,,,,,,,,,,,,,,,,,,,,,,,,,,,,,,,,,,,,,,,,,,,,,,,,,,,,,,,,,,,,,,,,,,,,,,,,,,,,,,,,,,,,,,,,,
EVT0002875,SUB00370,CNT00085,2023-08-05,10,Tablet,28,100%,TRUE,FALSE,FALSE,HD,SES616256,1,,,,,,,,,,,,,,,,,,,,,,,,,,,,,,,,,,,,,,,,,,,,,,,,,,,,,,,,,,,,,,,,,,,,,,,,,,,,,,,,,,,,,,,,,,,,,,,,,,,,,,,,,,,,,,,,,,,,,,,,,
EVT0002876,SUB00495,CNT00052,2024-05-15,14,Roku,36,100%,TRUE,TRUE,TRUE,HD,SES396025,1,,,,,,,,,,,,,,,,,,,,,,,,,,,,,,,,,,,,,,,,,,,,,,,,,,,,,,,,,,,,,,,,,,,,,,,,,,,,,,,,,,,,,,,,,,,,,,,,,,,,,,,,,,,,,,,,,,,,,,,,,
EVT0002877,SUB00050,CNT00050,2023-02-24,22,Smart TV,54,100%,TRUE,FALSE,FALSE,HD,SES232021,1,,,,,,,,,,,,,,,,,,,,,,,,,,,,,,,,,,,,,,,,,,,,,,,,,,,,,,,,,,,,,,,,,,,,,,,,,,,,,,,,,,,,,,,,,,,,,,,,,,,,,,,,,,,,,,,,,,,,,,,,,
EVT0002878,SUB00373,CNT00027,2024-04-13,13,Roku,50,75-99%,FALSE,FALSE,TRUE,HD,SES121703,0,,,,,,,,,,,,,,,,,,,,,,,,,,,,,,,,,,,,,,,,,,,,,,,,,,,,,,,,,,,,,,,,,,,,,,,,,,,,,,,,,,,,,,,,,,,,,,,,,,,,,,,,,,,,,,,,,,,,,,,,,
EVT0002879,SUB00144,CNT00002,2023-04-14,11,Tablet,37,<25%,FALSE,FALSE,FALSE,HD,SES732346,0,,,,,,,,,,,,,,,,,,,,,,,,,,,,,,,,,,,,,,,,,,,,,,,,,,,,,,,,,,,,,,,,,,,,,,,,,,,,,,,,,,,,,,,,,,,,,,,,,,,,,,,,,,,,,,,,,,,,,,,,,
EVT0002880,SUB00045,CNT00092,2024-03-21,13,Smart TV,112,<25%,FALSE,FALSE,FALSE,4K,SES591503,0,,,,,,,,,,,,,,,,,,,,,,,,,,,,,,,,,,,,,,,,,,,,,,,,,,,,,,,,,,,,,,,,,,,,,,,,,,,,,,,,,,,,,,,,,,,,,,,,,,,,,,,,,,,,,,,,,,,,,,,,,
EVT0002881,SUB00451,CNT00051,2023-02-01,17,Fire TV,119,100%,TRUE,TRUE,FALSE,HD,SES411058,1,,,,,,,,,,,,,,,,,,,,,,,,,,,,,,,,,,,,,,,,,,,,,,,,,,,,,,,,,,,,,,,,,,,,,,,,,,,,,,,,,,,,,,,,,,,,,,,,,,,,,,,,,,,,,,,,,,,,,,,,,
EVT0002882,SUB00128,CNT00100,2023-07-26,10,Tablet,12,<25%,FALSE,FALSE,TRUE,HD,SES411581,0,,,,,,,,,,,,,,,,,,,,,,,,,,,,,,,,,,,,,,,,,,,,,,,,,,,,,,,,,,,,,,,,,,,,,,,,,,,,,,,,,,,,,,,,,,,,,,,,,,,,,,,,,,,,,,,,,,,,,,,,,
EVT0002883,SUB00691,CNT00066,2023-09-10,14,Tablet,24,100%,TRUE,FALSE,FALSE,HD,SES474852,1,,,,,,,,,,,,,,,,,,,,,,,,,,,,,,,,,,,,,,,,,,,,,,,,,,,,,,,,,,,,,,,,,,,,,,,,,,,,,,,,,,,,,,,,,,,,,,,,,,,,,,,,,,,,,,,,,,,,,,,,,
EVT0002884,SUB00249,CNT00064,2023-06-09,14,Roku,58,100%,TRUE,FALSE,TRUE,4K,SES937223,1,,,,,,,,,,,,,,,,,,,,,,,,,,,,,,,,,,,,,,,,,,,,,,,,,,,,,,,,,,,,,,,,,,,,,,,,,,,,,,,,,,,,,,,,,,,,,,,,,,,,,,,,,,,,,,,,,,,,,,,,,
EVT0002885,SUB00620,CNT00046,2023-11-10,17,Desktop,98,100%,TRUE,FALSE,TRUE,HD,SES570417,1,,,,,,,,,,,,,,,,,,,,,,,,,,,,,,,,,,,,,,,,,,,,,,,,,,,,,,,,,,,,,,,,,,,,,,,,,,,,,,,,,,,,,,,,,,,,,,,,,,,,,,,,,,,,,,,,,,,,,,,,,
EVT0002886,SUB00112,CNT00037,2023-07-17,10,Desktop,98,100%,TRUE,TRUE,FALSE,HD,SES239169,1,,,,,,,,,,,,,,,,,,,,,,,,,,,,,,,,,,,,,,,,,,,,,,,,,,,,,,,,,,,,,,,,,,,,,,,,,,,,,,,,,,,,,,,,,,,,,,,,,,,,,,,,,,,,,,,,,,,,,,,,,
EVT0002887,SUB00700,CNT00034,2023-05-29,12,Desktop,115,25-50%,FALSE,FALSE,TRUE,HD,SES506284,0,,,,,,,,,,,,,,,,,,,,,,,,,,,,,,,,,,,,,,,,,,,,,,,,,,,,,,,,,,,,,,,,,,,,,,,,,,,,,,,,,,,,,,,,,,,,,,,,,,,,,,,,,,,,,,,,,,,,,,,,,
EVT0002888,SUB00473,CNT00035,2023-04-15,14,Mobile,40,100%,TRUE,FALSE,TRUE,4K,SES796023,1,,,,,,,,,,,,,,,,,,,,,,,,,,,,,,,,,,,,,,,,,,,,,,,,,,,,,,,,,,,,,,,,,,,,,,,,,,,,,,,,,,,,,,,,,,,,,,,,,,,,,,,,,,,,,,,,,,,,,,,,,
EVT0002889,SUB00102,CNT00096,2024-01-11,22,Mobile,20,75-99%,FALSE,TRUE,TRUE,SD,SES242456,0,,,,,,,,,,,,,,,,,,,,,,,,,,,,,,,,,,,,,,,,,,,,,,,,,,,,,,,,,,,,,,,,,,,,,,,,,,,,,,,,,,,,,,,,,,,,,,,,,,,,,,,,,,,,,,,,,,,,,,,,,
EVT0002890,SUB00545,CNT00021,2023-05-15,15,Fire TV,86,<25%,FALSE,FALSE,FALSE,4K,SES277951,0,,,,,,,,,,,,,,,,,,,,,,,,,,,,,,,,,,,,,,,,,,,,,,,,,,,,,,,,,,,,,,,,,,,,,,,,,,,,,,,,,,,,,,,,,,,,,,,,,,,,,,,,,,,,,,,,,,,,,,,,,
EVT0002891,SUB00139,CNT00054,2024-06-22,14,Smart TV,31,75-99%,FALSE,FALSE,TRUE,4K,SES833176,0,,,,,,,,,,,,,,,,,,,,,,,,,,,,,,,,,,,,,,,,,,,,,,,,,,,,,,,,,,,,,,,,,,,,,,,,,,,,,,,,,,,,,,,,,,,,,,,,,,,,,,,,,,,,,,,,,,,,,,,,,
EVT0002892,SUB00223,CNT00030,2023-09-29,20,Smart TV,98,100%,TRUE,TRUE,FALSE,HD,SES645290,1,,,,,,,,,,,,,,,,,,,,,,,,,,,,,,,,,,,,,,,,,,,,,,,,,,,,,,,,,,,,,,,,,,,,,,,,,,,,,,,,,,,,,,,,,,,,,,,,,,,,,,,,,,,,,,,,,,,,,,,,,
EVT0002893,SUB00623,CNT00096,2023-08-10,8,Tablet,20,100%,TRUE,TRUE,TRUE,HD,SES497783,1,,,,,,,,,,,,,,,,,,,,,,,,,,,,,,,,,,,,,,,,,,,,,,,,,,,,,,,,,,,,,,,,,,,,,,,,,,,,,,,,,,,,,,,,,,,,,,,,,,,,,,,,,,,,,,,,,,,,,,,,,
EVT0002894,SUB00502,CNT00022,2023-01-02,12,Fire TV,85,<25%,FALSE,FALSE,FALSE,HD,SES504085,0,,,,,,,,,,,,,,,,,,,,,,,,,,,,,,,,,,,,,,,,,,,,,,,,,,,,,,,,,,,,,,,,,,,,,,,,,,,,,,,,,,,,,,,,,,,,,,,,,,,,,,,,,,,,,,,,,,,,,,,,,
EVT0002895,SUB00352,CNT00057,2024-01-27,17,Desktop,36,<25%,FALSE,TRUE,TRUE,4K,SES290332,0,,,,,,,,,,,,,,,,,,,,,,,,,,,,,,,,,,,,,,,,,,,,,,,,,,,,,,,,,,,,,,,,,,,,,,,,,,,,,,,,,,,,,,,,,,,,,,,,,,,,,,,,,,,,,,,,,,,,,,,,,
EVT0002896,SUB00574,CNT00025,2023-01-05,20,Smart TV,8,<25%,FALSE,FALSE,FALSE,4K,SES154252,0,,,,,,,,,,,,,,,,,,,,,,,,,,,,,,,,,,,,,,,,,,,,,,,,,,,,,,,,,,,,,,,,,,,,,,,,,,,,,,,,,,,,,,,,,,,,,,,,,,,,,,,,,,,,,,,,,,,,,,,,,
EVT0002897,SUB00638,CNT00025,2024-05-02,13,Mobile,21,75-99%,FALSE,FALSE,TRUE,HD,SES388523,0,,,,,,,,,,,,,,,,,,,,,,,,,,,,,,,,,,,,,,,,,,,,,,,,,,,,,,,,,,,,,,,,,,,,,,,,,,,,,,,,,,,,,,,,,,,,,,,,,,,,,,,,,,,,,,,,,,,,,,,,,
EVT0002898,SUB00319,CNT00007,2023-03-29,11,Fire TV,93,100%,TRUE,FALSE,FALSE,4K,SES736000,1,,,,,,,,,,,,,,,,,,,,,,,,,,,,,,,,,,,,,,,,,,,,,,,,,,,,,,,,,,,,,,,,,,,,,,,,,,,,,,,,,,,,,,,,,,,,,,,,,,,,,,,,,,,,,,,,,,,,,,,,,
EVT0002899,SUB00539,CNT00060,2023-01-28,6,Roku,12,100%,TRUE,FALSE,TRUE,HD,SES128855,1,,,,,,,,,,,,,,,,,,,,,,,,,,,,,,,,,,,,,,,,,,,,,,,,,,,,,,,,,,,,,,,,,,,,,,,,,,,,,,,,,,,,,,,,,,,,,,,,,,,,,,,,,,,,,,,,,,,,,,,,,
EVT0002900,SUB00088,CNT00097,2024-05-04,14,Tablet,28,25-50%,FALSE,TRUE,FALSE,4K,SES697934,0,,,,,,,,,,,,,,,,,,,,,,,,,,,,,,,,,,,,,,,,,,,,,,,,,,,,,,,,,,,,,,,,,,,,,,,,,,,,,,,,,,,,,,,,,,,,,,,,,,,,,,,,,,,,,,,,,,,,,,,,,
EVT0002901,SUB00039,CNT00024,2024-02-28,16,Roku,104,<25%,FALSE,FALSE,FALSE,HD,SES467819,0,,,,,,,,,,,,,,,,,,,,,,,,,,,,,,,,,,,,,,,,,,,,,,,,,,,,,,,,,,,,,,,,,,,,,,,,,,,,,,,,,,,,,,,,,,,,,,,,,,,,,,,,,,,,,,,,,,,,,,,,,
EVT0002902,SUB00472,CNT00085,2023-04-28,12,Smart TV,30,100%,TRUE,TRUE,FALSE,HD,SES664583,1,,,,,,,,,,,,,,,,,,,,,,,,,,,,,,,,,,,,,,,,,,,,,,,,,,,,,,,,,,,,,,,,,,,,,,,,,,,,,,,,,,,,,,,,,,,,,,,,,,,,,,,,,,,,,,,,,,,,,,,,,
EVT0002903,SUB00445,CNT00078,2023-02-28,8,Desktop,48,50-75%,FALSE,TRUE,TRUE,4K,SES227678,0,,,,,,,,,,,,,,,,,,,,,,,,,,,,,,,,,,,,,,,,,,,,,,,,,,,,,,,,,,,,,,,,,,,,,,,,,,,,,,,,,,,,,,,,,,,,,,,,,,,,,,,,,,,,,,,,,,,,,,,,,
EVT0002904,SUB00025,CNT00050,2023-08-15,19,Desktop,88,100%,TRUE,FALSE,FALSE,HD,SES440306,1,,,,,,,,,,,,,,,,,,,,,,,,,,,,,,,,,,,,,,,,,,,,,,,,,,,,,,,,,,,,,,,,,,,,,,,,,,,,,,,,,,,,,,,,,,,,,,,,,,,,,,,,,,,,,,,,,,,,,,,,,
EVT0002905,SUB00700,CNT00001,2023-12-15,9,Tablet,47,100%,TRUE,TRUE,TRUE,HD,SES969107,1,,,,,,,,,,,,,,,,,,,,,,,,,,,,,,,,,,,,,,,,,,,,,,,,,,,,,,,,,,,,,,,,,,,,,,,,,,,,,,,,,,,,,,,,,,,,,,,,,,,,,,,,,,,,,,,,,,,,,,,,,
EVT0002906,SUB00181,CNT00051,2024-03-24,15,Fire TV,55,75-99%,FALSE,TRUE,TRUE,HD,SES626075,0,,,,,,,,,,,,,,,,,,,,,,,,,,,,,,,,,,,,,,,,,,,,,,,,,,,,,,,,,,,,,,,,,,,,,,,,,,,,,,,,,,,,,,,,,,,,,,,,,,,,,,,,,,,,,,,,,,,,,,,,,
EVT0002907,SUB00348,CNT00099,2024-03-15,10,Mobile,44,25-50%,FALSE,TRUE,FALSE,HD,SES383524,0,,,,,,,,,,,,,,,,,,,,,,,,,,,,,,,,,,,,,,,,,,,,,,,,,,,,,,,,,,,,,,,,,,,,,,,,,,,,,,,,,,,,,,,,,,,,,,,,,,,,,,,,,,,,,,,,,,,,,,,,,
EVT0002908,SUB00048,CNT00089,2023-11-28,18,Smart TV,18,50-75%,FALSE,FALSE,TRUE,4K,SES794575,0,,,,,,,,,,,,,,,,,,,,,,,,,,,,,,,,,,,,,,,,,,,,,,,,,,,,,,,,,,,,,,,,,,,,,,,,,,,,,,,,,,,,,,,,,,,,,,,,,,,,,,,,,,,,,,,,,,,,,,,,,
EVT0002909,SUB00303,CNT00026,2023-07-18,15,Mobile,59,100%,TRUE,FALSE,TRUE,HD,SES368865,1,,,,,,,,,,,,,,,,,,,,,,,,,,,,,,,,,,,,,,,,,,,,,,,,,,,,,,,,,,,,,,,,,,,,,,,,,,,,,,,,,,,,,,,,,,,,,,,,,,,,,,,,,,,,,,,,,,,,,,,,,
EVT0002910,SUB00453,CNT00087,2023-02-04,19,Roku,70,100%,TRUE,FALSE,FALSE,4K,SES658784,1,,,,,,,,,,,,,,,,,,,,,,,,,,,,,,,,,,,,,,,,,,,,,,,,,,,,,,,,,,,,,,,,,,,,,,,,,,,,,,,,,,,,,,,,,,,,,,,,,,,,,,,,,,,,,,,,,,,,,,,,,
EVT0002911,SUB00458,CNT00015,2023-11-19,8,Mobile,55,100%,TRUE,FALSE,TRUE,HD,SES772248,1,,,,,,,,,,,,,,,,,,,,,,,,,,,,,,,,,,,,,,,,,,,,,,,,,,,,,,,,,,,,,,,,,,,,,,,,,,,,,,,,,,,,,,,,,,,,,,,,,,,,,,,,,,,,,,,,,,,,,,,,,
EVT0002912,SUB00440,CNT00016,2023-06-04,13,Fire TV,79,75-99%,FALSE,FALSE,FALSE,HD,SES432431,0,,,,,,,,,,,,,,,,,,,,,,,,,,,,,,,,,,,,,,,,,,,,,,,,,,,,,,,,,,,,,,,,,,,,,,,,,,,,,,,,,,,,,,,,,,,,,,,,,,,,,,,,,,,,,,,,,,,,,,,,,
EVT0002913,SUB00466,CNT00010,2023-08-10,14,Roku,32,100%,TRUE,TRUE,TRUE,4K,SES473685,1,,,,,,,,,,,,,,,,,,,,,,,,,,,,,,,,,,,,,,,,,,,,,,,,,,,,,,,,,,,,,,,,,,,,,,,,,,,,,,,,,,,,,,,,,,,,,,,,,,,,,,,,,,,,,,,,,,,,,,,,,
EVT0002914,SUB00151,CNT00034,2024-06-18,20,Roku,6,100%,TRUE,FALSE,TRUE,SD,SES406944,1,,,,,,,,,,,,,,,,,,,,,,,,,,,,,,,,,,,,,,,,,,,,,,,,,,,,,,,,,,,,,,,,,,,,,,,,,,,,,,,,,,,,,,,,,,,,,,,,,,,,,,,,,,,,,,,,,,,,,,,,,
EVT0002915,SUB00495,CNT00026,2023-02-10,8,Roku,112,75-99%,FALSE,FALSE,TRUE,HD,SES924566,0,,,,,,,,,,,,,,,,,,,,,,,,,,,,,,,,,,,,,,,,,,,,,,,,,,,,,,,,,,,,,,,,,,,,,,,,,,,,,,,,,,,,,,,,,,,,,,,,,,,,,,,,,,,,,,,,,,,,,,,,,
EVT0002916,SUB00443,CNT00076,2023-07-02,7,Smart TV,90,25-50%,FALSE,FALSE,TRUE,HD,SES318463,0,,,,,,,,,,,,,,,,,,,,,,,,,,,,,,,,,,,,,,,,,,,,,,,,,,,,,,,,,,,,,,,,,,,,,,,,,,,,,,,,,,,,,,,,,,,,,,,,,,,,,,,,,,,,,,,,,,,,,,,,,
EVT0002917,SUB00509,CNT00046,2023-12-17,21,Smart TV,14,75-99%,FALSE,TRUE,TRUE,SD,SES128168,0,,,,,,,,,,,,,,,,,,,,,,,,,,,,,,,,,,,,,,,,,,,,,,,,,,,,,,,,,,,,,,,,,,,,,,,,,,,,,,,,,,,,,,,,,,,,,,,,,,,,,,,,,,,,,,,,,,,,,,,,,
EVT0002918,SUB00469,CNT00074,2023-12-16,9,Tablet,34,50-75%,FALSE,TRUE,FALSE,4K,SES290451,0,,,,,,,,,,,,,,,,,,,,,,,,,,,,,,,,,,,,,,,,,,,,,,,,,,,,,,,,,,,,,,,,,,,,,,,,,,,,,,,,,,,,,,,,,,,,,,,,,,,,,,,,,,,,,,,,,,,,,,,,,
EVT0002919,SUB00398,CNT00005,2023-12-15,6,Tablet,67,100%,TRUE,FALSE,TRUE,HD,SES785101,1,,,,,,,,,,,,,,,,,,,,,,,,,,,,,,,,,,,,,,,,,,,,,,,,,,,,,,,,,,,,,,,,,,,,,,,,,,,,,,,,,,,,,,,,,,,,,,,,,,,,,,,,,,,,,,,,,,,,,,,,,
EVT0002920,SUB00211,CNT00098,2023-02-17,8,Smart TV,110,100%,TRUE,FALSE,TRUE,4K,SES786016,1,,,,,,,,,,,,,,,,,,,,,,,,,,,,,,,,,,,,,,,,,,,,,,,,,,,,,,,,,,,,,,,,,,,,,,,,,,,,,,,,,,,,,,,,,,,,,,,,,,,,,,,,,,,,,,,,,,,,,,,,,
EVT0002921,SUB00129,CNT00042,2023-07-13,23,Tablet,83,75-99%,FALSE,FALSE,FALSE,HD,SES855108,0,,,,,,,,,,,,,,,,,,,,,,,,,,,,,,,,,,,,,,,,,,,,,,,,,,,,,,,,,,,,,,,,,,,,,,,,,,,,,,,,,,,,,,,,,,,,,,,,,,,,,,,,,,,,,,,,,,,,,,,,,
EVT0002922,SUB00029,CNT00006,2024-03-27,6,Desktop,39,75-99%,FALSE,FALSE,TRUE,4K,SES925417,0,,,,,,,,,,,,,,,,,,,,,,,,,,,,,,,,,,,,,,,,,,,,,,,,,,,,,,,,,,,,,,,,,,,,,,,,,,,,,,,,,,,,,,,,,,,,,,,,,,,,,,,,,,,,,,,,,,,,,,,,,
EVT0002923,SUB00254,CNT00005,2023-09-03,14,Fire TV,80,100%,TRUE,TRUE,FALSE,HD,SES423875,1,,,,,,,,,,,,,,,,,,,,,,,,,,,,,,,,,,,,,,,,,,,,,,,,,,,,,,,,,,,,,,,,,,,,,,,,,,,,,,,,,,,,,,,,,,,,,,,,,,,,,,,,,,,,,,,,,,,,,,,,,
EVT0002924,SUB00202,CNT00093,2023-10-18,18,Smart TV,69,<25%,FALSE,FALSE,TRUE,HD,SES295515,0,,,,,,,,,,,,,,,,,,,,,,,,,,,,,,,,,,,,,,,,,,,,,,,,,,,,,,,,,,,,,,,,,,,,,,,,,,,,,,,,,,,,,,,,,,,,,,,,,,,,,,,,,,,,,,,,,,,,,,,,,
EVT0002925,SUB00367,CNT00091,2023-03-23,15,Mobile,99,75-99%,FALSE,FALSE,TRUE,4K,SES973820,0,,,,,,,,,,,,,,,,,,,,,,,,,,,,,,,,,,,,,,,,,,,,,,,,,,,,,,,,,,,,,,,,,,,,,,,,,,,,,,,,,,,,,,,,,,,,,,,,,,,,,,,,,,,,,,,,,,,,,,,,,
EVT0002926,SUB00448,CNT00068,2024-05-28,23,Fire TV,68,25-50%,FALSE,FALSE,TRUE,4K,SES278614,0,,,,,,,,,,,,,,,,,,,,,,,,,,,,,,,,,,,,,,,,,,,,,,,,,,,,,,,,,,,,,,,,,,,,,,,,,,,,,,,,,,,,,,,,,,,,,,,,,,,,,,,,,,,,,,,,,,,,,,,,,
EVT0002927,SUB00519,CNT00066,2024-05-15,14,Mobile,97,100%,TRUE,FALSE,FALSE,HD,SES624885,1,,,,,,,,,,,,,,,,,,,,,,,,,,,,,,,,,,,,,,,,,,,,,,,,,,,,,,,,,,,,,,,,,,,,,,,,,,,,,,,,,,,,,,,,,,,,,,,,,,,,,,,,,,,,,,,,,,,,,,,,,
EVT0002928,SUB00178,CNT00091,2024-04-26,11,Mobile,86,50-75%,FALSE,TRUE,TRUE,HD,SES848428,0,,,,,,,,,,,,,,,,,,,,,,,,,,,,,,,,,,,,,,,,,,,,,,,,,,,,,,,,,,,,,,,,,,,,,,,,,,,,,,,,,,,,,,,,,,,,,,,,,,,,,,,,,,,,,,,,,,,,,,,,,
EVT0002929,SUB00591,CNT00068,2023-08-13,11,Mobile,45,100%,TRUE,FALSE,TRUE,SD,SES583420,1,,,,,,,,,,,,,,,,,,,,,,,,,,,,,,,,,,,,,,,,,,,,,,,,,,,,,,,,,,,,,,,,,,,,,,,,,,,,,,,,,,,,,,,,,,,,,,,,,,,,,,,,,,,,,,,,,,,,,,,,,
EVT0002930,SUB00217,CNT00018,2023-05-06,6,Tablet,96,100%,TRUE,FALSE,FALSE,4K,SES918482,1,,,,,,,,,,,,,,,,,,,,,,,,,,,,,,,,,,,,,,,,,,,,,,,,,,,,,,,,,,,,,,,,,,,,,,,,,,,,,,,,,,,,,,,,,,,,,,,,,,,,,,,,,,,,,,,,,,,,,,,,,
EVT0002931,SUB00430,CNT00062,2023-12-26,14,Mobile,98,<25%,FALSE,FALSE,FALSE,HD,SES509560,0,,,,,,,,,,,,,,,,,,,,,,,,,,,,,,,,,,,,,,,,,,,,,,,,,,,,,,,,,,,,,,,,,,,,,,,,,,,,,,,,,,,,,,,,,,,,,,,,,,,,,,,,,,,,,,,,,,,,,,,,,
EVT0002932,SUB00304,CNT00096,2023-01-08,13,Roku,15,100%,TRUE,TRUE,TRUE,4K,SES488584,1,,,,,,,,,,,,,,,,,,,,,,,,,,,,,,,,,,,,,,,,,,,,,,,,,,,,,,,,,,,,,,,,,,,,,,,,,,,,,,,,,,,,,,,,,,,,,,,,,,,,,,,,,,,,,,,,,,,,,,,,,
EVT0002933,SUB00669,CNT00086,2024-03-26,18,Tablet,109,100%,TRUE,FALSE,FALSE,HD,SES503562,1,,,,,,,,,,,,,,,,,,,,,,,,,,,,,,,,,,,,,,,,,,,,,,,,,,,,,,,,,,,,,,,,,,,,,,,,,,,,,,,,,,,,,,,,,,,,,,,,,,,,,,,,,,,,,,,,,,,,,,,,,
EVT0002934,SUB00258,CNT00051,2024-02-15,17,Smart TV,6,<25%,FALSE,FALSE,FALSE,4K,SES991151,0,,,,,,,,,,,,,,,,,,,,,,,,,,,,,,,,,,,,,,,,,,,,,,,,,,,,,,,,,,,,,,,,,,,,,,,,,,,,,,,,,,,,,,,,,,,,,,,,,,,,,,,,,,,,,,,,,,,,,,,,,
EVT0002935,SUB00601,CNT00043,2023-05-24,11,Mobile,67,100%,TRUE,FALSE,TRUE,4K,SES701071,1,,,,,,,,,,,,,,,,,,,,,,,,,,,,,,,,,,,,,,,,,,,,,,,,,,,,,,,,,,,,,,,,,,,,,,,,,,,,,,,,,,,,,,,,,,,,,,,,,,,,,,,,,,,,,,,,,,,,,,,,,
EVT0002936,SUB00507,CNT00076,2024-06-15,21,Smart TV,64,100%,TRUE,FALSE,TRUE,4K,SES248628,1,,,,,,,,,,,,,,,,,,,,,,,,,,,,,,,,,,,,,,,,,,,,,,,,,,,,,,,,,,,,,,,,,,,,,,,,,,,,,,,,,,,,,,,,,,,,,,,,,,,,,,,,,,,,,,,,,,,,,,,,,
EVT0002937,SUB00006,CNT00088,2023-06-20,17,Fire TV,10,100%,TRUE,FALSE,FALSE,HD,SES723810,1,,,,,,,,,,,,,,,,,,,,,,,,,,,,,,,,,,,,,,,,,,,,,,,,,,,,,,,,,,,,,,,,,,,,,,,,,,,,,,,,,,,,,,,,,,,,,,,,,,,,,,,,,,,,,,,,,,,,,,,,,
EVT0002938,SUB00696,CNT00095,2024-04-23,14,Mobile,12,75-99%,FALSE,FALSE,TRUE,HD,SES420119,0,,,,,,,,,,,,,,,,,,,,,,,,,,,,,,,,,,,,,,,,,,,,,,,,,,,,,,,,,,,,,,,,,,,,,,,,,,,,,,,,,,,,,,,,,,,,,,,,,,,,,,,,,,,,,,,,,,,,,,,,,
EVT0002939,SUB00443,CNT00027,2024-02-29,8,Tablet,36,50-75%,FALSE,TRUE,TRUE,SD,SES670410,0,,,,,,,,,,,,,,,,,,,,,,,,,,,,,,,,,,,,,,,,,,,,,,,,,,,,,,,,,,,,,,,,,,,,,,,,,,,,,,,,,,,,,,,,,,,,,,,,,,,,,,,,,,,,,,,,,,,,,,,,,
EVT0002940,SUB00581,CNT00031,2023-07-14,6,Mobile,18,50-75%,FALSE,TRUE,FALSE,4K,SES801061,0,,,,,,,,,,,,,,,,,,,,,,,,,,,,,,,,,,,,,,,,,,,,,,,,,,,,,,,,,,,,,,,,,,,,,,,,,,,,,,,,,,,,,,,,,,,,,,,,,,,,,,,,,,,,,,,,,,,,,,,,,
EVT0002941,SUB00411,CNT00028,2023-01-22,21,Tablet,52,50-75%,FALSE,TRUE,FALSE,4K,SES472746,0,,,,,,,,,,,,,,,,,,,,,,,,,,,,,,,,,,,,,,,,,,,,,,,,,,,,,,,,,,,,,,,,,,,,,,,,,,,,,,,,,,,,,,,,,,,,,,,,,,,,,,,,,,,,,,,,,,,,,,,,,
EVT0002942,SUB00584,CNT00040,2023-06-07,12,Desktop,82,<25%,FALSE,FALSE,TRUE,4K,SES576916,0,,,,,,,,,,,,,,,,,,,,,,,,,,,,,,,,,,,,,,,,,,,,,,,,,,,,,,,,,,,,,,,,,,,,,,,,,,,,,,,,,,,,,,,,,,,,,,,,,,,,,,,,,,,,,,,,,,,,,,,,,
EVT0002943,SUB00217,CNT00073,2024-06-19,23,Smart TV,88,100%,TRUE,FALSE,TRUE,SD,SES788632,1,,,,,,,,,,,,,,,,,,,,,,,,,,,,,,,,,,,,,,,,,,,,,,,,,,,,,,,,,,,,,,,,,,,,,,,,,,,,,,,,,,,,,,,,,,,,,,,,,,,,,,,,,,,,,,,,,,,,,,,,,
EVT0002944,SUB00337,CNT00072,2023-09-05,19,Smart TV,89,100%,TRUE,TRUE,FALSE,HD,SES472665,1,,,,,,,,,,,,,,,,,,,,,,,,,,,,,,,,,,,,,,,,,,,,,,,,,,,,,,,,,,,,,,,,,,,,,,,,,,,,,,,,,,,,,,,,,,,,,,,,,,,,,,,,,,,,,,,,,,,,,,,,,
EVT0002945,SUB00681,CNT00093,2024-03-23,10,Tablet,92,100%,TRUE,FALSE,TRUE,SD,SES729151,1,,,,,,,,,,,,,,,,,,,,,,,,,,,,,,,,,,,,,,,,,,,,,,,,,,,,,,,,,,,,,,,,,,,,,,,,,,,,,,,,,,,,,,,,,,,,,,,,,,,,,,,,,,,,,,,,,,,,,,,,,
EVT0002946,SUB00443,CNT00028,2023-04-24,15,Fire TV,65,100%,TRUE,FALSE,FALSE,HD,SES720663,1,,,,,,,,,,,,,,,,,,,,,,,,,,,,,,,,,,,,,,,,,,,,,,,,,,,,,,,,,,,,,,,,,,,,,,,,,,,,,,,,,,,,,,,,,,,,,,,,,,,,,,,,,,,,,,,,,,,,,,,,,
EVT0002947,SUB00403,CNT00088,2023-07-20,15,Smart TV,60,100%,TRUE,FALSE,TRUE,SD,SES608817,1,,,,,,,,,,,,,,,,,,,,,,,,,,,,,,,,,,,,,,,,,,,,,,,,,,,,,,,,,,,,,,,,,,,,,,,,,,,,,,,,,,,,,,,,,,,,,,,,,,,,,,,,,,,,,,,,,,,,,,,,,
EVT0002948,SUB00196,CNT00073,2024-04-13,7,Mobile,109,100%,TRUE,TRUE,TRUE,HD,SES952691,1,,,,,,,,,,,,,,,,,,,,,,,,,,,,,,,,,,,,,,,,,,,,,,,,,,,,,,,,,,,,,,,,,,,,,,,,,,,,,,,,,,,,,,,,,,,,,,,,,,,,,,,,,,,,,,,,,,,,,,,,,
EVT0002949,SUB00622,CNT00087,2023-03-20,16,Fire TV,99,100%,TRUE,FALSE,TRUE,SD,SES296998,1,,,,,,,,,,,,,,,,,,,,,,,,,,,,,,,,,,,,,,,,,,,,,,,,,,,,,,,,,,,,,,,,,,,,,,,,,,,,,,,,,,,,,,,,,,,,,,,,,,,,,,,,,,,,,,,,,,,,,,,,,
EVT0002950,SUB00163,CNT00019,2024-04-10,17,Fire TV,14,25-50%,FALSE,FALSE,TRUE,4K,SES468934,0,,,,,,,,,,,,,,,,,,,,,,,,,,,,,,,,,,,,,,,,,,,,,,,,,,,,,,,,,,,,,,,,,,,,,,,,,,,,,,,,,,,,,,,,,,,,,,,,,,,,,,,,,,,,,,,,,,,,,,,,,
EVT0002951,SUB00176,CNT00093,2024-01-27,11,Smart TV,9,50-75%,FALSE,TRUE,TRUE,4K,SES545668,0,,,,,,,,,,,,,,,,,,,,,,,,,,,,,,,,,,,,,,,,,,,,,,,,,,,,,,,,,,,,,,,,,,,,,,,,,,,,,,,,,,,,,,,,,,,,,,,,,,,,,,,,,,,,,,,,,,,,,,,,,
EVT0002952,SUB00223,CNT00031,2024-02-22,17,Mobile,71,100%,TRUE,TRUE,TRUE,HD,SES867340,1,,,,,,,,,,,,,,,,,,,,,,,,,,,,,,,,,,,,,,,,,,,,,,,,,,,,,,,,,,,,,,,,,,,,,,,,,,,,,,,,,,,,,,,,,,,,,,,,,,,,,,,,,,,,,,,,,,,,,,,,,
EVT0002953,SUB00393,CNT00066,2023-05-15,8,Tablet,6,100%,TRUE,TRUE,TRUE,HD,SES429125,1,,,,,,,,,,,,,,,,,,,,,,,,,,,,,,,,,,,,,,,,,,,,,,,,,,,,,,,,,,,,,,,,,,,,,,,,,,,,,,,,,,,,,,,,,,,,,,,,,,,,,,,,,,,,,,,,,,,,,,,,,
EVT0002954,SUB00610,CNT00037,2023-11-17,14,Smart TV,12,<25%,FALSE,TRUE,TRUE,HD,SES411978,0,,,,,,,,,,,,,,,,,,,,,,,,,,,,,,,,,,,,,,,,,,,,,,,,,,,,,,,,,,,,,,,,,,,,,,,,,,,,,,,,,,,,,,,,,,,,,,,,,,,,,,,,,,,,,,,,,,,,,,,,,
EVT0002955,SUB00355,CNT00052,2023-07-14,12,Fire TV,115,75-99%,FALSE,TRUE,TRUE,HD,SES156736,0,,,,,,,,,,,,,,,,,,,,,,,,,,,,,,,,,,,,,,,,,,,,,,,,,,,,,,,,,,,,,,,,,,,,,,,,,,,,,,,,,,,,,,,,,,,,,,,,,,,,,,,,,,,,,,,,,,,,,,,,,
EVT0002956,SUB00026,CNT00037,2024-04-21,12,Mobile,8,<25%,FALSE,FALSE,TRUE,HD,SES607737,0,,,,,,,,,,,,,,,,,,,,,,,,,,,,,,,,,,,,,,,,,,,,,,,,,,,,,,,,,,,,,,,,,,,,,,,,,,,,,,,,,,,,,,,,,,,,,,,,,,,,,,,,,,,,,,,,,,,,,,,,,
EVT0002957,SUB00686,CNT00031,2023-04-09,13,Smart TV,101,100%,TRUE,FALSE,TRUE,HD,SES613297,1,,,,,,,,,,,,,,,,,,,,,,,,,,,,,,,,,,,,,,,,,,,,,,,,,,,,,,,,,,,,,,,,,,,,,,,,,,,,,,,,,,,,,,,,,,,,,,,,,,,,,,,,,,,,,,,,,,,,,,,,,
EVT0002958,SUB00364,CNT00073,2024-03-22,20,Smart TV,61,75-99%,FALSE,FALSE,TRUE,HD,SES453950,0,,,,,,,,,,,,,,,,,,,,,,,,,,,,,,,,,,,,,,,,,,,,,,,,,,,,,,,,,,,,,,,,,,,,,,,,,,,,,,,,,,,,,,,,,,,,,,,,,,,,,,,,,,,,,,,,,,,,,,,,,
EVT0002959,SUB00318,CNT00014,2023-11-25,9,Smart TV,54,50-75%,FALSE,FALSE,TRUE,SD,SES456081,0,,,,,,,,,,,,,,,,,,,,,,,,,,,,,,,,,,,,,,,,,,,,,,,,,,,,,,,,,,,,,,,,,,,,,,,,,,,,,,,,,,,,,,,,,,,,,,,,,,,,,,,,,,,,,,,,,,,,,,,,,
EVT0002960,SUB00595,CNT00084,2023-09-10,10,Roku,39,100%,TRUE,TRUE,TRUE,SD,SES972697,1,,,,,,,,,,,,,,,,,,,,,,,,,,,,,,,,,,,,,,,,,,,,,,,,,,,,,,,,,,,,,,,,,,,,,,,,,,,,,,,,,,,,,,,,,,,,,,,,,,,,,,,,,,,,,,,,,,,,,,,,,
EVT0002961,SUB00071,CNT00008,2023-05-23,14,Smart TV,86,50-75%,FALSE,TRUE,FALSE,SD,SES557875,0,,,,,,,,,,,,,,,,,,,,,,,,,,,,,,,,,,,,,,,,,,,,,,,,,,,,,,,,,,,,,,,,,,,,,,,,,,,,,,,,,,,,,,,,,,,,,,,,,,,,,,,,,,,,,,,,,,,,,,,,,
EVT0002962,SUB00484,CNT00095,2023-06-11,16,Roku,28,75-99%,FALSE,FALSE,TRUE,HD,SES298121,0,,,,,,,,,,,,,,,,,,,,,,,,,,,,,,,,,,,,,,,,,,,,,,,,,,,,,,,,,,,,,,,,,,,,,,,,,,,,,,,,,,,,,,,,,,,,,,,,,,,,,,,,,,,,,,,,,,,,,,,,,
EVT0002963,SUB00579,CNT00036,2023-08-09,7,Smart TV,62,100%,TRUE,TRUE,FALSE,HD,SES214968,1,,,,,,,,,,,,,,,,,,,,,,,,,,,,,,,,,,,,,,,,,,,,,,,,,,,,,,,,,,,,,,,,,,,,,,,,,,,,,,,,,,,,,,,,,,,,,,,,,,,,,,,,,,,,,,,,,,,,,,,,,
EVT0002964,SUB00453,CNT00026,2023-06-01,17,Tablet,64,100%,TRUE,FALSE,TRUE,4K,SES941001,1,,,,,,,,,,,,,,,,,,,,,,,,,,,,,,,,,,,,,,,,,,,,,,,,,,,,,,,,,,,,,,,,,,,,,,,,,,,,,,,,,,,,,,,,,,,,,,,,,,,,,,,,,,,,,,,,,,,,,,,,,
EVT0002965,SUB00087,CNT00012,2023-07-05,11,Smart TV,9,75-99%,FALSE,FALSE,TRUE,4K,SES727090,0,,,,,,,,,,,,,,,,,,,,,,,,,,,,,,,,,,,,,,,,,,,,,,,,,,,,,,,,,,,,,,,,,,,,,,,,,,,,,,,,,,,,,,,,,,,,,,,,,,,,,,,,,,,,,,,,,,,,,,,,,
EVT0002966,SUB00047,CNT00028,2023-04-01,12,Desktop,37,100%,TRUE,TRUE,TRUE,4K,SES404193,1,,,,,,,,,,,,,,,,,,,,,,,,,,,,,,,,,,,,,,,,,,,,,,,,,,,,,,,,,,,,,,,,,,,,,,,,,,,,,,,,,,,,,,,,,,,,,,,,,,,,,,,,,,,,,,,,,,,,,,,,,
EVT0002967,SUB00216,CNT00096,2023-09-15,19,Roku,16,100%,TRUE,FALSE,TRUE,HD,SES823536,1,,,,,,,,,,,,,,,,,,,,,,,,,,,,,,,,,,,,,,,,,,,,,,,,,,,,,,,,,,,,,,,,,,,,,,,,,,,,,,,,,,,,,,,,,,,,,,,,,,,,,,,,,,,,,,,,,,,,,,,,,
EVT0002968,SUB00647,CNT00075,2023-01-08,20,Desktop,96,25-50%,FALSE,FALSE,TRUE,4K,SES264847,0,,,,,,,,,,,,,,,,,,,,,,,,,,,,,,,,,,,,,,,,,,,,,,,,,,,,,,,,,,,,,,,,,,,,,,,,,,,,,,,,,,,,,,,,,,,,,,,,,,,,,,,,,,,,,,,,,,,,,,,,,
EVT0002969,SUB00521,CNT00075,2024-04-17,20,Roku,45,75-99%,FALSE,FALSE,TRUE,SD,SES159116,0,,,,,,,,,,,,,,,,,,,,,,,,,,,,,,,,,,,,,,,,,,,,,,,,,,,,,,,,,,,,,,,,,,,,,,,,,,,,,,,,,,,,,,,,,,,,,,,,,,,,,,,,,,,,,,,,,,,,,,,,,
EVT0002970,SUB00193,CNT00048,2023-08-12,6,Mobile,80,50-75%,FALSE,TRUE,TRUE,HD,SES321990,0,,,,,,,,,,,,,,,,,,,,,,,,,,,,,,,,,,,,,,,,,,,,,,,,,,,,,,,,,,,,,,,,,,,,,,,,,,,,,,,,,,,,,,,,,,,,,,,,,,,,,,,,,,,,,,,,,,,,,,,,,
EVT0002971,SUB00351,CNT00055,2023-05-24,21,Desktop,118,100%,TRUE,FALSE,TRUE,HD,SES487633,1,,,,,,,,,,,,,,,,,,,,,,,,,,,,,,,,,,,,,,,,,,,,,,,,,,,,,,,,,,,,,,,,,,,,,,,,,,,,,,,,,,,,,,,,,,,,,,,,,,,,,,,,,,,,,,,,,,,,,,,,,
EVT0002972,SUB00124,CNT00071,2024-02-28,20,Fire TV,8,100%,TRUE,TRUE,TRUE,4K,SES942452,1,,,,,,,,,,,,,,,,,,,,,,,,,,,,,,,,,,,,,,,,,,,,,,,,,,,,,,,,,,,,,,,,,,,,,,,,,,,,,,,,,,,,,,,,,,,,,,,,,,,,,,,,,,,,,,,,,,,,,,,,,
EVT0002973,SUB00654,CNT00036,2024-03-07,18,Tablet,88,100%,TRUE,FALSE,TRUE,HD,SES398892,1,,,,,,,,,,,,,,,,,,,,,,,,,,,,,,,,,,,,,,,,,,,,,,,,,,,,,,,,,,,,,,,,,,,,,,,,,,,,,,,,,,,,,,,,,,,,,,,,,,,,,,,,,,,,,,,,,,,,,,,,,
EVT0002974,SUB00343,CNT00092,2023-03-08,16,Mobile,64,100%,TRUE,FALSE,TRUE,HD,SES428814,1,,,,,,,,,,,,,,,,,,,,,,,,,,,,,,,,,,,,,,,,,,,,,,,,,,,,,,,,,,,,,,,,,,,,,,,,,,,,,,,,,,,,,,,,,,,,,,,,,,,,,,,,,,,,,,,,,,,,,,,,,
EVT0002975,SUB00528,CNT00073,2023-03-11,18,Tablet,95,75-99%,FALSE,FALSE,TRUE,HD,SES528225,0,,,,,,,,,,,,,,,,,,,,,,,,,,,,,,,,,,,,,,,,,,,,,,,,,,,,,,,,,,,,,,,,,,,,,,,,,,,,,,,,,,,,,,,,,,,,,,,,,,,,,,,,,,,,,,,,,,,,,,,,,
EVT0002976,SUB00422,CNT00051,2023-12-02,20,Fire TV,45,100%,TRUE,TRUE,TRUE,HD,SES983957,1,,,,,,,,,,,,,,,,,,,,,,,,,,,,,,,,,,,,,,,,,,,,,,,,,,,,,,,,,,,,,,,,,,,,,,,,,,,,,,,,,,,,,,,,,,,,,,,,,,,,,,,,,,,,,,,,,,,,,,,,,
EVT0002977,SUB00279,CNT00082,2024-02-09,6,Roku,25,25-50%,FALSE,TRUE,TRUE,4K,SES197078,0,,,,,,,,,,,,,,,,,,,,,,,,,,,,,,,,,,,,,,,,,,,,,,,,,,,,,,,,,,,,,,,,,,,,,,,,,,,,,,,,,,,,,,,,,,,,,,,,,,,,,,,,,,,,,,,,,,,,,,,,,
EVT0002978,SUB00347,CNT00099,2023-09-29,17,Fire TV,30,100%,TRUE,FALSE,FALSE,HD,SES341017,1,,,,,,,,,,,,,,,,,,,,,,,,,,,,,,,,,,,,,,,,,,,,,,,,,,,,,,,,,,,,,,,,,,,,,,,,,,,,,,,,,,,,,,,,,,,,,,,,,,,,,,,,,,,,,,,,,,,,,,,,,
EVT0002979,SUB00407,CNT00035,2024-05-11,10,Desktop,44,<25%,FALSE,TRUE,TRUE,HD,SES748887,0,,,,,,,,,,,,,,,,,,,,,,,,,,,,,,,,,,,,,,,,,,,,,,,,,,,,,,,,,,,,,,,,,,,,,,,,,,,,,,,,,,,,,,,,,,,,,,,,,,,,,,,,,,,,,,,,,,,,,,,,,
EVT0002980,SUB00048,CNT00029,2024-04-28,10,Smart TV,80,100%,TRUE,FALSE,TRUE,SD,SES116925,1,,,,,,,,,,,,,,,,,,,,,,,,,,,,,,,,,,,,,,,,,,,,,,,,,,,,,,,,,,,,,,,,,,,,,,,,,,,,,,,,,,,,,,,,,,,,,,,,,,,,,,,,,,,,,,,,,,,,,,,,,
EVT0002981,SUB00371,CNT00020,2023-07-25,12,Roku,24,50-75%,FALSE,TRUE,FALSE,4K,SES134537,0,,,,,,,,,,,,,,,,,,,,,,,,,,,,,,,,,,,,,,,,,,,,,,,,,,,,,,,,,,,,,,,,,,,,,,,,,,,,,,,,,,,,,,,,,,,,,,,,,,,,,,,,,,,,,,,,,,,,,,,,,
EVT0002982,SUB00690,CNT00040,2023-03-31,10,Roku,38,100%,TRUE,TRUE,TRUE,HD,SES809750,1,,,,,,,,,,,,,,,,,,,,,,,,,,,,,,,,,,,,,,,,,,,,,,,,,,,,,,,,,,,,,,,,,,,,,,,,,,,,,,,,,,,,,,,,,,,,,,,,,,,,,,,,,,,,,,,,,,,,,,,,,
EVT0002983,SUB00203,CNT00070,2023-12-03,12,Fire TV,89,75-99%,FALSE,FALSE,TRUE,HD,SES580150,0,,,,,,,,,,,,,,,,,,,,,,,,,,,,,,,,,,,,,,,,,,,,,,,,,,,,,,,,,,,,,,,,,,,,,,,,,,,,,,,,,,,,,,,,,,,,,,,,,,,,,,,,,,,,,,,,,,,,,,,,,
EVT0002984,SUB00052,CNT00057,2023-01-25,15,Tablet,56,75-99%,FALSE,FALSE,TRUE,HD,SES737079,0,,,,,,,,,,,,,,,,,,,,,,,,,,,,,,,,,,,,,,,,,,,,,,,,,,,,,,,,,,,,,,,,,,,,,,,,,,,,,,,,,,,,,,,,,,,,,,,,,,,,,,,,,,,,,,,,,,,,,,,,,
EVT0002985,SUB00576,CNT00005,2023-11-13,15,Smart TV,71,100%,TRUE,FALSE,FALSE,HD,SES815418,1,,,,,,,,,,,,,,,,,,,,,,,,,,,,,,,,,,,,,,,,,,,,,,,,,,,,,,,,,,,,,,,,,,,,,,,,,,,,,,,,,,,,,,,,,,,,,,,,,,,,,,,,,,,,,,,,,,,,,,,,,
EVT0002986,SUB00017,CNT00043,2023-12-31,16,Fire TV,59,100%,TRUE,TRUE,FALSE,HD,SES931265,1,,,,,,,,,,,,,,,,,,,,,,,,,,,,,,,,,,,,,,,,,,,,,,,,,,,,,,,,,,,,,,,,,,,,,,,,,,,,,,,,,,,,,,,,,,,,,,,,,,,,,,,,,,,,,,,,,,,,,,,,,
EVT0002987,SUB00387,CNT00083,2023-07-08,12,Smart TV,46,100%,TRUE,FALSE,FALSE,HD,SES611539,1,,,,,,,,,,,,,,,,,,,,,,,,,,,,,,,,,,,,,,,,,,,,,,,,,,,,,,,,,,,,,,,,,,,,,,,,,,,,,,,,,,,,,,,,,,,,,,,,,,,,,,,,,,,,,,,,,,,,,,,,,
EVT0002988,SUB00648,CNT00092,2023-09-08,19,Roku,109,100%,TRUE,FALSE,FALSE,HD,SES596581,1,,,,,,,,,,,,,,,,,,,,,,,,,,,,,,,,,,,,,,,,,,,,,,,,,,,,,,,,,,,,,,,,,,,,,,,,,,,,,,,,,,,,,,,,,,,,,,,,,,,,,,,,,,,,,,,,,,,,,,,,,
EVT0002989,SUB00699,CNT00022,2023-02-26,13,Tablet,86,25-50%,FALSE,FALSE,TRUE,HD,SES517079,0,,,,,,,,,,,,,,,,,,,,,,,,,,,,,,,,,,,,,,,,,,,,,,,,,,,,,,,,,,,,,,,,,,,,,,,,,,,,,,,,,,,,,,,,,,,,,,,,,,,,,,,,,,,,,,,,,,,,,,,,,
EVT0002990,SUB00048,CNT00052,2023-04-18,18,Mobile,74,100%,TRUE,TRUE,TRUE,HD,SES515084,1,,,,,,,,,,,,,,,,,,,,,,,,,,,,,,,,,,,,,,,,,,,,,,,,,,,,,,,,,,,,,,,,,,,,,,,,,,,,,,,,,,,,,,,,,,,,,,,,,,,,,,,,,,,,,,,,,,,,,,,,,
EVT0002991,SUB00515,CNT00050,2023-06-22,22,Fire TV,71,100%,TRUE,FALSE,FALSE,HD,SES385043,1,,,,,,,,,,,,,,,,,,,,,,,,,,,,,,,,,,,,,,,,,,,,,,,,,,,,,,,,,,,,,,,,,,,,,,,,,,,,,,,,,,,,,,,,,,,,,,,,,,,,,,,,,,,,,,,,,,,,,,,,,
EVT0002992,SUB00619,CNT00033,2023-09-14,13,Fire TV,106,100%,TRUE,FALSE,FALSE,HD,SES477724,1,,,,,,,,,,,,,,,,,,,,,,,,,,,,,,,,,,,,,,,,,,,,,,,,,,,,,,,,,,,,,,,,,,,,,,,,,,,,,,,,,,,,,,,,,,,,,,,,,,,,,,,,,,,,,,,,,,,,,,,,,
EVT0002993,SUB00533,CNT00080,2023-03-27,19,Mobile,34,100%,TRUE,FALSE,TRUE,4K,SES149335,1,,,,,,,,,,,,,,,,,,,,,,,,,,,,,,,,,,,,,,,,,,,,,,,,,,,,,,,,,,,,,,,,,,,,,,,,,,,,,,,,,,,,,,,,,,,,,,,,,,,,,,,,,,,,,,,,,,,,,,,,,
EVT0002994,SUB00672,CNT00017,2023-08-22,23,Mobile,20,75-99%,FALSE,FALSE,FALSE,HD,SES380866,0,,,,,,,,,,,,,,,,,,,,,,,,,,,,,,,,,,,,,,,,,,,,,,,,,,,,,,,,,,,,,,,,,,,,,,,,,,,,,,,,,,,,,,,,,,,,,,,,,,,,,,,,,,,,,,,,,,,,,,,,,
EVT0002995,SUB00431,CNT00018,2024-04-25,12,Desktop,68,100%,TRUE,FALSE,TRUE,HD,SES677801,1,,,,,,,,,,,,,,,,,,,,,,,,,,,,,,,,,,,,,,,,,,,,,,,,,,,,,,,,,,,,,,,,,,,,,,,,,,,,,,,,,,,,,,,,,,,,,,,,,,,,,,,,,,,,,,,,,,,,,,,,,
EVT0002996,SUB00094,CNT00021,2023-01-03,6,Mobile,54,25-50%,FALSE,TRUE,TRUE,HD,SES901512,0,,,,,,,,,,,,,,,,,,,,,,,,,,,,,,,,,,,,,,,,,,,,,,,,,,,,,,,,,,,,,,,,,,,,,,,,,,,,,,,,,,,,,,,,,,,,,,,,,,,,,,,,,,,,,,,,,,,,,,,,,
EVT0002997,SUB00185,CNT00075,2024-01-11,9,Tablet,24,25-50%,FALSE,TRUE,TRUE,HD,SES354139,0,,,,,,,,,,,,,,,,,,,,,,,,,,,,,,,,,,,,,,,,,,,,,,,,,,,,,,,,,,,,,,,,,,,,,,,,,,,,,,,,,,,,,,,,,,,,,,,,,,,,,,,,,,,,,,,,,,,,,,,,,
EVT0002998,SUB00653,CNT00028,2024-02-09,15,Mobile,80,100%,TRUE,FALSE,TRUE,SD,SES276120,1,,,,,,,,,,,,,,,,,,,,,,,,,,,,,,,,,,,,,,,,,,,,,,,,,,,,,,,,,,,,,,,,,,,,,,,,,,,,,,,,,,,,,,,,,,,,,,,,,,,,,,,,,,,,,,,,,,,,,,,,,
EVT0002999,SUB00047,CNT00027,2024-05-11,19,Desktop,28,75-99%,FALSE,TRUE,TRUE,HD,SES752660,0,,,,,,,,,,,,,,,,,,,,,,,,,,,,,,,,,,,,,,,,,,,,,,,,,,,,,,,,,,,,,,,,,,,,,,,,,,,,,,,,,,,,,,,,,,,,,,,,,,,,,,,,,,,,,,,,,,,,,,,,,
EVT0003000,SUB00619,CNT00089,2023-12-23,9,Fire TV,103,100%,TRUE,FALSE,TRUE,4K,SES518227,1,,,,,,,,,,,,,,,,,,,,,,,,,,,,,,,,,,,,,,,,,,,,,,,,,,,,,,,,,,,,,,,,,,,,,,,,,,,,,,,,,,,,,,,,,,,,,,,,,,,,,,,,,,,,,,,,,,,,,,,,,
EVT0003001,SUB00008,CNT00089,2023-01-15,8,Desktop,53,25-50%,FALSE,FALSE,TRUE,HD,SES408308,0,,,,,,,,,,,,,,,,,,,,,,,,,,,,,,,,,,,,,,,,,,,,,,,,,,,,,,,,,,,,,,,,,,,,,,,,,,,,,,,,,,,,,,,,,,,,,,,,,,,,,,,,,,,,,,,,,,,,,,,,,
EVT0003002,SUB00543,CNT00024,2023-11-13,22,Desktop,19,100%,TRUE,FALSE,TRUE,4K,SES398506,1,,,,,,,,,,,,,,,,,,,,,,,,,,,,,,,,,,,,,,,,,,,,,,,,,,,,,,,,,,,,,,,,,,,,,,,,,,,,,,,,,,,,,,,,,,,,,,,,,,,,,,,,,,,,,,,,,,,,,,,,,
EVT0003003,SUB00312,CNT00015,2024-05-19,7,Fire TV,93,25-50%,FALSE,FALSE,TRUE,SD,SES239853,0,,,,,,,,,,,,,,,,,,,,,,,,,,,,,,,,,,,,,,,,,,,,,,,,,,,,,,,,,,,,,,,,,,,,,,,,,,,,,,,,,,,,,,,,,,,,,,,,,,,,,,,,,,,,,,,,,,,,,,,,,
EVT0003004,SUB00145,CNT00024,2024-05-09,14,Mobile,10,100%,TRUE,FALSE,TRUE,HD,SES110140,1,,,,,,,,,,,,,,,,,,,,,,,,,,,,,,,,,,,,,,,,,,,,,,,,,,,,,,,,,,,,,,,,,,,,,,,,,,,,,,,,,,,,,,,,,,,,,,,,,,,,,,,,,,,,,,,,,,,,,,,,,
EVT0003005,SUB00290,CNT00073,2023-07-26,11,Smart TV,26,100%,TRUE,TRUE,TRUE,SD,SES126221,1,,,,,,,,,,,,,,,,,,,,,,,,,,,,,,,,,,,,,,,,,,,,,,,,,,,,,,,,,,,,,,,,,,,,,,,,,,,,,,,,,,,,,,,,,,,,,,,,,,,,,,,,,,,,,,,,,,,,,,,,,
EVT0003006,SUB00615,CNT00028,2024-01-19,8,Roku,34,25-50%,FALSE,TRUE,FALSE,4K,SES295981,0,,,,,,,,,,,,,,,,,,,,,,,,,,,,,,,,,,,,,,,,,,,,,,,,,,,,,,,,,,,,,,,,,,,,,,,,,,,,,,,,,,,,,,,,,,,,,,,,,,,,,,,,,,,,,,,,,,,,,,,,,
EVT0003007,SUB00394,CNT00020,2024-04-06,7,Smart TV,16,100%,TRUE,TRUE,TRUE,SD,SES557863,1,,,,,,,,,,,,,,,,,,,,,,,,,,,,,,,,,,,,,,,,,,,,,,,,,,,,,,,,,,,,,,,,,,,,,,,,,,,,,,,,,,,,,,,,,,,,,,,,,,,,,,,,,,,,,,,,,,,,,,,,,
EVT0003008,SUB00578,CNT00049,2024-04-23,12,Smart TV,118,25-50%,FALSE,FALSE,TRUE,SD,SES206445,0,,,,,,,,,,,,,,,,,,,,,,,,,,,,,,,,,,,,,,,,,,,,,,,,,,,,,,,,,,,,,,,,,,,,,,,,,,,,,,,,,,,,,,,,,,,,,,,,,,,,,,,,,,,,,,,,,,,,,,,,,
EVT0003009,SUB00411,CNT00015,2023-03-27,19,Desktop,106,25-50%,FALSE,FALSE,FALSE,HD,SES872648,0,,,,,,,,,,,,,,,,,,,,,,,,,,,,,,,,,,,,,,,,,,,,,,,,,,,,,,,,,,,,,,,,,,,,,,,,,,,,,,,,,,,,,,,,,,,,,,,,,,,,,,,,,,,,,,,,,,,,,,,,,
EVT0003010,SUB00613,CNT00033,2023-05-19,12,Roku,55,<25%,FALSE,FALSE,TRUE,HD,SES563914,0,,,,,,,,,,,,,,,,,,,,,,,,,,,,,,,,,,,,,,,,,,,,,,,,,,,,,,,,,,,,,,,,,,,,,,,,,,,,,,,,,,,,,,,,,,,,,,,,,,,,,,,,,,,,,,,,,,,,,,,,,
EVT0003011,SUB00017,CNT00006,2023-08-28,15,Mobile,66,100%,TRUE,FALSE,TRUE,HD,SES771839,1,,,,,,,,,,,,,,,,,,,,,,,,,,,,,,,,,,,,,,,,,,,,,,,,,,,,,,,,,,,,,,,,,,,,,,,,,,,,,,,,,,,,,,,,,,,,,,,,,,,,,,,,,,,,,,,,,,,,,,,,,
EVT0003012,SUB00290,CNT00002,2023-01-24,12,Mobile,82,75-99%,FALSE,FALSE,TRUE,SD,SES163594,0,,,,,,,,,,,,,,,,,,,,,,,,,,,,,,,,,,,,,,,,,,,,,,,,,,,,,,,,,,,,,,,,,,,,,,,,,,,,,,,,,,,,,,,,,,,,,,,,,,,,,,,,,,,,,,,,,,,,,,,,,
EVT0003013,SUB00029,CNT00041,2023-12-17,14,Roku,45,<25%,FALSE,TRUE,FALSE,4K,SES532915,0,,,,,,,,,,,,,,,,,,,,,,,,,,,,,,,,,,,,,,,,,,,,,,,,,,,,,,,,,,,,,,,,,,,,,,,,,,,,,,,,,,,,,,,,,,,,,,,,,,,,,,,,,,,,,,,,,,,,,,,,,
EVT0003014,SUB00458,CNT00085,2024-05-16,14,Desktop,62,75-99%,FALSE,FALSE,TRUE,SD,SES869483,0,,,,,,,,,,,,,,,,,,,,,,,,,,,,,,,,,,,,,,,,,,,,,,,,,,,,,,,,,,,,,,,,,,,,,,,,,,,,,,,,,,,,,,,,,,,,,,,,,,,,,,,,,,,,,,,,,,,,,,,,,
EVT0003015,SUB00573,CNT00030,2023-01-08,20,Desktop,39,100%,TRUE,FALSE,TRUE,SD,SES456245,1,,,,,,,,,,,,,,,,,,,,,,,,,,,,,,,,,,,,,,,,,,,,,,,,,,,,,,,,,,,,,,,,,,,,,,,,,,,,,,,,,,,,,,,,,,,,,,,,,,,,,,,,,,,,,,,,,,,,,,,,,
EVT0003016,SUB00238,CNT00070,2024-06-06,8,Desktop,120,100%,TRUE,TRUE,TRUE,HD,SES576643,1,,,,,,,,,,,,,,,,,,,,,,,,,,,,,,,,,,,,,,,,,,,,,,,,,,,,,,,,,,,,,,,,,,,,,,,,,,,,,,,,,,,,,,,,,,,,,,,,,,,,,,,,,,,,,,,,,,,,,,,,,
EVT0003017,SUB00249,CNT00018,2024-03-29,6,Mobile,113,75-99%,FALSE,FALSE,FALSE,HD,SES236772,0,,,,,,,,,,,,,,,,,,,,,,,,,,,,,,,,,,,,,,,,,,,,,,,,,,,,,,,,,,,,,,,,,,,,,,,,,,,,,,,,,,,,,,,,,,,,,,,,,,,,,,,,,,,,,,,,,,,,,,,,,
EVT0003018,SUB00370,CNT00083,2023-01-12,12,Tablet,8,25-50%,FALSE,FALSE,TRUE,HD,SES660111,0,,,,,,,,,,,,,,,,,,,,,,,,,,,,,,,,,,,,,,,,,,,,,,,,,,,,,,,,,,,,,,,,,,,,,,,,,,,,,,,,,,,,,,,,,,,,,,,,,,,,,,,,,,,,,,,,,,,,,,,,,
EVT0003019,SUB00075,CNT00077,2023-02-01,6,Smart TV,43,<25%,FALSE,TRUE,TRUE,4K,SES167335,0,,,,,,,,,,,,,,,,,,,,,,,,,,,,,,,,,,,,,,,,,,,,,,,,,,,,,,,,,,,,,,,,,,,,,,,,,,,,,,,,,,,,,,,,,,,,,,,,,,,,,,,,,,,,,,,,,,,,,,,,,
EVT0003020,SUB00691,CNT00092,2023-03-09,21,Mobile,97,100%,TRUE,TRUE,TRUE,SD,SES800756,1,,,,,,,,,,,,,,,,,,,,,,,,,,,,,,,,,,,,,,,,,,,,,,,,,,,,,,,,,,,,,,,,,,,,,,,,,,,,,,,,,,,,,,,,,,,,,,,,,,,,,,,,,,,,,,,,,,,,,,,,,
EVT0003021,SUB00279,CNT00057,2024-02-07,22,Roku,56,100%,TRUE,TRUE,FALSE,SD,SES271471,1,,,,,,,,,,,,,,,,,,,,,,,,,,,,,,,,,,,,,,,,,,,,,,,,,,,,,,,,,,,,,,,,,,,,,,,,,,,,,,,,,,,,,,,,,,,,,,,,,,,,,,,,,,,,,,,,,,,,,,,,,
EVT0003022,SUB00058,CNT00085,2023-09-18,15,Fire TV,43,100%,TRUE,FALSE,FALSE,SD,SES358424,1,,,,,,,,,,,,,,,,,,,,,,,,,,,,,,,,,,,,,,,,,,,,,,,,,,,,,,,,,,,,,,,,,,,,,,,,,,,,,,,,,,,,,,,,,,,,,,,,,,,,,,,,,,,,,,,,,,,,,,,,,
EVT0003023,SUB00124,CNT00016,2024-06-17,14,Tablet,94,<25%,FALSE,FALSE,TRUE,HD,SES587296,0,,,,,,,,,,,,,,,,,,,,,,,,,,,,,,,,,,,,,,,,,,,,,,,,,,,,,,,,,,,,,,,,,,,,,,,,,,,,,,,,,,,,,,,,,,,,,,,,,,,,,,,,,,,,,,,,,,,,,,,,,
EVT0003024,SUB00427,CNT00075,2024-03-25,10,Tablet,77,100%,TRUE,FALSE,FALSE,SD,SES201117,1,,,,,,,,,,,,,,,,,,,,,,,,,,,,,,,,,,,,,,,,,,,,,,,,,,,,,,,,,,,,,,,,,,,,,,,,,,,,,,,,,,,,,,,,,,,,,,,,,,,,,,,,,,,,,,,,,,,,,,,,,
EVT0003025,SUB00040,CNT00013,2024-05-10,15,Tablet,14,75-99%,FALSE,FALSE,TRUE,SD,SES235199,0,,,,,,,,,,,,,,,,,,,,,,,,,,,,,,,,,,,,,,,,,,,,,,,,,,,,,,,,,,,,,,,,,,,,,,,,,,,,,,,,,,,,,,,,,,,,,,,,,,,,,,,,,,,,,,,,,,,,,,,,,
EVT0003026,SUB00682,CNT00003,2023-06-06,17,Smart TV,44,50-75%,FALSE,FALSE,FALSE,HD,SES561822,0,,,,,,,,,,,,,,,,,,,,,,,,,,,,,,,,,,,,,,,,,,,,,,,,,,,,,,,,,,,,,,,,,,,,,,,,,,,,,,,,,,,,,,,,,,,,,,,,,,,,,,,,,,,,,,,,,,,,,,,,,
EVT0003027,SUB00673,CNT00090,2024-04-16,10,Mobile,84,25-50%,FALSE,FALSE,FALSE,HD,SES775631,0,,,,,,,,,,,,,,,,,,,,,,,,,,,,,,,,,,,,,,,,,,,,,,,,,,,,,,,,,,,,,,,,,,,,,,,,,,,,,,,,,,,,,,,,,,,,,,,,,,,,,,,,,,,,,,,,,,,,,,,,,
EVT0003028,SUB00545,CNT00062,2023-07-06,13,Tablet,95,100%,TRUE,FALSE,TRUE,HD,SES580855,1,,,,,,,,,,,,,,,,,,,,,,,,,,,,,,,,,,,,,,,,,,,,,,,,,,,,,,,,,,,,,,,,,,,,,,,,,,,,,,,,,,,,,,,,,,,,,,,,,,,,,,,,,,,,,,,,,,,,,,,,,
EVT0003029,SUB00635,CNT00025,2023-06-25,16,Fire TV,65,50-75%,FALSE,FALSE,FALSE,SD,SES271346,0,,,,,,,,,,,,,,,,,,,,,,,,,,,,,,,,,,,,,,,,,,,,,,,,,,,,,,,,,,,,,,,,,,,,,,,,,,,,,,,,,,,,,,,,,,,,,,,,,,,,,,,,,,,,,,,,,,,,,,,,,
EVT0003030,SUB00031,CNT00079,2023-09-19,22,Desktop,90,50-75%,FALSE,FALSE,TRUE,HD,SES938766,0,,,,,,,,,,,,,,,,,,,,,,,,,,,,,,,,,,,,,,,,,,,,,,,,,,,,,,,,,,,,,,,,,,,,,,,,,,,,,,,,,,,,,,,,,,,,,,,,,,,,,,,,,,,,,,,,,,,,,,,,,
EVT0003031,SUB00316,CNT00037,2024-06-25,14,Smart TV,91,75-99%,FALSE,FALSE,TRUE,HD,SES684305,0,,,,,,,,,,,,,,,,,,,,,,,,,,,,,,,,,,,,,,,,,,,,,,,,,,,,,,,,,,,,,,,,,,,,,,,,,,,,,,,,,,,,,,,,,,,,,,,,,,,,,,,,,,,,,,,,,,,,,,,,,
EVT0003032,SUB00327,CNT00051,2023-08-27,17,Smart TV,95,100%,TRUE,TRUE,FALSE,SD,SES679939,1,,,,,,,,,,,,,,,,,,,,,,,,,,,,,,,,,,,,,,,,,,,,,,,,,,,,,,,,,,,,,,,,,,,,,,,,,,,,,,,,,,,,,,,,,,,,,,,,,,,,,,,,,,,,,,,,,,,,,,,,,
EVT0003033,SUB00678,CNT00022,2024-03-02,10,Desktop,36,100%,TRUE,FALSE,TRUE,HD,SES998511,1,,,,,,,,,,,,,,,,,,,,,,,,,,,,,,,,,,,,,,,,,,,,,,,,,,,,,,,,,,,,,,,,,,,,,,,,,,,,,,,,,,,,,,,,,,,,,,,,,,,,,,,,,,,,,,,,,,,,,,,,,
EVT0003034,SUB00004,CNT00081,2023-11-16,9,Desktop,59,25-50%,FALSE,TRUE,TRUE,4K,SES917411,0,,,,,,,,,,,,,,,,,,,,,,,,,,,,,,,,,,,,,,,,,,,,,,,,,,,,,,,,,,,,,,,,,,,,,,,,,,,,,,,,,,,,,,,,,,,,,,,,,,,,,,,,,,,,,,,,,,,,,,,,,
EVT0003035,SUB00120,CNT00091,2023-03-02,17,Desktop,93,25-50%,FALSE,TRUE,TRUE,4K,SES285653,0,,,,,,,,,,,,,,,,,,,,,,,,,,,,,,,,,,,,,,,,,,,,,,,,,,,,,,,,,,,,,,,,,,,,,,,,,,,,,,,,,,,,,,,,,,,,,,,,,,,,,,,,,,,,,,,,,,,,,,,,,
EVT0003036,SUB00217,CNT00068,2024-03-01,11,Smart TV,29,100%,TRUE,FALSE,TRUE,SD,SES397074,1,,,,,,,,,,,,,,,,,,,,,,,,,,,,,,,,,,,,,,,,,,,,,,,,,,,,,,,,,,,,,,,,,,,,,,,,,,,,,,,,,,,,,,,,,,,,,,,,,,,,,,,,,,,,,,,,,,,,,,,,,
EVT0003037,SUB00273,CNT00050,2023-10-10,15,Smart TV,39,25-50%,FALSE,FALSE,TRUE,SD,SES181260,0,,,,,,,,,,,,,,,,,,,,,,,,,,,,,,,,,,,,,,,,,,,,,,,,,,,,,,,,,,,,,,,,,,,,,,,,,,,,,,,,,,,,,,,,,,,,,,,,,,,,,,,,,,,,,,,,,,,,,,,,,
EVT0003038,SUB00479,CNT00091,2023-04-18,15,Roku,47,100%,TRUE,FALSE,FALSE,4K,SES274798,1,,,,,,,,,,,,,,,,,,,,,,,,,,,,,,,,,,,,,,,,,,,,,,,,,,,,,,,,,,,,,,,,,,,,,,,,,,,,,,,,,,,,,,,,,,,,,,,,,,,,,,,,,,,,,,,,,,,,,,,,,
EVT0003039,SUB00647,CNT00092,2023-03-24,15,Desktop,35,50-75%,FALSE,FALSE,TRUE,4K,SES178217,0,,,,,,,,,,,,,,,,,,,,,,,,,,,,,,,,,,,,,,,,,,,,,,,,,,,,,,,,,,,,,,,,,,,,,,,,,,,,,,,,,,,,,,,,,,,,,,,,,,,,,,,,,,,,,,,,,,,,,,,,,
EVT0003040,SUB00640,CNT00099,2023-06-15,21,Fire TV,83,75-99%,FALSE,TRUE,TRUE,HD,SES402276,0,,,,,,,,,,,,,,,,,,,,,,,,,,,,,,,,,,,,,,,,,,,,,,,,,,,,,,,,,,,,,,,,,,,,,,,,,,,,,,,,,,,,,,,,,,,,,,,,,,,,,,,,,,,,,,,,,,,,,,,,,
EVT0003041,SUB00601,CNT00065,2023-07-02,11,Tablet,61,100%,TRUE,FALSE,TRUE,4K,SES324822,1,,,,,,,,,,,,,,,,,,,,,,,,,,,,,,,,,,,,,,,,,,,,,,,,,,,,,,,,,,,,,,,,,,,,,,,,,,,,,,,,,,,,,,,,,,,,,,,,,,,,,,,,,,,,,,,,,,,,,,,,,
EVT0003042,SUB00508,CNT00035,2024-06-24,6,Mobile,64,75-99%,FALSE,FALSE,TRUE,4K,SES486488,0,,,,,,,,,,,,,,,,,,,,,,,,,,,,,,,,,,,,,,,,,,,,,,,,,,,,,,,,,,,,,,,,,,,,,,,,,,,,,,,,,,,,,,,,,,,,,,,,,,,,,,,,,,,,,,,,,,,,,,,,,
EVT0003043,SUB00542,CNT00030,2023-03-19,11,Fire TV,119,75-99%,FALSE,TRUE,TRUE,4K,SES588151,0,,,,,,,,,,,,,,,,,,,,,,,,,,,,,,,,,,,,,,,,,,,,,,,,,,,,,,,,,,,,,,,,,,,,,,,,,,,,,,,,,,,,,,,,,,,,,,,,,,,,,,,,,,,,,,,,,,,,,,,,,
EVT0003044,SUB00267,CNT00023,2023-06-25,6,Fire TV,69,100%,TRUE,TRUE,TRUE,4K,SES524151,1,,,,,,,,,,,,,,,,,,,,,,,,,,,,,,,,,,,,,,,,,,,,,,,,,,,,,,,,,,,,,,,,,,,,,,,,,,,,,,,,,,,,,,,,,,,,,,,,,,,,,,,,,,,,,,,,,,,,,,,,,
EVT0003045,SUB00245,CNT00069,2023-11-04,18,Smart TV,44,100%,TRUE,TRUE,FALSE,SD,SES957703,1,,,,,,,,,,,,,,,,,,,,,,,,,,,,,,,,,,,,,,,,,,,,,,,,,,,,,,,,,,,,,,,,,,,,,,,,,,,,,,,,,,,,,,,,,,,,,,,,,,,,,,,,,,,,,,,,,,,,,,,,,
EVT0003046,SUB00276,CNT00002,2023-03-14,18,Mobile,97,75-99%,FALSE,TRUE,TRUE,HD,SES757095,0,,,,,,,,,,,,,,,,,,,,,,,,,,,,,,,,,,,,,,,,,,,,,,,,,,,,,,,,,,,,,,,,,,,,,,,,,,,,,,,,,,,,,,,,,,,,,,,,,,,,,,,,,,,,,,,,,,,,,,,,,
EVT0003047,SUB00249,CNT00040,2024-02-28,10,Mobile,71,100%,TRUE,FALSE,FALSE,SD,SES504496,1,,,,,,,,,,,,,,,,,,,,,,,,,,,,,,,,,,,,,,,,,,,,,,,,,,,,,,,,,,,,,,,,,,,,,,,,,,,,,,,,,,,,,,,,,,,,,,,,,,,,,,,,,,,,,,,,,,,,,,,,,
EVT0003048,SUB00010,CNT00099,2023-12-13,8,Tablet,79,50-75%,FALSE,TRUE,TRUE,SD,SES272689,0,,,,,,,,,,,,,,,,,,,,,,,,,,,,,,,,,,,,,,,,,,,,,,,,,,,,,,,,,,,,,,,,,,,,,,,,,,,,,,,,,,,,,,,,,,,,,,,,,,,,,,,,,,,,,,,,,,,,,,,,,
EVT0003049,SUB00003,CNT00023,2023-11-23,7,Mobile,37,<25%,FALSE,TRUE,TRUE,HD,SES273075,0,,,,,,,,,,,,,,,,,,,,,,,,,,,,,,,,,,,,,,,,,,,,,,,,,,,,,,,,,,,,,,,,,,,,,,,,,,,,,,,,,,,,,,,,,,,,,,,,,,,,,,,,,,,,,,,,,,,,,,,,,
EVT0003050,SUB00524,CNT00082,2024-03-01,11,Mobile,75,25-50%,FALSE,FALSE,TRUE,4K,SES883844,0,,,,,,,,,,,,,,,,,,,,,,,,,,,,,,,,,,,,,,,,,,,,,,,,,,,,,,,,,,,,,,,,,,,,,,,,,,,,,,,,,,,,,,,,,,,,,,,,,,,,,,,,,,,,,,,,,,,,,,,,,
EVT0003051,SUB00145,CNT00089,2023-10-30,18,Desktop,84,75-99%,FALSE,FALSE,FALSE,HD,SES629798,0,,,,,,,,,,,,,,,,,,,,,,,,,,,,,,,,,,,,,,,,,,,,,,,,,,,,,,,,,,,,,,,,,,,,,,,,,,,,,,,,,,,,,,,,,,,,,,,,,,,,,,,,,,,,,,,,,,,,,,,,,
EVT0003052,SUB00168,CNT00034,2023-09-25,15,Mobile,40,100%,TRUE,FALSE,TRUE,4K,SES511310,1,,,,,,,,,,,,,,,,,,,,,,,,,,,,,,,,,,,,,,,,,,,,,,,,,,,,,,,,,,,,,,,,,,,,,,,,,,,,,,,,,,,,,,,,,,,,,,,,,,,,,,,,,,,,,,,,,,,,,,,,,
EVT0003053,SUB00658,CNT00063,2023-01-15,23,Desktop,13,25-50%,FALSE,FALSE,TRUE,HD,SES486100,0,,,,,,,,,,,,,,,,,,,,,,,,,,,,,,,,,,,,,,,,,,,,,,,,,,,,,,,,,,,,,,,,,,,,,,,,,,,,,,,,,,,,,,,,,,,,,,,,,,,,,,,,,,,,,,,,,,,,,,,,,
EVT0003054,SUB00532,CNT00042,2023-06-23,14,Desktop,46,100%,TRUE,FALSE,TRUE,HD,SES323703,1,,,,,,,,,,,,,,,,,,,,,,,,,,,,,,,,,,,,,,,,,,,,,,,,,,,,,,,,,,,,,,,,,,,,,,,,,,,,,,,,,,,,,,,,,,,,,,,,,,,,,,,,,,,,,,,,,,,,,,,,,
EVT0003055,SUB00624,CNT00076,2024-05-16,16,Tablet,68,50-75%,FALSE,FALSE,FALSE,HD,SES792141,0,,,,,,,,,,,,,,,,,,,,,,,,,,,,,,,,,,,,,,,,,,,,,,,,,,,,,,,,,,,,,,,,,,,,,,,,,,,,,,,,,,,,,,,,,,,,,,,,,,,,,,,,,,,,,,,,,,,,,,,,,
EVT0003056,SUB00400,CNT00003,2023-08-02,9,Mobile,52,75-99%,FALSE,FALSE,TRUE,HD,SES385835,0,,,,,,,,,,,,,,,,,,,,,,,,,,,,,,,,,,,,,,,,,,,,,,,,,,,,,,,,,,,,,,,,,,,,,,,,,,,,,,,,,,,,,,,,,,,,,,,,,,,,,,,,,,,,,,,,,,,,,,,,,
EVT0003057,SUB00325,CNT00030,2023-04-16,13,Roku,12,100%,TRUE,TRUE,TRUE,HD,SES878121,1,,,,,,,,,,,,,,,,,,,,,,,,,,,,,,,,,,,,,,,,,,,,,,,,,,,,,,,,,,,,,,,,,,,,,,,,,,,,,,,,,,,,,,,,,,,,,,,,,,,,,,,,,,,,,,,,,,,,,,,,,
EVT0003058,SUB00137,CNT00099,2023-01-27,19,Roku,85,100%,TRUE,FALSE,TRUE,SD,SES996107,1,,,,,,,,,,,,,,,,,,,,,,,,,,,,,,,,,,,,,,,,,,,,,,,,,,,,,,,,,,,,,,,,,,,,,,,,,,,,,,,,,,,,,,,,,,,,,,,,,,,,,,,,,,,,,,,,,,,,,,,,,
EVT0003059,SUB00217,CNT00073,2024-03-05,18,Mobile,67,100%,TRUE,FALSE,TRUE,HD,SES191302,1,,,,,,,,,,,,,,,,,,,,,,,,,,,,,,,,,,,,,,,,,,,,,,,,,,,,,,,,,,,,,,,,,,,,,,,,,,,,,,,,,,,,,,,,,,,,,,,,,,,,,,,,,,,,,,,,,,,,,,,,,
EVT0003060,SUB00091,CNT00017,2023-02-28,10,Desktop,44,75-99%,FALSE,FALSE,TRUE,SD,SES651967,0,,,,,,,,,,,,,,,,,,,,,,,,,,,,,,,,,,,,,,,,,,,,,,,,,,,,,,,,,,,,,,,,,,,,,,,,,,,,,,,,,,,,,,,,,,,,,,,,,,,,,,,,,,,,,,,,,,,,,,,,,
EVT0003061,SUB00134,CNT00045,2023-01-24,7,Roku,49,100%,TRUE,FALSE,FALSE,HD,SES437274,1,,,,,,,,,,,,,,,,,,,,,,,,,,,,,,,,,,,,,,,,,,,,,,,,,,,,,,,,,,,,,,,,,,,,,,,,,,,,,,,,,,,,,,,,,,,,,,,,,,,,,,,,,,,,,,,,,,,,,,,,,
EVT0003062,SUB00383,CNT00048,2024-02-20,13,Desktop,103,100%,TRUE,FALSE,FALSE,HD,SES446923,1,,,,,,,,,,,,,,,,,,,,,,,,,,,,,,,,,,,,,,,,,,,,,,,,,,,,,,,,,,,,,,,,,,,,,,,,,,,,,,,,,,,,,,,,,,,,,,,,,,,,,,,,,,,,,,,,,,,,,,,,,
EVT0003063,SUB00458,CNT00054,2023-02-08,17,Tablet,63,100%,TRUE,TRUE,TRUE,4K,SES687339,1,,,,,,,,,,,,,,,,,,,,,,,,,,,,,,,,,,,,,,,,,,,,,,,,,,,,,,,,,,,,,,,,,,,,,,,,,,,,,,,,,,,,,,,,,,,,,,,,,,,,,,,,,,,,,,,,,,,,,,,,,
EVT0003064,SUB00159,CNT00021,2023-12-28,16,Fire TV,75,25-50%,FALSE,FALSE,TRUE,HD,SES931635,0,,,,,,,,,,,,,,,,,,,,,,,,,,,,,,,,,,,,,,,,,,,,,,,,,,,,,,,,,,,,,,,,,,,,,,,,,,,,,,,,,,,,,,,,,,,,,,,,,,,,,,,,,,,,,,,,,,,,,,,,,
EVT0003065,SUB00085,CNT00042,2023-02-22,11,Desktop,80,100%,TRUE,FALSE,TRUE,HD,SES387048,1,,,,,,,,,,,,,,,,,,,,,,,,,,,,,,,,,,,,,,,,,,,,,,,,,,,,,,,,,,,,,,,,,,,,,,,,,,,,,,,,,,,,,,,,,,,,,,,,,,,,,,,,,,,,,,,,,,,,,,,,,
EVT0003066,SUB00336,CNT00027,2024-03-14,18,Desktop,37,100%,TRUE,FALSE,FALSE,HD,SES746510,1,,,,,,,,,,,,,,,,,,,,,,,,,,,,,,,,,,,,,,,,,,,,,,,,,,,,,,,,,,,,,,,,,,,,,,,,,,,,,,,,,,,,,,,,,,,,,,,,,,,,,,,,,,,,,,,,,,,,,,,,,
EVT0003067,SUB00146,CNT00025,2023-02-24,16,Tablet,9,100%,TRUE,FALSE,TRUE,SD,SES687486,1,,,,,,,,,,,,,,,,,,,,,,,,,,,,,,,,,,,,,,,,,,,,,,,,,,,,,,,,,,,,,,,,,,,,,,,,,,,,,,,,,,,,,,,,,,,,,,,,,,,,,,,,,,,,,,,,,,,,,,,,,
EVT0003068,SUB00092,CNT00080,2023-09-26,10,Tablet,23,<25%,FALSE,FALSE,FALSE,4K,SES592605,0,,,,,,,,,,,,,,,,,,,,,,,,,,,,,,,,,,,,,,,,,,,,,,,,,,,,,,,,,,,,,,,,,,,,,,,,,,,,,,,,,,,,,,,,,,,,,,,,,,,,,,,,,,,,,,,,,,,,,,,,,
EVT0003069,SUB00227,CNT00070,2023-11-24,12,Fire TV,82,50-75%,FALSE,FALSE,TRUE,HD,SES449919,0,,,,,,,,,,,,,,,,,,,,,,,,,,,,,,,,,,,,,,,,,,,,,,,,,,,,,,,,,,,,,,,,,,,,,,,,,,,,,,,,,,,,,,,,,,,,,,,,,,,,,,,,,,,,,,,,,,,,,,,,,
EVT0003070,SUB00630,CNT00015,2023-06-14,19,Fire TV,26,50-75%,FALSE,TRUE,TRUE,SD,SES635950,0,,,,,,,,,,,,,,,,,,,,,,,,,,,,,,,,,,,,,,,,,,,,,,,,,,,,,,,,,,,,,,,,,,,,,,,,,,,,,,,,,,,,,,,,,,,,,,,,,,,,,,,,,,,,,,,,,,,,,,,,,
EVT0003071,SUB00145,CNT00085,2023-12-29,14,Desktop,14,50-75%,FALSE,TRUE,FALSE,HD,SES622379,0,,,,,,,,,,,,,,,,,,,,,,,,,,,,,,,,,,,,,,,,,,,,,,,,,,,,,,,,,,,,,,,,,,,,,,,,,,,,,,,,,,,,,,,,,,,,,,,,,,,,,,,,,,,,,,,,,,,,,,,,,
EVT0003072,SUB00508,CNT00036,2024-06-22,18,Tablet,82,75-99%,FALSE,TRUE,FALSE,HD,SES825135,0,,,,,,,,,,,,,,,,,,,,,,,,,,,,,,,,,,,,,,,,,,,,,,,,,,,,,,,,,,,,,,,,,,,,,,,,,,,,,,,,,,,,,,,,,,,,,,,,,,,,,,,,,,,,,,,,,,,,,,,,,
EVT0003073,SUB00043,CNT00080,2024-06-03,8,Desktop,15,100%,TRUE,FALSE,TRUE,HD,SES312160,1,,,,,,,,,,,,,,,,,,,,,,,,,,,,,,,,,,,,,,,,,,,,,,,,,,,,,,,,,,,,,,,,,,,,,,,,,,,,,,,,,,,,,,,,,,,,,,,,,,,,,,,,,,,,,,,,,,,,,,,,,
EVT0003074,SUB00063,CNT00048,2023-08-25,8,Roku,88,50-75%,FALSE,FALSE,TRUE,HD,SES784396,0,,,,,,,,,,,,,,,,,,,,,,,,,,,,,,,,,,,,,,,,,,,,,,,,,,,,,,,,,,,,,,,,,,,,,,,,,,,,,,,,,,,,,,,,,,,,,,,,,,,,,,,,,,,,,,,,,,,,,,,,,
EVT0003075,SUB00056,CNT00087,2024-03-16,12,Mobile,33,<25%,FALSE,FALSE,FALSE,HD,SES150624,0,,,,,,,,,,,,,,,,,,,,,,,,,,,,,,,,,,,,,,,,,,,,,,,,,,,,,,,,,,,,,,,,,,,,,,,,,,,,,,,,,,,,,,,,,,,,,,,,,,,,,,,,,,,,,,,,,,,,,,,,,
EVT0003076,SUB00069,CNT00026,2023-06-12,21,Fire TV,97,100%,TRUE,FALSE,TRUE,HD,SES921163,1,,,,,,,,,,,,,,,,,,,,,,,,,,,,,,,,,,,,,,,,,,,,,,,,,,,,,,,,,,,,,,,,,,,,,,,,,,,,,,,,,,,,,,,,,,,,,,,,,,,,,,,,,,,,,,,,,,,,,,,,,
EVT0003077,SUB00466,CNT00045,2024-04-19,20,Desktop,44,50-75%,FALSE,FALSE,TRUE,4K,SES446894,0,,,,,,,,,,,,,,,,,,,,,,,,,,,,,,,,,,,,,,,,,,,,,,,,,,,,,,,,,,,,,,,,,,,,,,,,,,,,,,,,,,,,,,,,,,,,,,,,,,,,,,,,,,,,,,,,,,,,,,,,,
EVT0003078,SUB00214,CNT00100,2023-03-01,16,Fire TV,37,25-50%,FALSE,TRUE,TRUE,SD,SES213118,0,,,,,,,,,,,,,,,,,,,,,,,,,,,,,,,,,,,,,,,,,,,,,,,,,,,,,,,,,,,,,,,,,,,,,,,,,,,,,,,,,,,,,,,,,,,,,,,,,,,,,,,,,,,,,,,,,,,,,,,,,
EVT0003079,SUB00144,CNT00001,2023-02-21,17,Smart TV,35,100%,TRUE,TRUE,FALSE,HD,SES867120,1,,,,,,,,,,,,,,,,,,,,,,,,,,,,,,,,,,,,,,,,,,,,,,,,,,,,,,,,,,,,,,,,,,,,,,,,,,,,,,,,,,,,,,,,,,,,,,,,,,,,,,,,,,,,,,,,,,,,,,,,,
EVT0003080,SUB00197,CNT00025,2023-05-19,8,Smart TV,51,100%,TRUE,FALSE,FALSE,SD,SES426449,1,,,,,,,,,,,,,,,,,,,,,,,,,,,,,,,,,,,,,,,,,,,,,,,,,,,,,,,,,,,,,,,,,,,,,,,,,,,,,,,,,,,,,,,,,,,,,,,,,,,,,,,,,,,,,,,,,,,,,,,,,
EVT0003081,SUB00323,CNT00005,2024-06-16,10,Desktop,37,75-99%,FALSE,TRUE,TRUE,HD,SES939155,0,,,,,,,,,,,,,,,,,,,,,,,,,,,,,,,,,,,,,,,,,,,,,,,,,,,,,,,,,,,,,,,,,,,,,,,,,,,,,,,,,,,,,,,,,,,,,,,,,,,,,,,,,,,,,,,,,,,,,,,,,
EVT0003082,SUB00015,CNT00038,2024-03-08,16,Fire TV,20,100%,TRUE,FALSE,TRUE,4K,SES954554,1,,,,,,,,,,,,,,,,,,,,,,,,,,,,,,,,,,,,,,,,,,,,,,,,,,,,,,,,,,,,,,,,,,,,,,,,,,,,,,,,,,,,,,,,,,,,,,,,,,,,,,,,,,,,,,,,,,,,,,,,,
EVT0003083,SUB00489,CNT00014,2024-06-03,19,Tablet,76,100%,TRUE,TRUE,FALSE,4K,SES793006,1,,,,,,,,,,,,,,,,,,,,,,,,,,,,,,,,,,,,,,,,,,,,,,,,,,,,,,,,,,,,,,,,,,,,,,,,,,,,,,,,,,,,,,,,,,,,,,,,,,,,,,,,,,,,,,,,,,,,,,,,,
EVT0003084,SUB00465,CNT00075,2023-05-20,7,Smart TV,79,75-99%,FALSE,FALSE,TRUE,HD,SES694317,0,,,,,,,,,,,,,,,,,,,,,,,,,,,,,,,,,,,,,,,,,,,,,,,,,,,,,,,,,,,,,,,,,,,,,,,,,,,,,,,,,,,,,,,,,,,,,,,,,,,,,,,,,,,,,,,,,,,,,,,,,
EVT0003085,SUB00490,CNT00045,2023-12-02,7,Smart TV,34,25-50%,FALSE,FALSE,TRUE,HD,SES750121,0,,,,,,,,,,,,,,,,,,,,,,,,,,,,,,,,,,,,,,,,,,,,,,,,,,,,,,,,,,,,,,,,,,,,,,,,,,,,,,,,,,,,,,,,,,,,,,,,,,,,,,,,,,,,,,,,,,,,,,,,,
EVT0003086,SUB00465,CNT00015,2023-07-31,23,Smart TV,73,25-50%,FALSE,FALSE,FALSE,HD,SES731857,0,,,,,,,,,,,,,,,,,,,,,,,,,,,,,,,,,,,,,,,,,,,,,,,,,,,,,,,,,,,,,,,,,,,,,,,,,,,,,,,,,,,,,,,,,,,,,,,,,,,,,,,,,,,,,,,,,,,,,,,,,
EVT0003087,SUB00606,CNT00092,2023-03-28,15,Roku,50,100%,TRUE,TRUE,TRUE,4K,SES755297,1,,,,,,,,,,,,,,,,,,,,,,,,,,,,,,,,,,,,,,,,,,,,,,,,,,,,,,,,,,,,,,,,,,,,,,,,,,,,,,,,,,,,,,,,,,,,,,,,,,,,,,,,,,,,,,,,,,,,,,,,,
EVT0003088,SUB00598,CNT00088,2023-03-10,15,Tablet,60,100%,TRUE,FALSE,TRUE,HD,SES349830,1,,,,,,,,,,,,,,,,,,,,,,,,,,,,,,,,,,,,,,,,,,,,,,,,,,,,,,,,,,,,,,,,,,,,,,,,,,,,,,,,,,,,,,,,,,,,,,,,,,,,,,,,,,,,,,,,,,,,,,,,,
EVT0003089,SUB00031,CNT00002,2023-01-07,10,Fire TV,72,25-50%,FALSE,FALSE,TRUE,HD,SES483231,0,,,,,,,,,,,,,,,,,,,,,,,,,,,,,,,,,,,,,,,,,,,,,,,,,,,,,,,,,,,,,,,,,,,,,,,,,,,,,,,,,,,,,,,,,,,,,,,,,,,,,,,,,,,,,,,,,,,,,,,,,
EVT0003090,SUB00262,CNT00002,2023-12-05,22,Roku,65,100%,TRUE,FALSE,FALSE,4K,SES901634,1,,,,,,,,,,,,,,,,,,,,,,,,,,,,,,,,,,,,,,,,,,,,,,,,,,,,,,,,,,,,,,,,,,,,,,,,,,,,,,,,,,,,,,,,,,,,,,,,,,,,,,,,,,,,,,,,,,,,,,,,,
EVT0003091,SUB00128,CNT00039,2023-02-16,7,Fire TV,83,75-99%,FALSE,FALSE,TRUE,HD,SES613899,0,,,,,,,,,,,,,,,,,,,,,,,,,,,,,,,,,,,,,,,,,,,,,,,,,,,,,,,,,,,,,,,,,,,,,,,,,,,,,,,,,,,,,,,,,,,,,,,,,,,,,,,,,,,,,,,,,,,,,,,,,
EVT0003092,SUB00658,CNT00006,2023-05-27,22,Fire TV,8,100%,TRUE,TRUE,FALSE,4K,SES798384,1,,,,,,,,,,,,,,,,,,,,,,,,,,,,,,,,,,,,,,,,,,,,,,,,,,,,,,,,,,,,,,,,,,,,,,,,,,,,,,,,,,,,,,,,,,,,,,,,,,,,,,,,,,,,,,,,,,,,,,,,,
EVT0003093,SUB00473,CNT00092,2023-03-20,21,Smart TV,39,<25%,FALSE,FALSE,TRUE,SD,SES805608,0,,,,,,,,,,,,,,,,,,,,,,,,,,,,,,,,,,,,,,,,,,,,,,,,,,,,,,,,,,,,,,,,,,,,,,,,,,,,,,,,,,,,,,,,,,,,,,,,,,,,,,,,,,,,,,,,,,,,,,,,,
EVT0003094,SUB00109,CNT00029,2023-09-12,6,Fire TV,67,100%,TRUE,FALSE,FALSE,HD,SES940844,1,,,,,,,,,,,,,,,,,,,,,,,,,,,,,,,,,,,,,,,,,,,,,,,,,,,,,,,,,,,,,,,,,,,,,,,,,,,,,,,,,,,,,,,,,,,,,,,,,,,,,,,,,,,,,,,,,,,,,,,,,
EVT0003095,SUB00395,CNT00045,2023-03-31,11,Desktop,49,75-99%,FALSE,FALSE,FALSE,HD,SES852413,0,,,,,,,,,,,,,,,,,,,,,,,,,,,,,,,,,,,,,,,,,,,,,,,,,,,,,,,,,,,,,,,,,,,,,,,,,,,,,,,,,,,,,,,,,,,,,,,,,,,,,,,,,,,,,,,,,,,,,,,,,
EVT0003096,SUB00683,CNT00017,2024-05-29,18,Desktop,92,100%,TRUE,FALSE,TRUE,SD,SES472304,1,,,,,,,,,,,,,,,,,,,,,,,,,,,,,,,,,,,,,,,,,,,,,,,,,,,,,,,,,,,,,,,,,,,,,,,,,,,,,,,,,,,,,,,,,,,,,,,,,,,,,,,,,,,,,,,,,,,,,,,,,
EVT0003097,SUB00434,CNT00051,2023-02-23,22,Mobile,49,75-99%,FALSE,FALSE,FALSE,HD,SES215145,0,,,,,,,,,,,,,,,,,,,,,,,,,,,,,,,,,,,,,,,,,,,,,,,,,,,,,,,,,,,,,,,,,,,,,,,,,,,,,,,,,,,,,,,,,,,,,,,,,,,,,,,,,,,,,,,,,,,,,,,,,
EVT0003098,SUB00374,CNT00087,2023-11-29,19,Desktop,76,75-99%,FALSE,FALSE,TRUE,SD,SES693151,0,,,,,,,,,,,,,,,,,,,,,,,,,,,,,,,,,,,,,,,,,,,,,,,,,,,,,,,,,,,,,,,,,,,,,,,,,,,,,,,,,,,,,,,,,,,,,,,,,,,,,,,,,,,,,,,,,,,,,,,,,
EVT0003099,SUB00431,CNT00031,2023-09-03,19,Fire TV,6,75-99%,FALSE,FALSE,FALSE,4K,SES428816,0,,,,,,,,,,,,,,,,,,,,,,,,,,,,,,,,,,,,,,,,,,,,,,,,,,,,,,,,,,,,,,,,,,,,,,,,,,,,,,,,,,,,,,,,,,,,,,,,,,,,,,,,,,,,,,,,,,,,,,,,,
EVT0003100,SUB00424,CNT00099,2023-05-03,12,Roku,47,<25%,FALSE,FALSE,TRUE,HD,SES238096,0,,,,,,,,,,,,,,,,,,,,,,,,,,,,,,,,,,,,,,,,,,,,,,,,,,,,,,,,,,,,,,,,,,,,,,,,,,,,,,,,,,,,,,,,,,,,,,,,,,,,,,,,,,,,,,,,,,,,,,,,,
EVT0003101,SUB00381,CNT00066,2023-09-25,18,Roku,56,25-50%,FALSE,TRUE,FALSE,HD,SES185484,0,,,,,,,,,,,,,,,,,,,,,,,,,,,,,,,,,,,,,,,,,,,,,,,,,,,,,,,,,,,,,,,,,,,,,,,,,,,,,,,,,,,,,,,,,,,,,,,,,,,,,,,,,,,,,,,,,,,,,,,,,
EVT0003102,SUB00657,CNT00073,2023-05-29,15,Roku,112,75-99%,FALSE,FALSE,TRUE,HD,SES609696,0,,,,,,,,,,,,,,,,,,,,,,,,,,,,,,,,,,,,,,,,,,,,,,,,,,,,,,,,,,,,,,,,,,,,,,,,,,,,,,,,,,,,,,,,,,,,,,,,,,,,,,,,,,,,,,,,,,,,,,,,,
EVT0003103,SUB00539,CNT00097,2023-11-08,19,Fire TV,30,100%,TRUE,TRUE,FALSE,HD,SES335370,1,,,,,,,,,,,,,,,,,,,,,,,,,,,,,,,,,,,,,,,,,,,,,,,,,,,,,,,,,,,,,,,,,,,,,,,,,,,,,,,,,,,,,,,,,,,,,,,,,,,,,,,,,,,,,,,,,,,,,,,,,
EVT0003104,SUB00356,CNT00075,2023-03-01,12,Desktop,78,<25%,FALSE,TRUE,TRUE,4K,SES953230,0,,,,,,,,,,,,,,,,,,,,,,,,,,,,,,,,,,,,,,,,,,,,,,,,,,,,,,,,,,,,,,,,,,,,,,,,,,,,,,,,,,,,,,,,,,,,,,,,,,,,,,,,,,,,,,,,,,,,,,,,,
EVT0003105,SUB00433,CNT00026,2023-03-22,9,Smart TV,66,<25%,FALSE,FALSE,TRUE,HD,SES853391,0,,,,,,,,,,,,,,,,,,,,,,,,,,,,,,,,,,,,,,,,,,,,,,,,,,,,,,,,,,,,,,,,,,,,,,,,,,,,,,,,,,,,,,,,,,,,,,,,,,,,,,,,,,,,,,,,,,,,,,,,,
EVT0003106,SUB00114,CNT00027,2023-01-11,8,Roku,110,100%,TRUE,FALSE,TRUE,HD,SES589360,1,,,,,,,,,,,,,,,,,,,,,,,,,,,,,,,,,,,,,,,,,,,,,,,,,,,,,,,,,,,,,,,,,,,,,,,,,,,,,,,,,,,,,,,,,,,,,,,,,,,,,,,,,,,,,,,,,,,,,,,,,
EVT0003107,SUB00537,CNT00071,2023-01-18,18,Mobile,58,50-75%,FALSE,TRUE,TRUE,HD,SES112657,0,,,,,,,,,,,,,,,,,,,,,,,,,,,,,,,,,,,,,,,,,,,,,,,,,,,,,,,,,,,,,,,,,,,,,,,,,,,,,,,,,,,,,,,,,,,,,,,,,,,,,,,,,,,,,,,,,,,,,,,,,
EVT0003108,SUB00194,CNT00056,2024-02-28,17,Desktop,63,50-75%,FALSE,FALSE,TRUE,HD,SES866939,0,,,,,,,,,,,,,,,,,,,,,,,,,,,,,,,,,,,,,,,,,,,,,,,,,,,,,,,,,,,,,,,,,,,,,,,,,,,,,,,,,,,,,,,,,,,,,,,,,,,,,,,,,,,,,,,,,,,,,,,,,
EVT0003109,SUB00171,CNT00067,2023-10-24,8,Mobile,107,50-75%,FALSE,FALSE,TRUE,SD,SES327633,0,,,,,,,,,,,,,,,,,,,,,,,,,,,,,,,,,,,,,,,,,,,,,,,,,,,,,,,,,,,,,,,,,,,,,,,,,,,,,,,,,,,,,,,,,,,,,,,,,,,,,,,,,,,,,,,,,,,,,,,,,
EVT0003110,SUB00481,CNT00024,2023-06-13,15,Roku,27,100%,TRUE,FALSE,TRUE,4K,SES828512,1,,,,,,,,,,,,,,,,,,,,,,,,,,,,,,,,,,,,,,,,,,,,,,,,,,,,,,,,,,,,,,,,,,,,,,,,,,,,,,,,,,,,,,,,,,,,,,,,,,,,,,,,,,,,,,,,,,,,,,,,,
EVT0003111,SUB00212,CNT00042,2024-01-26,13,Tablet,112,25-50%,FALSE,FALSE,TRUE,SD,SES683835,0,,,,,,,,,,,,,,,,,,,,,,,,,,,,,,,,,,,,,,,,,,,,,,,,,,,,,,,,,,,,,,,,,,,,,,,,,,,,,,,,,,,,,,,,,,,,,,,,,,,,,,,,,,,,,,,,,,,,,,,,,
EVT0003112,SUB00155,CNT00026,2024-06-11,23,Mobile,92,100%,TRUE,FALSE,FALSE,HD,SES445521,1,,,,,,,,,,,,,,,,,,,,,,,,,,,,,,,,,,,,,,,,,,,,,,,,,,,,,,,,,,,,,,,,,,,,,,,,,,,,,,,,,,,,,,,,,,,,,,,,,,,,,,,,,,,,,,,,,,,,,,,,,
EVT0003113,SUB00683,CNT00018,2024-06-01,23,Tablet,30,100%,TRUE,FALSE,FALSE,SD,SES844668,1,,,,,,,,,,,,,,,,,,,,,,,,,,,,,,,,,,,,,,,,,,,,,,,,,,,,,,,,,,,,,,,,,,,,,,,,,,,,,,,,,,,,,,,,,,,,,,,,,,,,,,,,,,,,,,,,,,,,,,,,,
EVT0003114,SUB00097,CNT00021,2023-04-16,8,Desktop,67,75-99%,FALSE,FALSE,TRUE,HD,SES768517,0,,,,,,,,,,,,,,,,,,,,,,,,,,,,,,,,,,,,,,,,,,,,,,,,,,,,,,,,,,,,,,,,,,,,,,,,,,,,,,,,,,,,,,,,,,,,,,,,,,,,,,,,,,,,,,,,,,,,,,,,,
EVT0003115,SUB00435,CNT00025,2024-02-05,15,Desktop,27,75-99%,FALSE,FALSE,TRUE,HD,SES266058,0,,,,,,,,,,,,,,,,,,,,,,,,,,,,,,,,,,,,,,,,,,,,,,,,,,,,,,,,,,,,,,,,,,,,,,,,,,,,,,,,,,,,,,,,,,,,,,,,,,,,,,,,,,,,,,,,,,,,,,,,,
EVT0003116,SUB00335,CNT00036,2024-02-29,12,Smart TV,92,50-75%,FALSE,FALSE,FALSE,SD,SES851960,0,,,,,,,,,,,,,,,,,,,,,,,,,,,,,,,,,,,,,,,,,,,,,,,,,,,,,,,,,,,,,,,,,,,,,,,,,,,,,,,,,,,,,,,,,,,,,,,,,,,,,,,,,,,,,,,,,,,,,,,,,
EVT0003117,SUB00684,CNT00036,2023-06-27,6,Smart TV,67,100%,TRUE,FALSE,TRUE,4K,SES763687,1,,,,,,,,,,,,,,,,,,,,,,,,,,,,,,,,,,,,,,,,,,,,,,,,,,,,,,,,,,,,,,,,,,,,,,,,,,,,,,,,,,,,,,,,,,,,,,,,,,,,,,,,,,,,,,,,,,,,,,,,,
EVT0003118,SUB00683,CNT00085,2023-07-22,14,Fire TV,48,50-75%,FALSE,TRUE,FALSE,HD,SES822115,0,,,,,,,,,,,,,,,,,,,,,,,,,,,,,,,,,,,,,,,,,,,,,,,,,,,,,,,,,,,,,,,,,,,,,,,,,,,,,,,,,,,,,,,,,,,,,,,,,,,,,,,,,,,,,,,,,,,,,,,,,
EVT0003119,SUB00425,CNT00013,2023-12-04,16,Mobile,109,100%,TRUE,FALSE,TRUE,SD,SES487085,1,,,,,,,,,,,,,,,,,,,,,,,,,,,,,,,,,,,,,,,,,,,,,,,,,,,,,,,,,,,,,,,,,,,,,,,,,,,,,,,,,,,,,,,,,,,,,,,,,,,,,,,,,,,,,,,,,,,,,,,,,
EVT0003120,SUB00514,CNT00008,2024-02-17,8,Smart TV,94,75-99%,FALSE,FALSE,TRUE,HD,SES397836,0,,,,,,,,,,,,,,,,,,,,,,,,,,,,,,,,,,,,,,,,,,,,,,,,,,,,,,,,,,,,,,,,,,,,,,,,,,,,,,,,,,,,,,,,,,,,,,,,,,,,,,,,,,,,,,,,,,,,,,,,,
EVT0003121,SUB00555,CNT00065,2023-10-27,22,Smart TV,69,75-99%,FALSE,FALSE,TRUE,SD,SES847678,0,,,,,,,,,,,,,,,,,,,,,,,,,,,,,,,,,,,,,,,,,,,,,,,,,,,,,,,,,,,,,,,,,,,,,,,,,,,,,,,,,,,,,,,,,,,,,,,,,,,,,,,,,,,,,,,,,,,,,,,,,
EVT0003122,SUB00336,CNT00063,2023-03-17,21,Desktop,39,75-99%,FALSE,FALSE,TRUE,HD,SES519387,0,,,,,,,,,,,,,,,,,,,,,,,,,,,,,,,,,,,,,,,,,,,,,,,,,,,,,,,,,,,,,,,,,,,,,,,,,,,,,,,,,,,,,,,,,,,,,,,,,,,,,,,,,,,,,,,,,,,,,,,,,
EVT0003123,SUB00419,CNT00057,2023-03-28,17,Smart TV,70,75-99%,FALSE,TRUE,TRUE,HD,SES213792,0,,,,,,,,,,,,,,,,,,,,,,,,,,,,,,,,,,,,,,,,,,,,,,,,,,,,,,,,,,,,,,,,,,,,,,,,,,,,,,,,,,,,,,,,,,,,,,,,,,,,,,,,,,,,,,,,,,,,,,,,,
EVT0003124,SUB00673,CNT00062,2023-12-02,6,Smart TV,77,100%,TRUE,FALSE,FALSE,4K,SES708594,1,,,,,,,,,,,,,,,,,,,,,,,,,,,,,,,,,,,,,,,,,,,,,,,,,,,,,,,,,,,,,,,,,,,,,,,,,,,,,,,,,,,,,,,,,,,,,,,,,,,,,,,,,,,,,,,,,,,,,,,,,
EVT0003125,SUB00195,CNT00096,2023-10-31,16,Desktop,66,100%,TRUE,FALSE,TRUE,SD,SES856893,1,,,,,,,,,,,,,,,,,,,,,,,,,,,,,,,,,,,,,,,,,,,,,,,,,,,,,,,,,,,,,,,,,,,,,,,,,,,,,,,,,,,,,,,,,,,,,,,,,,,,,,,,,,,,,,,,,,,,,,,,,
EVT0003126,SUB00556,CNT00056,2023-09-01,16,Mobile,104,50-75%,FALSE,FALSE,TRUE,HD,SES992144,0,,,,,,,,,,,,,,,,,,,,,,,,,,,,,,,,,,,,,,,,,,,,,,,,,,,,,,,,,,,,,,,,,,,,,,,,,,,,,,,,,,,,,,,,,,,,,,,,,,,,,,,,,,,,,,,,,,,,,,,,,
EVT0003127,SUB00377,CNT00093,2023-04-03,20,Roku,29,75-99%,FALSE,TRUE,TRUE,HD,SES830821,0,,,,,,,,,,,,,,,,,,,,,,,,,,,,,,,,,,,,,,,,,,,,,,,,,,,,,,,,,,,,,,,,,,,,,,,,,,,,,,,,,,,,,,,,,,,,,,,,,,,,,,,,,,,,,,,,,,,,,,,,,
EVT0003128,SUB00606,CNT00050,2024-01-09,9,Roku,104,100%,TRUE,FALSE,TRUE,HD,SES768066,1,,,,,,,,,,,,,,,,,,,,,,,,,,,,,,,,,,,,,,,,,,,,,,,,,,,,,,,,,,,,,,,,,,,,,,,,,,,,,,,,,,,,,,,,,,,,,,,,,,,,,,,,,,,,,,,,,,,,,,,,,
EVT0003129,SUB00032,CNT00014,2024-04-15,16,Fire TV,34,100%,TRUE,FALSE,TRUE,HD,SES616657,1,,,,,,,,,,,,,,,,,,,,,,,,,,,,,,,,,,,,,,,,,,,,,,,,,,,,,,,,,,,,,,,,,,,,,,,,,,,,,,,,,,,,,,,,,,,,,,,,,,,,,,,,,,,,,,,,,,,,,,,,,
EVT0003130,SUB00449,CNT00077,2023-02-12,13,Fire TV,96,25-50%,FALSE,TRUE,FALSE,HD,SES205065,0,,,,,,,,,,,,,,,,,,,,,,,,,,,,,,,,,,,,,,,,,,,,,,,,,,,,,,,,,,,,,,,,,,,,,,,,,,,,,,,,,,,,,,,,,,,,,,,,,,,,,,,,,,,,,,,,,,,,,,,,,
EVT0003131,SUB00162,CNT00097,2023-03-10,18,Desktop,59,100%,TRUE,TRUE,TRUE,HD,SES118299,1,,,,,,,,,,,,,,,,,,,,,,,,,,,,,,,,,,,,,,,,,,,,,,,,,,,,,,,,,,,,,,,,,,,,,,,,,,,,,,,,,,,,,,,,,,,,,,,,,,,,,,,,,,,,,,,,,,,,,,,,,
EVT0003132,SUB00663,CNT00038,2023-07-24,22,Smart TV,119,100%,TRUE,FALSE,TRUE,HD,SES606475,1,,,,,,,,,,,,,,,,,,,,,,,,,,,,,,,,,,,,,,,,,,,,,,,,,,,,,,,,,,,,,,,,,,,,,,,,,,,,,,,,,,,,,,,,,,,,,,,,,,,,,,,,,,,,,,,,,,,,,,,,,
EVT0003133,SUB00472,CNT00075,2023-01-01,6,Tablet,56,100%,TRUE,FALSE,TRUE,HD,SES944658,1,,,,,,,,,,,,,,,,,,,,,,,,,,,,,,,,,,,,,,,,,,,,,,,,,,,,,,,,,,,,,,,,,,,,,,,,,,,,,,,,,,,,,,,,,,,,,,,,,,,,,,,,,,,,,,,,,,,,,,,,,
EVT0003134,SUB00199,CNT00063,2023-10-21,16,Tablet,55,75-99%,FALSE,FALSE,TRUE,HD,SES355840,0,,,,,,,,,,,,,,,,,,,,,,,,,,,,,,,,,,,,,,,,,,,,,,,,,,,,,,,,,,,,,,,,,,,,,,,,,,,,,,,,,,,,,,,,,,,,,,,,,,,,,,,,,,,,,,,,,,,,,,,,,
EVT0003135,SUB00402,CNT00005,2023-03-19,16,Tablet,59,100%,TRUE,FALSE,FALSE,HD,SES619206,1,,,,,,,,,,,,,,,,,,,,,,,,,,,,,,,,,,,,,,,,,,,,,,,,,,,,,,,,,,,,,,,,,,,,,,,,,,,,,,,,,,,,,,,,,,,,,,,,,,,,,,,,,,,,,,,,,,,,,,,,,
EVT0003136,SUB00677,CNT00041,2023-09-04,22,Desktop,73,75-99%,FALSE,TRUE,TRUE,HD,SES446570,0,,,,,,,,,,,,,,,,,,,,,,,,,,,,,,,,,,,,,,,,,,,,,,,,,,,,,,,,,,,,,,,,,,,,,,,,,,,,,,,,,,,,,,,,,,,,,,,,,,,,,,,,,,,,,,,,,,,,,,,,,
EVT0003137,SUB00097,CNT00036,2023-08-06,19,Smart TV,45,75-99%,FALSE,FALSE,TRUE,HD,SES151069,0,,,,,,,,,,,,,,,,,,,,,,,,,,,,,,,,,,,,,,,,,,,,,,,,,,,,,,,,,,,,,,,,,,,,,,,,,,,,,,,,,,,,,,,,,,,,,,,,,,,,,,,,,,,,,,,,,,,,,,,,,
EVT0003138,SUB00578,CNT00048,2023-02-03,8,Tablet,54,50-75%,FALSE,TRUE,TRUE,HD,SES925713,0,,,,,,,,,,,,,,,,,,,,,,,,,,,,,,,,,,,,,,,,,,,,,,,,,,,,,,,,,,,,,,,,,,,,,,,,,,,,,,,,,,,,,,,,,,,,,,,,,,,,,,,,,,,,,,,,,,,,,,,,,
EVT0003139,SUB00014,CNT00065,2024-04-23,7,Mobile,62,100%,TRUE,TRUE,FALSE,HD,SES435781,1,,,,,,,,,,,,,,,,,,,,,,,,,,,,,,,,,,,,,,,,,,,,,,,,,,,,,,,,,,,,,,,,,,,,,,,,,,,,,,,,,,,,,,,,,,,,,,,,,,,,,,,,,,,,,,,,,,,,,,,,,
EVT0003140,SUB00402,CNT00098,2023-09-21,15,Fire TV,68,100%,TRUE,FALSE,TRUE,HD,SES889826,1,,,,,,,,,,,,,,,,,,,,,,,,,,,,,,,,,,,,,,,,,,,,,,,,,,,,,,,,,,,,,,,,,,,,,,,,,,,,,,,,,,,,,,,,,,,,,,,,,,,,,,,,,,,,,,,,,,,,,,,,,
EVT0003141,SUB00588,CNT00005,2023-08-26,14,Mobile,31,100%,TRUE,TRUE,FALSE,HD,SES433401,1,,,,,,,,,,,,,,,,,,,,,,,,,,,,,,,,,,,,,,,,,,,,,,,,,,,,,,,,,,,,,,,,,,,,,,,,,,,,,,,,,,,,,,,,,,,,,,,,,,,,,,,,,,,,,,,,,,,,,,,,,
EVT0003142,SUB00510,CNT00025,2024-01-23,12,Mobile,49,25-50%,FALSE,FALSE,TRUE,HD,SES768363,0,,,,,,,,,,,,,,,,,,,,,,,,,,,,,,,,,,,,,,,,,,,,,,,,,,,,,,,,,,,,,,,,,,,,,,,,,,,,,,,,,,,,,,,,,,,,,,,,,,,,,,,,,,,,,,,,,,,,,,,,,
EVT0003143,SUB00671,CNT00023,2023-09-17,8,Mobile,16,75-99%,FALSE,FALSE,FALSE,SD,SES305855,0,,,,,,,,,,,,,,,,,,,,,,,,,,,,,,,,,,,,,,,,,,,,,,,,,,,,,,,,,,,,,,,,,,,,,,,,,,,,,,,,,,,,,,,,,,,,,,,,,,,,,,,,,,,,,,,,,,,,,,,,,
EVT0003144,SUB00616,CNT00005,2023-12-28,11,Fire TV,78,100%,TRUE,FALSE,TRUE,HD,SES428742,1,,,,,,,,,,,,,,,,,,,,,,,,,,,,,,,,,,,,,,,,,,,,,,,,,,,,,,,,,,,,,,,,,,,,,,,,,,,,,,,,,,,,,,,,,,,,,,,,,,,,,,,,,,,,,,,,,,,,,,,,,
EVT0003145,SUB00637,CNT00076,2024-04-04,13,Smart TV,36,<25%,FALSE,FALSE,FALSE,HD,SES812382,0,,,,,,,,,,,,,,,,,,,,,,,,,,,,,,,,,,,,,,,,,,,,,,,,,,,,,,,,,,,,,,,,,,,,,,,,,,,,,,,,,,,,,,,,,,,,,,,,,,,,,,,,,,,,,,,,,,,,,,,,,
EVT0003146,SUB00480,CNT00053,2024-03-04,18,Smart TV,112,<25%,FALSE,FALSE,FALSE,HD,SES435734,0,,,,,,,,,,,,,,,,,,,,,,,,,,,,,,,,,,,,,,,,,,,,,,,,,,,,,,,,,,,,,,,,,,,,,,,,,,,,,,,,,,,,,,,,,,,,,,,,,,,,,,,,,,,,,,,,,,,,,,,,,
EVT0003147,SUB00207,CNT00040,2023-03-14,12,Roku,83,<25%,FALSE,FALSE,FALSE,HD,SES659680,0,,,,,,,,,,,,,,,,,,,,,,,,,,,,,,,,,,,,,,,,,,,,,,,,,,,,,,,,,,,,,,,,,,,,,,,,,,,,,,,,,,,,,,,,,,,,,,,,,,,,,,,,,,,,,,,,,,,,,,,,,
EVT0003148,SUB00294,CNT00051,2024-04-17,9,Roku,30,<25%,FALSE,FALSE,TRUE,HD,SES824126,0,,,,,,,,,,,,,,,,,,,,,,,,,,,,,,,,,,,,,,,,,,,,,,,,,,,,,,,,,,,,,,,,,,,,,,,,,,,,,,,,,,,,,,,,,,,,,,,,,,,,,,,,,,,,,,,,,,,,,,,,,
EVT0003149,SUB00649,CNT00088,2023-07-29,6,Smart TV,54,100%,TRUE,FALSE,TRUE,HD,SES274948,1,,,,,,,,,,,,,,,,,,,,,,,,,,,,,,,,,,,,,,,,,,,,,,,,,,,,,,,,,,,,,,,,,,,,,,,,,,,,,,,,,,,,,,,,,,,,,,,,,,,,,,,,,,,,,,,,,,,,,,,,,
EVT0003150,SUB00484,CNT00032,2023-01-05,23,Tablet,20,100%,TRUE,TRUE,TRUE,SD,SES181452,1,,,,,,,,,,,,,,,,,,,,,,,,,,,,,,,,,,,,,,,,,,,,,,,,,,,,,,,,,,,,,,,,,,,,,,,,,,,,,,,,,,,,,,,,,,,,,,,,,,,,,,,,,,,,,,,,,,,,,,,,,
EVT0003151,SUB00522,CNT00044,2024-04-26,20,Desktop,112,75-99%,FALSE,FALSE,TRUE,SD,SES721717,0,,,,,,,,,,,,,,,,,,,,,,,,,,,,,,,,,,,,,,,,,,,,,,,,,,,,,,,,,,,,,,,,,,,,,,,,,,,,,,,,,,,,,,,,,,,,,,,,,,,,,,,,,,,,,,,,,,,,,,,,,
EVT0003152,SUB00681,CNT00078,2023-05-20,7,Smart TV,12,25-50%,FALSE,TRUE,FALSE,HD,SES435114,0,,,,,,,,,,,,,,,,,,,,,,,,,,,,,,,,,,,,,,,,,,,,,,,,,,,,,,,,,,,,,,,,,,,,,,,,,,,,,,,,,,,,,,,,,,,,,,,,,,,,,,,,,,,,,,,,,,,,,,,,,
EVT0003153,SUB00277,CNT00095,2024-03-24,11,Smart TV,91,100%,TRUE,TRUE,TRUE,HD,SES113589,1,,,,,,,,,,,,,,,,,,,,,,,,,,,,,,,,,,,,,,,,,,,,,,,,,,,,,,,,,,,,,,,,,,,,,,,,,,,,,,,,,,,,,,,,,,,,,,,,,,,,,,,,,,,,,,,,,,,,,,,,,
EVT0003154,SUB00449,CNT00062,2024-01-23,11,Tablet,102,25-50%,FALSE,FALSE,TRUE,HD,SES496367,0,,,,,,,,,,,,,,,,,,,,,,,,,,,,,,,,,,,,,,,,,,,,,,,,,,,,,,,,,,,,,,,,,,,,,,,,,,,,,,,,,,,,,,,,,,,,,,,,,,,,,,,,,,,,,,,,,,,,,,,,,
EVT0003155,SUB00350,CNT00060,2023-11-28,18,Tablet,78,<25%,FALSE,FALSE,TRUE,4K,SES831920,0,,,,,,,,,,,,,,,,,,,,,,,,,,,,,,,,,,,,,,,,,,,,,,,,,,,,,,,,,,,,,,,,,,,,,,,,,,,,,,,,,,,,,,,,,,,,,,,,,,,,,,,,,,,,,,,,,,,,,,,,,
EVT0003156,SUB00098,CNT00040,2024-01-08,20,Tablet,102,50-75%,FALSE,TRUE,TRUE,HD,SES854110,0,,,,,,,,,,,,,,,,,,,,,,,,,,,,,,,,,,,,,,,,,,,,,,,,,,,,,,,,,,,,,,,,,,,,,,,,,,,,,,,,,,,,,,,,,,,,,,,,,,,,,,,,,,,,,,,,,,,,,,,,,
EVT0003157,SUB00305,CNT00067,2023-11-04,16,Smart TV,97,75-99%,FALSE,FALSE,FALSE,HD,SES701300,0,,,,,,,,,,,,,,,,,,,,,,,,,,,,,,,,,,,,,,,,,,,,,,,,,,,,,,,,,,,,,,,,,,,,,,,,,,,,,,,,,,,,,,,,,,,,,,,,,,,,,,,,,,,,,,,,,,,,,,,,,
EVT0003158,SUB00116,CNT00047,2023-02-19,9,Mobile,45,100%,TRUE,FALSE,TRUE,HD,SES361783,1,,,,,,,,,,,,,,,,,,,,,,,,,,,,,,,,,,,,,,,,,,,,,,,,,,,,,,,,,,,,,,,,,,,,,,,,,,,,,,,,,,,,,,,,,,,,,,,,,,,,,,,,,,,,,,,,,,,,,,,,,
EVT0003159,SUB00557,CNT00010,2023-08-26,19,Tablet,99,50-75%,FALSE,FALSE,TRUE,SD,SES780535,0,,,,,,,,,,,,,,,,,,,,,,,,,,,,,,,,,,,,,,,,,,,,,,,,,,,,,,,,,,,,,,,,,,,,,,,,,,,,,,,,,,,,,,,,,,,,,,,,,,,,,,,,,,,,,,,,,,,,,,,,,
EVT0003160,SUB00062,CNT00097,2024-01-13,23,Mobile,82,100%,TRUE,FALSE,TRUE,HD,SES870947,1,,,,,,,,,,,,,,,,,,,,,,,,,,,,,,,,,,,,,,,,,,,,,,,,,,,,,,,,,,,,,,,,,,,,,,,,,,,,,,,,,,,,,,,,,,,,,,,,,,,,,,,,,,,,,,,,,,,,,,,,,
EVT0003161,SUB00070,CNT00029,2023-08-03,16,Fire TV,12,50-75%,FALSE,TRUE,TRUE,4K,SES633877,0,,,,,,,,,,,,,,,,,,,,,,,,,,,,,,,,,,,,,,,,,,,,,,,,,,,,,,,,,,,,,,,,,,,,,,,,,,,,,,,,,,,,,,,,,,,,,,,,,,,,,,,,,,,,,,,,,,,,,,,,,
EVT0003162,SUB00053,CNT00002,2024-03-14,17,Desktop,30,100%,TRUE,FALSE,TRUE,HD,SES915189,1,,,,,,,,,,,,,,,,,,,,,,,,,,,,,,,,,,,,,,,,,,,,,,,,,,,,,,,,,,,,,,,,,,,,,,,,,,,,,,,,,,,,,,,,,,,,,,,,,,,,,,,,,,,,,,,,,,,,,,,,,
EVT0003163,SUB00251,CNT00091,2023-06-04,14,Tablet,62,75-99%,FALSE,TRUE,TRUE,SD,SES432180,0,,,,,,,,,,,,,,,,,,,,,,,,,,,,,,,,,,,,,,,,,,,,,,,,,,,,,,,,,,,,,,,,,,,,,,,,,,,,,,,,,,,,,,,,,,,,,,,,,,,,,,,,,,,,,,,,,,,,,,,,,
EVT0003164,SUB00482,CNT00082,2023-12-12,12,Roku,74,25-50%,FALSE,TRUE,FALSE,HD,SES943158,0,,,,,,,,,,,,,,,,,,,,,,,,,,,,,,,,,,,,,,,,,,,,,,,,,,,,,,,,,,,,,,,,,,,,,,,,,,,,,,,,,,,,,,,,,,,,,,,,,,,,,,,,,,,,,,,,,,,,,,,,,
EVT0003165,SUB00276,CNT00095,2023-06-20,10,Desktop,16,100%,TRUE,FALSE,TRUE,HD,SES883748,1,,,,,,,,,,,,,,,,,,,,,,,,,,,,,,,,,,,,,,,,,,,,,,,,,,,,,,,,,,,,,,,,,,,,,,,,,,,,,,,,,,,,,,,,,,,,,,,,,,,,,,,,,,,,,,,,,,,,,,,,,
EVT0003166,SUB00165,CNT00089,2024-02-04,18,Roku,64,75-99%,FALSE,FALSE,TRUE,HD,SES538269,0,,,,,,,,,,,,,,,,,,,,,,,,,,,,,,,,,,,,,,,,,,,,,,,,,,,,,,,,,,,,,,,,,,,,,,,,,,,,,,,,,,,,,,,,,,,,,,,,,,,,,,,,,,,,,,,,,,,,,,,,,
EVT0003167,SUB00221,CNT00004,2023-07-04,23,Tablet,88,50-75%,FALSE,FALSE,TRUE,HD,SES894217,0,,,,,,,,,,,,,,,,,,,,,,,,,,,,,,,,,,,,,,,,,,,,,,,,,,,,,,,,,,,,,,,,,,,,,,,,,,,,,,,,,,,,,,,,,,,,,,,,,,,,,,,,,,,,,,,,,,,,,,,,,
EVT0003168,SUB00190,CNT00013,2024-03-30,12,Mobile,106,100%,TRUE,FALSE,TRUE,HD,SES859068,1,,,,,,,,,,,,,,,,,,,,,,,,,,,,,,,,,,,,,,,,,,,,,,,,,,,,,,,,,,,,,,,,,,,,,,,,,,,,,,,,,,,,,,,,,,,,,,,,,,,,,,,,,,,,,,,,,,,,,,,,,
EVT0003169,SUB00093,CNT00092,2023-10-15,13,Smart TV,70,100%,TRUE,FALSE,TRUE,HD,SES294437,1,,,,,,,,,,,,,,,,,,,,,,,,,,,,,,,,,,,,,,,,,,,,,,,,,,,,,,,,,,,,,,,,,,,,,,,,,,,,,,,,,,,,,,,,,,,,,,,,,,,,,,,,,,,,,,,,,,,,,,,,,
EVT0003170,SUB00247,CNT00033,2023-12-23,9,Roku,51,100%,TRUE,FALSE,TRUE,4K,SES391718,1,,,,,,,,,,,,,,,,,,,,,,,,,,,,,,,,,,,,,,,,,,,,,,,,,,,,,,,,,,,,,,,,,,,,,,,,,,,,,,,,,,,,,,,,,,,,,,,,,,,,,,,,,,,,,,,,,,,,,,,,,
EVT0003171,SUB00553,CNT00041,2023-03-07,22,Smart TV,15,75-99%,FALSE,FALSE,TRUE,SD,SES343523,0,,,,,,,,,,,,,,,,,,,,,,,,,,,,,,,,,,,,,,,,,,,,,,,,,,,,,,,,,,,,,,,,,,,,,,,,,,,,,,,,,,,,,,,,,,,,,,,,,,,,,,,,,,,,,,,,,,,,,,,,,
EVT0003172,SUB00412,CNT00023,2023-12-22,11,Roku,24,100%,TRUE,FALSE,TRUE,HD,SES442237,1,,,,,,,,,,,,,,,,,,,,,,,,,,,,,,,,,,,,,,,,,,,,,,,,,,,,,,,,,,,,,,,,,,,,,,,,,,,,,,,,,,,,,,,,,,,,,,,,,,,,,,,,,,,,,,,,,,,,,,,,,
EVT0003173,SUB00628,CNT00049,2023-11-07,23,Desktop,51,100%,TRUE,FALSE,TRUE,HD,SES968554,1,,,,,,,,,,,,,,,,,,,,,,,,,,,,,,,,,,,,,,,,,,,,,,,,,,,,,,,,,,,,,,,,,,,,,,,,,,,,,,,,,,,,,,,,,,,,,,,,,,,,,,,,,,,,,,,,,,,,,,,,,
EVT0003174,SUB00599,CNT00084,2024-05-30,12,Smart TV,104,25-50%,FALSE,FALSE,TRUE,SD,SES649987,0,,,,,,,,,,,,,,,,,,,,,,,,,,,,,,,,,,,,,,,,,,,,,,,,,,,,,,,,,,,,,,,,,,,,,,,,,,,,,,,,,,,,,,,,,,,,,,,,,,,,,,,,,,,,,,,,,,,,,,,,,
EVT0003175,SUB00177,CNT00053,2024-03-03,16,Desktop,42,100%,TRUE,FALSE,TRUE,4K,SES559542,1,,,,,,,,,,,,,,,,,,,,,,,,,,,,,,,,,,,,,,,,,,,,,,,,,,,,,,,,,,,,,,,,,,,,,,,,,,,,,,,,,,,,,,,,,,,,,,,,,,,,,,,,,,,,,,,,,,,,,,,,,
EVT0003176,SUB00052,CNT00068,2024-01-31,23,Smart TV,31,100%,TRUE,TRUE,FALSE,HD,SES992378,1,,,,,,,,,,,,,,,,,,,,,,,,,,,,,,,,,,,,,,,,,,,,,,,,,,,,,,,,,,,,,,,,,,,,,,,,,,,,,,,,,,,,,,,,,,,,,,,,,,,,,,,,,,,,,,,,,,,,,,,,,
EVT0003177,SUB00558,CNT00067,2024-01-06,15,Desktop,64,100%,TRUE,FALSE,TRUE,HD,SES319505,1,,,,,,,,,,,,,,,,,,,,,,,,,,,,,,,,,,,,,,,,,,,,,,,,,,,,,,,,,,,,,,,,,,,,,,,,,,,,,,,,,,,,,,,,,,,,,,,,,,,,,,,,,,,,,,,,,,,,,,,,,
EVT0003178,SUB00407,CNT00004,2023-03-21,15,Desktop,10,100%,TRUE,TRUE,TRUE,HD,SES880371,1,,,,,,,,,,,,,,,,,,,,,,,,,,,,,,,,,,,,,,,,,,,,,,,,,,,,,,,,,,,,,,,,,,,,,,,,,,,,,,,,,,,,,,,,,,,,,,,,,,,,,,,,,,,,,,,,,,,,,,,,,
EVT0003179,SUB00156,CNT00002,2024-02-08,12,Fire TV,118,50-75%,FALSE,FALSE,TRUE,HD,SES151486,0,,,,,,,,,,,,,,,,,,,,,,,,,,,,,,,,,,,,,,,,,,,,,,,,,,,,,,,,,,,,,,,,,,,,,,,,,,,,,,,,,,,,,,,,,,,,,,,,,,,,,,,,,,,,,,,,,,,,,,,,,
EVT0003180,SUB00291,CNT00086,2024-06-11,8,Fire TV,16,75-99%,FALSE,FALSE,TRUE,4K,SES994680,0,,,,,,,,,,,,,,,,,,,,,,,,,,,,,,,,,,,,,,,,,,,,,,,,,,,,,,,,,,,,,,,,,,,,,,,,,,,,,,,,,,,,,,,,,,,,,,,,,,,,,,,,,,,,,,,,,,,,,,,,,
EVT0003181,SUB00697,CNT00017,2023-08-16,9,Desktop,57,<25%,FALSE,TRUE,TRUE,HD,SES287615,0,,,,,,,,,,,,,,,,,,,,,,,,,,,,,,,,,,,,,,,,,,,,,,,,,,,,,,,,,,,,,,,,,,,,,,,,,,,,,,,,,,,,,,,,,,,,,,,,,,,,,,,,,,,,,,,,,,,,,,,,,
EVT0003182,SUB00537,CNT00071,2023-05-28,15,Mobile,73,50-75%,FALSE,FALSE,TRUE,HD,SES745211,0,,,,,,,,,,,,,,,,,,,,,,,,,,,,,,,,,,,,,,,,,,,,,,,,,,,,,,,,,,,,,,,,,,,,,,,,,,,,,,,,,,,,,,,,,,,,,,,,,,,,,,,,,,,,,,,,,,,,,,,,,
EVT0003183,SUB00156,CNT00062,2024-01-23,9,Fire TV,5,75-99%,FALSE,FALSE,TRUE,HD,SES547730,0,,,,,,,,,,,,,,,,,,,,,,,,,,,,,,,,,,,,,,,,,,,,,,,,,,,,,,,,,,,,,,,,,,,,,,,,,,,,,,,,,,,,,,,,,,,,,,,,,,,,,,,,,,,,,,,,,,,,,,,,,
EVT0003184,SUB00038,CNT00072,2023-03-23,7,Smart TV,115,100%,TRUE,FALSE,TRUE,4K,SES539184,1,,,,,,,,,,,,,,,,,,,,,,,,,,,,,,,,,,,,,,,,,,,,,,,,,,,,,,,,,,,,,,,,,,,,,,,,,,,,,,,,,,,,,,,,,,,,,,,,,,,,,,,,,,,,,,,,,,,,,,,,,
EVT0003185,SUB00653,CNT00037,2023-01-19,16,Smart TV,70,100%,TRUE,FALSE,FALSE,SD,SES962796,1,,,,,,,,,,,,,,,,,,,,,,,,,,,,,,,,,,,,,,,,,,,,,,,,,,,,,,,,,,,,,,,,,,,,,,,,,,,,,,,,,,,,,,,,,,,,,,,,,,,,,,,,,,,,,,,,,,,,,,,,,
EVT0003186,SUB00138,CNT00036,2024-01-24,6,Desktop,54,<25%,FALSE,FALSE,TRUE,HD,SES670789,0,,,,,,,,,,,,,,,,,,,,,,,,,,,,,,,,,,,,,,,,,,,,,,,,,,,,,,,,,,,,,,,,,,,,,,,,,,,,,,,,,,,,,,,,,,,,,,,,,,,,,,,,,,,,,,,,,,,,,,,,,
EVT0003187,SUB00328,CNT00029,2023-10-22,10,Mobile,60,100%,TRUE,FALSE,TRUE,HD,SES816486,1,,,,,,,,,,,,,,,,,,,,,,,,,,,,,,,,,,,,,,,,,,,,,,,,,,,,,,,,,,,,,,,,,,,,,,,,,,,,,,,,,,,,,,,,,,,,,,,,,,,,,,,,,,,,,,,,,,,,,,,,,
EVT0003188,SUB00157,CNT00100,2023-10-08,12,Tablet,39,75-99%,FALSE,FALSE,TRUE,SD,SES583304,0,,,,,,,,,,,,,,,,,,,,,,,,,,,,,,,,,,,,,,,,,,,,,,,,,,,,,,,,,,,,,,,,,,,,,,,,,,,,,,,,,,,,,,,,,,,,,,,,,,,,,,,,,,,,,,,,,,,,,,,,,
EVT0003189,SUB00070,CNT00002,2023-03-20,11,Roku,71,100%,TRUE,FALSE,TRUE,HD,SES355729,1,,,,,,,,,,,,,,,,,,,,,,,,,,,,,,,,,,,,,,,,,,,,,,,,,,,,,,,,,,,,,,,,,,,,,,,,,,,,,,,,,,,,,,,,,,,,,,,,,,,,,,,,,,,,,,,,,,,,,,,,,
EVT0003190,SUB00355,CNT00096,2023-01-27,19,Desktop,61,<25%,FALSE,TRUE,TRUE,HD,SES456325,0,,,,,,,,,,,,,,,,,,,,,,,,,,,,,,,,,,,,,,,,,,,,,,,,,,,,,,,,,,,,,,,,,,,,,,,,,,,,,,,,,,,,,,,,,,,,,,,,,,,,,,,,,,,,,,,,,,,,,,,,,
EVT0003191,SUB00228,CNT00100,2023-08-28,8,Tablet,63,25-50%,FALSE,FALSE,TRUE,4K,SES367877,0,,,,,,,,,,,,,,,,,,,,,,,,,,,,,,,,,,,,,,,,,,,,,,,,,,,,,,,,,,,,,,,,,,,,,,,,,,,,,,,,,,,,,,,,,,,,,,,,,,,,,,,,,,,,,,,,,,,,,,,,,
EVT0003192,SUB00175,CNT00071,2023-03-09,15,Roku,27,100%,TRUE,TRUE,TRUE,HD,SES632304,1,,,,,,,,,,,,,,,,,,,,,,,,,,,,,,,,,,,,,,,,,,,,,,,,,,,,,,,,,,,,,,,,,,,,,,,,,,,,,,,,,,,,,,,,,,,,,,,,,,,,,,,,,,,,,,,,,,,,,,,,,
EVT0003193,SUB00366,CNT00024,2023-03-15,17,Smart TV,19,<25%,FALSE,FALSE,TRUE,HD,SES103759,0,,,,,,,,,,,,,,,,,,,,,,,,,,,,,,,,,,,,,,,,,,,,,,,,,,,,,,,,,,,,,,,,,,,,,,,,,,,,,,,,,,,,,,,,,,,,,,,,,,,,,,,,,,,,,,,,,,,,,,,,,
EVT0003194,SUB00162,CNT00056,2023-05-04,7,Tablet,102,25-50%,FALSE,TRUE,TRUE,HD,SES847063,0,,,,,,,,,,,,,,,,,,,,,,,,,,,,,,,,,,,,,,,,,,,,,,,,,,,,,,,,,,,,,,,,,,,,,,,,,,,,,,,,,,,,,,,,,,,,,,,,,,,,,,,,,,,,,,,,,,,,,,,,,
EVT0003195,SUB00286,CNT00077,2023-05-20,15,Smart TV,11,<25%,FALSE,TRUE,FALSE,HD,SES483123,0,,,,,,,,,,,,,,,,,,,,,,,,,,,,,,,,,,,,,,,,,,,,,,,,,,,,,,,,,,,,,,,,,,,,,,,,,,,,,,,,,,,,,,,,,,,,,,,,,,,,,,,,,,,,,,,,,,,,,,,,,
EVT0003196,SUB00173,CNT00077,2023-02-16,10,Smart TV,76,75-99%,FALSE,TRUE,FALSE,4K,SES410051,0,,,,,,,,,,,,,,,,,,,,,,,,,,,,,,,,,,,,,,,,,,,,,,,,,,,,,,,,,,,,,,,,,,,,,,,,,,,,,,,,,,,,,,,,,,,,,,,,,,,,,,,,,,,,,,,,,,,,,,,,,
EVT0003197,SUB00696,CNT00062,2023-02-18,17,Tablet,31,100%,TRUE,FALSE,FALSE,HD,SES378939,1,,,,,,,,,,,,,,,,,,,,,,,,,,,,,,,,,,,,,,,,,,,,,,,,,,,,,,,,,,,,,,,,,,,,,,,,,,,,,,,,,,,,,,,,,,,,,,,,,,,,,,,,,,,,,,,,,,,,,,,,,
EVT0003198,SUB00576,CNT00095,2023-06-08,12,Smart TV,8,75-99%,FALSE,FALSE,TRUE,4K,SES961018,0,,,,,,,,,,,,,,,,,,,,,,,,,,,,,,,,,,,,,,,,,,,,,,,,,,,,,,,,,,,,,,,,,,,,,,,,,,,,,,,,,,,,,,,,,,,,,,,,,,,,,,,,,,,,,,,,,,,,,,,,,
EVT0003199,SUB00295,CNT00084,2023-04-09,10,Roku,88,50-75%,FALSE,TRUE,FALSE,4K,SES951588,0,,,,,,,,,,,,,,,,,,,,,,,,,,,,,,,,,,,,,,,,,,,,,,,,,,,,,,,,,,,,,,,,,,,,,,,,,,,,,,,,,,,,,,,,,,,,,,,,,,,,,,,,,,,,,,,,,,,,,,,,,
EVT0003200,SUB00341,CNT00097,2023-01-21,22,Desktop,89,100%,TRUE,TRUE,TRUE,HD,SES129078,1,,,,,,,,,,,,,,,,,,,,,,,,,,,,,,,,,,,,,,,,,,,,,,,,,,,,,,,,,,,,,,,,,,,,,,,,,,,,,,,,,,,,,,,,,,,,,,,,,,,,,,,,,,,,,,,,,,,,,,,,,
EVT0003201,SUB00121,CNT00028,2023-11-19,11,Mobile,12,75-99%,FALSE,FALSE,TRUE,HD,SES365431,0,,,,,,,,,,,,,,,,,,,,,,,,,,,,,,,,,,,,,,,,,,,,,,,,,,,,,,,,,,,,,,,,,,,,,,,,,,,,,,,,,,,,,,,,,,,,,,,,,,,,,,,,,,,,,,,,,,,,,,,,,
EVT0003202,SUB00264,CNT00089,2023-10-23,9,Fire TV,14,50-75%,FALSE,FALSE,TRUE,HD,SES363637,0,,,,,,,,,,,,,,,,,,,,,,,,,,,,,,,,,,,,,,,,,,,,,,,,,,,,,,,,,,,,,,,,,,,,,,,,,,,,,,,,,,,,,,,,,,,,,,,,,,,,,,,,,,,,,,,,,,,,,,,,,
EVT0003203,SUB00031,CNT00002,2023-01-11,22,Fire TV,118,75-99%,FALSE,FALSE,FALSE,4K,SES655700,0,,,,,,,,,,,,,,,,,,,,,,,,,,,,,,,,,,,,,,,,,,,,,,,,,,,,,,,,,,,,,,,,,,,,,,,,,,,,,,,,,,,,,,,,,,,,,,,,,,,,,,,,,,,,,,,,,,,,,,,,,
EVT0003204,SUB00338,CNT00063,2024-02-10,21,Tablet,104,100%,TRUE,FALSE,FALSE,HD,SES524527,1,,,,,,,,,,,,,,,,,,,,,,,,,,,,,,,,,,,,,,,,,,,,,,,,,,,,,,,,,,,,,,,,,,,,,,,,,,,,,,,,,,,,,,,,,,,,,,,,,,,,,,,,,,,,,,,,,,,,,,,,,
EVT0003205,SUB00006,CNT00029,2024-01-22,7,Tablet,113,75-99%,FALSE,FALSE,TRUE,SD,SES255168,0,,,,,,,,,,,,,,,,,,,,,,,,,,,,,,,,,,,,,,,,,,,,,,,,,,,,,,,,,,,,,,,,,,,,,,,,,,,,,,,,,,,,,,,,,,,,,,,,,,,,,,,,,,,,,,,,,,,,,,,,,
EVT0003206,SUB00572,CNT00003,2023-01-07,22,Roku,31,25-50%,FALSE,FALSE,FALSE,HD,SES472863,0,,,,,,,,,,,,,,,,,,,,,,,,,,,,,,,,,,,,,,,,,,,,,,,,,,,,,,,,,,,,,,,,,,,,,,,,,,,,,,,,,,,,,,,,,,,,,,,,,,,,,,,,,,,,,,,,,,,,,,,,,
EVT0003207,SUB00547,CNT00075,2023-05-16,6,Tablet,32,100%,TRUE,FALSE,TRUE,4K,SES222648,1,,,,,,,,,,,,,,,,,,,,,,,,,,,,,,,,,,,,,,,,,,,,,,,,,,,,,,,,,,,,,,,,,,,,,,,,,,,,,,,,,,,,,,,,,,,,,,,,,,,,,,,,,,,,,,,,,,,,,,,,,
EVT0003208,SUB00019,CNT00064,2024-02-16,16,Desktop,61,100%,TRUE,FALSE,TRUE,HD,SES539076,1,,,,,,,,,,,,,,,,,,,,,,,,,,,,,,,,,,,,,,,,,,,,,,,,,,,,,,,,,,,,,,,,,,,,,,,,,,,,,,,,,,,,,,,,,,,,,,,,,,,,,,,,,,,,,,,,,,,,,,,,,
EVT0003209,SUB00573,CNT00028,2023-10-24,9,Desktop,30,100%,TRUE,FALSE,TRUE,HD,SES172873,1,,,,,,,,,,,,,,,,,,,,,,,,,,,,,,,,,,,,,,,,,,,,,,,,,,,,,,,,,,,,,,,,,,,,,,,,,,,,,,,,,,,,,,,,,,,,,,,,,,,,,,,,,,,,,,,,,,,,,,,,,
EVT0003210,SUB00323,CNT00096,2024-04-15,16,Smart TV,67,<25%,FALSE,FALSE,TRUE,HD,SES739436,0,,,,,,,,,,,,,,,,,,,,,,,,,,,,,,,,,,,,,,,,,,,,,,,,,,,,,,,,,,,,,,,,,,,,,,,,,,,,,,,,,,,,,,,,,,,,,,,,,,,,,,,,,,,,,,,,,,,,,,,,,
EVT0003211,SUB00236,CNT00029,2024-06-11,17,Smart TV,81,<25%,FALSE,FALSE,TRUE,HD,SES143795,0,,,,,,,,,,,,,,,,,,,,,,,,,,,,,,,,,,,,,,,,,,,,,,,,,,,,,,,,,,,,,,,,,,,,,,,,,,,,,,,,,,,,,,,,,,,,,,,,,,,,,,,,,,,,,,,,,,,,,,,,,
EVT0003212,SUB00670,CNT00045,2024-06-18,23,Desktop,117,25-50%,FALSE,TRUE,TRUE,SD,SES197509,0,,,,,,,,,,,,,,,,,,,,,,,,,,,,,,,,,,,,,,,,,,,,,,,,,,,,,,,,,,,,,,,,,,,,,,,,,,,,,,,,,,,,,,,,,,,,,,,,,,,,,,,,,,,,,,,,,,,,,,,,,
EVT0003213,SUB00261,CNT00078,2023-03-28,15,Desktop,47,75-99%,FALSE,FALSE,FALSE,HD,SES311503,0,,,,,,,,,,,,,,,,,,,,,,,,,,,,,,,,,,,,,,,,,,,,,,,,,,,,,,,,,,,,,,,,,,,,,,,,,,,,,,,,,,,,,,,,,,,,,,,,,,,,,,,,,,,,,,,,,,,,,,,,,
EVT0003214,SUB00475,CNT00034,2024-04-05,19,Desktop,73,100%,TRUE,TRUE,FALSE,4K,SES482304,1,,,,,,,,,,,,,,,,,,,,,,,,,,,,,,,,,,,,,,,,,,,,,,,,,,,,,,,,,,,,,,,,,,,,,,,,,,,,,,,,,,,,,,,,,,,,,,,,,,,,,,,,,,,,,,,,,,,,,,,,,
EVT0003215,SUB00345,CNT00058,2024-02-03,18,Mobile,104,50-75%,FALSE,TRUE,FALSE,HD,SES910879,0,,,,,,,,,,,,,,,,,,,,,,,,,,,,,,,,,,,,,,,,,,,,,,,,,,,,,,,,,,,,,,,,,,,,,,,,,,,,,,,,,,,,,,,,,,,,,,,,,,,,,,,,,,,,,,,,,,,,,,,,,
EVT0003216,SUB00022,CNT00024,2023-09-14,18,Roku,120,100%,TRUE,FALSE,FALSE,SD,SES153664,1,,,,,,,,,,,,,,,,,,,,,,,,,,,,,,,,,,,,,,,,,,,,,,,,,,,,,,,,,,,,,,,,,,,,,,,,,,,,,,,,,,,,,,,,,,,,,,,,,,,,,,,,,,,,,,,,,,,,,,,,,
EVT0003217,SUB00021,CNT00018,2024-06-15,21,Tablet,59,100%,TRUE,FALSE,FALSE,4K,SES325000,1,,,,,,,,,,,,,,,,,,,,,,,,,,,,,,,,,,,,,,,,,,,,,,,,,,,,,,,,,,,,,,,,,,,,,,,,,,,,,,,,,,,,,,,,,,,,,,,,,,,,,,,,,,,,,,,,,,,,,,,,,
EVT0003218,SUB00486,CNT00021,2023-02-02,22,Fire TV,106,100%,TRUE,FALSE,TRUE,HD,SES940828,1,,,,,,,,,,,,,,,,,,,,,,,,,,,,,,,,,,,,,,,,,,,,,,,,,,,,,,,,,,,,,,,,,,,,,,,,,,,,,,,,,,,,,,,,,,,,,,,,,,,,,,,,,,,,,,,,,,,,,,,,,
EVT0003219,SUB00694,CNT00074,2023-03-11,18,Tablet,69,100%,TRUE,FALSE,TRUE,HD,SES530105,1,,,,,,,,,,,,,,,,,,,,,,,,,,,,,,,,,,,,,,,,,,,,,,,,,,,,,,,,,,,,,,,,,,,,,,,,,,,,,,,,,,,,,,,,,,,,,,,,,,,,,,,,,,,,,,,,,,,,,,,,,
EVT0003220,SUB00316,CNT00016,2023-09-11,23,Tablet,61,<25%,FALSE,FALSE,FALSE,HD,SES571076,0,,,,,,,,,,,,,,,,,,,,,,,,,,,,,,,,,,,,,,,,,,,,,,,,,,,,,,,,,,,,,,,,,,,,,,,,,,,,,,,,,,,,,,,,,,,,,,,,,,,,,,,,,,,,,,,,,,,,,,,,,
EVT0003221,SUB00149,CNT00086,2023-04-24,11,Roku,111,75-99%,FALSE,TRUE,FALSE,HD,SES981869,0,,,,,,,,,,,,,,,,,,,,,,,,,,,,,,,,,,,,,,,,,,,,,,,,,,,,,,,,,,,,,,,,,,,,,,,,,,,,,,,,,,,,,,,,,,,,,,,,,,,,,,,,,,,,,,,,,,,,,,,,,
EVT0003222,SUB00171,CNT00098,2023-05-01,23,Roku,51,100%,TRUE,FALSE,TRUE,4K,SES705502,1,,,,,,,,,,,,,,,,,,,,,,,,,,,,,,,,,,,,,,,,,,,,,,,,,,,,,,,,,,,,,,,,,,,,,,,,,,,,,,,,,,,,,,,,,,,,,,,,,,,,,,,,,,,,,,,,,,,,,,,,,
EVT0003223,SUB00640,CNT00004,2023-03-07,15,Mobile,97,100%,TRUE,FALSE,TRUE,HD,SES916197,1,,,,,,,,,,,,,,,,,,,,,,,,,,,,,,,,,,,,,,,,,,,,,,,,,,,,,,,,,,,,,,,,,,,,,,,,,,,,,,,,,,,,,,,,,,,,,,,,,,,,,,,,,,,,,,,,,,,,,,,,,
EVT0003224,SUB00377,CNT00014,2023-12-09,14,Smart TV,63,<25%,FALSE,FALSE,TRUE,SD,SES655338,0,,,,,,,,,,,,,,,,,,,,,,,,,,,,,,,,,,,,,,,,,,,,,,,,,,,,,,,,,,,,,,,,,,,,,,,,,,,,,,,,,,,,,,,,,,,,,,,,,,,,,,,,,,,,,,,,,,,,,,,,,
EVT0003225,SUB00378,CNT00064,2023-11-25,9,Desktop,101,<25%,FALSE,FALSE,TRUE,4K,SES674028,0,,,,,,,,,,,,,,,,,,,,,,,,,,,,,,,,,,,,,,,,,,,,,,,,,,,,,,,,,,,,,,,,,,,,,,,,,,,,,,,,,,,,,,,,,,,,,,,,,,,,,,,,,,,,,,,,,,,,,,,,,
EVT0003226,SUB00278,CNT00001,2023-04-08,14,Mobile,105,<25%,FALSE,FALSE,TRUE,HD,SES147328,0,,,,,,,,,,,,,,,,,,,,,,,,,,,,,,,,,,,,,,,,,,,,,,,,,,,,,,,,,,,,,,,,,,,,,,,,,,,,,,,,,,,,,,,,,,,,,,,,,,,,,,,,,,,,,,,,,,,,,,,,,
EVT0003227,SUB00245,CNT00016,2023-06-02,19,Tablet,104,<25%,FALSE,TRUE,TRUE,HD,SES609888,0,,,,,,,,,,,,,,,,,,,,,,,,,,,,,,,,,,,,,,,,,,,,,,,,,,,,,,,,,,,,,,,,,,,,,,,,,,,,,,,,,,,,,,,,,,,,,,,,,,,,,,,,,,,,,,,,,,,,,,,,,
EVT0003228,SUB00599,CNT00095,2023-06-12,23,Roku,89,25-50%,FALSE,FALSE,FALSE,4K,SES261343,0,,,,,,,,,,,,,,,,,,,,,,,,,,,,,,,,,,,,,,,,,,,,,,,,,,,,,,,,,,,,,,,,,,,,,,,,,,,,,,,,,,,,,,,,,,,,,,,,,,,,,,,,,,,,,,,,,,,,,,,,,
EVT0003229,SUB00212,CNT00034,2024-04-09,21,Roku,110,100%,TRUE,FALSE,FALSE,HD,SES493041,1,,,,,,,,,,,,,,,,,,,,,,,,,,,,,,,,,,,,,,,,,,,,,,,,,,,,,,,,,,,,,,,,,,,,,,,,,,,,,,,,,,,,,,,,,,,,,,,,,,,,,,,,,,,,,,,,,,,,,,,,,
EVT0003230,SUB00658,CNT00062,2023-04-28,19,Desktop,85,100%,TRUE,FALSE,TRUE,HD,SES868358,1,,,,,,,,,,,,,,,,,,,,,,,,,,,,,,,,,,,,,,,,,,,,,,,,,,,,,,,,,,,,,,,,,,,,,,,,,,,,,,,,,,,,,,,,,,,,,,,,,,,,,,,,,,,,,,,,,,,,,,,,,
EVT0003231,SUB00521,CNT00060,2024-01-11,13,Fire TV,66,100%,TRUE,TRUE,TRUE,4K,SES296622,1,,,,,,,,,,,,,,,,,,,,,,,,,,,,,,,,,,,,,,,,,,,,,,,,,,,,,,,,,,,,,,,,,,,,,,,,,,,,,,,,,,,,,,,,,,,,,,,,,,,,,,,,,,,,,,,,,,,,,,,,,
EVT0003232,SUB00364,CNT00076,2023-05-27,19,Fire TV,108,<25%,FALSE,FALSE,TRUE,SD,SES685362,0,,,,,,,,,,,,,,,,,,,,,,,,,,,,,,,,,,,,,,,,,,,,,,,,,,,,,,,,,,,,,,,,,,,,,,,,,,,,,,,,,,,,,,,,,,,,,,,,,,,,,,,,,,,,,,,,,,,,,,,,,
EVT0003233,SUB00200,CNT00001,2023-11-28,9,Desktop,42,100%,TRUE,TRUE,FALSE,SD,SES369678,1,,,,,,,,,,,,,,,,,,,,,,,,,,,,,,,,,,,,,,,,,,,,,,,,,,,,,,,,,,,,,,,,,,,,,,,,,,,,,,,,,,,,,,,,,,,,,,,,,,,,,,,,,,,,,,,,,,,,,,,,,
EVT0003234,SUB00162,CNT00006,2023-03-04,9,Smart TV,120,<25%,FALSE,TRUE,TRUE,HD,SES987852,0,,,,,,,,,,,,,,,,,,,,,,,,,,,,,,,,,,,,,,,,,,,,,,,,,,,,,,,,,,,,,,,,,,,,,,,,,,,,,,,,,,,,,,,,,,,,,,,,,,,,,,,,,,,,,,,,,,,,,,,,,
EVT0003235,SUB00477,CNT00056,2024-05-21,6,Desktop,19,100%,TRUE,TRUE,TRUE,HD,SES840949,1,,,,,,,,,,,,,,,,,,,,,,,,,,,,,,,,,,,,,,,,,,,,,,,,,,,,,,,,,,,,,,,,,,,,,,,,,,,,,,,,,,,,,,,,,,,,,,,,,,,,,,,,,,,,,,,,,,,,,,,,,
EVT0003236,SUB00106,CNT00028,2024-04-24,16,Mobile,57,100%,TRUE,FALSE,TRUE,HD,SES264924,1,,,,,,,,,,,,,,,,,,,,,,,,,,,,,,,,,,,,,,,,,,,,,,,,,,,,,,,,,,,,,,,,,,,,,,,,,,,,,,,,,,,,,,,,,,,,,,,,,,,,,,,,,,,,,,,,,,,,,,,,,
EVT0003237,SUB00302,CNT00061,2023-01-25,21,Fire TV,57,100%,TRUE,FALSE,TRUE,HD,SES276108,1,,,,,,,,,,,,,,,,,,,,,,,,,,,,,,,,,,,,,,,,,,,,,,,,,,,,,,,,,,,,,,,,,,,,,,,,,,,,,,,,,,,,,,,,,,,,,,,,,,,,,,,,,,,,,,,,,,,,,,,,,
EVT0003238,SUB00036,CNT00041,2024-03-24,8,Desktop,86,50-75%,FALSE,TRUE,FALSE,SD,SES434042,0,,,,,,,,,,,,,,,,,,,,,,,,,,,,,,,,,,,,,,,,,,,,,,,,,,,,,,,,,,,,,,,,,,,,,,,,,,,,,,,,,,,,,,,,,,,,,,,,,,,,,,,,,,,,,,,,,,,,,,,,,
EVT0003239,SUB00317,CNT00035,2024-06-06,10,Tablet,58,100%,TRUE,TRUE,TRUE,HD,SES946094,1,,,,,,,,,,,,,,,,,,,,,,,,,,,,,,,,,,,,,,,,,,,,,,,,,,,,,,,,,,,,,,,,,,,,,,,,,,,,,,,,,,,,,,,,,,,,,,,,,,,,,,,,,,,,,,,,,,,,,,,,,
EVT0003240,SUB00525,CNT00076,2024-04-23,12,Desktop,84,<25%,FALSE,TRUE,TRUE,SD,SES435830,0,,,,,,,,,,,,,,,,,,,,,,,,,,,,,,,,,,,,,,,,,,,,,,,,,,,,,,,,,,,,,,,,,,,,,,,,,,,,,,,,,,,,,,,,,,,,,,,,,,,,,,,,,,,,,,,,,,,,,,,,,
EVT0003241,SUB00034,CNT00024,2023-12-26,8,Smart TV,37,75-99%,FALSE,TRUE,FALSE,HD,SES594156,0,,,,,,,,,,,,,,,,,,,,,,,,,,,,,,,,,,,,,,,,,,,,,,,,,,,,,,,,,,,,,,,,,,,,,,,,,,,,,,,,,,,,,,,,,,,,,,,,,,,,,,,,,,,,,,,,,,,,,,,,,
EVT0003242,SUB00096,CNT00020,2023-08-20,7,Fire TV,60,100%,TRUE,FALSE,TRUE,HD,SES525664,1,,,,,,,,,,,,,,,,,,,,,,,,,,,,,,,,,,,,,,,,,,,,,,,,,,,,,,,,,,,,,,,,,,,,,,,,,,,,,,,,,,,,,,,,,,,,,,,,,,,,,,,,,,,,,,,,,,,,,,,,,
EVT0003243,SUB00294,CNT00042,2023-11-27,11,Tablet,25,50-75%,FALSE,FALSE,FALSE,SD,SES825201,0,,,,,,,,,,,,,,,,,,,,,,,,,,,,,,,,,,,,,,,,,,,,,,,,,,,,,,,,,,,,,,,,,,,,,,,,,,,,,,,,,,,,,,,,,,,,,,,,,,,,,,,,,,,,,,,,,,,,,,,,,
EVT0003244,SUB00579,CNT00071,2024-02-26,11,Roku,100,50-75%,FALSE,FALSE,TRUE,HD,SES676873,0,,,,,,,,,,,,,,,,,,,,,,,,,,,,,,,,,,,,,,,,,,,,,,,,,,,,,,,,,,,,,,,,,,,,,,,,,,,,,,,,,,,,,,,,,,,,,,,,,,,,,,,,,,,,,,,,,,,,,,,,,
EVT0003245,SUB00375,CNT00009,2023-01-13,22,Mobile,47,50-75%,FALSE,FALSE,TRUE,HD,SES221366,0,,,,,,,,,,,,,,,,,,,,,,,,,,,,,,,,,,,,,,,,,,,,,,,,,,,,,,,,,,,,,,,,,,,,,,,,,,,,,,,,,,,,,,,,,,,,,,,,,,,,,,,,,,,,,,,,,,,,,,,,,
EVT0003246,SUB00388,CNT00057,2023-08-17,23,Desktop,42,100%,TRUE,FALSE,TRUE,4K,SES239862,1,,,,,,,,,,,,,,,,,,,,,,,,,,,,,,,,,,,,,,,,,,,,,,,,,,,,,,,,,,,,,,,,,,,,,,,,,,,,,,,,,,,,,,,,,,,,,,,,,,,,,,,,,,,,,,,,,,,,,,,,,
EVT0003247,SUB00113,CNT00034,2024-02-23,17,Fire TV,51,75-99%,FALSE,FALSE,TRUE,4K,SES264038,0,,,,,,,,,,,,,,,,,,,,,,,,,,,,,,,,,,,,,,,,,,,,,,,,,,,,,,,,,,,,,,,,,,,,,,,,,,,,,,,,,,,,,,,,,,,,,,,,,,,,,,,,,,,,,,,,,,,,,,,,,
EVT0003248,SUB00037,CNT00069,2024-01-18,14,Tablet,16,75-99%,FALSE,TRUE,TRUE,4K,SES806352,0,,,,,,,,,,,,,,,,,,,,,,,,,,,,,,,,,,,,,,,,,,,,,,,,,,,,,,,,,,,,,,,,,,,,,,,,,,,,,,,,,,,,,,,,,,,,,,,,,,,,,,,,,,,,,,,,,,,,,,,,,
EVT0003249,SUB00672,CNT00033,2024-03-20,10,Desktop,36,100%,TRUE,FALSE,TRUE,SD,SES136691,1,,,,,,,,,,,,,,,,,,,,,,,,,,,,,,,,,,,,,,,,,,,,,,,,,,,,,,,,,,,,,,,,,,,,,,,,,,,,,,,,,,,,,,,,,,,,,,,,,,,,,,,,,,,,,,,,,,,,,,,,,
EVT0003250,SUB00664,CNT00071,2024-01-28,8,Desktop,107,<25%,FALSE,FALSE,TRUE,4K,SES179226,0,,,,,,,,,,,,,,,,,,,,,,,,,,,,,,,,,,,,,,,,,,,,,,,,,,,,,,,,,,,,,,,,,,,,,,,,,,,,,,,,,,,,,,,,,,,,,,,,,,,,,,,,,,,,,,,,,,,,,,,,,
EVT0003251,SUB00487,CNT00033,2023-07-25,12,Mobile,111,100%,TRUE,TRUE,TRUE,HD,SES380093,1,,,,,,,,,,,,,,,,,,,,,,,,,,,,,,,,,,,,,,,,,,,,,,,,,,,,,,,,,,,,,,,,,,,,,,,,,,,,,,,,,,,,,,,,,,,,,,,,,,,,,,,,,,,,,,,,,,,,,,,,,
EVT0003252,SUB00343,CNT00003,2023-09-15,21,Desktop,93,100%,TRUE,TRUE,TRUE,HD,SES381903,1,,,,,,,,,,,,,,,,,,,,,,,,,,,,,,,,,,,,,,,,,,,,,,,,,,,,,,,,,,,,,,,,,,,,,,,,,,,,,,,,,,,,,,,,,,,,,,,,,,,,,,,,,,,,,,,,,,,,,,,,,
EVT0003253,SUB00092,CNT00078,2024-03-02,16,Smart TV,94,75-99%,FALSE,FALSE,TRUE,HD,SES258511,0,,,,,,,,,,,,,,,,,,,,,,,,,,,,,,,,,,,,,,,,,,,,,,,,,,,,,,,,,,,,,,,,,,,,,,,,,,,,,,,,,,,,,,,,,,,,,,,,,,,,,,,,,,,,,,,,,,,,,,,,,
EVT0003254,SUB00131,CNT00034,2023-05-25,20,Mobile,99,100%,TRUE,FALSE,FALSE,SD,SES102528,1,,,,,,,,,,,,,,,,,,,,,,,,,,,,,,,,,,,,,,,,,,,,,,,,,,,,,,,,,,,,,,,,,,,,,,,,,,,,,,,,,,,,,,,,,,,,,,,,,,,,,,,,,,,,,,,,,,,,,,,,,
EVT0003255,SUB00277,CNT00014,2023-04-20,20,Mobile,83,25-50%,FALSE,FALSE,FALSE,4K,SES145676,0,,,,,,,,,,,,,,,,,,,,,,,,,,,,,,,,,,,,,,,,,,,,,,,,,,,,,,,,,,,,,,,,,,,,,,,,,,,,,,,,,,,,,,,,,,,,,,,,,,,,,,,,,,,,,,,,,,,,,,,,,
EVT0003256,SUB00253,CNT00039,2023-09-15,9,Smart TV,119,100%,TRUE,FALSE,FALSE,SD,SES611215,1,,,,,,,,,,,,,,,,,,,,,,,,,,,,,,,,,,,,,,,,,,,,,,,,,,,,,,,,,,,,,,,,,,,,,,,,,,,,,,,,,,,,,,,,,,,,,,,,,,,,,,,,,,,,,,,,,,,,,,,,,
EVT0003257,SUB00009,CNT00067,2023-09-13,16,Roku,74,100%,TRUE,FALSE,FALSE,SD,SES445715,1,,,,,,,,,,,,,,,,,,,,,,,,,,,,,,,,,,,,,,,,,,,,,,,,,,,,,,,,,,,,,,,,,,,,,,,,,,,,,,,,,,,,,,,,,,,,,,,,,,,,,,,,,,,,,,,,,,,,,,,,,
EVT0003258,SUB00043,CNT00035,2024-06-04,12,Tablet,96,<25%,FALSE,TRUE,TRUE,SD,SES679722,0,,,,,,,,,,,,,,,,,,,,,,,,,,,,,,,,,,,,,,,,,,,,,,,,,,,,,,,,,,,,,,,,,,,,,,,,,,,,,,,,,,,,,,,,,,,,,,,,,,,,,,,,,,,,,,,,,,,,,,,,,
EVT0003259,SUB00050,CNT00014,2023-04-26,22,Fire TV,110,50-75%,FALSE,FALSE,TRUE,HD,SES718973,0,,,,,,,,,,,,,,,,,,,,,,,,,,,,,,,,,,,,,,,,,,,,,,,,,,,,,,,,,,,,,,,,,,,,,,,,,,,,,,,,,,,,,,,,,,,,,,,,,,,,,,,,,,,,,,,,,,,,,,,,,
EVT0003260,SUB00650,CNT00017,2023-02-08,8,Mobile,57,100%,TRUE,FALSE,TRUE,HD,SES418201,1,,,,,,,,,,,,,,,,,,,,,,,,,,,,,,,,,,,,,,,,,,,,,,,,,,,,,,,,,,,,,,,,,,,,,,,,,,,,,,,,,,,,,,,,,,,,,,,,,,,,,,,,,,,,,,,,,,,,,,,,,
EVT0003261,SUB00023,CNT00082,2024-03-04,15,Desktop,62,<25%,FALSE,FALSE,TRUE,HD,SES630286,0,,,,,,,,,,,,,,,,,,,,,,,,,,,,,,,,,,,,,,,,,,,,,,,,,,,,,,,,,,,,,,,,,,,,,,,,,,,,,,,,,,,,,,,,,,,,,,,,,,,,,,,,,,,,,,,,,,,,,,,,,
EVT0003262,SUB00153,CNT00093,2023-04-28,22,Smart TV,55,100%,TRUE,TRUE,TRUE,HD,SES957993,1,,,,,,,,,,,,,,,,,,,,,,,,,,,,,,,,,,,,,,,,,,,,,,,,,,,,,,,,,,,,,,,,,,,,,,,,,,,,,,,,,,,,,,,,,,,,,,,,,,,,,,,,,,,,,,,,,,,,,,,,,
EVT0003263,SUB00637,CNT00072,2023-10-01,14,Roku,120,100%,TRUE,FALSE,FALSE,4K,SES727906,1,,,,,,,,,,,,,,,,,,,,,,,,,,,,,,,,,,,,,,,,,,,,,,,,,,,,,,,,,,,,,,,,,,,,,,,,,,,,,,,,,,,,,,,,,,,,,,,,,,,,,,,,,,,,,,,,,,,,,,,,,
EVT0003264,SUB00177,CNT00090,2023-03-18,6,Smart TV,33,100%,TRUE,TRUE,FALSE,4K,SES881280,1,,,,,,,,,,,,,,,,,,,,,,,,,,,,,,,,,,,,,,,,,,,,,,,,,,,,,,,,,,,,,,,,,,,,,,,,,,,,,,,,,,,,,,,,,,,,,,,,,,,,,,,,,,,,,,,,,,,,,,,,,
EVT0003265,SUB00379,CNT00088,2024-03-19,9,Desktop,55,75-99%,FALSE,FALSE,TRUE,HD,SES762404,0,,,,,,,,,,,,,,,,,,,,,,,,,,,,,,,,,,,,,,,,,,,,,,,,,,,,,,,,,,,,,,,,,,,,,,,,,,,,,,,,,,,,,,,,,,,,,,,,,,,,,,,,,,,,,,,,,,,,,,,,,
EVT0003266,SUB00217,CNT00071,2023-04-09,15,Smart TV,69,100%,TRUE,FALSE,FALSE,HD,SES404822,1,,,,,,,,,,,,,,,,,,,,,,,,,,,,,,,,,,,,,,,,,,,,,,,,,,,,,,,,,,,,,,,,,,,,,,,,,,,,,,,,,,,,,,,,,,,,,,,,,,,,,,,,,,,,,,,,,,,,,,,,,
EVT0003267,SUB00408,CNT00027,2023-04-13,10,Fire TV,95,75-99%,FALSE,FALSE,TRUE,HD,SES932891,0,,,,,,,,,,,,,,,,,,,,,,,,,,,,,,,,,,,,,,,,,,,,,,,,,,,,,,,,,,,,,,,,,,,,,,,,,,,,,,,,,,,,,,,,,,,,,,,,,,,,,,,,,,,,,,,,,,,,,,,,,
EVT0003268,SUB00131,CNT00003,2023-05-14,10,Tablet,119,75-99%,FALSE,FALSE,FALSE,HD,SES504276,0,,,,,,,,,,,,,,,,,,,,,,,,,,,,,,,,,,,,,,,,,,,,,,,,,,,,,,,,,,,,,,,,,,,,,,,,,,,,,,,,,,,,,,,,,,,,,,,,,,,,,,,,,,,,,,,,,,,,,,,,,
EVT0003269,SUB00097,CNT00053,2023-09-18,12,Fire TV,115,<25%,FALSE,FALSE,TRUE,4K,SES613810,0,,,,,,,,,,,,,,,,,,,,,,,,,,,,,,,,,,,,,,,,,,,,,,,,,,,,,,,,,,,,,,,,,,,,,,,,,,,,,,,,,,,,,,,,,,,,,,,,,,,,,,,,,,,,,,,,,,,,,,,,,
EVT0003270,SUB00329,CNT00016,2023-09-15,6,Fire TV,46,75-99%,FALSE,FALSE,TRUE,HD,SES357320,0,,,,,,,,,,,,,,,,,,,,,,,,,,,,,,,,,,,,,,,,,,,,,,,,,,,,,,,,,,,,,,,,,,,,,,,,,,,,,,,,,,,,,,,,,,,,,,,,,,,,,,,,,,,,,,,,,,,,,,,,,
EVT0003271,SUB00038,CNT00048,2023-11-16,14,Smart TV,91,50-75%,FALSE,FALSE,TRUE,HD,SES656165,0,,,,,,,,,,,,,,,,,,,,,,,,,,,,,,,,,,,,,,,,,,,,,,,,,,,,,,,,,,,,,,,,,,,,,,,,,,,,,,,,,,,,,,,,,,,,,,,,,,,,,,,,,,,,,,,,,,,,,,,,,
EVT0003272,SUB00579,CNT00066,2023-12-28,11,Mobile,60,25-50%,FALSE,FALSE,TRUE,4K,SES499392,0,,,,,,,,,,,,,,,,,,,,,,,,,,,,,,,,,,,,,,,,,,,,,,,,,,,,,,,,,,,,,,,,,,,,,,,,,,,,,,,,,,,,,,,,,,,,,,,,,,,,,,,,,,,,,,,,,,,,,,,,,
EVT0003273,SUB00183,CNT00072,2023-07-20,20,Desktop,93,100%,TRUE,TRUE,TRUE,HD,SES534443,1,,,,,,,,,,,,,,,,,,,,,,,,,,,,,,,,,,,,,,,,,,,,,,,,,,,,,,,,,,,,,,,,,,,,,,,,,,,,,,,,,,,,,,,,,,,,,,,,,,,,,,,,,,,,,,,,,,,,,,,,,
EVT0003274,SUB00085,CNT00061,2023-08-30,14,Mobile,73,50-75%,FALSE,TRUE,FALSE,HD,SES837901,0,,,,,,,,,,,,,,,,,,,,,,,,,,,,,,,,,,,,,,,,,,,,,,,,,,,,,,,,,,,,,,,,,,,,,,,,,,,,,,,,,,,,,,,,,,,,,,,,,,,,,,,,,,,,,,,,,,,,,,,,,
EVT0003275,SUB00348,CNT00061,2023-12-19,7,Smart TV,120,100%,TRUE,TRUE,FALSE,SD,SES192201,1,,,,,,,,,,,,,,,,,,,,,,,,,,,,,,,,,,,,,,,,,,,,,,,,,,,,,,,,,,,,,,,,,,,,,,,,,,,,,,,,,,,,,,,,,,,,,,,,,,,,,,,,,,,,,,,,,,,,,,,,,
EVT0003276,SUB00510,CNT00004,2024-04-10,15,Tablet,116,75-99%,FALSE,TRUE,TRUE,HD,SES792626,0,,,,,,,,,,,,,,,,,,,,,,,,,,,,,,,,,,,,,,,,,,,,,,,,,,,,,,,,,,,,,,,,,,,,,,,,,,,,,,,,,,,,,,,,,,,,,,,,,,,,,,,,,,,,,,,,,,,,,,,,,
EVT0003277,SUB00274,CNT00100,2023-10-21,12,Tablet,17,75-99%,FALSE,FALSE,TRUE,HD,SES751464,0,,,,,,,,,,,,,,,,,,,,,,,,,,,,,,,,,,,,,,,,,,,,,,,,,,,,,,,,,,,,,,,,,,,,,,,,,,,,,,,,,,,,,,,,,,,,,,,,,,,,,,,,,,,,,,,,,,,,,,,,,
EVT0003278,SUB00032,CNT00024,2023-03-16,9,Roku,60,100%,TRUE,FALSE,FALSE,HD,SES591425,1,,,,,,,,,,,,,,,,,,,,,,,,,,,,,,,,,,,,,,,,,,,,,,,,,,,,,,,,,,,,,,,,,,,,,,,,,,,,,,,,,,,,,,,,,,,,,,,,,,,,,,,,,,,,,,,,,,,,,,,,,
EVT0003279,SUB00435,CNT00063,2023-02-21,14,Desktop,66,100%,TRUE,FALSE,FALSE,HD,SES887643,1,,,,,,,,,,,,,,,,,,,,,,,,,,,,,,,,,,,,,,,,,,,,,,,,,,,,,,,,,,,,,,,,,,,,,,,,,,,,,,,,,,,,,,,,,,,,,,,,,,,,,,,,,,,,,,,,,,,,,,,,,
EVT0003280,SUB00100,CNT00006,2023-02-22,23,Smart TV,70,50-75%,FALSE,FALSE,TRUE,HD,SES987288,0,,,,,,,,,,,,,,,,,,,,,,,,,,,,,,,,,,,,,,,,,,,,,,,,,,,,,,,,,,,,,,,,,,,,,,,,,,,,,,,,,,,,,,,,,,,,,,,,,,,,,,,,,,,,,,,,,,,,,,,,,
EVT0003281,SUB00404,CNT00027,2023-06-27,20,Desktop,96,100%,TRUE,FALSE,FALSE,4K,SES775650,1,,,,,,,,,,,,,,,,,,,,,,,,,,,,,,,,,,,,,,,,,,,,,,,,,,,,,,,,,,,,,,,,,,,,,,,,,,,,,,,,,,,,,,,,,,,,,,,,,,,,,,,,,,,,,,,,,,,,,,,,,
EVT0003282,SUB00193,CNT00096,2023-08-16,10,Smart TV,46,100%,TRUE,TRUE,FALSE,HD,SES745886,1,,,,,,,,,,,,,,,,,,,,,,,,,,,,,,,,,,,,,,,,,,,,,,,,,,,,,,,,,,,,,,,,,,,,,,,,,,,,,,,,,,,,,,,,,,,,,,,,,,,,,,,,,,,,,,,,,,,,,,,,,
EVT0003283,SUB00138,CNT00042,2023-05-13,21,Desktop,62,100%,TRUE,TRUE,TRUE,HD,SES364507,1,,,,,,,,,,,,,,,,,,,,,,,,,,,,,,,,,,,,,,,,,,,,,,,,,,,,,,,,,,,,,,,,,,,,,,,,,,,,,,,,,,,,,,,,,,,,,,,,,,,,,,,,,,,,,,,,,,,,,,,,,
EVT0003284,SUB00457,CNT00007,2024-01-06,9,Fire TV,107,25-50%,FALSE,FALSE,FALSE,4K,SES295770,0,,,,,,,,,,,,,,,,,,,,,,,,,,,,,,,,,,,,,,,,,,,,,,,,,,,,,,,,,,,,,,,,,,,,,,,,,,,,,,,,,,,,,,,,,,,,,,,,,,,,,,,,,,,,,,,,,,,,,,,,,
EVT0003285,SUB00103,CNT00037,2023-04-06,19,Mobile,34,75-99%,FALSE,FALSE,TRUE,HD,SES657050,0,,,,,,,,,,,,,,,,,,,,,,,,,,,,,,,,,,,,,,,,,,,,,,,,,,,,,,,,,,,,,,,,,,,,,,,,,,,,,,,,,,,,,,,,,,,,,,,,,,,,,,,,,,,,,,,,,,,,,,,,,
EVT0003286,SUB00597,CNT00092,2023-08-24,21,Roku,111,100%,TRUE,FALSE,TRUE,HD,SES950746,1,,,,,,,,,,,,,,,,,,,,,,,,,,,,,,,,,,,,,,,,,,,,,,,,,,,,,,,,,,,,,,,,,,,,,,,,,,,,,,,,,,,,,,,,,,,,,,,,,,,,,,,,,,,,,,,,,,,,,,,,,
EVT0003287,SUB00684,CNT00040,2023-01-17,23,Smart TV,52,100%,TRUE,FALSE,FALSE,HD,SES426184,1,,,,,,,,,,,,,,,,,,,,,,,,,,,,,,,,,,,,,,,,,,,,,,,,,,,,,,,,,,,,,,,,,,,,,,,,,,,,,,,,,,,,,,,,,,,,,,,,,,,,,,,,,,,,,,,,,,,,,,,,,
EVT0003288,SUB00487,CNT00043,2024-04-02,13,Fire TV,80,100%,TRUE,TRUE,FALSE,4K,SES353070,1,,,,,,,,,,,,,,,,,,,,,,,,,,,,,,,,,,,,,,,,,,,,,,,,,,,,,,,,,,,,,,,,,,,,,,,,,,,,,,,,,,,,,,,,,,,,,,,,,,,,,,,,,,,,,,,,,,,,,,,,,
EVT0003289,SUB00661,CNT00020,2023-05-14,16,Tablet,57,100%,TRUE,TRUE,TRUE,HD,SES720812,1,,,,,,,,,,,,,,,,,,,,,,,,,,,,,,,,,,,,,,,,,,,,,,,,,,,,,,,,,,,,,,,,,,,,,,,,,,,,,,,,,,,,,,,,,,,,,,,,,,,,,,,,,,,,,,,,,,,,,,,,,
EVT0003290,SUB00422,CNT00057,2023-10-24,22,Fire TV,106,100%,TRUE,TRUE,FALSE,HD,SES641883,1,,,,,,,,,,,,,,,,,,,,,,,,,,,,,,,,,,,,,,,,,,,,,,,,,,,,,,,,,,,,,,,,,,,,,,,,,,,,,,,,,,,,,,,,,,,,,,,,,,,,,,,,,,,,,,,,,,,,,,,,,
EVT0003291,SUB00221,CNT00096,2024-03-20,13,Roku,46,100%,TRUE,FALSE,FALSE,4K,SES918170,1,,,,,,,,,,,,,,,,,,,,,,,,,,,,,,,,,,,,,,,,,,,,,,,,,,,,,,,,,,,,,,,,,,,,,,,,,,,,,,,,,,,,,,,,,,,,,,,,,,,,,,,,,,,,,,,,,,,,,,,,,
EVT0003292,SUB00600,CNT00015,2023-12-02,23,Tablet,100,25-50%,FALSE,FALSE,TRUE,HD,SES763284,0,,,,,,,,,,,,,,,,,,,,,,,,,,,,,,,,,,,,,,,,,,,,,,,,,,,,,,,,,,,,,,,,,,,,,,,,,,,,,,,,,,,,,,,,,,,,,,,,,,,,,,,,,,,,,,,,,,,,,,,,,
EVT0003293,SUB00646,CNT00037,2023-12-07,21,Desktop,78,75-99%,FALSE,FALSE,TRUE,HD,SES807457,0,,,,,,,,,,,,,,,,,,,,,,,,,,,,,,,,,,,,,,,,,,,,,,,,,,,,,,,,,,,,,,,,,,,,,,,,,,,,,,,,,,,,,,,,,,,,,,,,,,,,,,,,,,,,,,,,,,,,,,,,,
EVT0003294,SUB00518,CNT00075,2023-07-21,17,Tablet,103,75-99%,FALSE,FALSE,FALSE,HD,SES811947,0,,,,,,,,,,,,,,,,,,,,,,,,,,,,,,,,,,,,,,,,,,,,,,,,,,,,,,,,,,,,,,,,,,,,,,,,,,,,,,,,,,,,,,,,,,,,,,,,,,,,,,,,,,,,,,,,,,,,,,,,,
EVT0003295,SUB00584,CNT00056,2024-04-20,10,Smart TV,7,100%,TRUE,TRUE,FALSE,SD,SES124370,1,,,,,,,,,,,,,,,,,,,,,,,,,,,,,,,,,,,,,,,,,,,,,,,,,,,,,,,,,,,,,,,,,,,,,,,,,,,,,,,,,,,,,,,,,,,,,,,,,,,,,,,,,,,,,,,,,,,,,,,,,
EVT0003296,SUB00100,CNT00023,2023-01-31,19,Fire TV,58,75-99%,FALSE,FALSE,TRUE,HD,SES291055,0,,,,,,,,,,,,,,,,,,,,,,,,,,,,,,,,,,,,,,,,,,,,,,,,,,,,,,,,,,,,,,,,,,,,,,,,,,,,,,,,,,,,,,,,,,,,,,,,,,,,,,,,,,,,,,,,,,,,,,,,,
EVT0003297,SUB00088,CNT00002,2023-11-24,9,Tablet,115,100%,TRUE,FALSE,TRUE,HD,SES833253,1,,,,,,,,,,,,,,,,,,,,,,,,,,,,,,,,,,,,,,,,,,,,,,,,,,,,,,,,,,,,,,,,,,,,,,,,,,,,,,,,,,,,,,,,,,,,,,,,,,,,,,,,,,,,,,,,,,,,,,,,,
EVT0003298,SUB00456,CNT00034,2024-02-12,6,Mobile,96,100%,TRUE,FALSE,FALSE,4K,SES639853,1,,,,,,,,,,,,,,,,,,,,,,,,,,,,,,,,,,,,,,,,,,,,,,,,,,,,,,,,,,,,,,,,,,,,,,,,,,,,,,,,,,,,,,,,,,,,,,,,,,,,,,,,,,,,,,,,,,,,,,,,,
EVT0003299,SUB00188,CNT00010,2024-05-10,15,Fire TV,93,75-99%,FALSE,FALSE,TRUE,HD,SES466551,0,,,,,,,,,,,,,,,,,,,,,,,,,,,,,,,,,,,,,,,,,,,,,,,,,,,,,,,,,,,,,,,,,,,,,,,,,,,,,,,,,,,,,,,,,,,,,,,,,,,,,,,,,,,,,,,,,,,,,,,,,
EVT0003300,SUB00635,CNT00059,2023-05-12,7,Tablet,19,25-50%,FALSE,FALSE,TRUE,HD,SES587324,0,,,,,,,,,,,,,,,,,,,,,,,,,,,,,,,,,,,,,,,,,,,,,,,,,,,,,,,,,,,,,,,,,,,,,,,,,,,,,,,,,,,,,,,,,,,,,,,,,,,,,,,,,,,,,,,,,,,,,,,,,
EVT0003301,SUB00340,CNT00076,2023-06-09,14,Smart TV,102,50-75%,FALSE,TRUE,TRUE,HD,SES553005,0,,,,,,,,,,,,,,,,,,,,,,,,,,,,,,,,,,,,,,,,,,,,,,,,,,,,,,,,,,,,,,,,,,,,,,,,,,,,,,,,,,,,,,,,,,,,,,,,,,,,,,,,,,,,,,,,,,,,,,,,,
EVT0003302,SUB00383,CNT00088,2024-04-19,20,Smart TV,37,75-99%,FALSE,FALSE,TRUE,HD,SES937986,0,,,,,,,,,,,,,,,,,,,,,,,,,,,,,,,,,,,,,,,,,,,,,,,,,,,,,,,,,,,,,,,,,,,,,,,,,,,,,,,,,,,,,,,,,,,,,,,,,,,,,,,,,,,,,,,,,,,,,,,,,
EVT0003303,SUB00545,CNT00042,2023-12-09,8,Mobile,43,<25%,FALSE,FALSE,FALSE,HD,SES558860,0,,,,,,,,,,,,,,,,,,,,,,,,,,,,,,,,,,,,,,,,,,,,,,,,,,,,,,,,,,,,,,,,,,,,,,,,,,,,,,,,,,,,,,,,,,,,,,,,,,,,,,,,,,,,,,,,,,,,,,,,,
EVT0003304,SUB00263,CNT00049,2023-04-05,11,Roku,8,<25%,FALSE,FALSE,TRUE,HD,SES725297,0,,,,,,,,,,,,,,,,,,,,,,,,,,,,,,,,,,,,,,,,,,,,,,,,,,,,,,,,,,,,,,,,,,,,,,,,,,,,,,,,,,,,,,,,,,,,,,,,,,,,,,,,,,,,,,,,,,,,,,,,,
EVT0003305,SUB00493,CNT00051,2023-02-06,19,Roku,102,75-99%,FALSE,FALSE,FALSE,4K,SES597619,0,,,,,,,,,,,,,,,,,,,,,,,,,,,,,,,,,,,,,,,,,,,,,,,,,,,,,,,,,,,,,,,,,,,,,,,,,,,,,,,,,,,,,,,,,,,,,,,,,,,,,,,,,,,,,,,,,,,,,,,,,
EVT0003306,SUB00093,CNT00097,2023-06-05,15,Smart TV,52,100%,TRUE,FALSE,TRUE,HD,SES788320,1,,,,,,,,,,,,,,,,,,,,,,,,,,,,,,,,,,,,,,,,,,,,,,,,,,,,,,,,,,,,,,,,,,,,,,,,,,,,,,,,,,,,,,,,,,,,,,,,,,,,,,,,,,,,,,,,,,,,,,,,,
EVT0003307,SUB00052,CNT00041,2023-09-08,18,Roku,52,100%,TRUE,FALSE,TRUE,4K,SES441756,1,,,,,,,,,,,,,,,,,,,,,,,,,,,,,,,,,,,,,,,,,,,,,,,,,,,,,,,,,,,,,,,,,,,,,,,,,,,,,,,,,,,,,,,,,,,,,,,,,,,,,,,,,,,,,,,,,,,,,,,,,
EVT0003308,SUB00457,CNT00049,2024-06-28,16,Fire TV,6,75-99%,FALSE,FALSE,FALSE,SD,SES882361,0,,,,,,,,,,,,,,,,,,,,,,,,,,,,,,,,,,,,,,,,,,,,,,,,,,,,,,,,,,,,,,,,,,,,,,,,,,,,,,,,,,,,,,,,,,,,,,,,,,,,,,,,,,,,,,,,,,,,,,,,,
EVT0003309,SUB00678,CNT00067,2023-02-26,15,Desktop,112,100%,TRUE,FALSE,TRUE,HD,SES885555,1,,,,,,,,,,,,,,,,,,,,,,,,,,,,,,,,,,,,,,,,,,,,,,,,,,,,,,,,,,,,,,,,,,,,,,,,,,,,,,,,,,,,,,,,,,,,,,,,,,,,,,,,,,,,,,,,,,,,,,,,,
EVT0003310,SUB00188,CNT00012,2023-03-15,12,Fire TV,56,50-75%,FALSE,FALSE,TRUE,SD,SES908384,0,,,,,,,,,,,,,,,,,,,,,,,,,,,,,,,,,,,,,,,,,,,,,,,,,,,,,,,,,,,,,,,,,,,,,,,,,,,,,,,,,,,,,,,,,,,,,,,,,,,,,,,,,,,,,,,,,,,,,,,,,
EVT0003311,SUB00181,CNT00057,2024-02-09,15,Tablet,33,50-75%,FALSE,FALSE,TRUE,HD,SES433828,0,,,,,,,,,,,,,,,,,,,,,,,,,,,,,,,,,,,,,,,,,,,,,,,,,,,,,,,,,,,,,,,,,,,,,,,,,,,,,,,,,,,,,,,,,,,,,,,,,,,,,,,,,,,,,,,,,,,,,,,,,
EVT0003312,SUB00645,CNT00044,2023-03-07,18,Smart TV,7,75-99%,FALSE,TRUE,FALSE,HD,SES310608,0,,,,,,,,,,,,,,,,,,,,,,,,,,,,,,,,,,,,,,,,,,,,,,,,,,,,,,,,,,,,,,,,,,,,,,,,,,,,,,,,,,,,,,,,,,,,,,,,,,,,,,,,,,,,,,,,,,,,,,,,,
EVT0003313,SUB00149,CNT00016,2024-02-04,7,Tablet,91,100%,TRUE,TRUE,TRUE,4K,SES159230,1,,,,,,,,,,,,,,,,,,,,,,,,,,,,,,,,,,,,,,,,,,,,,,,,,,,,,,,,,,,,,,,,,,,,,,,,,,,,,,,,,,,,,,,,,,,,,,,,,,,,,,,,,,,,,,,,,,,,,,,,,
EVT0003314,SUB00523,CNT00095,2024-04-01,7,Tablet,112,100%,TRUE,FALSE,TRUE,SD,SES314414,1,,,,,,,,,,,,,,,,,,,,,,,,,,,,,,,,,,,,,,,,,,,,,,,,,,,,,,,,,,,,,,,,,,,,,,,,,,,,,,,,,,,,,,,,,,,,,,,,,,,,,,,,,,,,,,,,,,,,,,,,,
EVT0003315,SUB00201,CNT00089,2024-01-08,13,Roku,58,100%,TRUE,FALSE,TRUE,HD,SES759143,1,,,,,,,,,,,,,,,,,,,,,,,,,,,,,,,,,,,,,,,,,,,,,,,,,,,,,,,,,,,,,,,,,,,,,,,,,,,,,,,,,,,,,,,,,,,,,,,,,,,,,,,,,,,,,,,,,,,,,,,,,
EVT0003316,SUB00610,CNT00002,2023-06-17,21,Fire TV,12,75-99%,FALSE,FALSE,TRUE,4K,SES641934,0,,,,,,,,,,,,,,,,,,,,,,,,,,,,,,,,,,,,,,,,,,,,,,,,,,,,,,,,,,,,,,,,,,,,,,,,,,,,,,,,,,,,,,,,,,,,,,,,,,,,,,,,,,,,,,,,,,,,,,,,,
EVT0003317,SUB00486,CNT00022,2023-02-07,18,Roku,102,100%,TRUE,FALSE,TRUE,4K,SES406646,1,,,,,,,,,,,,,,,,,,,,,,,,,,,,,,,,,,,,,,,,,,,,,,,,,,,,,,,,,,,,,,,,,,,,,,,,,,,,,,,,,,,,,,,,,,,,,,,,,,,,,,,,,,,,,,,,,,,,,,,,,
EVT0003318,SUB00490,CNT00009,2023-07-07,12,Fire TV,110,100%,TRUE,TRUE,TRUE,HD,SES510092,1,,,,,,,,,,,,,,,,,,,,,,,,,,,,,,,,,,,,,,,,,,,,,,,,,,,,,,,,,,,,,,,,,,,,,,,,,,,,,,,,,,,,,,,,,,,,,,,,,,,,,,,,,,,,,,,,,,,,,,,,,
EVT0003319,SUB00586,CNT00002,2024-06-05,11,Mobile,36,75-99%,FALSE,FALSE,FALSE,HD,SES401074,0,,,,,,,,,,,,,,,,,,,,,,,,,,,,,,,,,,,,,,,,,,,,,,,,,,,,,,,,,,,,,,,,,,,,,,,,,,,,,,,,,,,,,,,,,,,,,,,,,,,,,,,,,,,,,,,,,,,,,,,,,
EVT0003320,SUB00369,CNT00011,2023-03-19,8,Roku,39,100%,TRUE,TRUE,FALSE,4K,SES166190,1,,,,,,,,,,,,,,,,,,,,,,,,,,,,,,,,,,,,,,,,,,,,,,,,,,,,,,,,,,,,,,,,,,,,,,,,,,,,,,,,,,,,,,,,,,,,,,,,,,,,,,,,,,,,,,,,,,,,,,,,,
EVT0003321,SUB00424,CNT00061,2023-12-28,17,Tablet,76,75-99%,FALSE,FALSE,TRUE,HD,SES330806,0,,,,,,,,,,,,,,,,,,,,,,,,,,,,,,,,,,,,,,,,,,,,,,,,,,,,,,,,,,,,,,,,,,,,,,,,,,,,,,,,,,,,,,,,,,,,,,,,,,,,,,,,,,,,,,,,,,,,,,,,,
EVT0003322,SUB00371,CNT00089,2024-01-13,23,Desktop,90,75-99%,FALSE,TRUE,TRUE,HD,SES106020,0,,,,,,,,,,,,,,,,,,,,,,,,,,,,,,,,,,,,,,,,,,,,,,,,,,,,,,,,,,,,,,,,,,,,,,,,,,,,,,,,,,,,,,,,,,,,,,,,,,,,,,,,,,,,,,,,,,,,,,,,,
EVT0003323,SUB00152,CNT00092,2023-06-04,13,Smart TV,50,25-50%,FALSE,TRUE,FALSE,HD,SES652762,0,,,,,,,,,,,,,,,,,,,,,,,,,,,,,,,,,,,,,,,,,,,,,,,,,,,,,,,,,,,,,,,,,,,,,,,,,,,,,,,,,,,,,,,,,,,,,,,,,,,,,,,,,,,,,,,,,,,,,,,,,
EVT0003324,SUB00107,CNT00051,2024-05-24,19,Tablet,67,75-99%,FALSE,TRUE,TRUE,HD,SES796452,0,,,,,,,,,,,,,,,,,,,,,,,,,,,,,,,,,,,,,,,,,,,,,,,,,,,,,,,,,,,,,,,,,,,,,,,,,,,,,,,,,,,,,,,,,,,,,,,,,,,,,,,,,,,,,,,,,,,,,,,,,
EVT0003325,SUB00511,CNT00030,2023-11-14,16,Mobile,63,100%,TRUE,FALSE,TRUE,HD,SES357309,1,,,,,,,,,,,,,,,,,,,,,,,,,,,,,,,,,,,,,,,,,,,,,,,,,,,,,,,,,,,,,,,,,,,,,,,,,,,,,,,,,,,,,,,,,,,,,,,,,,,,,,,,,,,,,,,,,,,,,,,,,
EVT0003326,SUB00011,CNT00016,2023-04-16,17,Fire TV,92,100%,TRUE,TRUE,FALSE,HD,SES151503,1,,,,,,,,,,,,,,,,,,,,,,,,,,,,,,,,,,,,,,,,,,,,,,,,,,,,,,,,,,,,,,,,,,,,,,,,,,,,,,,,,,,,,,,,,,,,,,,,,,,,,,,,,,,,,,,,,,,,,,,,,
EVT0003327,SUB00324,CNT00040,2024-05-06,17,Mobile,100,100%,TRUE,FALSE,TRUE,HD,SES216511,1,,,,,,,,,,,,,,,,,,,,,,,,,,,,,,,,,,,,,,,,,,,,,,,,,,,,,,,,,,,,,,,,,,,,,,,,,,,,,,,,,,,,,,,,,,,,,,,,,,,,,,,,,,,,,,,,,,,,,,,,,
EVT0003328,SUB00328,CNT00014,2023-01-13,23,Fire TV,110,<25%,FALSE,FALSE,TRUE,HD,SES615713,0,,,,,,,,,,,,,,,,,,,,,,,,,,,,,,,,,,,,,,,,,,,,,,,,,,,,,,,,,,,,,,,,,,,,,,,,,,,,,,,,,,,,,,,,,,,,,,,,,,,,,,,,,,,,,,,,,,,,,,,,,
EVT0003329,SUB00260,CNT00011,2023-09-24,20,Roku,108,100%,TRUE,FALSE,FALSE,HD,SES495237,1,,,,,,,,,,,,,,,,,,,,,,,,,,,,,,,,,,,,,,,,,,,,,,,,,,,,,,,,,,,,,,,,,,,,,,,,,,,,,,,,,,,,,,,,,,,,,,,,,,,,,,,,,,,,,,,,,,,,,,,,,
EVT0003330,SUB00394,CNT00038,2023-07-18,16,Smart TV,33,75-99%,FALSE,TRUE,TRUE,HD,SES564189,0,,,,,,,,,,,,,,,,,,,,,,,,,,,,,,,,,,,,,,,,,,,,,,,,,,,,,,,,,,,,,,,,,,,,,,,,,,,,,,,,,,,,,,,,,,,,,,,,,,,,,,,,,,,,,,,,,,,,,,,,,
EVT0003331,SUB00588,CNT00030,2023-10-11,21,Roku,119,25-50%,FALSE,TRUE,TRUE,HD,SES278539,0,,,,,,,,,,,,,,,,,,,,,,,,,,,,,,,,,,,,,,,,,,,,,,,,,,,,,,,,,,,,,,,,,,,,,,,,,,,,,,,,,,,,,,,,,,,,,,,,,,,,,,,,,,,,,,,,,,,,,,,,,
EVT0003332,SUB00118,CNT00010,2024-05-29,11,Smart TV,67,50-75%,FALSE,FALSE,TRUE,HD,SES769848,0,,,,,,,,,,,,,,,,,,,,,,,,,,,,,,,,,,,,,,,,,,,,,,,,,,,,,,,,,,,,,,,,,,,,,,,,,,,,,,,,,,,,,,,,,,,,,,,,,,,,,,,,,,,,,,,,,,,,,,,,,
EVT0003333,SUB00251,CNT00033,2024-05-25,11,Mobile,81,<25%,FALSE,FALSE,TRUE,4K,SES764162,0,,,,,,,,,,,,,,,,,,,,,,,,,,,,,,,,,,,,,,,,,,,,,,,,,,,,,,,,,,,,,,,,,,,,,,,,,,,,,,,,,,,,,,,,,,,,,,,,,,,,,,,,,,,,,,,,,,,,,,,,,
EVT0003334,SUB00259,CNT00097,2023-01-04,21,Fire TV,77,75-99%,FALSE,FALSE,TRUE,HD,SES179728,0,,,,,,,,,,,,,,,,,,,,,,,,,,,,,,,,,,,,,,,,,,,,,,,,,,,,,,,,,,,,,,,,,,,,,,,,,,,,,,,,,,,,,,,,,,,,,,,,,,,,,,,,,,,,,,,,,,,,,,,,,
EVT0003335,SUB00364,CNT00063,2023-10-04,19,Desktop,7,75-99%,FALSE,FALSE,FALSE,4K,SES708803,0,,,,,,,,,,,,,,,,,,,,,,,,,,,,,,,,,,,,,,,,,,,,,,,,,,,,,,,,,,,,,,,,,,,,,,,,,,,,,,,,,,,,,,,,,,,,,,,,,,,,,,,,,,,,,,,,,,,,,,,,,
EVT0003336,SUB00622,CNT00057,2023-04-28,21,Fire TV,34,100%,TRUE,FALSE,TRUE,4K,SES314943,1,,,,,,,,,,,,,,,,,,,,,,,,,,,,,,,,,,,,,,,,,,,,,,,,,,,,,,,,,,,,,,,,,,,,,,,,,,,,,,,,,,,,,,,,,,,,,,,,,,,,,,,,,,,,,,,,,,,,,,,,,
EVT0003337,SUB00662,CNT00045,2024-03-27,15,Roku,100,75-99%,FALSE,FALSE,FALSE,4K,SES786376,0,,,,,,,,,,,,,,,,,,,,,,,,,,,,,,,,,,,,,,,,,,,,,,,,,,,,,,,,,,,,,,,,,,,,,,,,,,,,,,,,,,,,,,,,,,,,,,,,,,,,,,,,,,,,,,,,,,,,,,,,,
EVT0003338,SUB00464,CNT00018,2024-01-06,23,Tablet,38,100%,TRUE,FALSE,FALSE,HD,SES509262,1,,,,,,,,,,,,,,,,,,,,,,,,,,,,,,,,,,,,,,,,,,,,,,,,,,,,,,,,,,,,,,,,,,,,,,,,,,,,,,,,,,,,,,,,,,,,,,,,,,,,,,,,,,,,,,,,,,,,,,,,,
EVT0003339,SUB00446,CNT00097,2023-03-08,16,Desktop,37,50-75%,FALSE,FALSE,TRUE,HD,SES391155,0,,,,,,,,,,,,,,,,,,,,,,,,,,,,,,,,,,,,,,,,,,,,,,,,,,,,,,,,,,,,,,,,,,,,,,,,,,,,,,,,,,,,,,,,,,,,,,,,,,,,,,,,,,,,,,,,,,,,,,,,,
EVT0003340,SUB00450,CNT00011,2023-08-31,22,Tablet,70,25-50%,FALSE,FALSE,TRUE,4K,SES502116,0,,,,,,,,,,,,,,,,,,,,,,,,,,,,,,,,,,,,,,,,,,,,,,,,,,,,,,,,,,,,,,,,,,,,,,,,,,,,,,,,,,,,,,,,,,,,,,,,,,,,,,,,,,,,,,,,,,,,,,,,,
EVT0003341,SUB00636,CNT00028,2023-03-16,21,Roku,116,50-75%,FALSE,FALSE,FALSE,HD,SES232993,0,,,,,,,,,,,,,,,,,,,,,,,,,,,,,,,,,,,,,,,,,,,,,,,,,,,,,,,,,,,,,,,,,,,,,,,,,,,,,,,,,,,,,,,,,,,,,,,,,,,,,,,,,,,,,,,,,,,,,,,,,
EVT0003342,SUB00609,CNT00084,2023-07-11,7,Tablet,80,<25%,FALSE,TRUE,TRUE,4K,SES467714,0,,,,,,,,,,,,,,,,,,,,,,,,,,,,,,,,,,,,,,,,,,,,,,,,,,,,,,,,,,,,,,,,,,,,,,,,,,,,,,,,,,,,,,,,,,,,,,,,,,,,,,,,,,,,,,,,,,,,,,,,,
EVT0003343,SUB00449,CNT00033,2023-04-27,15,Mobile,46,100%,TRUE,FALSE,FALSE,SD,SES699421,1,,,,,,,,,,,,,,,,,,,,,,,,,,,,,,,,,,,,,,,,,,,,,,,,,,,,,,,,,,,,,,,,,,,,,,,,,,,,,,,,,,,,,,,,,,,,,,,,,,,,,,,,,,,,,,,,,,,,,,,,,
EVT0003344,SUB00284,CNT00001,2023-08-18,10,Fire TV,99,50-75%,FALSE,FALSE,TRUE,HD,SES297597,0,,,,,,,,,,,,,,,,,,,,,,,,,,,,,,,,,,,,,,,,,,,,,,,,,,,,,,,,,,,,,,,,,,,,,,,,,,,,,,,,,,,,,,,,,,,,,,,,,,,,,,,,,,,,,,,,,,,,,,,,,
EVT0003345,SUB00253,CNT00008,2023-08-28,19,Tablet,35,100%,TRUE,TRUE,TRUE,HD,SES848348,1,,,,,,,,,,,,,,,,,,,,,,,,,,,,,,,,,,,,,,,,,,,,,,,,,,,,,,,,,,,,,,,,,,,,,,,,,,,,,,,,,,,,,,,,,,,,,,,,,,,,,,,,,,,,,,,,,,,,,,,,,
EVT0003346,SUB00628,CNT00041,2024-01-13,23,Mobile,78,100%,TRUE,FALSE,TRUE,HD,SES294934,1,,,,,,,,,,,,,,,,,,,,,,,,,,,,,,,,,,,,,,,,,,,,,,,,,,,,,,,,,,,,,,,,,,,,,,,,,,,,,,,,,,,,,,,,,,,,,,,,,,,,,,,,,,,,,,,,,,,,,,,,,
EVT0003347,SUB00609,CNT00001,2023-05-03,23,Desktop,102,75-99%,FALSE,FALSE,TRUE,HD,SES628741,0,,,,,,,,,,,,,,,,,,,,,,,,,,,,,,,,,,,,,,,,,,,,,,,,,,,,,,,,,,,,,,,,,,,,,,,,,,,,,,,,,,,,,,,,,,,,,,,,,,,,,,,,,,,,,,,,,,,,,,,,,
EVT0003348,SUB00488,CNT00060,2023-05-30,19,Smart TV,11,100%,TRUE,FALSE,TRUE,HD,SES330154,1,,,,,,,,,,,,,,,,,,,,,,,,,,,,,,,,,,,,,,,,,,,,,,,,,,,,,,,,,,,,,,,,,,,,,,,,,,,,,,,,,,,,,,,,,,,,,,,,,,,,,,,,,,,,,,,,,,,,,,,,,
EVT0003349,SUB00254,CNT00050,2024-06-11,21,Fire TV,77,75-99%,FALSE,FALSE,FALSE,4K,SES451248,0,,,,,,,,,,,,,,,,,,,,,,,,,,,,,,,,,,,,,,,,,,,,,,,,,,,,,,,,,,,,,,,,,,,,,,,,,,,,,,,,,,,,,,,,,,,,,,,,,,,,,,,,,,,,,,,,,,,,,,,,,
EVT0003350,SUB00057,CNT00038,2023-01-12,17,Fire TV,10,50-75%,FALSE,FALSE,FALSE,HD,SES729776,0,,,,,,,,,,,,,,,,,,,,,,,,,,,,,,,,,,,,,,,,,,,,,,,,,,,,,,,,,,,,,,,,,,,,,,,,,,,,,,,,,,,,,,,,,,,,,,,,,,,,,,,,,,,,,,,,,,,,,,,,,
EVT0003351,SUB00161,CNT00094,2024-02-14,6,Fire TV,15,100%,TRUE,TRUE,TRUE,HD,SES342559,1,,,,,,,,,,,,,,,,,,,,,,,,,,,,,,,,,,,,,,,,,,,,,,,,,,,,,,,,,,,,,,,,,,,,,,,,,,,,,,,,,,,,,,,,,,,,,,,,,,,,,,,,,,,,,,,,,,,,,,,,,
EVT0003352,SUB00152,CNT00019,2023-07-06,11,Tablet,42,75-99%,FALSE,FALSE,TRUE,SD,SES448721,0,,,,,,,,,,,,,,,,,,,,,,,,,,,,,,,,,,,,,,,,,,,,,,,,,,,,,,,,,,,,,,,,,,,,,,,,,,,,,,,,,,,,,,,,,,,,,,,,,,,,,,,,,,,,,,,,,,,,,,,,,
EVT0003353,SUB00687,CNT00049,2023-11-08,9,Mobile,63,75-99%,FALSE,FALSE,TRUE,HD,SES712424,0,,,,,,,,,,,,,,,,,,,,,,,,,,,,,,,,,,,,,,,,,,,,,,,,,,,,,,,,,,,,,,,,,,,,,,,,,,,,,,,,,,,,,,,,,,,,,,,,,,,,,,,,,,,,,,,,,,,,,,,,,
EVT0003354,SUB00169,CNT00075,2024-03-28,8,Fire TV,117,50-75%,FALSE,FALSE,FALSE,HD,SES803170,0,,,,,,,,,,,,,,,,,,,,,,,,,,,,,,,,,,,,,,,,,,,,,,,,,,,,,,,,,,,,,,,,,,,,,,,,,,,,,,,,,,,,,,,,,,,,,,,,,,,,,,,,,,,,,,,,,,,,,,,,,
EVT0003355,SUB00519,CNT00039,2023-02-05,16,Fire TV,45,<25%,FALSE,TRUE,FALSE,HD,SES945586,0,,,,,,,,,,,,,,,,,,,,,,,,,,,,,,,,,,,,,,,,,,,,,,,,,,,,,,,,,,,,,,,,,,,,,,,,,,,,,,,,,,,,,,,,,,,,,,,,,,,,,,,,,,,,,,,,,,,,,,,,,
EVT0003356,SUB00374,CNT00072,2023-01-03,21,Smart TV,60,50-75%,FALSE,FALSE,TRUE,HD,SES488977,0,,,,,,,,,,,,,,,,,,,,,,,,,,,,,,,,,,,,,,,,,,,,,,,,,,,,,,,,,,,,,,,,,,,,,,,,,,,,,,,,,,,,,,,,,,,,,,,,,,,,,,,,,,,,,,,,,,,,,,,,,
EVT0003357,SUB00465,CNT00004,2023-02-04,12,Mobile,57,50-75%,FALSE,FALSE,TRUE,HD,SES290497,0,,,,,,,,,,,,,,,,,,,,,,,,,,,,,,,,,,,,,,,,,,,,,,,,,,,,,,,,,,,,,,,,,,,,,,,,,,,,,,,,,,,,,,,,,,,,,,,,,,,,,,,,,,,,,,,,,,,,,,,,,
EVT0003358,SUB00132,CNT00041,2023-03-08,13,Roku,62,75-99%,FALSE,TRUE,TRUE,HD,SES645986,0,,,,,,,,,,,,,,,,,,,,,,,,,,,,,,,,,,,,,,,,,,,,,,,,,,,,,,,,,,,,,,,,,,,,,,,,,,,,,,,,,,,,,,,,,,,,,,,,,,,,,,,,,,,,,,,,,,,,,,,,,
EVT0003359,SUB00230,CNT00072,2023-12-08,9,Tablet,97,100%,TRUE,FALSE,TRUE,4K,SES188574,1,,,,,,,,,,,,,,,,,,,,,,,,,,,,,,,,,,,,,,,,,,,,,,,,,,,,,,,,,,,,,,,,,,,,,,,,,,,,,,,,,,,,,,,,,,,,,,,,,,,,,,,,,,,,,,,,,,,,,,,,,
EVT0003360,SUB00485,CNT00026,2023-08-17,19,Fire TV,29,<25%,FALSE,FALSE,TRUE,HD,SES490048,0,,,,,,,,,,,,,,,,,,,,,,,,,,,,,,,,,,,,,,,,,,,,,,,,,,,,,,,,,,,,,,,,,,,,,,,,,,,,,,,,,,,,,,,,,,,,,,,,,,,,,,,,,,,,,,,,,,,,,,,,,
EVT0003361,SUB00221,CNT00096,2024-06-27,22,Smart TV,115,50-75%,FALSE,FALSE,FALSE,SD,SES543951,0,,,,,,,,,,,,,,,,,,,,,,,,,,,,,,,,,,,,,,,,,,,,,,,,,,,,,,,,,,,,,,,,,,,,,,,,,,,,,,,,,,,,,,,,,,,,,,,,,,,,,,,,,,,,,,,,,,,,,,,,,
EVT0003362,SUB00166,CNT00047,2024-03-29,19,Mobile,56,75-99%,FALSE,FALSE,TRUE,4K,SES466892,0,,,,,,,,,,,,,,,,,,,,,,,,,,,,,,,,,,,,,,,,,,,,,,,,,,,,,,,,,,,,,,,,,,,,,,,,,,,,,,,,,,,,,,,,,,,,,,,,,,,,,,,,,,,,,,,,,,,,,,,,,
EVT0003363,SUB00460,CNT00095,2023-12-31,16,Tablet,17,100%,TRUE,TRUE,TRUE,HD,SES604774,1,,,,,,,,,,,,,,,,,,,,,,,,,,,,,,,,,,,,,,,,,,,,,,,,,,,,,,,,,,,,,,,,,,,,,,,,,,,,,,,,,,,,,,,,,,,,,,,,,,,,,,,,,,,,,,,,,,,,,,,,,
EVT0003364,SUB00363,CNT00038,2023-05-14,16,Fire TV,110,<25%,FALSE,FALSE,FALSE,HD,SES873207,0,,,,,,,,,,,,,,,,,,,,,,,,,,,,,,,,,,,,,,,,,,,,,,,,,,,,,,,,,,,,,,,,,,,,,,,,,,,,,,,,,,,,,,,,,,,,,,,,,,,,,,,,,,,,,,,,,,,,,,,,,
EVT0003365,SUB00562,CNT00070,2024-05-29,16,Tablet,72,75-99%,FALSE,FALSE,TRUE,HD,SES459254,0,,,,,,,,,,,,,,,,,,,,,,,,,,,,,,,,,,,,,,,,,,,,,,,,,,,,,,,,,,,,,,,,,,,,,,,,,,,,,,,,,,,,,,,,,,,,,,,,,,,,,,,,,,,,,,,,,,,,,,,,,
EVT0003366,SUB00516,CNT00028,2024-05-11,10,Mobile,72,100%,TRUE,TRUE,TRUE,4K,SES219685,1,,,,,,,,,,,,,,,,,,,,,,,,,,,,,,,,,,,,,,,,,,,,,,,,,,,,,,,,,,,,,,,,,,,,,,,,,,,,,,,,,,,,,,,,,,,,,,,,,,,,,,,,,,,,,,,,,,,,,,,,,
EVT0003367,SUB00294,CNT00034,2023-01-17,15,Roku,36,100%,TRUE,TRUE,TRUE,HD,SES114446,1,,,,,,,,,,,,,,,,,,,,,,,,,,,,,,,,,,,,,,,,,,,,,,,,,,,,,,,,,,,,,,,,,,,,,,,,,,,,,,,,,,,,,,,,,,,,,,,,,,,,,,,,,,,,,,,,,,,,,,,,,
EVT0003368,SUB00688,CNT00084,2024-06-19,9,Mobile,48,100%,TRUE,FALSE,TRUE,HD,SES557940,1,,,,,,,,,,,,,,,,,,,,,,,,,,,,,,,,,,,,,,,,,,,,,,,,,,,,,,,,,,,,,,,,,,,,,,,,,,,,,,,,,,,,,,,,,,,,,,,,,,,,,,,,,,,,,,,,,,,,,,,,,
EVT0003369,SUB00237,CNT00003,2023-04-02,20,Fire TV,88,100%,TRUE,FALSE,TRUE,SD,SES143443,1,,,,,,,,,,,,,,,,,,,,,,,,,,,,,,,,,,,,,,,,,,,,,,,,,,,,,,,,,,,,,,,,,,,,,,,,,,,,,,,,,,,,,,,,,,,,,,,,,,,,,,,,,,,,,,,,,,,,,,,,,
EVT0003370,SUB00344,CNT00005,2023-11-16,23,Roku,22,100%,TRUE,TRUE,FALSE,HD,SES124226,1,,,,,,,,,,,,,,,,,,,,,,,,,,,,,,,,,,,,,,,,,,,,,,,,,,,,,,,,,,,,,,,,,,,,,,,,,,,,,,,,,,,,,,,,,,,,,,,,,,,,,,,,,,,,,,,,,,,,,,,,,
EVT0003371,SUB00585,CNT00005,2024-02-20,18,Tablet,82,100%,TRUE,FALSE,FALSE,HD,SES448162,1,,,,,,,,,,,,,,,,,,,,,,,,,,,,,,,,,,,,,,,,,,,,,,,,,,,,,,,,,,,,,,,,,,,,,,,,,,,,,,,,,,,,,,,,,,,,,,,,,,,,,,,,,,,,,,,,,,,,,,,,,
EVT0003372,SUB00665,CNT00079,2024-03-23,22,Mobile,91,100%,TRUE,TRUE,FALSE,HD,SES321423,1,,,,,,,,,,,,,,,,,,,,,,,,,,,,,,,,,,,,,,,,,,,,,,,,,,,,,,,,,,,,,,,,,,,,,,,,,,,,,,,,,,,,,,,,,,,,,,,,,,,,,,,,,,,,,,,,,,,,,,,,,
EVT0003373,SUB00414,CNT00019,2023-08-11,15,Tablet,46,100%,TRUE,FALSE,FALSE,SD,SES608049,1,,,,,,,,,,,,,,,,,,,,,,,,,,,,,,,,,,,,,,,,,,,,,,,,,,,,,,,,,,,,,,,,,,,,,,,,,,,,,,,,,,,,,,,,,,,,,,,,,,,,,,,,,,,,,,,,,,,,,,,,,
EVT0003374,SUB00537,CNT00031,2023-02-09,15,Fire TV,90,50-75%,FALSE,TRUE,TRUE,4K,SES778327,0,,,,,,,,,,,,,,,,,,,,,,,,,,,,,,,,,,,,,,,,,,,,,,,,,,,,,,,,,,,,,,,,,,,,,,,,,,,,,,,,,,,,,,,,,,,,,,,,,,,,,,,,,,,,,,,,,,,,,,,,,
EVT0003375,SUB00412,CNT00086,2024-02-21,7,Fire TV,9,100%,TRUE,FALSE,TRUE,HD,SES720440,1,,,,,,,,,,,,,,,,,,,,,,,,,,,,,,,,,,,,,,,,,,,,,,,,,,,,,,,,,,,,,,,,,,,,,,,,,,,,,,,,,,,,,,,,,,,,,,,,,,,,,,,,,,,,,,,,,,,,,,,,,
EVT0003376,SUB00280,CNT00093,2023-01-19,23,Fire TV,58,100%,TRUE,FALSE,FALSE,HD,SES983078,1,,,,,,,,,,,,,,,,,,,,,,,,,,,,,,,,,,,,,,,,,,,,,,,,,,,,,,,,,,,,,,,,,,,,,,,,,,,,,,,,,,,,,,,,,,,,,,,,,,,,,,,,,,,,,,,,,,,,,,,,,
EVT0003377,SUB00107,CNT00072,2023-11-20,20,Mobile,77,25-50%,FALSE,FALSE,FALSE,HD,SES320994,0,,,,,,,,,,,,,,,,,,,,,,,,,,,,,,,,,,,,,,,,,,,,,,,,,,,,,,,,,,,,,,,,,,,,,,,,,,,,,,,,,,,,,,,,,,,,,,,,,,,,,,,,,,,,,,,,,,,,,,,,,
EVT0003378,SUB00510,CNT00076,2023-03-17,9,Desktop,57,75-99%,FALSE,FALSE,FALSE,SD,SES333704,0,,,,,,,,,,,,,,,,,,,,,,,,,,,,,,,,,,,,,,,,,,,,,,,,,,,,,,,,,,,,,,,,,,,,,,,,,,,,,,,,,,,,,,,,,,,,,,,,,,,,,,,,,,,,,,,,,,,,,,,,,
EVT0003379,SUB00236,CNT00070,2023-01-19,9,Fire TV,28,50-75%,FALSE,FALSE,TRUE,4K,SES157303,0,,,,,,,,,,,,,,,,,,,,,,,,,,,,,,,,,,,,,,,,,,,,,,,,,,,,,,,,,,,,,,,,,,,,,,,,,,,,,,,,,,,,,,,,,,,,,,,,,,,,,,,,,,,,,,,,,,,,,,,,,
EVT0003380,SUB00391,CNT00029,2023-04-14,18,Smart TV,52,100%,TRUE,FALSE,TRUE,SD,SES262306,1,,,,,,,,,,,,,,,,,,,,,,,,,,,,,,,,,,,,,,,,,,,,,,,,,,,,,,,,,,,,,,,,,,,,,,,,,,,,,,,,,,,,,,,,,,,,,,,,,,,,,,,,,,,,,,,,,,,,,,,,,
EVT0003381,SUB00225,CNT00017,2023-12-24,22,Desktop,55,75-99%,FALSE,TRUE,TRUE,HD,SES471883,0,,,,,,,,,,,,,,,,,,,,,,,,,,,,,,,,,,,,,,,,,,,,,,,,,,,,,,,,,,,,,,,,,,,,,,,,,,,,,,,,,,,,,,,,,,,,,,,,,,,,,,,,,,,,,,,,,,,,,,,,,
EVT0003382,SUB00655,CNT00040,2024-05-25,17,Mobile,76,75-99%,FALSE,TRUE,FALSE,HD,SES779018,0,,,,,,,,,,,,,,,,,,,,,,,,,,,,,,,,,,,,,,,,,,,,,,,,,,,,,,,,,,,,,,,,,,,,,,,,,,,,,,,,,,,,,,,,,,,,,,,,,,,,,,,,,,,,,,,,,,,,,,,,,
EVT0003383,SUB00632,CNT00016,2024-06-01,13,Fire TV,33,75-99%,FALSE,TRUE,TRUE,HD,SES198616,0,,,,,,,,,,,,,,,,,,,,,,,,,,,,,,,,,,,,,,,,,,,,,,,,,,,,,,,,,,,,,,,,,,,,,,,,,,,,,,,,,,,,,,,,,,,,,,,,,,,,,,,,,,,,,,,,,,,,,,,,,
EVT0003384,SUB00038,CNT00023,2024-03-10,8,Tablet,111,75-99%,FALSE,FALSE,TRUE,SD,SES537667,0,,,,,,,,,,,,,,,,,,,,,,,,,,,,,,,,,,,,,,,,,,,,,,,,,,,,,,,,,,,,,,,,,,,,,,,,,,,,,,,,,,,,,,,,,,,,,,,,,,,,,,,,,,,,,,,,,,,,,,,,,
EVT0003385,SUB00038,CNT00034,2023-12-07,17,Smart TV,60,100%,TRUE,FALSE,TRUE,4K,SES815325,1,,,,,,,,,,,,,,,,,,,,,,,,,,,,,,,,,,,,,,,,,,,,,,,,,,,,,,,,,,,,,,,,,,,,,,,,,,,,,,,,,,,,,,,,,,,,,,,,,,,,,,,,,,,,,,,,,,,,,,,,,
EVT0003386,SUB00649,CNT00098,2024-05-27,15,Fire TV,52,100%,TRUE,FALSE,TRUE,HD,SES936933,1,,,,,,,,,,,,,,,,,,,,,,,,,,,,,,,,,,,,,,,,,,,,,,,,,,,,,,,,,,,,,,,,,,,,,,,,,,,,,,,,,,,,,,,,,,,,,,,,,,,,,,,,,,,,,,,,,,,,,,,,,
EVT0003387,SUB00225,CNT00060,2023-04-28,14,Roku,69,100%,TRUE,FALSE,TRUE,HD,SES121934,1,,,,,,,,,,,,,,,,,,,,,,,,,,,,,,,,,,,,,,,,,,,,,,,,,,,,,,,,,,,,,,,,,,,,,,,,,,,,,,,,,,,,,,,,,,,,,,,,,,,,,,,,,,,,,,,,,,,,,,,,,
EVT0003388,SUB00561,CNT00057,2023-07-13,18,Tablet,99,50-75%,FALSE,TRUE,TRUE,HD,SES956426,0,,,,,,,,,,,,,,,,,,,,,,,,,,,,,,,,,,,,,,,,,,,,,,,,,,,,,,,,,,,,,,,,,,,,,,,,,,,,,,,,,,,,,,,,,,,,,,,,,,,,,,,,,,,,,,,,,,,,,,,,,
EVT0003389,SUB00687,CNT00091,2024-05-01,15,Fire TV,91,100%,TRUE,TRUE,TRUE,HD,SES374233,1,,,,,,,,,,,,,,,,,,,,,,,,,,,,,,,,,,,,,,,,,,,,,,,,,,,,,,,,,,,,,,,,,,,,,,,,,,,,,,,,,,,,,,,,,,,,,,,,,,,,,,,,,,,,,,,,,,,,,,,,,
EVT0003390,SUB00004,CNT00056,2023-10-04,12,Tablet,29,100%,TRUE,FALSE,TRUE,4K,SES470379,1,,,,,,,,,,,,,,,,,,,,,,,,,,,,,,,,,,,,,,,,,,,,,,,,,,,,,,,,,,,,,,,,,,,,,,,,,,,,,,,,,,,,,,,,,,,,,,,,,,,,,,,,,,,,,,,,,,,,,,,,,
EVT0003391,SUB00395,CNT00023,2023-12-16,19,Fire TV,24,25-50%,FALSE,TRUE,TRUE,HD,SES368258,0,,,,,,,,,,,,,,,,,,,,,,,,,,,,,,,,,,,,,,,,,,,,,,,,,,,,,,,,,,,,,,,,,,,,,,,,,,,,,,,,,,,,,,,,,,,,,,,,,,,,,,,,,,,,,,,,,,,,,,,,,
EVT0003392,SUB00369,CNT00088,2023-05-06,17,Tablet,21,<25%,FALSE,FALSE,TRUE,HD,SES604619,0,,,,,,,,,,,,,,,,,,,,,,,,,,,,,,,,,,,,,,,,,,,,,,,,,,,,,,,,,,,,,,,,,,,,,,,,,,,,,,,,,,,,,,,,,,,,,,,,,,,,,,,,,,,,,,,,,,,,,,,,,
EVT0003393,SUB00007,CNT00098,2023-12-14,7,Roku,120,75-99%,FALSE,FALSE,FALSE,HD,SES280274,0,,,,,,,,,,,,,,,,,,,,,,,,,,,,,,,,,,,,,,,,,,,,,,,,,,,,,,,,,,,,,,,,,,,,,,,,,,,,,,,,,,,,,,,,,,,,,,,,,,,,,,,,,,,,,,,,,,,,,,,,,
EVT0003394,SUB00450,CNT00015,2023-01-14,12,Smart TV,44,25-50%,FALSE,TRUE,FALSE,HD,SES788468,0,,,,,,,,,,,,,,,,,,,,,,,,,,,,,,,,,,,,,,,,,,,,,,,,,,,,,,,,,,,,,,,,,,,,,,,,,,,,,,,,,,,,,,,,,,,,,,,,,,,,,,,,,,,,,,,,,,,,,,,,,
EVT0003395,SUB00501,CNT00014,2023-08-05,13,Smart TV,57,100%,TRUE,FALSE,TRUE,HD,SES359478,1,,,,,,,,,,,,,,,,,,,,,,,,,,,,,,,,,,,,,,,,,,,,,,,,,,,,,,,,,,,,,,,,,,,,,,,,,,,,,,,,,,,,,,,,,,,,,,,,,,,,,,,,,,,,,,,,,,,,,,,,,
EVT0003396,SUB00159,CNT00017,2023-09-07,19,Desktop,42,75-99%,FALSE,FALSE,FALSE,4K,SES631218,0,,,,,,,,,,,,,,,,,,,,,,,,,,,,,,,,,,,,,,,,,,,,,,,,,,,,,,,,,,,,,,,,,,,,,,,,,,,,,,,,,,,,,,,,,,,,,,,,,,,,,,,,,,,,,,,,,,,,,,,,,
EVT0003397,SUB00127,CNT00038,2024-06-04,23,Desktop,86,100%,TRUE,FALSE,TRUE,4K,SES711917,1,,,,,,,,,,,,,,,,,,,,,,,,,,,,,,,,,,,,,,,,,,,,,,,,,,,,,,,,,,,,,,,,,,,,,,,,,,,,,,,,,,,,,,,,,,,,,,,,,,,,,,,,,,,,,,,,,,,,,,,,,
EVT0003398,SUB00589,CNT00064,2023-06-04,8,Smart TV,58,100%,TRUE,FALSE,TRUE,HD,SES264608,1,,,,,,,,,,,,,,,,,,,,,,,,,,,,,,,,,,,,,,,,,,,,,,,,,,,,,,,,,,,,,,,,,,,,,,,,,,,,,,,,,,,,,,,,,,,,,,,,,,,,,,,,,,,,,,,,,,,,,,,,,
EVT0003399,SUB00419,CNT00091,2024-02-17,6,Fire TV,47,100%,TRUE,TRUE,TRUE,HD,SES560471,1,,,,,,,,,,,,,,,,,,,,,,,,,,,,,,,,,,,,,,,,,,,,,,,,,,,,,,,,,,,,,,,,,,,,,,,,,,,,,,,,,,,,,,,,,,,,,,,,,,,,,,,,,,,,,,,,,,,,,,,,,
EVT0003400,SUB00215,CNT00005,2024-05-28,18,Mobile,120,25-50%,FALSE,FALSE,FALSE,HD,SES212515,0,,,,,,,,,,,,,,,,,,,,,,,,,,,,,,,,,,,,,,,,,,,,,,,,,,,,,,,,,,,,,,,,,,,,,,,,,,,,,,,,,,,,,,,,,,,,,,,,,,,,,,,,,,,,,,,,,,,,,,,,,
EVT0003401,SUB00461,CNT00044,2024-05-10,7,Smart TV,75,50-75%,FALSE,FALSE,FALSE,HD,SES298612,0,,,,,,,,,,,,,,,,,,,,,,,,,,,,,,,,,,,,,,,,,,,,,,,,,,,,,,,,,,,,,,,,,,,,,,,,,,,,,,,,,,,,,,,,,,,,,,,,,,,,,,,,,,,,,,,,,,,,,,,,,
EVT0003402,SUB00105,CNT00086,2023-07-24,9,Roku,7,100%,TRUE,TRUE,TRUE,HD,SES393126,1,,,,,,,,,,,,,,,,,,,,,,,,,,,,,,,,,,,,,,,,,,,,,,,,,,,,,,,,,,,,,,,,,,,,,,,,,,,,,,,,,,,,,,,,,,,,,,,,,,,,,,,,,,,,,,,,,,,,,,,,,
EVT0003403,SUB00162,CNT00009,2023-01-12,9,Roku,33,75-99%,FALSE,FALSE,FALSE,HD,SES775755,0,,,,,,,,,,,,,,,,,,,,,,,,,,,,,,,,,,,,,,,,,,,,,,,,,,,,,,,,,,,,,,,,,,,,,,,,,,,,,,,,,,,,,,,,,,,,,,,,,,,,,,,,,,,,,,,,,,,,,,,,,
EVT0003404,SUB00199,CNT00041,2024-01-10,13,Roku,66,50-75%,FALSE,FALSE,TRUE,4K,SES608231,0,,,,,,,,,,,,,,,,,,,,,,,,,,,,,,,,,,,,,,,,,,,,,,,,,,,,,,,,,,,,,,,,,,,,,,,,,,,,,,,,,,,,,,,,,,,,,,,,,,,,,,,,,,,,,,,,,,,,,,,,,
EVT0003405,SUB00267,CNT00041,2023-09-09,8,Mobile,91,100%,TRUE,FALSE,TRUE,SD,SES624401,1,,,,,,,,,,,,,,,,,,,,,,,,,,,,,,,,,,,,,,,,,,,,,,,,,,,,,,,,,,,,,,,,,,,,,,,,,,,,,,,,,,,,,,,,,,,,,,,,,,,,,,,,,,,,,,,,,,,,,,,,,
EVT0003406,SUB00188,CNT00047,2024-03-06,15,Desktop,9,75-99%,FALSE,TRUE,TRUE,HD,SES949073,0,,,,,,,,,,,,,,,,,,,,,,,,,,,,,,,,,,,,,,,,,,,,,,,,,,,,,,,,,,,,,,,,,,,,,,,,,,,,,,,,,,,,,,,,,,,,,,,,,,,,,,,,,,,,,,,,,,,,,,,,,
EVT0003407,SUB00319,CNT00064,2023-05-27,10,Smart TV,48,100%,TRUE,TRUE,FALSE,HD,SES830134,1,,,,,,,,,,,,,,,,,,,,,,,,,,,,,,,,,,,,,,,,,,,,,,,,,,,,,,,,,,,,,,,,,,,,,,,,,,,,,,,,,,,,,,,,,,,,,,,,,,,,,,,,,,,,,,,,,,,,,,,,,
EVT0003408,SUB00437,CNT00013,2023-05-30,13,Tablet,10,100%,TRUE,FALSE,TRUE,SD,SES163276,1,,,,,,,,,,,,,,,,,,,,,,,,,,,,,,,,,,,,,,,,,,,,,,,,,,,,,,,,,,,,,,,,,,,,,,,,,,,,,,,,,,,,,,,,,,,,,,,,,,,,,,,,,,,,,,,,,,,,,,,,,
EVT0003409,SUB00297,CNT00039,2024-06-26,21,Fire TV,7,100%,TRUE,FALSE,TRUE,HD,SES648880,1,,,,,,,,,,,,,,,,,,,,,,,,,,,,,,,,,,,,,,,,,,,,,,,,,,,,,,,,,,,,,,,,,,,,,,,,,,,,,,,,,,,,,,,,,,,,,,,,,,,,,,,,,,,,,,,,,,,,,,,,,
EVT0003410,SUB00039,CNT00079,2023-03-07,17,Smart TV,116,75-99%,FALSE,FALSE,FALSE,HD,SES538723,0,,,,,,,,,,,,,,,,,,,,,,,,,,,,,,,,,,,,,,,,,,,,,,,,,,,,,,,,,,,,,,,,,,,,,,,,,,,,,,,,,,,,,,,,,,,,,,,,,,,,,,,,,,,,,,,,,,,,,,,,,
EVT0003411,SUB00051,CNT00028,2024-01-19,8,Desktop,76,75-99%,FALSE,FALSE,TRUE,SD,SES405041,0,,,,,,,,,,,,,,,,,,,,,,,,,,,,,,,,,,,,,,,,,,,,,,,,,,,,,,,,,,,,,,,,,,,,,,,,,,,,,,,,,,,,,,,,,,,,,,,,,,,,,,,,,,,,,,,,,,,,,,,,,
EVT0003412,SUB00454,CNT00061,2023-02-12,7,Roku,92,100%,TRUE,FALSE,TRUE,4K,SES891075,1,,,,,,,,,,,,,,,,,,,,,,,,,,,,,,,,,,,,,,,,,,,,,,,,,,,,,,,,,,,,,,,,,,,,,,,,,,,,,,,,,,,,,,,,,,,,,,,,,,,,,,,,,,,,,,,,,,,,,,,,,
EVT0003413,SUB00593,CNT00074,2023-07-22,10,Mobile,11,<25%,FALSE,FALSE,FALSE,HD,SES285684,0,,,,,,,,,,,,,,,,,,,,,,,,,,,,,,,,,,,,,,,,,,,,,,,,,,,,,,,,,,,,,,,,,,,,,,,,,,,,,,,,,,,,,,,,,,,,,,,,,,,,,,,,,,,,,,,,,,,,,,,,,
EVT0003414,SUB00041,CNT00081,2024-02-12,15,Desktop,41,25-50%,FALSE,FALSE,TRUE,HD,SES753998,0,,,,,,,,,,,,,,,,,,,,,,,,,,,,,,,,,,,,,,,,,,,,,,,,,,,,,,,,,,,,,,,,,,,,,,,,,,,,,,,,,,,,,,,,,,,,,,,,,,,,,,,,,,,,,,,,,,,,,,,,,
EVT0003415,SUB00548,CNT00079,2024-06-19,13,Smart TV,64,25-50%,FALSE,TRUE,FALSE,SD,SES446213,0,,,,,,,,,,,,,,,,,,,,,,,,,,,,,,,,,,,,,,,,,,,,,,,,,,,,,,,,,,,,,,,,,,,,,,,,,,,,,,,,,,,,,,,,,,,,,,,,,,,,,,,,,,,,,,,,,,,,,,,,,
EVT0003416,SUB00157,CNT00027,2023-06-28,20,Fire TV,91,25-50%,FALSE,TRUE,TRUE,4K,SES138978,0,,,,,,,,,,,,,,,,,,,,,,,,,,,,,,,,,,,,,,,,,,,,,,,,,,,,,,,,,,,,,,,,,,,,,,,,,,,,,,,,,,,,,,,,,,,,,,,,,,,,,,,,,,,,,,,,,,,,,,,,,
EVT0003417,SUB00304,CNT00087,2023-04-25,15,Desktop,103,50-75%,FALSE,FALSE,TRUE,HD,SES772015,0,,,,,,,,,,,,,,,,,,,,,,,,,,,,,,,,,,,,,,,,,,,,,,,,,,,,,,,,,,,,,,,,,,,,,,,,,,,,,,,,,,,,,,,,,,,,,,,,,,,,,,,,,,,,,,,,,,,,,,,,,
EVT0003418,SUB00519,CNT00040,2023-03-29,14,Desktop,74,75-99%,FALSE,TRUE,TRUE,HD,SES953531,0,,,,,,,,,,,,,,,,,,,,,,,,,,,,,,,,,,,,,,,,,,,,,,,,,,,,,,,,,,,,,,,,,,,,,,,,,,,,,,,,,,,,,,,,,,,,,,,,,,,,,,,,,,,,,,,,,,,,,,,,,
EVT0003419,SUB00277,CNT00028,2023-06-27,22,Smart TV,66,75-99%,FALSE,FALSE,TRUE,4K,SES779816,0,,,,,,,,,,,,,,,,,,,,,,,,,,,,,,,,,,,,,,,,,,,,,,,,,,,,,,,,,,,,,,,,,,,,,,,,,,,,,,,,,,,,,,,,,,,,,,,,,,,,,,,,,,,,,,,,,,,,,,,,,
EVT0003420,SUB00287,CNT00044,2023-01-18,23,Desktop,51,75-99%,FALSE,TRUE,TRUE,HD,SES883996,0,,,,,,,,,,,,,,,,,,,,,,,,,,,,,,,,,,,,,,,,,,,,,,,,,,,,,,,,,,,,,,,,,,,,,,,,,,,,,,,,,,,,,,,,,,,,,,,,,,,,,,,,,,,,,,,,,,,,,,,,,
EVT0003421,SUB00033,CNT00007,2024-04-20,9,Desktop,106,100%,TRUE,TRUE,TRUE,SD,SES932149,1,,,,,,,,,,,,,,,,,,,,,,,,,,,,,,,,,,,,,,,,,,,,,,,,,,,,,,,,,,,,,,,,,,,,,,,,,,,,,,,,,,,,,,,,,,,,,,,,,,,,,,,,,,,,,,,,,,,,,,,,,
EVT0003422,SUB00372,CNT00091,2023-08-21,15,Smart TV,31,75-99%,FALSE,TRUE,TRUE,4K,SES806037,0,,,,,,,,,,,,,,,,,,,,,,,,,,,,,,,,,,,,,,,,,,,,,,,,,,,,,,,,,,,,,,,,,,,,,,,,,,,,,,,,,,,,,,,,,,,,,,,,,,,,,,,,,,,,,,,,,,,,,,,,,
EVT0003423,SUB00595,CNT00003,2024-03-06,8,Tablet,56,25-50%,FALSE,TRUE,TRUE,HD,SES810072,0,,,,,,,,,,,,,,,,,,,,,,,,,,,,,,,,,,,,,,,,,,,,,,,,,,,,,,,,,,,,,,,,,,,,,,,,,,,,,,,,,,,,,,,,,,,,,,,,,,,,,,,,,,,,,,,,,,,,,,,,,
EVT0003424,SUB00214,CNT00034,2023-07-24,19,Smart TV,27,100%,TRUE,FALSE,TRUE,HD,SES317125,1,,,,,,,,,,,,,,,,,,,,,,,,,,,,,,,,,,,,,,,,,,,,,,,,,,,,,,,,,,,,,,,,,,,,,,,,,,,,,,,,,,,,,,,,,,,,,,,,,,,,,,,,,,,,,,,,,,,,,,,,,
EVT0003425,SUB00398,CNT00017,2023-03-21,18,Smart TV,34,100%,TRUE,TRUE,TRUE,SD,SES407059,1,,,,,,,,,,,,,,,,,,,,,,,,,,,,,,,,,,,,,,,,,,,,,,,,,,,,,,,,,,,,,,,,,,,,,,,,,,,,,,,,,,,,,,,,,,,,,,,,,,,,,,,,,,,,,,,,,,,,,,,,,
EVT0003426,SUB00563,CNT00025,2023-02-23,8,Desktop,15,25-50%,FALSE,FALSE,TRUE,SD,SES731311,0,,,,,,,,,,,,,,,,,,,,,,,,,,,,,,,,,,,,,,,,,,,,,,,,,,,,,,,,,,,,,,,,,,,,,,,,,,,,,,,,,,,,,,,,,,,,,,,,,,,,,,,,,,,,,,,,,,,,,,,,,
EVT0003427,SUB00325,CNT00095,2023-10-30,16,Mobile,82,50-75%,FALSE,FALSE,FALSE,HD,SES479562,0,,,,,,,,,,,,,,,,,,,,,,,,,,,,,,,,,,,,,,,,,,,,,,,,,,,,,,,,,,,,,,,,,,,,,,,,,,,,,,,,,,,,,,,,,,,,,,,,,,,,,,,,,,,,,,,,,,,,,,,,,
EVT0003428,SUB00568,CNT00005,2023-01-30,16,Desktop,103,<25%,FALSE,FALSE,TRUE,4K,SES264938,0,,,,,,,,,,,,,,,,,,,,,,,,,,,,,,,,,,,,,,,,,,,,,,,,,,,,,,,,,,,,,,,,,,,,,,,,,,,,,,,,,,,,,,,,,,,,,,,,,,,,,,,,,,,,,,,,,,,,,,,,,
EVT0003429,SUB00232,CNT00067,2024-03-03,19,Smart TV,51,<25%,FALSE,TRUE,TRUE,SD,SES351457,0,,,,,,,,,,,,,,,,,,,,,,,,,,,,,,,,,,,,,,,,,,,,,,,,,,,,,,,,,,,,,,,,,,,,,,,,,,,,,,,,,,,,,,,,,,,,,,,,,,,,,,,,,,,,,,,,,,,,,,,,,
EVT0003430,SUB00154,CNT00068,2023-01-29,18,Desktop,17,100%,TRUE,TRUE,TRUE,HD,SES442395,1,,,,,,,,,,,,,,,,,,,,,,,,,,,,,,,,,,,,,,,,,,,,,,,,,,,,,,,,,,,,,,,,,,,,,,,,,,,,,,,,,,,,,,,,,,,,,,,,,,,,,,,,,,,,,,,,,,,,,,,,,
EVT0003431,SUB00023,CNT00097,2024-03-09,12,Tablet,118,25-50%,FALSE,FALSE,TRUE,HD,SES401516,0,,,,,,,,,,,,,,,,,,,,,,,,,,,,,,,,,,,,,,,,,,,,,,,,,,,,,,,,,,,,,,,,,,,,,,,,,,,,,,,,,,,,,,,,,,,,,,,,,,,,,,,,,,,,,,,,,,,,,,,,,
EVT0003432,SUB00681,CNT00006,2023-03-25,8,Desktop,48,75-99%,FALSE,TRUE,TRUE,HD,SES848006,0,,,,,,,,,,,,,,,,,,,,,,,,,,,,,,,,,,,,,,,,,,,,,,,,,,,,,,,,,,,,,,,,,,,,,,,,,,,,,,,,,,,,,,,,,,,,,,,,,,,,,,,,,,,,,,,,,,,,,,,,,
EVT0003433,SUB00699,CNT00080,2024-05-22,21,Fire TV,106,100%,TRUE,FALSE,TRUE,HD,SES512892,1,,,,,,,,,,,,,,,,,,,,,,,,,,,,,,,,,,,,,,,,,,,,,,,,,,,,,,,,,,,,,,,,,,,,,,,,,,,,,,,,,,,,,,,,,,,,,,,,,,,,,,,,,,,,,,,,,,,,,,,,,
EVT0003434,SUB00324,CNT00067,2023-05-05,22,Roku,108,100%,TRUE,FALSE,TRUE,HD,SES955293,1,,,,,,,,,,,,,,,,,,,,,,,,,,,,,,,,,,,,,,,,,,,,,,,,,,,,,,,,,,,,,,,,,,,,,,,,,,,,,,,,,,,,,,,,,,,,,,,,,,,,,,,,,,,,,,,,,,,,,,,,,
EVT0003435,SUB00102,CNT00014,2023-09-13,9,Mobile,13,50-75%,FALSE,FALSE,TRUE,4K,SES221644,0,,,,,,,,,,,,,,,,,,,,,,,,,,,,,,,,,,,,,,,,,,,,,,,,,,,,,,,,,,,,,,,,,,,,,,,,,,,,,,,,,,,,,,,,,,,,,,,,,,,,,,,,,,,,,,,,,,,,,,,,,
EVT0003436,SUB00300,CNT00065,2023-06-10,17,Tablet,58,50-75%,FALSE,FALSE,TRUE,SD,SES805476,0,,,,,,,,,,,,,,,,,,,,,,,,,,,,,,,,,,,,,,,,,,,,,,,,,,,,,,,,,,,,,,,,,,,,,,,,,,,,,,,,,,,,,,,,,,,,,,,,,,,,,,,,,,,,,,,,,,,,,,,,,
EVT0003437,SUB00455,CNT00082,2023-07-28,14,Mobile,78,75-99%,FALSE,TRUE,FALSE,HD,SES521828,0,,,,,,,,,,,,,,,,,,,,,,,,,,,,,,,,,,,,,,,,,,,,,,,,,,,,,,,,,,,,,,,,,,,,,,,,,,,,,,,,,,,,,,,,,,,,,,,,,,,,,,,,,,,,,,,,,,,,,,,,,
EVT0003438,SUB00318,CNT00041,2023-11-25,23,Tablet,65,100%,TRUE,FALSE,TRUE,HD,SES366512,1,,,,,,,,,,,,,,,,,,,,,,,,,,,,,,,,,,,,,,,,,,,,,,,,,,,,,,,,,,,,,,,,,,,,,,,,,,,,,,,,,,,,,,,,,,,,,,,,,,,,,,,,,,,,,,,,,,,,,,,,,
EVT0003439,SUB00126,CNT00012,2023-01-08,18,Mobile,64,100%,TRUE,TRUE,TRUE,SD,SES316317,1,,,,,,,,,,,,,,,,,,,,,,,,,,,,,,,,,,,,,,,,,,,,,,,,,,,,,,,,,,,,,,,,,,,,,,,,,,,,,,,,,,,,,,,,,,,,,,,,,,,,,,,,,,,,,,,,,,,,,,,,,
EVT0003440,SUB00117,CNT00036,2023-02-07,23,Smart TV,114,75-99%,FALSE,TRUE,FALSE,HD,SES762139,0,,,,,,,,,,,,,,,,,,,,,,,,,,,,,,,,,,,,,,,,,,,,,,,,,,,,,,,,,,,,,,,,,,,,,,,,,,,,,,,,,,,,,,,,,,,,,,,,,,,,,,,,,,,,,,,,,,,,,,,,,
EVT0003441,SUB00466,CNT00026,2023-03-31,21,Roku,53,100%,TRUE,FALSE,TRUE,4K,SES112808,1,,,,,,,,,,,,,,,,,,,,,,,,,,,,,,,,,,,,,,,,,,,,,,,,,,,,,,,,,,,,,,,,,,,,,,,,,,,,,,,,,,,,,,,,,,,,,,,,,,,,,,,,,,,,,,,,,,,,,,,,,
EVT0003442,SUB00066,CNT00086,2023-02-01,16,Tablet,114,100%,TRUE,TRUE,TRUE,SD,SES844077,1,,,,,,,,,,,,,,,,,,,,,,,,,,,,,,,,,,,,,,,,,,,,,,,,,,,,,,,,,,,,,,,,,,,,,,,,,,,,,,,,,,,,,,,,,,,,,,,,,,,,,,,,,,,,,,,,,,,,,,,,,
EVT0003443,SUB00567,CNT00020,2024-03-24,8,Mobile,58,100%,TRUE,FALSE,TRUE,4K,SES899331,1,,,,,,,,,,,,,,,,,,,,,,,,,,,,,,,,,,,,,,,,,,,,,,,,,,,,,,,,,,,,,,,,,,,,,,,,,,,,,,,,,,,,,,,,,,,,,,,,,,,,,,,,,,,,,,,,,,,,,,,,,
EVT0003444,SUB00311,CNT00091,2023-06-26,8,Mobile,37,100%,TRUE,FALSE,TRUE,4K,SES790883,1,,,,,,,,,,,,,,,,,,,,,,,,,,,,,,,,,,,,,,,,,,,,,,,,,,,,,,,,,,,,,,,,,,,,,,,,,,,,,,,,,,,,,,,,,,,,,,,,,,,,,,,,,,,,,,,,,,,,,,,,,
EVT0003445,SUB00447,CNT00099,2024-02-10,10,Smart TV,34,100%,TRUE,TRUE,FALSE,HD,SES408126,1,,,,,,,,,,,,,,,,,,,,,,,,,,,,,,,,,,,,,,,,,,,,,,,,,,,,,,,,,,,,,,,,,,,,,,,,,,,,,,,,,,,,,,,,,,,,,,,,,,,,,,,,,,,,,,,,,,,,,,,,,
EVT0003446,SUB00076,CNT00055,2023-05-10,14,Desktop,12,100%,TRUE,TRUE,FALSE,HD,SES948244,1,,,,,,,,,,,,,,,,,,,,,,,,,,,,,,,,,,,,,,,,,,,,,,,,,,,,,,,,,,,,,,,,,,,,,,,,,,,,,,,,,,,,,,,,,,,,,,,,,,,,,,,,,,,,,,,,,,,,,,,,,
EVT0003447,SUB00101,CNT00044,2023-12-23,13,Tablet,93,100%,TRUE,FALSE,TRUE,4K,SES253996,1,,,,,,,,,,,,,,,,,,,,,,,,,,,,,,,,,,,,,,,,,,,,,,,,,,,,,,,,,,,,,,,,,,,,,,,,,,,,,,,,,,,,,,,,,,,,,,,,,,,,,,,,,,,,,,,,,,,,,,,,,
EVT0003448,SUB00508,CNT00052,2023-03-08,13,Mobile,60,50-75%,FALSE,FALSE,FALSE,4K,SES110013,0,,,,,,,,,,,,,,,,,,,,,,,,,,,,,,,,,,,,,,,,,,,,,,,,,,,,,,,,,,,,,,,,,,,,,,,,,,,,,,,,,,,,,,,,,,,,,,,,,,,,,,,,,,,,,,,,,,,,,,,,,
EVT0003449,SUB00035,CNT00083,2024-03-16,9,Mobile,93,100%,TRUE,TRUE,TRUE,SD,SES334635,1,,,,,,,,,,,,,,,,,,,,,,,,,,,,,,,,,,,,,,,,,,,,,,,,,,,,,,,,,,,,,,,,,,,,,,,,,,,,,,,,,,,,,,,,,,,,,,,,,,,,,,,,,,,,,,,,,,,,,,,,,
EVT0003450,SUB00657,CNT00031,2023-10-25,6,Desktop,74,100%,TRUE,FALSE,FALSE,SD,SES770013,1,,,,,,,,,,,,,,,,,,,,,,,,,,,,,,,,,,,,,,,,,,,,,,,,,,,,,,,,,,,,,,,,,,,,,,,,,,,,,,,,,,,,,,,,,,,,,,,,,,,,,,,,,,,,,,,,,,,,,,,,,
EVT0003451,SUB00549,CNT00088,2024-05-10,20,Fire TV,53,100%,TRUE,TRUE,TRUE,HD,SES939624,1,,,,,,,,,,,,,,,,,,,,,,,,,,,,,,,,,,,,,,,,,,,,,,,,,,,,,,,,,,,,,,,,,,,,,,,,,,,,,,,,,,,,,,,,,,,,,,,,,,,,,,,,,,,,,,,,,,,,,,,,,
EVT0003452,SUB00233,CNT00036,2024-06-23,16,Fire TV,114,25-50%,FALSE,FALSE,FALSE,4K,SES612180,0,,,,,,,,,,,,,,,,,,,,,,,,,,,,,,,,,,,,,,,,,,,,,,,,,,,,,,,,,,,,,,,,,,,,,,,,,,,,,,,,,,,,,,,,,,,,,,,,,,,,,,,,,,,,,,,,,,,,,,,,,
EVT0003453,SUB00511,CNT00030,2023-11-10,17,Fire TV,111,100%,TRUE,FALSE,FALSE,HD,SES360685,1,,,,,,,,,,,,,,,,,,,,,,,,,,,,,,,,,,,,,,,,,,,,,,,,,,,,,,,,,,,,,,,,,,,,,,,,,,,,,,,,,,,,,,,,,,,,,,,,,,,,,,,,,,,,,,,,,,,,,,,,,
EVT0003454,SUB00618,CNT00013,2024-03-18,22,Tablet,24,100%,TRUE,FALSE,TRUE,SD,SES798100,1,,,,,,,,,,,,,,,,,,,,,,,,,,,,,,,,,,,,,,,,,,,,,,,,,,,,,,,,,,,,,,,,,,,,,,,,,,,,,,,,,,,,,,,,,,,,,,,,,,,,,,,,,,,,,,,,,,,,,,,,,
EVT0003455,SUB00328,CNT00003,2024-05-10,12,Desktop,7,100%,TRUE,TRUE,FALSE,SD,SES643518,1,,,,,,,,,,,,,,,,,,,,,,,,,,,,,,,,,,,,,,,,,,,,,,,,,,,,,,,,,,,,,,,,,,,,,,,,,,,,,,,,,,,,,,,,,,,,,,,,,,,,,,,,,,,,,,,,,,,,,,,,,
EVT0003456,SUB00637,CNT00050,2023-12-02,14,Fire TV,7,100%,TRUE,FALSE,FALSE,4K,SES277368,1,,,,,,,,,,,,,,,,,,,,,,,,,,,,,,,,,,,,,,,,,,,,,,,,,,,,,,,,,,,,,,,,,,,,,,,,,,,,,,,,,,,,,,,,,,,,,,,,,,,,,,,,,,,,,,,,,,,,,,,,,
EVT0003457,SUB00336,CNT00085,2023-01-22,7,Roku,49,100%,TRUE,FALSE,FALSE,HD,SES626584,1,,,,,,,,,,,,,,,,,,,,,,,,,,,,,,,,,,,,,,,,,,,,,,,,,,,,,,,,,,,,,,,,,,,,,,,,,,,,,,,,,,,,,,,,,,,,,,,,,,,,,,,,,,,,,,,,,,,,,,,,,
EVT0003458,SUB00544,CNT00070,2023-03-11,18,Roku,11,25-50%,FALSE,FALSE,TRUE,HD,SES735021,0,,,,,,,,,,,,,,,,,,,,,,,,,,,,,,,,,,,,,,,,,,,,,,,,,,,,,,,,,,,,,,,,,,,,,,,,,,,,,,,,,,,,,,,,,,,,,,,,,,,,,,,,,,,,,,,,,,,,,,,,,
EVT0003459,SUB00295,CNT00075,2023-06-26,17,Tablet,9,<25%,FALSE,FALSE,FALSE,HD,SES286124,0,,,,,,,,,,,,,,,,,,,,,,,,,,,,,,,,,,,,,,,,,,,,,,,,,,,,,,,,,,,,,,,,,,,,,,,,,,,,,,,,,,,,,,,,,,,,,,,,,,,,,,,,,,,,,,,,,,,,,,,,,
EVT0003460,SUB00526,CNT00079,2024-05-14,23,Fire TV,100,<25%,FALSE,FALSE,TRUE,HD,SES626702,0,,,,,,,,,,,,,,,,,,,,,,,,,,,,,,,,,,,,,,,,,,,,,,,,,,,,,,,,,,,,,,,,,,,,,,,,,,,,,,,,,,,,,,,,,,,,,,,,,,,,,,,,,,,,,,,,,,,,,,,,,
EVT0003461,SUB00092,CNT00020,2023-07-26,9,Desktop,79,100%,TRUE,FALSE,FALSE,HD,SES681341,1,,,,,,,,,,,,,,,,,,,,,,,,,,,,,,,,,,,,,,,,,,,,,,,,,,,,,,,,,,,,,,,,,,,,,,,,,,,,,,,,,,,,,,,,,,,,,,,,,,,,,,,,,,,,,,,,,,,,,,,,,
EVT0003462,SUB00165,CNT00035,2023-06-02,18,Desktop,68,25-50%,FALSE,TRUE,TRUE,SD,SES964618,0,,,,,,,,,,,,,,,,,,,,,,,,,,,,,,,,,,,,,,,,,,,,,,,,,,,,,,,,,,,,,,,,,,,,,,,,,,,,,,,,,,,,,,,,,,,,,,,,,,,,,,,,,,,,,,,,,,,,,,,,,
EVT0003463,SUB00532,CNT00097,2023-08-08,9,Desktop,27,100%,TRUE,FALSE,TRUE,SD,SES373893,1,,,,,,,,,,,,,,,,,,,,,,,,,,,,,,,,,,,,,,,,,,,,,,,,,,,,,,,,,,,,,,,,,,,,,,,,,,,,,,,,,,,,,,,,,,,,,,,,,,,,,,,,,,,,,,,,,,,,,,,,,
EVT0003464,SUB00195,CNT00022,2023-04-05,21,Smart TV,23,75-99%,FALSE,TRUE,TRUE,HD,SES343818,0,,,,,,,,,,,,,,,,,,,,,,,,,,,,,,,,,,,,,,,,,,,,,,,,,,,,,,,,,,,,,,,,,,,,,,,,,,,,,,,,,,,,,,,,,,,,,,,,,,,,,,,,,,,,,,,,,,,,,,,,,
EVT0003465,SUB00261,CNT00085,2024-05-16,15,Fire TV,24,25-50%,FALSE,TRUE,FALSE,4K,SES294128,0,,,,,,,,,,,,,,,,,,,,,,,,,,,,,,,,,,,,,,,,,,,,,,,,,,,,,,,,,,,,,,,,,,,,,,,,,,,,,,,,,,,,,,,,,,,,,,,,,,,,,,,,,,,,,,,,,,,,,,,,,
EVT0003466,SUB00450,CNT00062,2023-02-05,17,Fire TV,70,50-75%,FALSE,FALSE,TRUE,HD,SES843345,0,,,,,,,,,,,,,,,,,,,,,,,,,,,,,,,,,,,,,,,,,,,,,,,,,,,,,,,,,,,,,,,,,,,,,,,,,,,,,,,,,,,,,,,,,,,,,,,,,,,,,,,,,,,,,,,,,,,,,,,,,
EVT0003467,SUB00147,CNT00090,2023-10-22,10,Fire TV,113,100%,TRUE,FALSE,TRUE,SD,SES903298,1,,,,,,,,,,,,,,,,,,,,,,,,,,,,,,,,,,,,,,,,,,,,,,,,,,,,,,,,,,,,,,,,,,,,,,,,,,,,,,,,,,,,,,,,,,,,,,,,,,,,,,,,,,,,,,,,,,,,,,,,,
EVT0003468,SUB00368,CNT00095,2024-01-08,21,Desktop,82,100%,TRUE,FALSE,FALSE,HD,SES514587,1,,,,,,,,,,,,,,,,,,,,,,,,,,,,,,,,,,,,,,,,,,,,,,,,,,,,,,,,,,,,,,,,,,,,,,,,,,,,,,,,,,,,,,,,,,,,,,,,,,,,,,,,,,,,,,,,,,,,,,,,,
EVT0003469,SUB00688,CNT00063,2023-10-30,17,Desktop,24,50-75%,FALSE,TRUE,FALSE,SD,SES542787,0,,,,,,,,,,,,,,,,,,,,,,,,,,,,,,,,,,,,,,,,,,,,,,,,,,,,,,,,,,,,,,,,,,,,,,,,,,,,,,,,,,,,,,,,,,,,,,,,,,,,,,,,,,,,,,,,,,,,,,,,,
EVT0003470,SUB00131,CNT00011,2023-03-15,9,Mobile,89,50-75%,FALSE,FALSE,TRUE,HD,SES787449,0,,,,,,,,,,,,,,,,,,,,,,,,,,,,,,,,,,,,,,,,,,,,,,,,,,,,,,,,,,,,,,,,,,,,,,,,,,,,,,,,,,,,,,,,,,,,,,,,,,,,,,,,,,,,,,,,,,,,,,,,,
EVT0003471,SUB00052,CNT00056,2023-08-01,17,Fire TV,10,50-75%,FALSE,TRUE,TRUE,HD,SES704789,0,,,,,,,,,,,,,,,,,,,,,,,,,,,,,,,,,,,,,,,,,,,,,,,,,,,,,,,,,,,,,,,,,,,,,,,,,,,,,,,,,,,,,,,,,,,,,,,,,,,,,,,,,,,,,,,,,,,,,,,,,
EVT0003472,SUB00538,CNT00037,2023-10-13,9,Smart TV,32,100%,TRUE,TRUE,FALSE,HD,SES290169,1,,,,,,,,,,,,,,,,,,,,,,,,,,,,,,,,,,,,,,,,,,,,,,,,,,,,,,,,,,,,,,,,,,,,,,,,,,,,,,,,,,,,,,,,,,,,,,,,,,,,,,,,,,,,,,,,,,,,,,,,,
EVT0003473,SUB00175,CNT00072,2023-08-22,13,Roku,101,75-99%,FALSE,FALSE,FALSE,HD,SES162111,0,,,,,,,,,,,,,,,,,,,,,,,,,,,,,,,,,,,,,,,,,,,,,,,,,,,,,,,,,,,,,,,,,,,,,,,,,,,,,,,,,,,,,,,,,,,,,,,,,,,,,,,,,,,,,,,,,,,,,,,,,
EVT0003474,SUB00213,CNT00014,2023-11-08,6,Roku,50,50-75%,FALSE,FALSE,TRUE,HD,SES315064,0,,,,,,,,,,,,,,,,,,,,,,,,,,,,,,,,,,,,,,,,,,,,,,,,,,,,,,,,,,,,,,,,,,,,,,,,,,,,,,,,,,,,,,,,,,,,,,,,,,,,,,,,,,,,,,,,,,,,,,,,,
EVT0003475,SUB00633,CNT00014,2024-05-06,9,Desktop,109,100%,TRUE,FALSE,FALSE,HD,SES247386,1,,,,,,,,,,,,,,,,,,,,,,,,,,,,,,,,,,,,,,,,,,,,,,,,,,,,,,,,,,,,,,,,,,,,,,,,,,,,,,,,,,,,,,,,,,,,,,,,,,,,,,,,,,,,,,,,,,,,,,,,,
EVT0003476,SUB00666,CNT00003,2024-01-20,12,Desktop,13,100%,TRUE,FALSE,TRUE,HD,SES343149,1,,,,,,,,,,,,,,,,,,,,,,,,,,,,,,,,,,,,,,,,,,,,,,,,,,,,,,,,,,,,,,,,,,,,,,,,,,,,,,,,,,,,,,,,,,,,,,,,,,,,,,,,,,,,,,,,,,,,,,,,,
EVT0003477,SUB00460,CNT00039,2023-03-18,23,Roku,105,50-75%,FALSE,TRUE,FALSE,SD,SES306928,0,,,,,,,,,,,,,,,,,,,,,,,,,,,,,,,,,,,,,,,,,,,,,,,,,,,,,,,,,,,,,,,,,,,,,,,,,,,,,,,,,,,,,,,,,,,,,,,,,,,,,,,,,,,,,,,,,,,,,,,,,
EVT0003478,SUB00654,CNT00073,2024-03-30,13,Roku,20,100%,TRUE,TRUE,TRUE,HD,SES567022,1,,,,,,,,,,,,,,,,,,,,,,,,,,,,,,,,,,,,,,,,,,,,,,,,,,,,,,,,,,,,,,,,,,,,,,,,,,,,,,,,,,,,,,,,,,,,,,,,,,,,,,,,,,,,,,,,,,,,,,,,,
EVT0003479,SUB00688,CNT00030,2023-03-04,15,Tablet,45,75-99%,FALSE,FALSE,TRUE,HD,SES997918,0,,,,,,,,,,,,,,,,,,,,,,,,,,,,,,,,,,,,,,,,,,,,,,,,,,,,,,,,,,,,,,,,,,,,,,,,,,,,,,,,,,,,,,,,,,,,,,,,,,,,,,,,,,,,,,,,,,,,,,,,,
EVT0003480,SUB00016,CNT00014,2024-05-14,16,Fire TV,69,100%,TRUE,FALSE,TRUE,HD,SES376615,1,,,,,,,,,,,,,,,,,,,,,,,,,,,,,,,,,,,,,,,,,,,,,,,,,,,,,,,,,,,,,,,,,,,,,,,,,,,,,,,,,,,,,,,,,,,,,,,,,,,,,,,,,,,,,,,,,,,,,,,,,
EVT0003481,SUB00684,CNT00058,2023-04-14,23,Smart TV,77,<25%,FALSE,FALSE,FALSE,HD,SES642611,0,,,,,,,,,,,,,,,,,,,,,,,,,,,,,,,,,,,,,,,,,,,,,,,,,,,,,,,,,,,,,,,,,,,,,,,,,,,,,,,,,,,,,,,,,,,,,,,,,,,,,,,,,,,,,,,,,,,,,,,,,
EVT0003482,SUB00060,CNT00018,2023-11-26,23,Tablet,67,100%,TRUE,FALSE,FALSE,HD,SES900867,1,,,,,,,,,,,,,,,,,,,,,,,,,,,,,,,,,,,,,,,,,,,,,,,,,,,,,,,,,,,,,,,,,,,,,,,,,,,,,,,,,,,,,,,,,,,,,,,,,,,,,,,,,,,,,,,,,,,,,,,,,
EVT0003483,SUB00349,CNT00095,2023-06-19,20,Mobile,52,75-99%,FALSE,FALSE,TRUE,SD,SES436726,0,,,,,,,,,,,,,,,,,,,,,,,,,,,,,,,,,,,,,,,,,,,,,,,,,,,,,,,,,,,,,,,,,,,,,,,,,,,,,,,,,,,,,,,,,,,,,,,,,,,,,,,,,,,,,,,,,,,,,,,,,
EVT0003484,SUB00222,CNT00058,2023-08-29,18,Desktop,58,100%,TRUE,FALSE,TRUE,SD,SES775945,1,,,,,,,,,,,,,,,,,,,,,,,,,,,,,,,,,,,,,,,,,,,,,,,,,,,,,,,,,,,,,,,,,,,,,,,,,,,,,,,,,,,,,,,,,,,,,,,,,,,,,,,,,,,,,,,,,,,,,,,,,
EVT0003485,SUB00219,CNT00030,2024-02-16,8,Fire TV,60,<25%,FALSE,FALSE,TRUE,SD,SES718956,0,,,,,,,,,,,,,,,,,,,,,,,,,,,,,,,,,,,,,,,,,,,,,,,,,,,,,,,,,,,,,,,,,,,,,,,,,,,,,,,,,,,,,,,,,,,,,,,,,,,,,,,,,,,,,,,,,,,,,,,,,
EVT0003486,SUB00346,CNT00004,2023-12-07,21,Smart TV,97,100%,TRUE,TRUE,TRUE,4K,SES818462,1,,,,,,,,,,,,,,,,,,,,,,,,,,,,,,,,,,,,,,,,,,,,,,,,,,,,,,,,,,,,,,,,,,,,,,,,,,,,,,,,,,,,,,,,,,,,,,,,,,,,,,,,,,,,,,,,,,,,,,,,,
EVT0003487,SUB00236,CNT00080,2023-02-28,20,Mobile,104,<25%,FALSE,TRUE,TRUE,HD,SES761677,0,,,,,,,,,,,,,,,,,,,,,,,,,,,,,,,,,,,,,,,,,,,,,,,,,,,,,,,,,,,,,,,,,,,,,,,,,,,,,,,,,,,,,,,,,,,,,,,,,,,,,,,,,,,,,,,,,,,,,,,,,
EVT0003488,SUB00029,CNT00069,2023-08-05,7,Mobile,41,100%,TRUE,FALSE,FALSE,HD,SES147273,1,,,,,,,,,,,,,,,,,,,,,,,,,,,,,,,,,,,,,,,,,,,,,,,,,,,,,,,,,,,,,,,,,,,,,,,,,,,,,,,,,,,,,,,,,,,,,,,,,,,,,,,,,,,,,,,,,,,,,,,,,
EVT0003489,SUB00148,CNT00051,2024-05-03,14,Desktop,93,25-50%,FALSE,FALSE,TRUE,4K,SES552564,0,,,,,,,,,,,,,,,,,,,,,,,,,,,,,,,,,,,,,,,,,,,,,,,,,,,,,,,,,,,,,,,,,,,,,,,,,,,,,,,,,,,,,,,,,,,,,,,,,,,,,,,,,,,,,,,,,,,,,,,,,
EVT0003490,SUB00490,CNT00046,2023-10-04,16,Mobile,103,100%,TRUE,FALSE,TRUE,HD,SES703490,1,,,,,,,,,,,,,,,,,,,,,,,,,,,,,,,,,,,,,,,,,,,,,,,,,,,,,,,,,,,,,,,,,,,,,,,,,,,,,,,,,,,,,,,,,,,,,,,,,,,,,,,,,,,,,,,,,,,,,,,,,
EVT0003491,SUB00344,CNT00029,2023-01-25,20,Roku,86,75-99%,FALSE,TRUE,TRUE,SD,SES954007,0,,,,,,,,,,,,,,,,,,,,,,,,,,,,,,,,,,,,,,,,,,,,,,,,,,,,,,,,,,,,,,,,,,,,,,,,,,,,,,,,,,,,,,,,,,,,,,,,,,,,,,,,,,,,,,,,,,,,,,,,,
EVT0003492,SUB00163,CNT00096,2024-04-06,17,Desktop,75,100%,TRUE,FALSE,FALSE,SD,SES988255,1,,,,,,,,,,,,,,,,,,,,,,,,,,,,,,,,,,,,,,,,,,,,,,,,,,,,,,,,,,,,,,,,,,,,,,,,,,,,,,,,,,,,,,,,,,,,,,,,,,,,,,,,,,,,,,,,,,,,,,,,,
EVT0003493,SUB00322,CNT00090,2023-08-28,23,Mobile,77,50-75%,FALSE,FALSE,TRUE,HD,SES939628,0,,,,,,,,,,,,,,,,,,,,,,,,,,,,,,,,,,,,,,,,,,,,,,,,,,,,,,,,,,,,,,,,,,,,,,,,,,,,,,,,,,,,,,,,,,,,,,,,,,,,,,,,,,,,,,,,,,,,,,,,,
EVT0003494,SUB00285,CNT00033,2023-09-27,20,Fire TV,94,100%,TRUE,FALSE,FALSE,SD,SES964416,1,,,,,,,,,,,,,,,,,,,,,,,,,,,,,,,,,,,,,,,,,,,,,,,,,,,,,,,,,,,,,,,,,,,,,,,,,,,,,,,,,,,,,,,,,,,,,,,,,,,,,,,,,,,,,,,,,,,,,,,,,
EVT0003495,SUB00270,CNT00066,2024-04-02,16,Tablet,12,<25%,FALSE,FALSE,TRUE,SD,SES487872,0,,,,,,,,,,,,,,,,,,,,,,,,,,,,,,,,,,,,,,,,,,,,,,,,,,,,,,,,,,,,,,,,,,,,,,,,,,,,,,,,,,,,,,,,,,,,,,,,,,,,,,,,,,,,,,,,,,,,,,,,,
EVT0003496,SUB00430,CNT00036,2023-11-30,11,Mobile,19,<25%,FALSE,FALSE,TRUE,HD,SES937699,0,,,,,,,,,,,,,,,,,,,,,,,,,,,,,,,,,,,,,,,,,,,,,,,,,,,,,,,,,,,,,,,,,,,,,,,,,,,,,,,,,,,,,,,,,,,,,,,,,,,,,,,,,,,,,,,,,,,,,,,,,
EVT0003497,SUB00616,CNT00087,2023-11-20,6,Mobile,33,50-75%,FALSE,FALSE,FALSE,SD,SES417950,0,,,,,,,,,,,,,,,,,,,,,,,,,,,,,,,,,,,,,,,,,,,,,,,,,,,,,,,,,,,,,,,,,,,,,,,,,,,,,,,,,,,,,,,,,,,,,,,,,,,,,,,,,,,,,,,,,,,,,,,,,
EVT0003498,SUB00358,CNT00069,2023-02-04,21,Mobile,78,<25%,FALSE,TRUE,TRUE,4K,SES554445,0,,,,,,,,,,,,,,,,,,,,,,,,,,,,,,,,,,,,,,,,,,,,,,,,,,,,,,,,,,,,,,,,,,,,,,,,,,,,,,,,,,,,,,,,,,,,,,,,,,,,,,,,,,,,,,,,,,,,,,,,,
EVT0003499,SUB00317,CNT00001,2024-01-03,6,Mobile,118,100%,TRUE,FALSE,TRUE,SD,SES407116,1,,,,,,,,,,,,,,,,,,,,,,,,,,,,,,,,,,,,,,,,,,,,,,,,,,,,,,,,,,,,,,,,,,,,,,,,,,,,,,,,,,,,,,,,,,,,,,,,,,,,,,,,,,,,,,,,,,,,,,,,,
EVT0003500,SUB00261,CNT00033,2024-02-27,18,Roku,106,100%,TRUE,TRUE,TRUE,HD,SES949062,1,,,,,,,,,,,,,,,,,,,,,,,,,,,,,,,,,,,,,,,,,,,,,,,,,,,,,,,,,,,,,,,,,,,,,,,,,,,,,,,,,,,,,,,,,,,,,,,,,,,,,,,,,,,,,,,,,,,,,,,,,
EVT0003501,SUB00360,CNT00045,2024-03-27,23,Roku,82,<25%,FALSE,TRUE,TRUE,HD,SES545643,0,,,,,,,,,,,,,,,,,,,,,,,,,,,,,,,,,,,,,,,,,,,,,,,,,,,,,,,,,,,,,,,,,,,,,,,,,,,,,,,,,,,,,,,,,,,,,,,,,,,,,,,,,,,,,,,,,,,,,,,,,
EVT0003502,SUB00324,CNT00008,2023-05-18,12,Roku,10,<25%,FALSE,FALSE,TRUE,HD,SES447499,0,,,,,,,,,,,,,,,,,,,,,,,,,,,,,,,,,,,,,,,,,,,,,,,,,,,,,,,,,,,,,,,,,,,,,,,,,,,,,,,,,,,,,,,,,,,,,,,,,,,,,,,,,,,,,,,,,,,,,,,,,
EVT0003503,SUB00092,CNT00015,2023-03-23,9,Desktop,50,25-50%,FALSE,TRUE,FALSE,4K,SES162786,0,,,,,,,,,,,,,,,,,,,,,,,,,,,,,,,,,,,,,,,,,,,,,,,,,,,,,,,,,,,,,,,,,,,,,,,,,,,,,,,,,,,,,,,,,,,,,,,,,,,,,,,,,,,,,,,,,,,,,,,,,
EVT0003504,SUB00377,CNT00078,2023-05-01,13,Mobile,48,<25%,FALSE,TRUE,TRUE,SD,SES913571,0,,,,,,,,,,,,,,,,,,,,,,,,,,,,,,,,,,,,,,,,,,,,,,,,,,,,,,,,,,,,,,,,,,,,,,,,,,,,,,,,,,,,,,,,,,,,,,,,,,,,,,,,,,,,,,,,,,,,,,,,,
EVT0003505,SUB00263,CNT00049,2024-05-24,21,Desktop,114,100%,TRUE,FALSE,FALSE,HD,SES297856,1,,,,,,,,,,,,,,,,,,,,,,,,,,,,,,,,,,,,,,,,,,,,,,,,,,,,,,,,,,,,,,,,,,,,,,,,,,,,,,,,,,,,,,,,,,,,,,,,,,,,,,,,,,,,,,,,,,,,,,,,,
EVT0003506,SUB00641,CNT00098,2023-04-14,11,Fire TV,36,50-75%,FALSE,TRUE,FALSE,HD,SES521528,0,,,,,,,,,,,,,,,,,,,,,,,,,,,,,,,,,,,,,,,,,,,,,,,,,,,,,,,,,,,,,,,,,,,,,,,,,,,,,,,,,,,,,,,,,,,,,,,,,,,,,,,,,,,,,,,,,,,,,,,,,
EVT0003507,SUB00060,CNT00052,2024-04-28,9,Desktop,70,100%,TRUE,FALSE,TRUE,4K,SES498169,1,,,,,,,,,,,,,,,,,,,,,,,,,,,,,,,,,,,,,,,,,,,,,,,,,,,,,,,,,,,,,,,,,,,,,,,,,,,,,,,,,,,,,,,,,,,,,,,,,,,,,,,,,,,,,,,,,,,,,,,,,
EVT0003508,SUB00290,CNT00076,2024-03-05,11,Tablet,92,75-99%,FALSE,FALSE,TRUE,HD,SES339002,0,,,,,,,,,,,,,,,,,,,,,,,,,,,,,,,,,,,,,,,,,,,,,,,,,,,,,,,,,,,,,,,,,,,,,,,,,,,,,,,,,,,,,,,,,,,,,,,,,,,,,,,,,,,,,,,,,,,,,,,,,
EVT0003509,SUB00521,CNT00009,2023-07-09,13,Desktop,85,100%,TRUE,TRUE,TRUE,4K,SES904702,1,,,,,,,,,,,,,,,,,,,,,,,,,,,,,,,,,,,,,,,,,,,,,,,,,,,,,,,,,,,,,,,,,,,,,,,,,,,,,,,,,,,,,,,,,,,,,,,,,,,,,,,,,,,,,,,,,,,,,,,,,
EVT0003510,SUB00610,CNT00021,2024-05-19,20,Fire TV,96,100%,TRUE,FALSE,FALSE,SD,SES852442,1,,,,,,,,,,,,,,,,,,,,,,,,,,,,,,,,,,,,,,,,,,,,,,,,,,,,,,,,,,,,,,,,,,,,,,,,,,,,,,,,,,,,,,,,,,,,,,,,,,,,,,,,,,,,,,,,,,,,,,,,,
EVT0003511,SUB00307,CNT00074,2023-09-30,6,Mobile,78,100%,TRUE,FALSE,TRUE,HD,SES456261,1,,,,,,,,,,,,,,,,,,,,,,,,,,,,,,,,,,,,,,,,,,,,,,,,,,,,,,,,,,,,,,,,,,,,,,,,,,,,,,,,,,,,,,,,,,,,,,,,,,,,,,,,,,,,,,,,,,,,,,,,,
EVT0003512,SUB00415,CNT00027,2023-09-19,15,Roku,99,100%,TRUE,FALSE,TRUE,HD,SES119172,1,,,,,,,,,,,,,,,,,,,,,,,,,,,,,,,,,,,,,,,,,,,,,,,,,,,,,,,,,,,,,,,,,,,,,,,,,,,,,,,,,,,,,,,,,,,,,,,,,,,,,,,,,,,,,,,,,,,,,,,,,
EVT0003513,SUB00250,CNT00086,2024-05-03,21,Desktop,107,100%,TRUE,FALSE,FALSE,HD,SES315773,1,,,,,,,,,,,,,,,,,,,,,,,,,,,,,,,,,,,,,,,,,,,,,,,,,,,,,,,,,,,,,,,,,,,,,,,,,,,,,,,,,,,,,,,,,,,,,,,,,,,,,,,,,,,,,,,,,,,,,,,,,
EVT0003514,SUB00544,CNT00066,2024-04-08,10,Tablet,19,50-75%,FALSE,FALSE,TRUE,HD,SES576660,0,,,,,,,,,,,,,,,,,,,,,,,,,,,,,,,,,,,,,,,,,,,,,,,,,,,,,,,,,,,,,,,,,,,,,,,,,,,,,,,,,,,,,,,,,,,,,,,,,,,,,,,,,,,,,,,,,,,,,,,,,
EVT0003515,SUB00434,CNT00096,2023-05-06,15,Desktop,60,100%,TRUE,FALSE,TRUE,HD,SES827921,1,,,,,,,,,,,,,,,,,,,,,,,,,,,,,,,,,,,,,,,,,,,,,,,,,,,,,,,,,,,,,,,,,,,,,,,,,,,,,,,,,,,,,,,,,,,,,,,,,,,,,,,,,,,,,,,,,,,,,,,,,
EVT0003516,SUB00059,CNT00011,2024-02-14,12,Tablet,25,100%,TRUE,FALSE,TRUE,HD,SES459149,1,,,,,,,,,,,,,,,,,,,,,,,,,,,,,,,,,,,,,,,,,,,,,,,,,,,,,,,,,,,,,,,,,,,,,,,,,,,,,,,,,,,,,,,,,,,,,,,,,,,,,,,,,,,,,,,,,,,,,,,,,
EVT0003517,SUB00116,CNT00075,2023-08-04,6,Roku,106,75-99%,FALSE,FALSE,TRUE,HD,SES434033,0,,,,,,,,,,,,,,,,,,,,,,,,,,,,,,,,,,,,,,,,,,,,,,,,,,,,,,,,,,,,,,,,,,,,,,,,,,,,,,,,,,,,,,,,,,,,,,,,,,,,,,,,,,,,,,,,,,,,,,,,,
EVT0003518,SUB00027,CNT00084,2023-04-30,12,Fire TV,80,75-99%,FALSE,FALSE,FALSE,HD,SES608493,0,,,,,,,,,,,,,,,,,,,,,,,,,,,,,,,,,,,,,,,,,,,,,,,,,,,,,,,,,,,,,,,,,,,,,,,,,,,,,,,,,,,,,,,,,,,,,,,,,,,,,,,,,,,,,,,,,,,,,,,,,
EVT0003519,SUB00678,CNT00030,2023-02-17,21,Desktop,110,100%,TRUE,TRUE,TRUE,SD,SES472703,1,,,,,,,,,,,,,,,,,,,,,,,,,,,,,,,,,,,,,,,,,,,,,,,,,,,,,,,,,,,,,,,,,,,,,,,,,,,,,,,,,,,,,,,,,,,,,,,,,,,,,,,,,,,,,,,,,,,,,,,,,
EVT0003520,SUB00480,CNT00008,2024-04-06,17,Fire TV,7,25-50%,FALSE,FALSE,TRUE,4K,SES486429,0,,,,,,,,,,,,,,,,,,,,,,,,,,,,,,,,,,,,,,,,,,,,,,,,,,,,,,,,,,,,,,,,,,,,,,,,,,,,,,,,,,,,,,,,,,,,,,,,,,,,,,,,,,,,,,,,,,,,,,,,,
EVT0003521,SUB00263,CNT00005,2023-10-16,23,Tablet,63,100%,TRUE,FALSE,TRUE,4K,SES508360,1,,,,,,,,,,,,,,,,,,,,,,,,,,,,,,,,,,,,,,,,,,,,,,,,,,,,,,,,,,,,,,,,,,,,,,,,,,,,,,,,,,,,,,,,,,,,,,,,,,,,,,,,,,,,,,,,,,,,,,,,,
EVT0003522,SUB00503,CNT00037,2023-08-10,23,Tablet,50,100%,TRUE,FALSE,FALSE,4K,SES843984,1,,,,,,,,,,,,,,,,,,,,,,,,,,,,,,,,,,,,,,,,,,,,,,,,,,,,,,,,,,,,,,,,,,,,,,,,,,,,,,,,,,,,,,,,,,,,,,,,,,,,,,,,,,,,,,,,,,,,,,,,,
EVT0003523,SUB00400,CNT00097,2024-04-29,12,Smart TV,110,100%,TRUE,FALSE,FALSE,4K,SES292669,1,,,,,,,,,,,,,,,,,,,,,,,,,,,,,,,,,,,,,,,,,,,,,,,,,,,,,,,,,,,,,,,,,,,,,,,,,,,,,,,,,,,,,,,,,,,,,,,,,,,,,,,,,,,,,,,,,,,,,,,,,
EVT0003524,SUB00342,CNT00062,2023-01-04,12,Mobile,92,100%,TRUE,FALSE,TRUE,HD,SES869372,1,,,,,,,,,,,,,,,,,,,,,,,,,,,,,,,,,,,,,,,,,,,,,,,,,,,,,,,,,,,,,,,,,,,,,,,,,,,,,,,,,,,,,,,,,,,,,,,,,,,,,,,,,,,,,,,,,,,,,,,,,
EVT0003525,SUB00134,CNT00091,2024-04-26,10,Desktop,54,100%,TRUE,FALSE,TRUE,HD,SES683333,1,,,,,,,,,,,,,,,,,,,,,,,,,,,,,,,,,,,,,,,,,,,,,,,,,,,,,,,,,,,,,,,,,,,,,,,,,,,,,,,,,,,,,,,,,,,,,,,,,,,,,,,,,,,,,,,,,,,,,,,,,
EVT0003526,SUB00062,CNT00072,2024-05-24,14,Smart TV,99,100%,TRUE,FALSE,TRUE,HD,SES123960,1,,,,,,,,,,,,,,,,,,,,,,,,,,,,,,,,,,,,,,,,,,,,,,,,,,,,,,,,,,,,,,,,,,,,,,,,,,,,,,,,,,,,,,,,,,,,,,,,,,,,,,,,,,,,,,,,,,,,,,,,,
EVT0003527,SUB00420,CNT00079,2023-08-29,11,Desktop,60,75-99%,FALSE,FALSE,TRUE,4K,SES667234,0,,,,,,,,,,,,,,,,,,,,,,,,,,,,,,,,,,,,,,,,,,,,,,,,,,,,,,,,,,,,,,,,,,,,,,,,,,,,,,,,,,,,,,,,,,,,,,,,,,,,,,,,,,,,,,,,,,,,,,,,,
EVT0003528,SUB00657,CNT00077,2023-06-26,15,Smart TV,93,100%,TRUE,FALSE,TRUE,SD,SES605357,1,,,,,,,,,,,,,,,,,,,,,,,,,,,,,,,,,,,,,,,,,,,,,,,,,,,,,,,,,,,,,,,,,,,,,,,,,,,,,,,,,,,,,,,,,,,,,,,,,,,,,,,,,,,,,,,,,,,,,,,,,
EVT0003529,SUB00106,CNT00029,2024-02-12,20,Fire TV,72,75-99%,FALSE,FALSE,TRUE,4K,SES614822,0,,,,,,,,,,,,,,,,,,,,,,,,,,,,,,,,,,,,,,,,,,,,,,,,,,,,,,,,,,,,,,,,,,,,,,,,,,,,,,,,,,,,,,,,,,,,,,,,,,,,,,,,,,,,,,,,,,,,,,,,,
EVT0003530,SUB00431,CNT00073,2023-04-19,9,Desktop,29,100%,TRUE,FALSE,TRUE,HD,SES449881,1,,,,,,,,,,,,,,,,,,,,,,,,,,,,,,,,,,,,,,,,,,,,,,,,,,,,,,,,,,,,,,,,,,,,,,,,,,,,,,,,,,,,,,,,,,,,,,,,,,,,,,,,,,,,,,,,,,,,,,,,,
EVT0003531,SUB00483,CNT00044,2023-01-23,17,Mobile,17,100%,TRUE,FALSE,FALSE,SD,SES465620,1,,,,,,,,,,,,,,,,,,,,,,,,,,,,,,,,,,,,,,,,,,,,,,,,,,,,,,,,,,,,,,,,,,,,,,,,,,,,,,,,,,,,,,,,,,,,,,,,,,,,,,,,,,,,,,,,,,,,,,,,,
EVT0003532,SUB00628,CNT00008,2024-03-13,22,Smart TV,31,75-99%,FALSE,TRUE,TRUE,SD,SES122161,0,,,,,,,,,,,,,,,,,,,,,,,,,,,,,,,,,,,,,,,,,,,,,,,,,,,,,,,,,,,,,,,,,,,,,,,,,,,,,,,,,,,,,,,,,,,,,,,,,,,,,,,,,,,,,,,,,,,,,,,,,
EVT0003533,SUB00065,CNT00083,2024-06-20,15,Fire TV,79,100%,TRUE,TRUE,TRUE,HD,SES908229,1,,,,,,,,,,,,,,,,,,,,,,,,,,,,,,,,,,,,,,,,,,,,,,,,,,,,,,,,,,,,,,,,,,,,,,,,,,,,,,,,,,,,,,,,,,,,,,,,,,,,,,,,,,,,,,,,,,,,,,,,,
EVT0003534,SUB00307,CNT00088,2024-05-06,11,Tablet,84,100%,TRUE,FALSE,TRUE,HD,SES103964,1,,,,,,,,,,,,,,,,,,,,,,,,,,,,,,,,,,,,,,,,,,,,,,,,,,,,,,,,,,,,,,,,,,,,,,,,,,,,,,,,,,,,,,,,,,,,,,,,,,,,,,,,,,,,,,,,,,,,,,,,,
EVT0003535,SUB00389,CNT00082,2023-04-03,9,Mobile,87,75-99%,FALSE,FALSE,TRUE,HD,SES988196,0,,,,,,,,,,,,,,,,,,,,,,,,,,,,,,,,,,,,,,,,,,,,,,,,,,,,,,,,,,,,,,,,,,,,,,,,,,,,,,,,,,,,,,,,,,,,,,,,,,,,,,,,,,,,,,,,,,,,,,,,,
EVT0003536,SUB00431,CNT00006,2023-11-04,9,Roku,24,50-75%,FALSE,FALSE,TRUE,HD,SES199019,0,,,,,,,,,,,,,,,,,,,,,,,,,,,,,,,,,,,,,,,,,,,,,,,,,,,,,,,,,,,,,,,,,,,,,,,,,,,,,,,,,,,,,,,,,,,,,,,,,,,,,,,,,,,,,,,,,,,,,,,,,
EVT0003537,SUB00446,CNT00076,2023-09-27,8,Fire TV,23,50-75%,FALSE,TRUE,TRUE,HD,SES690225,0,,,,,,,,,,,,,,,,,,,,,,,,,,,,,,,,,,,,,,,,,,,,,,,,,,,,,,,,,,,,,,,,,,,,,,,,,,,,,,,,,,,,,,,,,,,,,,,,,,,,,,,,,,,,,,,,,,,,,,,,,
EVT0003538,SUB00377,CNT00050,2023-03-02,19,Fire TV,79,100%,TRUE,FALSE,TRUE,HD,SES701838,1,,,,,,,,,,,,,,,,,,,,,,,,,,,,,,,,,,,,,,,,,,,,,,,,,,,,,,,,,,,,,,,,,,,,,,,,,,,,,,,,,,,,,,,,,,,,,,,,,,,,,,,,,,,,,,,,,,,,,,,,,
EVT0003539,SUB00194,CNT00027,2023-10-25,17,Fire TV,100,100%,TRUE,FALSE,TRUE,HD,SES625241,1,,,,,,,,,,,,,,,,,,,,,,,,,,,,,,,,,,,,,,,,,,,,,,,,,,,,,,,,,,,,,,,,,,,,,,,,,,,,,,,,,,,,,,,,,,,,,,,,,,,,,,,,,,,,,,,,,,,,,,,,,
EVT0003540,SUB00395,CNT00081,2023-11-04,15,Fire TV,75,75-99%,FALSE,FALSE,TRUE,SD,SES870820,0,,,,,,,,,,,,,,,,,,,,,,,,,,,,,,,,,,,,,,,,,,,,,,,,,,,,,,,,,,,,,,,,,,,,,,,,,,,,,,,,,,,,,,,,,,,,,,,,,,,,,,,,,,,,,,,,,,,,,,,,,
EVT0003541,SUB00010,CNT00094,2023-09-07,20,Desktop,106,25-50%,FALSE,TRUE,FALSE,SD,SES575999,0,,,,,,,,,,,,,,,,,,,,,,,,,,,,,,,,,,,,,,,,,,,,,,,,,,,,,,,,,,,,,,,,,,,,,,,,,,,,,,,,,,,,,,,,,,,,,,,,,,,,,,,,,,,,,,,,,,,,,,,,,
EVT0003542,SUB00077,CNT00046,2023-07-29,16,Tablet,30,<25%,FALSE,TRUE,TRUE,HD,SES747379,0,,,,,,,,,,,,,,,,,,,,,,,,,,,,,,,,,,,,,,,,,,,,,,,,,,,,,,,,,,,,,,,,,,,,,,,,,,,,,,,,,,,,,,,,,,,,,,,,,,,,,,,,,,,,,,,,,,,,,,,,,
EVT0003543,SUB00285,CNT00084,2023-05-30,22,Smart TV,93,100%,TRUE,FALSE,TRUE,HD,SES685473,1,,,,,,,,,,,,,,,,,,,,,,,,,,,,,,,,,,,,,,,,,,,,,,,,,,,,,,,,,,,,,,,,,,,,,,,,,,,,,,,,,,,,,,,,,,,,,,,,,,,,,,,,,,,,,,,,,,,,,,,,,
EVT0003544,SUB00500,CNT00031,2024-04-17,22,Roku,111,100%,TRUE,FALSE,FALSE,SD,SES940262,1,,,,,,,,,,,,,,,,,,,,,,,,,,,,,,,,,,,,,,,,,,,,,,,,,,,,,,,,,,,,,,,,,,,,,,,,,,,,,,,,,,,,,,,,,,,,,,,,,,,,,,,,,,,,,,,,,,,,,,,,,
EVT0003545,SUB00540,CNT00057,2023-06-25,21,Desktop,37,25-50%,FALSE,FALSE,FALSE,HD,SES746527,0,,,,,,,,,,,,,,,,,,,,,,,,,,,,,,,,,,,,,,,,,,,,,,,,,,,,,,,,,,,,,,,,,,,,,,,,,,,,,,,,,,,,,,,,,,,,,,,,,,,,,,,,,,,,,,,,,,,,,,,,,
EVT0003546,SUB00054,CNT00054,2023-03-27,11,Roku,53,75-99%,FALSE,FALSE,TRUE,4K,SES291512,0,,,,,,,,,,,,,,,,,,,,,,,,,,,,,,,,,,,,,,,,,,,,,,,,,,,,,,,,,,,,,,,,,,,,,,,,,,,,,,,,,,,,,,,,,,,,,,,,,,,,,,,,,,,,,,,,,,,,,,,,,
EVT0003547,SUB00103,CNT00063,2023-10-16,22,Mobile,23,50-75%,FALSE,TRUE,TRUE,SD,SES376690,0,,,,,,,,,,,,,,,,,,,,,,,,,,,,,,,,,,,,,,,,,,,,,,,,,,,,,,,,,,,,,,,,,,,,,,,,,,,,,,,,,,,,,,,,,,,,,,,,,,,,,,,,,,,,,,,,,,,,,,,,,
EVT0003548,SUB00009,CNT00014,2023-03-21,10,Roku,104,100%,TRUE,FALSE,TRUE,HD,SES578560,1,,,,,,,,,,,,,,,,,,,,,,,,,,,,,,,,,,,,,,,,,,,,,,,,,,,,,,,,,,,,,,,,,,,,,,,,,,,,,,,,,,,,,,,,,,,,,,,,,,,,,,,,,,,,,,,,,,,,,,,,,
EVT0003549,SUB00185,CNT00057,2023-02-27,9,Tablet,84,75-99%,FALSE,FALSE,TRUE,4K,SES433290,0,,,,,,,,,,,,,,,,,,,,,,,,,,,,,,,,,,,,,,,,,,,,,,,,,,,,,,,,,,,,,,,,,,,,,,,,,,,,,,,,,,,,,,,,,,,,,,,,,,,,,,,,,,,,,,,,,,,,,,,,,
EVT0003550,SUB00081,CNT00048,2023-01-31,8,Fire TV,15,50-75%,FALSE,TRUE,TRUE,4K,SES635987,0,,,,,,,,,,,,,,,,,,,,,,,,,,,,,,,,,,,,,,,,,,,,,,,,,,,,,,,,,,,,,,,,,,,,,,,,,,,,,,,,,,,,,,,,,,,,,,,,,,,,,,,,,,,,,,,,,,,,,,,,,
EVT0003551,SUB00379,CNT00088,2023-11-06,8,Smart TV,66,50-75%,FALSE,TRUE,FALSE,SD,SES859063,0,,,,,,,,,,,,,,,,,,,,,,,,,,,,,,,,,,,,,,,,,,,,,,,,,,,,,,,,,,,,,,,,,,,,,,,,,,,,,,,,,,,,,,,,,,,,,,,,,,,,,,,,,,,,,,,,,,,,,,,,,
EVT0003552,SUB00681,CNT00036,2023-03-09,8,Desktop,51,100%,TRUE,FALSE,TRUE,HD,SES344546,1,,,,,,,,,,,,,,,,,,,,,,,,,,,,,,,,,,,,,,,,,,,,,,,,,,,,,,,,,,,,,,,,,,,,,,,,,,,,,,,,,,,,,,,,,,,,,,,,,,,,,,,,,,,,,,,,,,,,,,,,,
EVT0003553,SUB00190,CNT00091,2023-01-07,20,Smart TV,63,100%,TRUE,TRUE,TRUE,HD,SES604442,1,,,,,,,,,,,,,,,,,,,,,,,,,,,,,,,,,,,,,,,,,,,,,,,,,,,,,,,,,,,,,,,,,,,,,,,,,,,,,,,,,,,,,,,,,,,,,,,,,,,,,,,,,,,,,,,,,,,,,,,,,
EVT0003554,SUB00086,CNT00001,2023-02-15,15,Roku,26,<25%,FALSE,FALSE,TRUE,SD,SES967262,0,,,,,,,,,,,,,,,,,,,,,,,,,,,,,,,,,,,,,,,,,,,,,,,,,,,,,,,,,,,,,,,,,,,,,,,,,,,,,,,,,,,,,,,,,,,,,,,,,,,,,,,,,,,,,,,,,,,,,,,,,
EVT0003555,SUB00164,CNT00087,2023-06-11,6,Mobile,58,100%,TRUE,TRUE,TRUE,HD,SES499788,1,,,,,,,,,,,,,,,,,,,,,,,,,,,,,,,,,,,,,,,,,,,,,,,,,,,,,,,,,,,,,,,,,,,,,,,,,,,,,,,,,,,,,,,,,,,,,,,,,,,,,,,,,,,,,,,,,,,,,,,,,
EVT0003556,SUB00277,CNT00076,2023-12-09,18,Mobile,26,75-99%,FALSE,FALSE,TRUE,SD,SES384002,0,,,,,,,,,,,,,,,,,,,,,,,,,,,,,,,,,,,,,,,,,,,,,,,,,,,,,,,,,,,,,,,,,,,,,,,,,,,,,,,,,,,,,,,,,,,,,,,,,,,,,,,,,,,,,,,,,,,,,,,,,
EVT0003557,SUB00350,CNT00006,2023-09-13,21,Mobile,13,100%,TRUE,FALSE,FALSE,SD,SES924365,1,,,,,,,,,,,,,,,,,,,,,,,,,,,,,,,,,,,,,,,,,,,,,,,,,,,,,,,,,,,,,,,,,,,,,,,,,,,,,,,,,,,,,,,,,,,,,,,,,,,,,,,,,,,,,,,,,,,,,,,,,
EVT0003558,SUB00311,CNT00016,2023-02-03,13,Mobile,95,100%,TRUE,TRUE,FALSE,4K,SES740939,1,,,,,,,,,,,,,,,,,,,,,,,,,,,,,,,,,,,,,,,,,,,,,,,,,,,,,,,,,,,,,,,,,,,,,,,,,,,,,,,,,,,,,,,,,,,,,,,,,,,,,,,,,,,,,,,,,,,,,,,,,
EVT0003559,SUB00060,CNT00020,2024-02-21,12,Fire TV,115,75-99%,FALSE,FALSE,TRUE,HD,SES736434,0,,,,,,,,,,,,,,,,,,,,,,,,,,,,,,,,,,,,,,,,,,,,,,,,,,,,,,,,,,,,,,,,,,,,,,,,,,,,,,,,,,,,,,,,,,,,,,,,,,,,,,,,,,,,,,,,,,,,,,,,,
EVT0003560,SUB00428,CNT00033,2024-03-23,22,Tablet,53,50-75%,FALSE,TRUE,TRUE,HD,SES466936,0,,,,,,,,,,,,,,,,,,,,,,,,,,,,,,,,,,,,,,,,,,,,,,,,,,,,,,,,,,,,,,,,,,,,,,,,,,,,,,,,,,,,,,,,,,,,,,,,,,,,,,,,,,,,,,,,,,,,,,,,,
EVT0003561,SUB00280,CNT00052,2023-01-09,14,Mobile,54,75-99%,FALSE,FALSE,TRUE,HD,SES535191,0,,,,,,,,,,,,,,,,,,,,,,,,,,,,,,,,,,,,,,,,,,,,,,,,,,,,,,,,,,,,,,,,,,,,,,,,,,,,,,,,,,,,,,,,,,,,,,,,,,,,,,,,,,,,,,,,,,,,,,,,,
EVT0003562,SUB00504,CNT00037,2023-04-23,22,Smart TV,68,100%,TRUE,FALSE,TRUE,SD,SES414687,1,,,,,,,,,,,,,,,,,,,,,,,,,,,,,,,,,,,,,,,,,,,,,,,,,,,,,,,,,,,,,,,,,,,,,,,,,,,,,,,,,,,,,,,,,,,,,,,,,,,,,,,,,,,,,,,,,,,,,,,,,
EVT0003563,SUB00392,CNT00096,2023-04-10,8,Roku,68,<25%,FALSE,FALSE,TRUE,4K,SES613916,0,,,,,,,,,,,,,,,,,,,,,,,,,,,,,,,,,,,,,,,,,,,,,,,,,,,,,,,,,,,,,,,,,,,,,,,,,,,,,,,,,,,,,,,,,,,,,,,,,,,,,,,,,,,,,,,,,,,,,,,,,
EVT0003564,SUB00571,CNT00073,2023-02-13,18,Tablet,118,100%,TRUE,TRUE,TRUE,4K,SES869782,1,,,,,,,,,,,,,,,,,,,,,,,,,,,,,,,,,,,,,,,,,,,,,,,,,,,,,,,,,,,,,,,,,,,,,,,,,,,,,,,,,,,,,,,,,,,,,,,,,,,,,,,,,,,,,,,,,,,,,,,,,
EVT0003565,SUB00094,CNT00036,2023-10-24,14,Smart TV,100,100%,TRUE,FALSE,TRUE,SD,SES655781,1,,,,,,,,,,,,,,,,,,,,,,,,,,,,,,,,,,,,,,,,,,,,,,,,,,,,,,,,,,,,,,,,,,,,,,,,,,,,,,,,,,,,,,,,,,,,,,,,,,,,,,,,,,,,,,,,,,,,,,,,,
EVT0003566,SUB00355,CNT00009,2023-03-04,9,Smart TV,61,50-75%,FALSE,FALSE,FALSE,HD,SES908355,0,,,,,,,,,,,,,,,,,,,,,,,,,,,,,,,,,,,,,,,,,,,,,,,,,,,,,,,,,,,,,,,,,,,,,,,,,,,,,,,,,,,,,,,,,,,,,,,,,,,,,,,,,,,,,,,,,,,,,,,,,
EVT0003567,SUB00421,CNT00080,2023-07-01,20,Mobile,42,100%,TRUE,TRUE,TRUE,SD,SES530944,1,,,,,,,,,,,,,,,,,,,,,,,,,,,,,,,,,,,,,,,,,,,,,,,,,,,,,,,,,,,,,,,,,,,,,,,,,,,,,,,,,,,,,,,,,,,,,,,,,,,,,,,,,,,,,,,,,,,,,,,,,
EVT0003568,SUB00120,CNT00090,2024-06-01,6,Desktop,53,100%,TRUE,FALSE,FALSE,SD,SES560470,1,,,,,,,,,,,,,,,,,,,,,,,,,,,,,,,,,,,,,,,,,,,,,,,,,,,,,,,,,,,,,,,,,,,,,,,,,,,,,,,,,,,,,,,,,,,,,,,,,,,,,,,,,,,,,,,,,,,,,,,,,
EVT0003569,SUB00046,CNT00010,2023-01-11,13,Desktop,51,100%,TRUE,FALSE,TRUE,HD,SES804321,1,,,,,,,,,,,,,,,,,,,,,,,,,,,,,,,,,,,,,,,,,,,,,,,,,,,,,,,,,,,,,,,,,,,,,,,,,,,,,,,,,,,,,,,,,,,,,,,,,,,,,,,,,,,,,,,,,,,,,,,,,
EVT0003570,SUB00611,CNT00060,2023-08-20,9,Fire TV,11,75-99%,FALSE,FALSE,TRUE,SD,SES581285,0,,,,,,,,,,,,,,,,,,,,,,,,,,,,,,,,,,,,,,,,,,,,,,,,,,,,,,,,,,,,,,,,,,,,,,,,,,,,,,,,,,,,,,,,,,,,,,,,,,,,,,,,,,,,,,,,,,,,,,,,,
EVT0003571,SUB00331,CNT00094,2023-03-27,8,Fire TV,111,75-99%,FALSE,FALSE,TRUE,SD,SES844865,0,,,,,,,,,,,,,,,,,,,,,,,,,,,,,,,,,,,,,,,,,,,,,,,,,,,,,,,,,,,,,,,,,,,,,,,,,,,,,,,,,,,,,,,,,,,,,,,,,,,,,,,,,,,,,,,,,,,,,,,,,
EVT0003572,SUB00006,CNT00061,2023-01-07,11,Roku,41,100%,TRUE,FALSE,TRUE,HD,SES558018,1,,,,,,,,,,,,,,,,,,,,,,,,,,,,,,,,,,,,,,,,,,,,,,,,,,,,,,,,,,,,,,,,,,,,,,,,,,,,,,,,,,,,,,,,,,,,,,,,,,,,,,,,,,,,,,,,,,,,,,,,,
EVT0003573,SUB00543,CNT00062,2023-04-16,7,Desktop,59,75-99%,FALSE,FALSE,TRUE,SD,SES733457,0,,,,,,,,,,,,,,,,,,,,,,,,,,,,,,,,,,,,,,,,,,,,,,,,,,,,,,,,,,,,,,,,,,,,,,,,,,,,,,,,,,,,,,,,,,,,,,,,,,,,,,,,,,,,,,,,,,,,,,,,,
EVT0003574,SUB00182,CNT00030,2023-06-13,9,Tablet,31,50-75%,FALSE,TRUE,FALSE,HD,SES934195,0,,,,,,,,,,,,,,,,,,,,,,,,,,,,,,,,,,,,,,,,,,,,,,,,,,,,,,,,,,,,,,,,,,,,,,,,,,,,,,,,,,,,,,,,,,,,,,,,,,,,,,,,,,,,,,,,,,,,,,,,,
EVT0003575,SUB00114,CNT00049,2023-06-04,17,Roku,67,100%,TRUE,FALSE,TRUE,HD,SES543363,1,,,,,,,,,,,,,,,,,,,,,,,,,,,,,,,,,,,,,,,,,,,,,,,,,,,,,,,,,,,,,,,,,,,,,,,,,,,,,,,,,,,,,,,,,,,,,,,,,,,,,,,,,,,,,,,,,,,,,,,,,
EVT0003576,SUB00288,CNT00007,2024-04-19,9,Smart TV,92,100%,TRUE,TRUE,TRUE,HD,SES712365,1,,,,,,,,,,,,,,,,,,,,,,,,,,,,,,,,,,,,,,,,,,,,,,,,,,,,,,,,,,,,,,,,,,,,,,,,,,,,,,,,,,,,,,,,,,,,,,,,,,,,,,,,,,,,,,,,,,,,,,,,,
EVT0003577,SUB00294,CNT00081,2023-10-02,18,Roku,99,100%,TRUE,FALSE,FALSE,SD,SES195005,1,,,,,,,,,,,,,,,,,,,,,,,,,,,,,,,,,,,,,,,,,,,,,,,,,,,,,,,,,,,,,,,,,,,,,,,,,,,,,,,,,,,,,,,,,,,,,,,,,,,,,,,,,,,,,,,,,,,,,,,,,
EVT0003578,SUB00688,CNT00044,2023-06-30,10,Mobile,73,100%,TRUE,TRUE,TRUE,SD,SES879079,1,,,,,,,,,,,,,,,,,,,,,,,,,,,,,,,,,,,,,,,,,,,,,,,,,,,,,,,,,,,,,,,,,,,,,,,,,,,,,,,,,,,,,,,,,,,,,,,,,,,,,,,,,,,,,,,,,,,,,,,,,
EVT0003579,SUB00573,CNT00020,2023-01-15,7,Mobile,113,75-99%,FALSE,FALSE,FALSE,HD,SES852545,0,,,,,,,,,,,,,,,,,,,,,,,,,,,,,,,,,,,,,,,,,,,,,,,,,,,,,,,,,,,,,,,,,,,,,,,,,,,,,,,,,,,,,,,,,,,,,,,,,,,,,,,,,,,,,,,,,,,,,,,,,
EVT0003580,SUB00670,CNT00026,2023-02-18,13,Tablet,48,75-99%,FALSE,FALSE,TRUE,HD,SES210738,0,,,,,,,,,,,,,,,,,,,,,,,,,,,,,,,,,,,,,,,,,,,,,,,,,,,,,,,,,,,,,,,,,,,,,,,,,,,,,,,,,,,,,,,,,,,,,,,,,,,,,,,,,,,,,,,,,,,,,,,,,
EVT0003581,SUB00127,CNT00098,2023-11-22,8,Desktop,95,75-99%,FALSE,FALSE,TRUE,HD,SES525584,0,,,,,,,,,,,,,,,,,,,,,,,,,,,,,,,,,,,,,,,,,,,,,,,,,,,,,,,,,,,,,,,,,,,,,,,,,,,,,,,,,,,,,,,,,,,,,,,,,,,,,,,,,,,,,,,,,,,,,,,,,
EVT0003582,SUB00555,CNT00096,2023-12-22,7,Smart TV,104,25-50%,FALSE,FALSE,TRUE,HD,SES638372,0,,,,,,,,,,,,,,,,,,,,,,,,,,,,,,,,,,,,,,,,,,,,,,,,,,,,,,,,,,,,,,,,,,,,,,,,,,,,,,,,,,,,,,,,,,,,,,,,,,,,,,,,,,,,,,,,,,,,,,,,,
EVT0003583,SUB00193,CNT00008,2024-05-14,11,Tablet,116,100%,TRUE,FALSE,TRUE,SD,SES944179,1,,,,,,,,,,,,,,,,,,,,,,,,,,,,,,,,,,,,,,,,,,,,,,,,,,,,,,,,,,,,,,,,,,,,,,,,,,,,,,,,,,,,,,,,,,,,,,,,,,,,,,,,,,,,,,,,,,,,,,,,,
EVT0003584,SUB00397,CNT00003,2023-01-21,23,Desktop,109,100%,TRUE,TRUE,FALSE,HD,SES622209,1,,,,,,,,,,,,,,,,,,,,,,,,,,,,,,,,,,,,,,,,,,,,,,,,,,,,,,,,,,,,,,,,,,,,,,,,,,,,,,,,,,,,,,,,,,,,,,,,,,,,,,,,,,,,,,,,,,,,,,,,,
EVT0003585,SUB00549,CNT00082,2023-04-10,9,Mobile,11,100%,TRUE,FALSE,TRUE,HD,SES508430,1,,,,,,,,,,,,,,,,,,,,,,,,,,,,,,,,,,,,,,,,,,,,,,,,,,,,,,,,,,,,,,,,,,,,,,,,,,,,,,,,,,,,,,,,,,,,,,,,,,,,,,,,,,,,,,,,,,,,,,,,,
EVT0003586,SUB00553,CNT00052,2023-11-27,13,Fire TV,101,100%,TRUE,FALSE,TRUE,SD,SES893213,1,,,,,,,,,,,,,,,,,,,,,,,,,,,,,,,,,,,,,,,,,,,,,,,,,,,,,,,,,,,,,,,,,,,,,,,,,,,,,,,,,,,,,,,,,,,,,,,,,,,,,,,,,,,,,,,,,,,,,,,,,
EVT0003587,SUB00284,CNT00029,2023-01-06,16,Fire TV,96,100%,TRUE,FALSE,TRUE,HD,SES738813,1,,,,,,,,,,,,,,,,,,,,,,,,,,,,,,,,,,,,,,,,,,,,,,,,,,,,,,,,,,,,,,,,,,,,,,,,,,,,,,,,,,,,,,,,,,,,,,,,,,,,,,,,,,,,,,,,,,,,,,,,,
EVT0003588,SUB00040,CNT00062,2024-05-23,13,Desktop,52,100%,TRUE,FALSE,TRUE,4K,SES396383,1,,,,,,,,,,,,,,,,,,,,,,,,,,,,,,,,,,,,,,,,,,,,,,,,,,,,,,,,,,,,,,,,,,,,,,,,,,,,,,,,,,,,,,,,,,,,,,,,,,,,,,,,,,,,,,,,,,,,,,,,,
EVT0003589,SUB00626,CNT00082,2024-04-23,16,Fire TV,75,100%,TRUE,TRUE,TRUE,4K,SES592715,1,,,,,,,,,,,,,,,,,,,,,,,,,,,,,,,,,,,,,,,,,,,,,,,,,,,,,,,,,,,,,,,,,,,,,,,,,,,,,,,,,,,,,,,,,,,,,,,,,,,,,,,,,,,,,,,,,,,,,,,,,
EVT0003590,SUB00130,CNT00068,2023-01-16,11,Desktop,59,100%,TRUE,FALSE,TRUE,SD,SES297208,1,,,,,,,,,,,,,,,,,,,,,,,,,,,,,,,,,,,,,,,,,,,,,,,,,,,,,,,,,,,,,,,,,,,,,,,,,,,,,,,,,,,,,,,,,,,,,,,,,,,,,,,,,,,,,,,,,,,,,,,,,
EVT0003591,SUB00049,CNT00075,2023-01-05,9,Roku,74,100%,TRUE,FALSE,TRUE,4K,SES413295,1,,,,,,,,,,,,,,,,,,,,,,,,,,,,,,,,,,,,,,,,,,,,,,,,,,,,,,,,,,,,,,,,,,,,,,,,,,,,,,,,,,,,,,,,,,,,,,,,,,,,,,,,,,,,,,,,,,,,,,,,,
EVT0003592,SUB00215,CNT00066,2024-05-08,23,Tablet,28,100%,TRUE,FALSE,TRUE,SD,SES501404,1,,,,,,,,,,,,,,,,,,,,,,,,,,,,,,,,,,,,,,,,,,,,,,,,,,,,,,,,,,,,,,,,,,,,,,,,,,,,,,,,,,,,,,,,,,,,,,,,,,,,,,,,,,,,,,,,,,,,,,,,,
EVT0003593,SUB00523,CNT00071,2023-06-13,20,Smart TV,49,100%,TRUE,FALSE,TRUE,HD,SES113786,1,,,,,,,,,,,,,,,,,,,,,,,,,,,,,,,,,,,,,,,,,,,,,,,,,,,,,,,,,,,,,,,,,,,,,,,,,,,,,,,,,,,,,,,,,,,,,,,,,,,,,,,,,,,,,,,,,,,,,,,,,
EVT0003594,SUB00144,CNT00047,2024-01-15,17,Mobile,19,<25%,FALSE,TRUE,TRUE,HD,SES365176,0,,,,,,,,,,,,,,,,,,,,,,,,,,,,,,,,,,,,,,,,,,,,,,,,,,,,,,,,,,,,,,,,,,,,,,,,,,,,,,,,,,,,,,,,,,,,,,,,,,,,,,,,,,,,,,,,,,,,,,,,,
EVT0003595,SUB00083,CNT00054,2024-04-24,21,Fire TV,102,100%,TRUE,FALSE,TRUE,4K,SES228015,1,,,,,,,,,,,,,,,,,,,,,,,,,,,,,,,,,,,,,,,,,,,,,,,,,,,,,,,,,,,,,,,,,,,,,,,,,,,,,,,,,,,,,,,,,,,,,,,,,,,,,,,,,,,,,,,,,,,,,,,,,
EVT0003596,SUB00638,CNT00016,2023-08-02,14,Mobile,70,100%,TRUE,TRUE,TRUE,SD,SES961633,1,,,,,,,,,,,,,,,,,,,,,,,,,,,,,,,,,,,,,,,,,,,,,,,,,,,,,,,,,,,,,,,,,,,,,,,,,,,,,,,,,,,,,,,,,,,,,,,,,,,,,,,,,,,,,,,,,,,,,,,,,
EVT0003597,SUB00105,CNT00034,2023-10-24,7,Tablet,99,75-99%,FALSE,FALSE,TRUE,4K,SES548602,0,,,,,,,,,,,,,,,,,,,,,,,,,,,,,,,,,,,,,,,,,,,,,,,,,,,,,,,,,,,,,,,,,,,,,,,,,,,,,,,,,,,,,,,,,,,,,,,,,,,,,,,,,,,,,,,,,,,,,,,,,
EVT0003598,SUB00222,CNT00020,2023-08-06,10,Desktop,76,75-99%,FALSE,FALSE,FALSE,4K,SES569839,0,,,,,,,,,,,,,,,,,,,,,,,,,,,,,,,,,,,,,,,,,,,,,,,,,,,,,,,,,,,,,,,,,,,,,,,,,,,,,,,,,,,,,,,,,,,,,,,,,,,,,,,,,,,,,,,,,,,,,,,,,
EVT0003599,SUB00524,CNT00079,2023-08-20,10,Fire TV,52,50-75%,FALSE,TRUE,TRUE,HD,SES150789,0,,,,,,,,,,,,,,,,,,,,,,,,,,,,,,,,,,,,,,,,,,,,,,,,,,,,,,,,,,,,,,,,,,,,,,,,,,,,,,,,,,,,,,,,,,,,,,,,,,,,,,,,,,,,,,,,,,,,,,,,,
EVT0003600,SUB00053,CNT00001,2024-01-20,7,Desktop,15,75-99%,FALSE,TRUE,TRUE,SD,SES313475,0,,,,,,,,,,,,,,,,,,,,,,,,,,,,,,,,,,,,,,,,,,,,,,,,,,,,,,,,,,,,,,,,,,,,,,,,,,,,,,,,,,,,,,,,,,,,,,,,,,,,,,,,,,,,,,,,,,,,,,,,,
EVT0003601,SUB00211,CNT00039,2024-05-03,10,Fire TV,45,100%,TRUE,FALSE,TRUE,HD,SES332603,1,,,,,,,,,,,,,,,,,,,,,,,,,,,,,,,,,,,,,,,,,,,,,,,,,,,,,,,,,,,,,,,,,,,,,,,,,,,,,,,,,,,,,,,,,,,,,,,,,,,,,,,,,,,,,,,,,,,,,,,,,
EVT0003602,SUB00399,CNT00025,2024-03-16,12,Desktop,49,75-99%,FALSE,FALSE,FALSE,HD,SES188120,0,,,,,,,,,,,,,,,,,,,,,,,,,,,,,,,,,,,,,,,,,,,,,,,,,,,,,,,,,,,,,,,,,,,,,,,,,,,,,,,,,,,,,,,,,,,,,,,,,,,,,,,,,,,,,,,,,,,,,,,,,
EVT0003603,SUB00323,CNT00077,2023-11-10,14,Tablet,58,100%,TRUE,FALSE,TRUE,4K,SES133268,1,,,,,,,,,,,,,,,,,,,,,,,,,,,,,,,,,,,,,,,,,,,,,,,,,,,,,,,,,,,,,,,,,,,,,,,,,,,,,,,,,,,,,,,,,,,,,,,,,,,,,,,,,,,,,,,,,,,,,,,,,
EVT0003604,SUB00112,CNT00049,2023-11-24,9,Roku,62,100%,TRUE,FALSE,FALSE,HD,SES602187,1,,,,,,,,,,,,,,,,,,,,,,,,,,,,,,,,,,,,,,,,,,,,,,,,,,,,,,,,,,,,,,,,,,,,,,,,,,,,,,,,,,,,,,,,,,,,,,,,,,,,,,,,,,,,,,,,,,,,,,,,,
EVT0003605,SUB00234,CNT00006,2024-02-25,6,Tablet,24,25-50%,FALSE,TRUE,TRUE,HD,SES825092,0,,,,,,,,,,,,,,,,,,,,,,,,,,,,,,,,,,,,,,,,,,,,,,,,,,,,,,,,,,,,,,,,,,,,,,,,,,,,,,,,,,,,,,,,,,,,,,,,,,,,,,,,,,,,,,,,,,,,,,,,,
EVT0003606,SUB00538,CNT00031,2024-06-14,18,Mobile,103,25-50%,FALSE,TRUE,TRUE,SD,SES740241,0,,,,,,,,,,,,,,,,,,,,,,,,,,,,,,,,,,,,,,,,,,,,,,,,,,,,,,,,,,,,,,,,,,,,,,,,,,,,,,,,,,,,,,,,,,,,,,,,,,,,,,,,,,,,,,,,,,,,,,,,,
EVT0003607,SUB00508,CNT00034,2023-06-07,15,Smart TV,104,<25%,FALSE,FALSE,TRUE,HD,SES549567,0,,,,,,,,,,,,,,,,,,,,,,,,,,,,,,,,,,,,,,,,,,,,,,,,,,,,,,,,,,,,,,,,,,,,,,,,,,,,,,,,,,,,,,,,,,,,,,,,,,,,,,,,,,,,,,,,,,,,,,,,,
EVT0003608,SUB00311,CNT00064,2024-06-11,18,Mobile,99,100%,TRUE,TRUE,TRUE,4K,SES599784,1,,,,,,,,,,,,,,,,,,,,,,,,,,,,,,,,,,,,,,,,,,,,,,,,,,,,,,,,,,,,,,,,,,,,,,,,,,,,,,,,,,,,,,,,,,,,,,,,,,,,,,,,,,,,,,,,,,,,,,,,,
EVT0003609,SUB00621,CNT00055,2024-06-02,22,Mobile,50,50-75%,FALSE,TRUE,TRUE,HD,SES655656,0,,,,,,,,,,,,,,,,,,,,,,,,,,,,,,,,,,,,,,,,,,,,,,,,,,,,,,,,,,,,,,,,,,,,,,,,,,,,,,,,,,,,,,,,,,,,,,,,,,,,,,,,,,,,,,,,,,,,,,,,,
EVT0003610,SUB00569,CNT00019,2023-03-01,7,Roku,63,50-75%,FALSE,TRUE,TRUE,HD,SES935864,0,,,,,,,,,,,,,,,,,,,,,,,,,,,,,,,,,,,,,,,,,,,,,,,,,,,,,,,,,,,,,,,,,,,,,,,,,,,,,,,,,,,,,,,,,,,,,,,,,,,,,,,,,,,,,,,,,,,,,,,,,
EVT0003611,SUB00302,CNT00007,2023-06-23,20,Tablet,17,100%,TRUE,FALSE,FALSE,HD,SES245341,1,,,,,,,,,,,,,,,,,,,,,,,,,,,,,,,,,,,,,,,,,,,,,,,,,,,,,,,,,,,,,,,,,,,,,,,,,,,,,,,,,,,,,,,,,,,,,,,,,,,,,,,,,,,,,,,,,,,,,,,,,
EVT0003612,SUB00004,CNT00085,2023-04-17,19,Smart TV,56,100%,TRUE,FALSE,FALSE,HD,SES630040,1,,,,,,,,,,,,,,,,,,,,,,,,,,,,,,,,,,,,,,,,,,,,,,,,,,,,,,,,,,,,,,,,,,,,,,,,,,,,,,,,,,,,,,,,,,,,,,,,,,,,,,,,,,,,,,,,,,,,,,,,,
EVT0003613,SUB00434,CNT00074,2023-03-11,6,Desktop,104,75-99%,FALSE,FALSE,FALSE,HD,SES166370,0,,,,,,,,,,,,,,,,,,,,,,,,,,,,,,,,,,,,,,,,,,,,,,,,,,,,,,,,,,,,,,,,,,,,,,,,,,,,,,,,,,,,,,,,,,,,,,,,,,,,,,,,,,,,,,,,,,,,,,,,,
EVT0003614,SUB00499,CNT00040,2023-06-13,11,Tablet,26,100%,TRUE,FALSE,FALSE,4K,SES495766,1,,,,,,,,,,,,,,,,,,,,,,,,,,,,,,,,,,,,,,,,,,,,,,,,,,,,,,,,,,,,,,,,,,,,,,,,,,,,,,,,,,,,,,,,,,,,,,,,,,,,,,,,,,,,,,,,,,,,,,,,,
EVT0003615,SUB00516,CNT00055,2023-11-27,8,Fire TV,62,75-99%,FALSE,FALSE,TRUE,HD,SES761961,0,,,,,,,,,,,,,,,,,,,,,,,,,,,,,,,,,,,,,,,,,,,,,,,,,,,,,,,,,,,,,,,,,,,,,,,,,,,,,,,,,,,,,,,,,,,,,,,,,,,,,,,,,,,,,,,,,,,,,,,,,
EVT0003616,SUB00104,CNT00079,2023-10-20,20,Mobile,32,100%,TRUE,TRUE,TRUE,HD,SES165314,1,,,,,,,,,,,,,,,,,,,,,,,,,,,,,,,,,,,,,,,,,,,,,,,,,,,,,,,,,,,,,,,,,,,,,,,,,,,,,,,,,,,,,,,,,,,,,,,,,,,,,,,,,,,,,,,,,,,,,,,,,
EVT0003617,SUB00218,CNT00005,2024-06-27,17,Fire TV,38,100%,TRUE,FALSE,FALSE,HD,SES677744,1,,,,,,,,,,,,,,,,,,,,,,,,,,,,,,,,,,,,,,,,,,,,,,,,,,,,,,,,,,,,,,,,,,,,,,,,,,,,,,,,,,,,,,,,,,,,,,,,,,,,,,,,,,,,,,,,,,,,,,,,,
EVT0003618,SUB00279,CNT00069,2023-02-15,14,Desktop,120,50-75%,FALSE,FALSE,FALSE,HD,SES825667,0,,,,,,,,,,,,,,,,,,,,,,,,,,,,,,,,,,,,,,,,,,,,,,,,,,,,,,,,,,,,,,,,,,,,,,,,,,,,,,,,,,,,,,,,,,,,,,,,,,,,,,,,,,,,,,,,,,,,,,,,,
EVT0003619,SUB00650,CNT00012,2024-04-13,12,Mobile,90,25-50%,FALSE,FALSE,FALSE,SD,SES542873,0,,,,,,,,,,,,,,,,,,,,,,,,,,,,,,,,,,,,,,,,,,,,,,,,,,,,,,,,,,,,,,,,,,,,,,,,,,,,,,,,,,,,,,,,,,,,,,,,,,,,,,,,,,,,,,,,,,,,,,,,,
EVT0003620,SUB00425,CNT00033,2024-03-08,21,Fire TV,92,100%,TRUE,FALSE,TRUE,SD,SES657008,1,,,,,,,,,,,,,,,,,,,,,,,,,,,,,,,,,,,,,,,,,,,,,,,,,,,,,,,,,,,,,,,,,,,,,,,,,,,,,,,,,,,,,,,,,,,,,,,,,,,,,,,,,,,,,,,,,,,,,,,,,
EVT0003621,SUB00570,CNT00079,2024-05-25,22,Smart TV,87,50-75%,FALSE,FALSE,FALSE,HD,SES560131,0,,,,,,,,,,,,,,,,,,,,,,,,,,,,,,,,,,,,,,,,,,,,,,,,,,,,,,,,,,,,,,,,,,,,,,,,,,,,,,,,,,,,,,,,,,,,,,,,,,,,,,,,,,,,,,,,,,,,,,,,,
EVT0003622,SUB00130,CNT00068,2023-04-20,6,Tablet,119,75-99%,FALSE,TRUE,TRUE,4K,SES610248,0,,,,,,,,,,,,,,,,,,,,,,,,,,,,,,,,,,,,,,,,,,,,,,,,,,,,,,,,,,,,,,,,,,,,,,,,,,,,,,,,,,,,,,,,,,,,,,,,,,,,,,,,,,,,,,,,,,,,,,,,,
EVT0003623,SUB00241,CNT00057,2023-04-11,8,Tablet,109,50-75%,FALSE,TRUE,TRUE,HD,SES801135,0,,,,,,,,,,,,,,,,,,,,,,,,,,,,,,,,,,,,,,,,,,,,,,,,,,,,,,,,,,,,,,,,,,,,,,,,,,,,,,,,,,,,,,,,,,,,,,,,,,,,,,,,,,,,,,,,,,,,,,,,,
EVT0003624,SUB00398,CNT00035,2023-12-13,14,Fire TV,37,75-99%,FALSE,TRUE,TRUE,SD,SES620912,0,,,,,,,,,,,,,,,,,,,,,,,,,,,,,,,,,,,,,,,,,,,,,,,,,,,,,,,,,,,,,,,,,,,,,,,,,,,,,,,,,,,,,,,,,,,,,,,,,,,,,,,,,,,,,,,,,,,,,,,,,
EVT0003625,SUB00461,CNT00027,2023-06-12,21,Desktop,60,75-99%,FALSE,TRUE,TRUE,HD,SES423913,0,,,,,,,,,,,,,,,,,,,,,,,,,,,,,,,,,,,,,,,,,,,,,,,,,,,,,,,,,,,,,,,,,,,,,,,,,,,,,,,,,,,,,,,,,,,,,,,,,,,,,,,,,,,,,,,,,,,,,,,,,
EVT0003626,SUB00452,CNT00092,2023-01-15,14,Mobile,102,100%,TRUE,TRUE,TRUE,HD,SES570832,1,,,,,,,,,,,,,,,,,,,,,,,,,,,,,,,,,,,,,,,,,,,,,,,,,,,,,,,,,,,,,,,,,,,,,,,,,,,,,,,,,,,,,,,,,,,,,,,,,,,,,,,,,,,,,,,,,,,,,,,,,
EVT0003627,SUB00417,CNT00018,2023-10-29,21,Roku,89,25-50%,FALSE,FALSE,TRUE,4K,SES761784,0,,,,,,,,,,,,,,,,,,,,,,,,,,,,,,,,,,,,,,,,,,,,,,,,,,,,,,,,,,,,,,,,,,,,,,,,,,,,,,,,,,,,,,,,,,,,,,,,,,,,,,,,,,,,,,,,,,,,,,,,,
EVT0003628,SUB00324,CNT00085,2023-05-09,10,Tablet,47,100%,TRUE,FALSE,TRUE,HD,SES576490,1,,,,,,,,,,,,,,,,,,,,,,,,,,,,,,,,,,,,,,,,,,,,,,,,,,,,,,,,,,,,,,,,,,,,,,,,,,,,,,,,,,,,,,,,,,,,,,,,,,,,,,,,,,,,,,,,,,,,,,,,,
EVT0003629,SUB00625,CNT00006,2023-06-28,11,Smart TV,96,100%,TRUE,FALSE,TRUE,HD,SES384487,1,,,,,,,,,,,,,,,,,,,,,,,,,,,,,,,,,,,,,,,,,,,,,,,,,,,,,,,,,,,,,,,,,,,,,,,,,,,,,,,,,,,,,,,,,,,,,,,,,,,,,,,,,,,,,,,,,,,,,,,,,
EVT0003630,SUB00444,CNT00013,2023-02-14,14,Mobile,34,50-75%,FALSE,FALSE,TRUE,HD,SES852111,0,,,,,,,,,,,,,,,,,,,,,,,,,,,,,,,,,,,,,,,,,,,,,,,,,,,,,,,,,,,,,,,,,,,,,,,,,,,,,,,,,,,,,,,,,,,,,,,,,,,,,,,,,,,,,,,,,,,,,,,,,
EVT0003631,SUB00571,CNT00069,2023-08-27,13,Roku,22,75-99%,FALSE,TRUE,FALSE,HD,SES650226,0,,,,,,,,,,,,,,,,,,,,,,,,,,,,,,,,,,,,,,,,,,,,,,,,,,,,,,,,,,,,,,,,,,,,,,,,,,,,,,,,,,,,,,,,,,,,,,,,,,,,,,,,,,,,,,,,,,,,,,,,,
EVT0003632,SUB00142,CNT00076,2024-02-04,19,Fire TV,69,100%,TRUE,FALSE,TRUE,HD,SES690344,1,,,,,,,,,,,,,,,,,,,,,,,,,,,,,,,,,,,,,,,,,,,,,,,,,,,,,,,,,,,,,,,,,,,,,,,,,,,,,,,,,,,,,,,,,,,,,,,,,,,,,,,,,,,,,,,,,,,,,,,,,
EVT0003633,SUB00442,CNT00008,2024-02-27,18,Tablet,68,50-75%,FALSE,FALSE,FALSE,HD,SES154322,0,,,,,,,,,,,,,,,,,,,,,,,,,,,,,,,,,,,,,,,,,,,,,,,,,,,,,,,,,,,,,,,,,,,,,,,,,,,,,,,,,,,,,,,,,,,,,,,,,,,,,,,,,,,,,,,,,,,,,,,,,
EVT0003634,SUB00206,CNT00011,2023-11-16,11,Desktop,23,100%,TRUE,FALSE,TRUE,4K,SES104264,1,,,,,,,,,,,,,,,,,,,,,,,,,,,,,,,,,,,,,,,,,,,,,,,,,,,,,,,,,,,,,,,,,,,,,,,,,,,,,,,,,,,,,,,,,,,,,,,,,,,,,,,,,,,,,,,,,,,,,,,,,
EVT0003635,SUB00033,CNT00048,2024-02-13,19,Desktop,115,25-50%,FALSE,FALSE,TRUE,SD,SES713911,0,,,,,,,,,,,,,,,,,,,,,,,,,,,,,,,,,,,,,,,,,,,,,,,,,,,,,,,,,,,,,,,,,,,,,,,,,,,,,,,,,,,,,,,,,,,,,,,,,,,,,,,,,,,,,,,,,,,,,,,,,
EVT0003636,SUB00078,CNT00065,2024-03-20,8,Mobile,11,100%,TRUE,FALSE,TRUE,HD,SES511280,1,,,,,,,,,,,,,,,,,,,,,,,,,,,,,,,,,,,,,,,,,,,,,,,,,,,,,,,,,,,,,,,,,,,,,,,,,,,,,,,,,,,,,,,,,,,,,,,,,,,,,,,,,,,,,,,,,,,,,,,,,
EVT0003637,SUB00682,CNT00042,2023-12-31,15,Fire TV,36,50-75%,FALSE,TRUE,TRUE,SD,SES597623,0,,,,,,,,,,,,,,,,,,,,,,,,,,,,,,,,,,,,,,,,,,,,,,,,,,,,,,,,,,,,,,,,,,,,,,,,,,,,,,,,,,,,,,,,,,,,,,,,,,,,,,,,,,,,,,,,,,,,,,,,,
EVT0003638,SUB00276,CNT00017,2024-06-15,21,Fire TV,43,100%,TRUE,FALSE,FALSE,HD,SES943468,1,,,,,,,,,,,,,,,,,,,,,,,,,,,,,,,,,,,,,,,,,,,,,,,,,,,,,,,,,,,,,,,,,,,,,,,,,,,,,,,,,,,,,,,,,,,,,,,,,,,,,,,,,,,,,,,,,,,,,,,,,
EVT0003639,SUB00663,CNT00087,2023-01-05,16,Fire TV,91,100%,TRUE,FALSE,FALSE,HD,SES579984,1,,,,,,,,,,,,,,,,,,,,,,,,,,,,,,,,,,,,,,,,,,,,,,,,,,,,,,,,,,,,,,,,,,,,,,,,,,,,,,,,,,,,,,,,,,,,,,,,,,,,,,,,,,,,,,,,,,,,,,,,,
EVT0003640,SUB00058,CNT00026,2023-07-22,19,Desktop,52,25-50%,FALSE,FALSE,FALSE,SD,SES148076,0,,,,,,,,,,,,,,,,,,,,,,,,,,,,,,,,,,,,,,,,,,,,,,,,,,,,,,,,,,,,,,,,,,,,,,,,,,,,,,,,,,,,,,,,,,,,,,,,,,,,,,,,,,,,,,,,,,,,,,,,,
EVT0003641,SUB00061,CNT00087,2024-04-03,8,Mobile,109,100%,TRUE,FALSE,TRUE,HD,SES801440,1,,,,,,,,,,,,,,,,,,,,,,,,,,,,,,,,,,,,,,,,,,,,,,,,,,,,,,,,,,,,,,,,,,,,,,,,,,,,,,,,,,,,,,,,,,,,,,,,,,,,,,,,,,,,,,,,,,,,,,,,,
EVT0003642,SUB00001,CNT00046,2023-09-16,6,Desktop,39,<25%,FALSE,TRUE,TRUE,HD,SES540954,0,,,,,,,,,,,,,,,,,,,,,,,,,,,,,,,,,,,,,,,,,,,,,,,,,,,,,,,,,,,,,,,,,,,,,,,,,,,,,,,,,,,,,,,,,,,,,,,,,,,,,,,,,,,,,,,,,,,,,,,,,
EVT0003643,SUB00252,CNT00062,2023-09-21,19,Tablet,22,100%,TRUE,FALSE,FALSE,4K,SES163829,1,,,,,,,,,,,,,,,,,,,,,,,,,,,,,,,,,,,,,,,,,,,,,,,,,,,,,,,,,,,,,,,,,,,,,,,,,,,,,,,,,,,,,,,,,,,,,,,,,,,,,,,,,,,,,,,,,,,,,,,,,
EVT0003644,SUB00198,CNT00091,2023-11-24,14,Mobile,15,75-99%,FALSE,FALSE,TRUE,HD,SES633039,0,,,,,,,,,,,,,,,,,,,,,,,,,,,,,,,,,,,,,,,,,,,,,,,,,,,,,,,,,,,,,,,,,,,,,,,,,,,,,,,,,,,,,,,,,,,,,,,,,,,,,,,,,,,,,,,,,,,,,,,,,
EVT0003645,SUB00587,CNT00025,2024-01-18,23,Roku,97,100%,TRUE,FALSE,TRUE,4K,SES728627,1,,,,,,,,,,,,,,,,,,,,,,,,,,,,,,,,,,,,,,,,,,,,,,,,,,,,,,,,,,,,,,,,,,,,,,,,,,,,,,,,,,,,,,,,,,,,,,,,,,,,,,,,,,,,,,,,,,,,,,,,,
EVT0003646,SUB00325,CNT00095,2024-05-20,14,Fire TV,13,25-50%,FALSE,FALSE,TRUE,4K,SES271600,0,,,,,,,,,,,,,,,,,,,,,,,,,,,,,,,,,,,,,,,,,,,,,,,,,,,,,,,,,,,,,,,,,,,,,,,,,,,,,,,,,,,,,,,,,,,,,,,,,,,,,,,,,,,,,,,,,,,,,,,,,
EVT0003647,SUB00169,CNT00007,2024-06-26,9,Desktop,40,100%,TRUE,FALSE,TRUE,SD,SES790873,1,,,,,,,,,,,,,,,,,,,,,,,,,,,,,,,,,,,,,,,,,,,,,,,,,,,,,,,,,,,,,,,,,,,,,,,,,,,,,,,,,,,,,,,,,,,,,,,,,,,,,,,,,,,,,,,,,,,,,,,,,
EVT0003648,SUB00643,CNT00018,2023-09-10,21,Desktop,95,100%,TRUE,FALSE,TRUE,4K,SES338303,1,,,,,,,,,,,,,,,,,,,,,,,,,,,,,,,,,,,,,,,,,,,,,,,,,,,,,,,,,,,,,,,,,,,,,,,,,,,,,,,,,,,,,,,,,,,,,,,,,,,,,,,,,,,,,,,,,,,,,,,,,
EVT0003649,SUB00149,CNT00040,2023-08-22,20,Roku,59,50-75%,FALSE,FALSE,FALSE,4K,SES841729,0,,,,,,,,,,,,,,,,,,,,,,,,,,,,,,,,,,,,,,,,,,,,,,,,,,,,,,,,,,,,,,,,,,,,,,,,,,,,,,,,,,,,,,,,,,,,,,,,,,,,,,,,,,,,,,,,,,,,,,,,,
EVT0003650,SUB00303,CNT00061,2023-02-25,10,Tablet,86,100%,TRUE,FALSE,TRUE,4K,SES750490,1,,,,,,,,,,,,,,,,,,,,,,,,,,,,,,,,,,,,,,,,,,,,,,,,,,,,,,,,,,,,,,,,,,,,,,,,,,,,,,,,,,,,,,,,,,,,,,,,,,,,,,,,,,,,,,,,,,,,,,,,,
EVT0003651,SUB00154,CNT00095,2024-05-07,12,Fire TV,104,100%,TRUE,FALSE,TRUE,HD,SES933709,1,,,,,,,,,,,,,,,,,,,,,,,,,,,,,,,,,,,,,,,,,,,,,,,,,,,,,,,,,,,,,,,,,,,,,,,,,,,,,,,,,,,,,,,,,,,,,,,,,,,,,,,,,,,,,,,,,,,,,,,,,
EVT0003652,SUB00420,CNT00085,2023-01-11,6,Mobile,81,100%,TRUE,FALSE,TRUE,HD,SES405738,1,,,,,,,,,,,,,,,,,,,,,,,,,,,,,,,,,,,,,,,,,,,,,,,,,,,,,,,,,,,,,,,,,,,,,,,,,,,,,,,,,,,,,,,,,,,,,,,,,,,,,,,,,,,,,,,,,,,,,,,,,
EVT0003653,SUB00178,CNT00022,2023-10-26,13,Mobile,53,100%,TRUE,FALSE,TRUE,HD,SES226984,1,,,,,,,,,,,,,,,,,,,,,,,,,,,,,,,,,,,,,,,,,,,,,,,,,,,,,,,,,,,,,,,,,,,,,,,,,,,,,,,,,,,,,,,,,,,,,,,,,,,,,,,,,,,,,,,,,,,,,,,,,
EVT0003654,SUB00515,CNT00071,2023-05-12,21,Mobile,115,75-99%,FALSE,TRUE,TRUE,HD,SES720903,0,,,,,,,,,,,,,,,,,,,,,,,,,,,,,,,,,,,,,,,,,,,,,,,,,,,,,,,,,,,,,,,,,,,,,,,,,,,,,,,,,,,,,,,,,,,,,,,,,,,,,,,,,,,,,,,,,,,,,,,,,
EVT0003655,SUB00002,CNT00042,2023-03-15,8,Tablet,103,75-99%,FALSE,FALSE,FALSE,4K,SES339698,0,,,,,,,,,,,,,,,,,,,,,,,,,,,,,,,,,,,,,,,,,,,,,,,,,,,,,,,,,,,,,,,,,,,,,,,,,,,,,,,,,,,,,,,,,,,,,,,,,,,,,,,,,,,,,,,,,,,,,,,,,
EVT0003656,SUB00695,CNT00049,2023-09-28,9,Fire TV,23,75-99%,FALSE,TRUE,TRUE,HD,SES378122,0,,,,,,,,,,,,,,,,,,,,,,,,,,,,,,,,,,,,,,,,,,,,,,,,,,,,,,,,,,,,,,,,,,,,,,,,,,,,,,,,,,,,,,,,,,,,,,,,,,,,,,,,,,,,,,,,,,,,,,,,,
EVT0003657,SUB00058,CNT00060,2023-10-09,22,Mobile,58,100%,TRUE,FALSE,TRUE,SD,SES869390,1,,,,,,,,,,,,,,,,,,,,,,,,,,,,,,,,,,,,,,,,,,,,,,,,,,,,,,,,,,,,,,,,,,,,,,,,,,,,,,,,,,,,,,,,,,,,,,,,,,,,,,,,,,,,,,,,,,,,,,,,,
EVT0003658,SUB00606,CNT00076,2023-09-03,16,Desktop,74,50-75%,FALSE,FALSE,FALSE,4K,SES998506,0,,,,,,,,,,,,,,,,,,,,,,,,,,,,,,,,,,,,,,,,,,,,,,,,,,,,,,,,,,,,,,,,,,,,,,,,,,,,,,,,,,,,,,,,,,,,,,,,,,,,,,,,,,,,,,,,,,,,,,,,,
EVT0003659,SUB00635,CNT00056,2023-11-30,9,Smart TV,71,50-75%,FALSE,TRUE,TRUE,SD,SES932724,0,,,,,,,,,,,,,,,,,,,,,,,,,,,,,,,,,,,,,,,,,,,,,,,,,,,,,,,,,,,,,,,,,,,,,,,,,,,,,,,,,,,,,,,,,,,,,,,,,,,,,,,,,,,,,,,,,,,,,,,,,
EVT0003660,SUB00187,CNT00050,2023-03-15,22,Mobile,45,25-50%,FALSE,FALSE,TRUE,HD,SES680518,0,,,,,,,,,,,,,,,,,,,,,,,,,,,,,,,,,,,,,,,,,,,,,,,,,,,,,,,,,,,,,,,,,,,,,,,,,,,,,,,,,,,,,,,,,,,,,,,,,,,,,,,,,,,,,,,,,,,,,,,,,
EVT0003661,SUB00598,CNT00055,2024-06-01,20,Mobile,67,100%,TRUE,TRUE,TRUE,SD,SES565513,1,,,,,,,,,,,,,,,,,,,,,,,,,,,,,,,,,,,,,,,,,,,,,,,,,,,,,,,,,,,,,,,,,,,,,,,,,,,,,,,,,,,,,,,,,,,,,,,,,,,,,,,,,,,,,,,,,,,,,,,,,
EVT0003662,SUB00637,CNT00050,2023-01-26,18,Smart TV,54,100%,TRUE,FALSE,TRUE,HD,SES565342,1,,,,,,,,,,,,,,,,,,,,,,,,,,,,,,,,,,,,,,,,,,,,,,,,,,,,,,,,,,,,,,,,,,,,,,,,,,,,,,,,,,,,,,,,,,,,,,,,,,,,,,,,,,,,,,,,,,,,,,,,,
EVT0003663,SUB00184,CNT00092,2024-02-19,12,Smart TV,59,100%,TRUE,FALSE,TRUE,HD,SES103477,1,,,,,,,,,,,,,,,,,,,,,,,,,,,,,,,,,,,,,,,,,,,,,,,,,,,,,,,,,,,,,,,,,,,,,,,,,,,,,,,,,,,,,,,,,,,,,,,,,,,,,,,,,,,,,,,,,,,,,,,,,
EVT0003664,SUB00621,CNT00033,2024-05-22,7,Desktop,70,100%,TRUE,FALSE,FALSE,HD,SES562347,1,,,,,,,,,,,,,,,,,,,,,,,,,,,,,,,,,,,,,,,,,,,,,,,,,,,,,,,,,,,,,,,,,,,,,,,,,,,,,,,,,,,,,,,,,,,,,,,,,,,,,,,,,,,,,,,,,,,,,,,,,
EVT0003665,SUB00511,CNT00043,2024-06-13,12,Roku,80,25-50%,FALSE,FALSE,TRUE,HD,SES507689,0,,,,,,,,,,,,,,,,,,,,,,,,,,,,,,,,,,,,,,,,,,,,,,,,,,,,,,,,,,,,,,,,,,,,,,,,,,,,,,,,,,,,,,,,,,,,,,,,,,,,,,,,,,,,,,,,,,,,,,,,,
EVT0003666,SUB00532,CNT00030,2023-04-22,23,Fire TV,33,50-75%,FALSE,FALSE,TRUE,HD,SES853103,0,,,,,,,,,,,,,,,,,,,,,,,,,,,,,,,,,,,,,,,,,,,,,,,,,,,,,,,,,,,,,,,,,,,,,,,,,,,,,,,,,,,,,,,,,,,,,,,,,,,,,,,,,,,,,,,,,,,,,,,,,
EVT0003667,SUB00540,CNT00066,2023-06-07,6,Mobile,58,100%,TRUE,FALSE,TRUE,4K,SES732582,1,,,,,,,,,,,,,,,,,,,,,,,,,,,,,,,,,,,,,,,,,,,,,,,,,,,,,,,,,,,,,,,,,,,,,,,,,,,,,,,,,,,,,,,,,,,,,,,,,,,,,,,,,,,,,,,,,,,,,,,,,
EVT0003668,SUB00170,CNT00037,2023-11-18,23,Fire TV,68,75-99%,FALSE,TRUE,TRUE,4K,SES870257,0,,,,,,,,,,,,,,,,,,,,,,,,,,,,,,,,,,,,,,,,,,,,,,,,,,,,,,,,,,,,,,,,,,,,,,,,,,,,,,,,,,,,,,,,,,,,,,,,,,,,,,,,,,,,,,,,,,,,,,,,,
EVT0003669,SUB00198,CNT00010,2023-08-18,20,Roku,104,100%,TRUE,TRUE,TRUE,HD,SES772290,1,,,,,,,,,,,,,,,,,,,,,,,,,,,,,,,,,,,,,,,,,,,,,,,,,,,,,,,,,,,,,,,,,,,,,,,,,,,,,,,,,,,,,,,,,,,,,,,,,,,,,,,,,,,,,,,,,,,,,,,,,
EVT0003670,SUB00507,CNT00072,2023-11-02,19,Fire TV,17,100%,TRUE,FALSE,TRUE,4K,SES761072,1,,,,,,,,,,,,,,,,,,,,,,,,,,,,,,,,,,,,,,,,,,,,,,,,,,,,,,,,,,,,,,,,,,,,,,,,,,,,,,,,,,,,,,,,,,,,,,,,,,,,,,,,,,,,,,,,,,,,,,,,,
EVT0003671,SUB00146,CNT00004,2023-02-21,7,Smart TV,68,100%,TRUE,FALSE,TRUE,4K,SES795113,1,,,,,,,,,,,,,,,,,,,,,,,,,,,,,,,,,,,,,,,,,,,,,,,,,,,,,,,,,,,,,,,,,,,,,,,,,,,,,,,,,,,,,,,,,,,,,,,,,,,,,,,,,,,,,,,,,,,,,,,,,
EVT0003672,SUB00535,CNT00097,2024-01-01,20,Mobile,103,100%,TRUE,TRUE,TRUE,SD,SES767418,1,,,,,,,,,,,,,,,,,,,,,,,,,,,,,,,,,,,,,,,,,,,,,,,,,,,,,,,,,,,,,,,,,,,,,,,,,,,,,,,,,,,,,,,,,,,,,,,,,,,,,,,,,,,,,,,,,,,,,,,,,
EVT0003673,SUB00334,CNT00098,2023-05-09,19,Smart TV,17,100%,TRUE,FALSE,FALSE,SD,SES446979,1,,,,,,,,,,,,,,,,,,,,,,,,,,,,,,,,,,,,,,,,,,,,,,,,,,,,,,,,,,,,,,,,,,,,,,,,,,,,,,,,,,,,,,,,,,,,,,,,,,,,,,,,,,,,,,,,,,,,,,,,,
EVT0003674,SUB00508,CNT00050,2023-08-09,12,Smart TV,98,100%,TRUE,FALSE,TRUE,HD,SES968276,1,,,,,,,,,,,,,,,,,,,,,,,,,,,,,,,,,,,,,,,,,,,,,,,,,,,,,,,,,,,,,,,,,,,,,,,,,,,,,,,,,,,,,,,,,,,,,,,,,,,,,,,,,,,,,,,,,,,,,,,,,
EVT0003675,SUB00510,CNT00088,2023-06-21,11,Smart TV,55,100%,TRUE,FALSE,FALSE,HD,SES598838,1,,,,,,,,,,,,,,,,,,,,,,,,,,,,,,,,,,,,,,,,,,,,,,,,,,,,,,,,,,,,,,,,,,,,,,,,,,,,,,,,,,,,,,,,,,,,,,,,,,,,,,,,,,,,,,,,,,,,,,,,,
EVT0003676,SUB00200,CNT00082,2023-11-21,11,Fire TV,38,100%,TRUE,TRUE,FALSE,HD,SES240506,1,,,,,,,,,,,,,,,,,,,,,,,,,,,,,,,,,,,,,,,,,,,,,,,,,,,,,,,,,,,,,,,,,,,,,,,,,,,,,,,,,,,,,,,,,,,,,,,,,,,,,,,,,,,,,,,,,,,,,,,,,
EVT0003677,SUB00456,CNT00051,2023-01-27,15,Fire TV,43,100%,TRUE,FALSE,FALSE,HD,SES380657,1,,,,,,,,,,,,,,,,,,,,,,,,,,,,,,,,,,,,,,,,,,,,,,,,,,,,,,,,,,,,,,,,,,,,,,,,,,,,,,,,,,,,,,,,,,,,,,,,,,,,,,,,,,,,,,,,,,,,,,,,,
EVT0003678,SUB00608,CNT00049,2023-04-28,16,Fire TV,78,100%,TRUE,FALSE,TRUE,HD,SES763743,1,,,,,,,,,,,,,,,,,,,,,,,,,,,,,,,,,,,,,,,,,,,,,,,,,,,,,,,,,,,,,,,,,,,,,,,,,,,,,,,,,,,,,,,,,,,,,,,,,,,,,,,,,,,,,,,,,,,,,,,,,
EVT0003679,SUB00686,CNT00030,2023-09-27,10,Desktop,62,<25%,FALSE,FALSE,TRUE,4K,SES572348,0,,,,,,,,,,,,,,,,,,,,,,,,,,,,,,,,,,,,,,,,,,,,,,,,,,,,,,,,,,,,,,,,,,,,,,,,,,,,,,,,,,,,,,,,,,,,,,,,,,,,,,,,,,,,,,,,,,,,,,,,,
EVT0003680,SUB00682,CNT00068,2023-08-23,20,Mobile,46,50-75%,FALSE,FALSE,TRUE,HD,SES263635,0,,,,,,,,,,,,,,,,,,,,,,,,,,,,,,,,,,,,,,,,,,,,,,,,,,,,,,,,,,,,,,,,,,,,,,,,,,,,,,,,,,,,,,,,,,,,,,,,,,,,,,,,,,,,,,,,,,,,,,,,,
EVT0003681,SUB00091,CNT00016,2023-12-24,12,Mobile,88,100%,TRUE,FALSE,TRUE,HD,SES236923,1,,,,,,,,,,,,,,,,,,,,,,,,,,,,,,,,,,,,,,,,,,,,,,,,,,,,,,,,,,,,,,,,,,,,,,,,,,,,,,,,,,,,,,,,,,,,,,,,,,,,,,,,,,,,,,,,,,,,,,,,,
EVT0003682,SUB00489,CNT00017,2023-01-20,17,Desktop,59,50-75%,FALSE,TRUE,FALSE,HD,SES945173,0,,,,,,,,,,,,,,,,,,,,,,,,,,,,,,,,,,,,,,,,,,,,,,,,,,,,,,,,,,,,,,,,,,,,,,,,,,,,,,,,,,,,,,,,,,,,,,,,,,,,,,,,,,,,,,,,,,,,,,,,,
EVT0003683,SUB00471,CNT00002,2024-02-17,16,Mobile,96,100%,TRUE,FALSE,TRUE,4K,SES101541,1,,,,,,,,,,,,,,,,,,,,,,,,,,,,,,,,,,,,,,,,,,,,,,,,,,,,,,,,,,,,,,,,,,,,,,,,,,,,,,,,,,,,,,,,,,,,,,,,,,,,,,,,,,,,,,,,,,,,,,,,,
EVT0003684,SUB00002,CNT00051,2023-03-25,16,Desktop,53,100%,TRUE,FALSE,TRUE,HD,SES488122,1,,,,,,,,,,,,,,,,,,,,,,,,,,,,,,,,,,,,,,,,,,,,,,,,,,,,,,,,,,,,,,,,,,,,,,,,,,,,,,,,,,,,,,,,,,,,,,,,,,,,,,,,,,,,,,,,,,,,,,,,,
EVT0003685,SUB00658,CNT00051,2024-03-05,20,Smart TV,97,75-99%,FALSE,TRUE,FALSE,HD,SES602995,0,,,,,,,,,,,,,,,,,,,,,,,,,,,,,,,,,,,,,,,,,,,,,,,,,,,,,,,,,,,,,,,,,,,,,,,,,,,,,,,,,,,,,,,,,,,,,,,,,,,,,,,,,,,,,,,,,,,,,,,,,
EVT0003686,SUB00086,CNT00044,2023-11-05,22,Tablet,83,<25%,FALSE,TRUE,FALSE,HD,SES353024,0,,,,,,,,,,,,,,,,,,,,,,,,,,,,,,,,,,,,,,,,,,,,,,,,,,,,,,,,,,,,,,,,,,,,,,,,,,,,,,,,,,,,,,,,,,,,,,,,,,,,,,,,,,,,,,,,,,,,,,,,,
EVT0003687,SUB00056,CNT00039,2023-09-07,19,Fire TV,28,100%,TRUE,TRUE,TRUE,HD,SES767384,1,,,,,,,,,,,,,,,,,,,,,,,,,,,,,,,,,,,,,,,,,,,,,,,,,,,,,,,,,,,,,,,,,,,,,,,,,,,,,,,,,,,,,,,,,,,,,,,,,,,,,,,,,,,,,,,,,,,,,,,,,
EVT0003688,SUB00429,CNT00049,2023-01-24,16,Smart TV,113,100%,TRUE,FALSE,TRUE,SD,SES437618,1,,,,,,,,,,,,,,,,,,,,,,,,,,,,,,,,,,,,,,,,,,,,,,,,,,,,,,,,,,,,,,,,,,,,,,,,,,,,,,,,,,,,,,,,,,,,,,,,,,,,,,,,,,,,,,,,,,,,,,,,,
EVT0003689,SUB00304,CNT00005,2023-07-28,22,Mobile,86,100%,TRUE,FALSE,TRUE,HD,SES312224,1,,,,,,,,,,,,,,,,,,,,,,,,,,,,,,,,,,,,,,,,,,,,,,,,,,,,,,,,,,,,,,,,,,,,,,,,,,,,,,,,,,,,,,,,,,,,,,,,,,,,,,,,,,,,,,,,,,,,,,,,,
EVT0003690,SUB00590,CNT00049,2023-03-05,7,Desktop,19,25-50%,FALSE,TRUE,TRUE,HD,SES227671,0,,,,,,,,,,,,,,,,,,,,,,,,,,,,,,,,,,,,,,,,,,,,,,,,,,,,,,,,,,,,,,,,,,,,,,,,,,,,,,,,,,,,,,,,,,,,,,,,,,,,,,,,,,,,,,,,,,,,,,,,,
EVT0003691,SUB00619,CNT00053,2024-02-11,20,Mobile,47,100%,TRUE,FALSE,TRUE,4K,SES224165,1,,,,,,,,,,,,,,,,,,,,,,,,,,,,,,,,,,,,,,,,,,,,,,,,,,,,,,,,,,,,,,,,,,,,,,,,,,,,,,,,,,,,,,,,,,,,,,,,,,,,,,,,,,,,,,,,,,,,,,,,,
EVT0003692,SUB00472,CNT00074,2023-05-03,21,Desktop,82,100%,TRUE,FALSE,FALSE,HD,SES208956,1,,,,,,,,,,,,,,,,,,,,,,,,,,,,,,,,,,,,,,,,,,,,,,,,,,,,,,,,,,,,,,,,,,,,,,,,,,,,,,,,,,,,,,,,,,,,,,,,,,,,,,,,,,,,,,,,,,,,,,,,,
EVT0003693,SUB00423,CNT00073,2023-10-19,18,Fire TV,11,100%,TRUE,FALSE,TRUE,4K,SES745805,1,,,,,,,,,,,,,,,,,,,,,,,,,,,,,,,,,,,,,,,,,,,,,,,,,,,,,,,,,,,,,,,,,,,,,,,,,,,,,,,,,,,,,,,,,,,,,,,,,,,,,,,,,,,,,,,,,,,,,,,,,
EVT0003694,SUB00071,CNT00020,2024-03-06,22,Smart TV,7,100%,TRUE,FALSE,FALSE,HD,SES667337,1,,,,,,,,,,,,,,,,,,,,,,,,,,,,,,,,,,,,,,,,,,,,,,,,,,,,,,,,,,,,,,,,,,,,,,,,,,,,,,,,,,,,,,,,,,,,,,,,,,,,,,,,,,,,,,,,,,,,,,,,,
EVT0003695,SUB00319,CNT00058,2024-06-13,23,Roku,69,100%,TRUE,TRUE,TRUE,HD,SES577384,1,,,,,,,,,,,,,,,,,,,,,,,,,,,,,,,,,,,,,,,,,,,,,,,,,,,,,,,,,,,,,,,,,,,,,,,,,,,,,,,,,,,,,,,,,,,,,,,,,,,,,,,,,,,,,,,,,,,,,,,,,
EVT0003696,SUB00637,CNT00068,2023-12-23,23,Fire TV,60,100%,TRUE,TRUE,TRUE,4K,SES626617,1,,,,,,,,,,,,,,,,,,,,,,,,,,,,,,,,,,,,,,,,,,,,,,,,,,,,,,,,,,,,,,,,,,,,,,,,,,,,,,,,,,,,,,,,,,,,,,,,,,,,,,,,,,,,,,,,,,,,,,,,,
EVT0003697,SUB00240,CNT00034,2023-07-11,20,Mobile,120,100%,TRUE,FALSE,TRUE,HD,SES953932,1,,,,,,,,,,,,,,,,,,,,,,,,,,,,,,,,,,,,,,,,,,,,,,,,,,,,,,,,,,,,,,,,,,,,,,,,,,,,,,,,,,,,,,,,,,,,,,,,,,,,,,,,,,,,,,,,,,,,,,,,,
EVT0003698,SUB00605,CNT00003,2023-12-07,12,Smart TV,54,25-50%,FALSE,FALSE,TRUE,SD,SES168824,0,,,,,,,,,,,,,,,,,,,,,,,,,,,,,,,,,,,,,,,,,,,,,,,,,,,,,,,,,,,,,,,,,,,,,,,,,,,,,,,,,,,,,,,,,,,,,,,,,,,,,,,,,,,,,,,,,,,,,,,,,
EVT0003699,SUB00392,CNT00094,2023-12-02,8,Tablet,7,75-99%,FALSE,FALSE,TRUE,HD,SES291376,0,,,,,,,,,,,,,,,,,,,,,,,,,,,,,,,,,,,,,,,,,,,,,,,,,,,,,,,,,,,,,,,,,,,,,,,,,,,,,,,,,,,,,,,,,,,,,,,,,,,,,,,,,,,,,,,,,,,,,,,,,
EVT0003700,SUB00416,CNT00050,2023-10-28,9,Fire TV,35,100%,TRUE,FALSE,TRUE,HD,SES930605,1,,,,,,,,,,,,,,,,,,,,,,,,,,,,,,,,,,,,,,,,,,,,,,,,,,,,,,,,,,,,,,,,,,,,,,,,,,,,,,,,,,,,,,,,,,,,,,,,,,,,,,,,,,,,,,,,,,,,,,,,,
EVT0003701,SUB00058,CNT00086,2023-11-30,12,Fire TV,18,100%,TRUE,FALSE,FALSE,HD,SES769710,1,,,,,,,,,,,,,,,,,,,,,,,,,,,,,,,,,,,,,,,,,,,,,,,,,,,,,,,,,,,,,,,,,,,,,,,,,,,,,,,,,,,,,,,,,,,,,,,,,,,,,,,,,,,,,,,,,,,,,,,,,
EVT0003702,SUB00481,CNT00011,2023-08-30,9,Fire TV,111,100%,TRUE,FALSE,TRUE,4K,SES211367,1,,,,,,,,,,,,,,,,,,,,,,,,,,,,,,,,,,,,,,,,,,,,,,,,,,,,,,,,,,,,,,,,,,,,,,,,,,,,,,,,,,,,,,,,,,,,,,,,,,,,,,,,,,,,,,,,,,,,,,,,,
EVT0003703,SUB00077,CNT00049,2024-06-08,6,Mobile,40,100%,TRUE,FALSE,FALSE,SD,SES418624,1,,,,,,,,,,,,,,,,,,,,,,,,,,,,,,,,,,,,,,,,,,,,,,,,,,,,,,,,,,,,,,,,,,,,,,,,,,,,,,,,,,,,,,,,,,,,,,,,,,,,,,,,,,,,,,,,,,,,,,,,,
EVT0003704,SUB00313,CNT00052,2024-03-18,17,Fire TV,108,<25%,FALSE,FALSE,TRUE,4K,SES203013,0,,,,,,,,,,,,,,,,,,,,,,,,,,,,,,,,,,,,,,,,,,,,,,,,,,,,,,,,,,,,,,,,,,,,,,,,,,,,,,,,,,,,,,,,,,,,,,,,,,,,,,,,,,,,,,,,,,,,,,,,,
EVT0003705,SUB00632,CNT00036,2023-08-17,8,Fire TV,85,75-99%,FALSE,TRUE,FALSE,HD,SES555097,0,,,,,,,,,,,,,,,,,,,,,,,,,,,,,,,,,,,,,,,,,,,,,,,,,,,,,,,,,,,,,,,,,,,,,,,,,,,,,,,,,,,,,,,,,,,,,,,,,,,,,,,,,,,,,,,,,,,,,,,,,
EVT0003706,SUB00022,CNT00055,2023-02-25,7,Fire TV,59,100%,TRUE,FALSE,TRUE,4K,SES423276,1,,,,,,,,,,,,,,,,,,,,,,,,,,,,,,,,,,,,,,,,,,,,,,,,,,,,,,,,,,,,,,,,,,,,,,,,,,,,,,,,,,,,,,,,,,,,,,,,,,,,,,,,,,,,,,,,,,,,,,,,,
EVT0003707,SUB00440,CNT00055,2023-03-24,18,Mobile,18,100%,TRUE,FALSE,TRUE,HD,SES975833,1,,,,,,,,,,,,,,,,,,,,,,,,,,,,,,,,,,,,,,,,,,,,,,,,,,,,,,,,,,,,,,,,,,,,,,,,,,,,,,,,,,,,,,,,,,,,,,,,,,,,,,,,,,,,,,,,,,,,,,,,,
EVT0003708,SUB00168,CNT00053,2023-10-12,21,Mobile,76,100%,TRUE,TRUE,TRUE,HD,SES880179,1,,,,,,,,,,,,,,,,,,,,,,,,,,,,,,,,,,,,,,,,,,,,,,,,,,,,,,,,,,,,,,,,,,,,,,,,,,,,,,,,,,,,,,,,,,,,,,,,,,,,,,,,,,,,,,,,,,,,,,,,,
EVT0003709,SUB00568,CNT00005,2023-12-19,21,Desktop,96,50-75%,FALSE,FALSE,FALSE,4K,SES835748,0,,,,,,,,,,,,,,,,,,,,,,,,,,,,,,,,,,,,,,,,,,,,,,,,,,,,,,,,,,,,,,,,,,,,,,,,,,,,,,,,,,,,,,,,,,,,,,,,,,,,,,,,,,,,,,,,,,,,,,,,,
EVT0003710,SUB00181,CNT00048,2024-05-10,7,Smart TV,15,<25%,FALSE,FALSE,TRUE,HD,SES533718,0,,,,,,,,,,,,,,,,,,,,,,,,,,,,,,,,,,,,,,,,,,,,,,,,,,,,,,,,,,,,,,,,,,,,,,,,,,,,,,,,,,,,,,,,,,,,,,,,,,,,,,,,,,,,,,,,,,,,,,,,,
EVT0003711,SUB00459,CNT00061,2023-04-05,11,Smart TV,92,100%,TRUE,FALSE,FALSE,4K,SES764448,1,,,,,,,,,,,,,,,,,,,,,,,,,,,,,,,,,,,,,,,,,,,,,,,,,,,,,,,,,,,,,,,,,,,,,,,,,,,,,,,,,,,,,,,,,,,,,,,,,,,,,,,,,,,,,,,,,,,,,,,,,
EVT0003712,SUB00430,CNT00017,2024-04-24,17,Roku,32,100%,TRUE,TRUE,TRUE,SD,SES728184,1,,,,,,,,,,,,,,,,,,,,,,,,,,,,,,,,,,,,,,,,,,,,,,,,,,,,,,,,,,,,,,,,,,,,,,,,,,,,,,,,,,,,,,,,,,,,,,,,,,,,,,,,,,,,,,,,,,,,,,,,,
EVT0003713,SUB00085,CNT00090,2023-02-08,18,Smart TV,32,100%,TRUE,FALSE,FALSE,HD,SES251962,1,,,,,,,,,,,,,,,,,,,,,,,,,,,,,,,,,,,,,,,,,,,,,,,,,,,,,,,,,,,,,,,,,,,,,,,,,,,,,,,,,,,,,,,,,,,,,,,,,,,,,,,,,,,,,,,,,,,,,,,,,
EVT0003714,SUB00498,CNT00061,2024-03-29,16,Roku,44,<25%,FALSE,FALSE,TRUE,HD,SES630741,0,,,,,,,,,,,,,,,,,,,,,,,,,,,,,,,,,,,,,,,,,,,,,,,,,,,,,,,,,,,,,,,,,,,,,,,,,,,,,,,,,,,,,,,,,,,,,,,,,,,,,,,,,,,,,,,,,,,,,,,,,
EVT0003715,SUB00241,CNT00096,2023-06-26,17,Tablet,30,75-99%,FALSE,FALSE,TRUE,4K,SES664352,0,,,,,,,,,,,,,,,,,,,,,,,,,,,,,,,,,,,,,,,,,,,,,,,,,,,,,,,,,,,,,,,,,,,,,,,,,,,,,,,,,,,,,,,,,,,,,,,,,,,,,,,,,,,,,,,,,,,,,,,,,
EVT0003716,SUB00094,CNT00075,2023-07-06,9,Tablet,87,<25%,FALSE,FALSE,TRUE,HD,SES731264,0,,,,,,,,,,,,,,,,,,,,,,,,,,,,,,,,,,,,,,,,,,,,,,,,,,,,,,,,,,,,,,,,,,,,,,,,,,,,,,,,,,,,,,,,,,,,,,,,,,,,,,,,,,,,,,,,,,,,,,,,,
EVT0003717,SUB00103,CNT00048,2023-10-11,9,Smart TV,84,100%,TRUE,FALSE,TRUE,4K,SES945136,1,,,,,,,,,,,,,,,,,,,,,,,,,,,,,,,,,,,,,,,,,,,,,,,,,,,,,,,,,,,,,,,,,,,,,,,,,,,,,,,,,,,,,,,,,,,,,,,,,,,,,,,,,,,,,,,,,,,,,,,,,
EVT0003718,SUB00161,CNT00027,2023-09-12,6,Roku,102,75-99%,FALSE,TRUE,FALSE,HD,SES353979,0,,,,,,,,,,,,,,,,,,,,,,,,,,,,,,,,,,,,,,,,,,,,,,,,,,,,,,,,,,,,,,,,,,,,,,,,,,,,,,,,,,,,,,,,,,,,,,,,,,,,,,,,,,,,,,,,,,,,,,,,,
EVT0003719,SUB00474,CNT00027,2023-05-01,10,Fire TV,96,100%,TRUE,TRUE,TRUE,4K,SES346129,1,,,,,,,,,,,,,,,,,,,,,,,,,,,,,,,,,,,,,,,,,,,,,,,,,,,,,,,,,,,,,,,,,,,,,,,,,,,,,,,,,,,,,,,,,,,,,,,,,,,,,,,,,,,,,,,,,,,,,,,,,
EVT0003720,SUB00149,CNT00024,2023-09-15,21,Roku,118,100%,TRUE,FALSE,TRUE,HD,SES273833,1,,,,,,,,,,,,,,,,,,,,,,,,,,,,,,,,,,,,,,,,,,,,,,,,,,,,,,,,,,,,,,,,,,,,,,,,,,,,,,,,,,,,,,,,,,,,,,,,,,,,,,,,,,,,,,,,,,,,,,,,,
EVT0003721,SUB00503,CNT00014,2023-01-07,6,Desktop,95,75-99%,FALSE,FALSE,FALSE,4K,SES908763,0,,,,,,,,,,,,,,,,,,,,,,,,,,,,,,,,,,,,,,,,,,,,,,,,,,,,,,,,,,,,,,,,,,,,,,,,,,,,,,,,,,,,,,,,,,,,,,,,,,,,,,,,,,,,,,,,,,,,,,,,,
EVT0003722,SUB00536,CNT00002,2023-11-30,11,Roku,119,100%,TRUE,FALSE,TRUE,HD,SES999593,1,,,,,,,,,,,,,,,,,,,,,,,,,,,,,,,,,,,,,,,,,,,,,,,,,,,,,,,,,,,,,,,,,,,,,,,,,,,,,,,,,,,,,,,,,,,,,,,,,,,,,,,,,,,,,,,,,,,,,,,,,
EVT0003723,SUB00532,CNT00042,2023-06-13,22,Desktop,100,100%,TRUE,TRUE,FALSE,HD,SES868125,1,,,,,,,,,,,,,,,,,,,,,,,,,,,,,,,,,,,,,,,,,,,,,,,,,,,,,,,,,,,,,,,,,,,,,,,,,,,,,,,,,,,,,,,,,,,,,,,,,,,,,,,,,,,,,,,,,,,,,,,,,
EVT0003724,SUB00024,CNT00097,2024-04-07,17,Roku,64,25-50%,FALSE,FALSE,TRUE,HD,SES120415,0,,,,,,,,,,,,,,,,,,,,,,,,,,,,,,,,,,,,,,,,,,,,,,,,,,,,,,,,,,,,,,,,,,,,,,,,,,,,,,,,,,,,,,,,,,,,,,,,,,,,,,,,,,,,,,,,,,,,,,,,,
EVT0003725,SUB00062,CNT00096,2024-06-20,10,Desktop,23,25-50%,FALSE,TRUE,FALSE,SD,SES528624,0,,,,,,,,,,,,,,,,,,,,,,,,,,,,,,,,,,,,,,,,,,,,,,,,,,,,,,,,,,,,,,,,,,,,,,,,,,,,,,,,,,,,,,,,,,,,,,,,,,,,,,,,,,,,,,,,,,,,,,,,,
EVT0003726,SUB00383,CNT00009,2024-04-16,12,Smart TV,86,<25%,FALSE,FALSE,FALSE,SD,SES913107,0,,,,,,,,,,,,,,,,,,,,,,,,,,,,,,,,,,,,,,,,,,,,,,,,,,,,,,,,,,,,,,,,,,,,,,,,,,,,,,,,,,,,,,,,,,,,,,,,,,,,,,,,,,,,,,,,,,,,,,,,,
EVT0003727,SUB00308,CNT00037,2023-08-09,20,Desktop,48,100%,TRUE,FALSE,FALSE,HD,SES634064,1,,,,,,,,,,,,,,,,,,,,,,,,,,,,,,,,,,,,,,,,,,,,,,,,,,,,,,,,,,,,,,,,,,,,,,,,,,,,,,,,,,,,,,,,,,,,,,,,,,,,,,,,,,,,,,,,,,,,,,,,,
EVT0003728,SUB00217,CNT00012,2024-03-07,20,Roku,80,50-75%,FALSE,FALSE,TRUE,SD,SES650516,0,,,,,,,,,,,,,,,,,,,,,,,,,,,,,,,,,,,,,,,,,,,,,,,,,,,,,,,,,,,,,,,,,,,,,,,,,,,,,,,,,,,,,,,,,,,,,,,,,,,,,,,,,,,,,,,,,,,,,,,,,
EVT0003729,SUB00341,CNT00010,2023-02-01,23,Fire TV,14,75-99%,FALSE,TRUE,FALSE,HD,SES786520,0,,,,,,,,,,,,,,,,,,,,,,,,,,,,,,,,,,,,,,,,,,,,,,,,,,,,,,,,,,,,,,,,,,,,,,,,,,,,,,,,,,,,,,,,,,,,,,,,,,,,,,,,,,,,,,,,,,,,,,,,,
EVT0003730,SUB00675,CNT00050,2023-08-17,16,Desktop,93,100%,TRUE,FALSE,TRUE,HD,SES896358,1,,,,,,,,,,,,,,,,,,,,,,,,,,,,,,,,,,,,,,,,,,,,,,,,,,,,,,,,,,,,,,,,,,,,,,,,,,,,,,,,,,,,,,,,,,,,,,,,,,,,,,,,,,,,,,,,,,,,,,,,,
EVT0003731,SUB00399,CNT00031,2024-05-13,11,Fire TV,46,50-75%,FALSE,FALSE,TRUE,HD,SES260633,0,,,,,,,,,,,,,,,,,,,,,,,,,,,,,,,,,,,,,,,,,,,,,,,,,,,,,,,,,,,,,,,,,,,,,,,,,,,,,,,,,,,,,,,,,,,,,,,,,,,,,,,,,,,,,,,,,,,,,,,,,
EVT0003732,SUB00555,CNT00085,2023-01-13,14,Desktop,111,50-75%,FALSE,FALSE,FALSE,4K,SES938841,0,,,,,,,,,,,,,,,,,,,,,,,,,,,,,,,,,,,,,,,,,,,,,,,,,,,,,,,,,,,,,,,,,,,,,,,,,,,,,,,,,,,,,,,,,,,,,,,,,,,,,,,,,,,,,,,,,,,,,,,,,
EVT0003733,SUB00603,CNT00094,2023-05-15,12,Roku,12,75-99%,FALSE,FALSE,TRUE,HD,SES810700,0,,,,,,,,,,,,,,,,,,,,,,,,,,,,,,,,,,,,,,,,,,,,,,,,,,,,,,,,,,,,,,,,,,,,,,,,,,,,,,,,,,,,,,,,,,,,,,,,,,,,,,,,,,,,,,,,,,,,,,,,,
EVT0003734,SUB00046,CNT00056,2024-01-21,12,Roku,81,100%,TRUE,FALSE,TRUE,SD,SES138732,1,,,,,,,,,,,,,,,,,,,,,,,,,,,,,,,,,,,,,,,,,,,,,,,,,,,,,,,,,,,,,,,,,,,,,,,,,,,,,,,,,,,,,,,,,,,,,,,,,,,,,,,,,,,,,,,,,,,,,,,,,
EVT0003735,SUB00674,CNT00026,2024-01-29,10,Roku,23,75-99%,FALSE,TRUE,TRUE,HD,SES710496,0,,,,,,,,,,,,,,,,,,,,,,,,,,,,,,,,,,,,,,,,,,,,,,,,,,,,,,,,,,,,,,,,,,,,,,,,,,,,,,,,,,,,,,,,,,,,,,,,,,,,,,,,,,,,,,,,,,,,,,,,,
EVT0003736,SUB00387,CNT00079,2024-06-12,22,Tablet,94,25-50%,FALSE,FALSE,TRUE,SD,SES357390,0,,,,,,,,,,,,,,,,,,,,,,,,,,,,,,,,,,,,,,,,,,,,,,,,,,,,,,,,,,,,,,,,,,,,,,,,,,,,,,,,,,,,,,,,,,,,,,,,,,,,,,,,,,,,,,,,,,,,,,,,,
EVT0003737,SUB00667,CNT00005,2024-03-07,16,Fire TV,88,75-99%,FALSE,FALSE,TRUE,4K,SES756984,0,,,,,,,,,,,,,,,,,,,,,,,,,,,,,,,,,,,,,,,,,,,,,,,,,,,,,,,,,,,,,,,,,,,,,,,,,,,,,,,,,,,,,,,,,,,,,,,,,,,,,,,,,,,,,,,,,,,,,,,,,
EVT0003738,SUB00596,CNT00032,2023-02-05,12,Tablet,26,<25%,FALSE,FALSE,FALSE,HD,SES744299,0,,,,,,,,,,,,,,,,,,,,,,,,,,,,,,,,,,,,,,,,,,,,,,,,,,,,,,,,,,,,,,,,,,,,,,,,,,,,,,,,,,,,,,,,,,,,,,,,,,,,,,,,,,,,,,,,,,,,,,,,,
EVT0003739,SUB00694,CNT00071,2023-01-02,22,Desktop,102,100%,TRUE,TRUE,FALSE,SD,SES196219,1,,,,,,,,,,,,,,,,,,,,,,,,,,,,,,,,,,,,,,,,,,,,,,,,,,,,,,,,,,,,,,,,,,,,,,,,,,,,,,,,,,,,,,,,,,,,,,,,,,,,,,,,,,,,,,,,,,,,,,,,,
EVT0003740,SUB00472,CNT00064,2023-01-04,12,Fire TV,56,100%,TRUE,TRUE,TRUE,HD,SES636177,1,,,,,,,,,,,,,,,,,,,,,,,,,,,,,,,,,,,,,,,,,,,,,,,,,,,,,,,,,,,,,,,,,,,,,,,,,,,,,,,,,,,,,,,,,,,,,,,,,,,,,,,,,,,,,,,,,,,,,,,,,
EVT0003741,SUB00520,CNT00072,2023-01-31,15,Tablet,105,100%,TRUE,FALSE,TRUE,HD,SES240856,1,,,,,,,,,,,,,,,,,,,,,,,,,,,,,,,,,,,,,,,,,,,,,,,,,,,,,,,,,,,,,,,,,,,,,,,,,,,,,,,,,,,,,,,,,,,,,,,,,,,,,,,,,,,,,,,,,,,,,,,,,
EVT0003742,SUB00204,CNT00094,2023-04-26,19,Smart TV,115,100%,TRUE,FALSE,TRUE,SD,SES849840,1,,,,,,,,,,,,,,,,,,,,,,,,,,,,,,,,,,,,,,,,,,,,,,,,,,,,,,,,,,,,,,,,,,,,,,,,,,,,,,,,,,,,,,,,,,,,,,,,,,,,,,,,,,,,,,,,,,,,,,,,,
EVT0003743,SUB00517,CNT00028,2023-03-19,15,Fire TV,35,50-75%,FALSE,TRUE,FALSE,HD,SES697682,0,,,,,,,,,,,,,,,,,,,,,,,,,,,,,,,,,,,,,,,,,,,,,,,,,,,,,,,,,,,,,,,,,,,,,,,,,,,,,,,,,,,,,,,,,,,,,,,,,,,,,,,,,,,,,,,,,,,,,,,,,
EVT0003744,SUB00338,CNT00049,2024-05-14,14,Smart TV,20,75-99%,FALSE,FALSE,TRUE,HD,SES896123,0,,,,,,,,,,,,,,,,,,,,,,,,,,,,,,,,,,,,,,,,,,,,,,,,,,,,,,,,,,,,,,,,,,,,,,,,,,,,,,,,,,,,,,,,,,,,,,,,,,,,,,,,,,,,,,,,,,,,,,,,,
EVT0003745,SUB00068,CNT00096,2023-02-03,20,Smart TV,81,75-99%,FALSE,TRUE,FALSE,HD,SES209887,0,,,,,,,,,,,,,,,,,,,,,,,,,,,,,,,,,,,,,,,,,,,,,,,,,,,,,,,,,,,,,,,,,,,,,,,,,,,,,,,,,,,,,,,,,,,,,,,,,,,,,,,,,,,,,,,,,,,,,,,,,
EVT0003746,SUB00164,CNT00046,2023-05-06,20,Tablet,54,100%,TRUE,TRUE,TRUE,SD,SES237515,1,,,,,,,,,,,,,,,,,,,,,,,,,,,,,,,,,,,,,,,,,,,,,,,,,,,,,,,,,,,,,,,,,,,,,,,,,,,,,,,,,,,,,,,,,,,,,,,,,,,,,,,,,,,,,,,,,,,,,,,,,
EVT0003747,SUB00110,CNT00094,2023-08-06,20,Mobile,44,75-99%,FALSE,TRUE,FALSE,HD,SES247383,0,,,,,,,,,,,,,,,,,,,,,,,,,,,,,,,,,,,,,,,,,,,,,,,,,,,,,,,,,,,,,,,,,,,,,,,,,,,,,,,,,,,,,,,,,,,,,,,,,,,,,,,,,,,,,,,,,,,,,,,,,
EVT0003748,SUB00323,CNT00071,2024-05-20,8,Roku,45,<25%,FALSE,FALSE,TRUE,SD,SES534640,0,,,,,,,,,,,,,,,,,,,,,,,,,,,,,,,,,,,,,,,,,,,,,,,,,,,,,,,,,,,,,,,,,,,,,,,,,,,,,,,,,,,,,,,,,,,,,,,,,,,,,,,,,,,,,,,,,,,,,,,,,
EVT0003749,SUB00025,CNT00015,2023-08-12,10,Desktop,26,75-99%,FALSE,FALSE,TRUE,HD,SES693943,0,,,,,,,,,,,,,,,,,,,,,,,,,,,,,,,,,,,,,,,,,,,,,,,,,,,,,,,,,,,,,,,,,,,,,,,,,,,,,,,,,,,,,,,,,,,,,,,,,,,,,,,,,,,,,,,,,,,,,,,,,
EVT0003750,SUB00010,CNT00029,2023-04-16,7,Mobile,120,<25%,FALSE,TRUE,TRUE,HD,SES790813,0,,,,,,,,,,,,,,,,,,,,,,,,,,,,,,,,,,,,,,,,,,,,,,,,,,,,,,,,,,,,,,,,,,,,,,,,,,,,,,,,,,,,,,,,,,,,,,,,,,,,,,,,,,,,,,,,,,,,,,,,,
EVT0003751,SUB00332,CNT00044,2023-07-05,11,Smart TV,29,100%,TRUE,FALSE,FALSE,SD,SES178812,1,,,,,,,,,,,,,,,,,,,,,,,,,,,,,,,,,,,,,,,,,,,,,,,,,,,,,,,,,,,,,,,,,,,,,,,,,,,,,,,,,,,,,,,,,,,,,,,,,,,,,,,,,,,,,,,,,,,,,,,,,
EVT0003752,SUB00679,CNT00005,2023-08-09,23,Mobile,111,25-50%,FALSE,FALSE,TRUE,SD,SES178380,0,,,,,,,,,,,,,,,,,,,,,,,,,,,,,,,,,,,,,,,,,,,,,,,,,,,,,,,,,,,,,,,,,,,,,,,,,,,,,,,,,,,,,,,,,,,,,,,,,,,,,,,,,,,,,,,,,,,,,,,,,
EVT0003753,SUB00398,CNT00011,2023-10-11,13,Desktop,9,100%,TRUE,FALSE,TRUE,HD,SES614774,1,,,,,,,,,,,,,,,,,,,,,,,,,,,,,,,,,,,,,,,,,,,,,,,,,,,,,,,,,,,,,,,,,,,,,,,,,,,,,,,,,,,,,,,,,,,,,,,,,,,,,,,,,,,,,,,,,,,,,,,,,
EVT0003754,SUB00038,CNT00037,2023-06-10,23,Mobile,60,75-99%,FALSE,FALSE,TRUE,4K,SES339799,0,,,,,,,,,,,,,,,,,,,,,,,,,,,,,,,,,,,,,,,,,,,,,,,,,,,,,,,,,,,,,,,,,,,,,,,,,,,,,,,,,,,,,,,,,,,,,,,,,,,,,,,,,,,,,,,,,,,,,,,,,
EVT0003755,SUB00212,CNT00008,2023-09-04,11,Desktop,21,100%,TRUE,FALSE,TRUE,SD,SES427479,1,,,,,,,,,,,,,,,,,,,,,,,,,,,,,,,,,,,,,,,,,,,,,,,,,,,,,,,,,,,,,,,,,,,,,,,,,,,,,,,,,,,,,,,,,,,,,,,,,,,,,,,,,,,,,,,,,,,,,,,,,
EVT0003756,SUB00387,CNT00063,2023-10-06,17,Fire TV,14,50-75%,FALSE,FALSE,TRUE,SD,SES316992,0,,,,,,,,,,,,,,,,,,,,,,,,,,,,,,,,,,,,,,,,,,,,,,,,,,,,,,,,,,,,,,,,,,,,,,,,,,,,,,,,,,,,,,,,,,,,,,,,,,,,,,,,,,,,,,,,,,,,,,,,,
EVT0003757,SUB00674,CNT00063,2023-08-15,12,Mobile,115,75-99%,FALSE,FALSE,TRUE,4K,SES100126,0,,,,,,,,,,,,,,,,,,,,,,,,,,,,,,,,,,,,,,,,,,,,,,,,,,,,,,,,,,,,,,,,,,,,,,,,,,,,,,,,,,,,,,,,,,,,,,,,,,,,,,,,,,,,,,,,,,,,,,,,,
EVT0003758,SUB00317,CNT00013,2024-05-04,19,Desktop,48,50-75%,FALSE,TRUE,TRUE,HD,SES152311,0,,,,,,,,,,,,,,,,,,,,,,,,,,,,,,,,,,,,,,,,,,,,,,,,,,,,,,,,,,,,,,,,,,,,,,,,,,,,,,,,,,,,,,,,,,,,,,,,,,,,,,,,,,,,,,,,,,,,,,,,,
EVT0003759,SUB00394,CNT00059,2023-08-16,17,Desktop,40,100%,TRUE,TRUE,TRUE,HD,SES206094,1,,,,,,,,,,,,,,,,,,,,,,,,,,,,,,,,,,,,,,,,,,,,,,,,,,,,,,,,,,,,,,,,,,,,,,,,,,,,,,,,,,,,,,,,,,,,,,,,,,,,,,,,,,,,,,,,,,,,,,,,,
EVT0003760,SUB00517,CNT00027,2023-11-24,23,Tablet,18,<25%,FALSE,FALSE,TRUE,HD,SES611854,0,,,,,,,,,,,,,,,,,,,,,,,,,,,,,,,,,,,,,,,,,,,,,,,,,,,,,,,,,,,,,,,,,,,,,,,,,,,,,,,,,,,,,,,,,,,,,,,,,,,,,,,,,,,,,,,,,,,,,,,,,
EVT0003761,SUB00045,CNT00038,2024-01-05,13,Fire TV,20,75-99%,FALSE,FALSE,TRUE,4K,SES105703,0,,,,,,,,,,,,,,,,,,,,,,,,,,,,,,,,,,,,,,,,,,,,,,,,,,,,,,,,,,,,,,,,,,,,,,,,,,,,,,,,,,,,,,,,,,,,,,,,,,,,,,,,,,,,,,,,,,,,,,,,,
EVT0003762,SUB00231,CNT00099,2023-01-19,17,Tablet,70,100%,TRUE,FALSE,FALSE,4K,SES507382,1,,,,,,,,,,,,,,,,,,,,,,,,,,,,,,,,,,,,,,,,,,,,,,,,,,,,,,,,,,,,,,,,,,,,,,,,,,,,,,,,,,,,,,,,,,,,,,,,,,,,,,,,,,,,,,,,,,,,,,,,,
EVT0003763,SUB00659,CNT00017,2023-10-22,6,Smart TV,32,75-99%,FALSE,TRUE,TRUE,SD,SES493532,0,,,,,,,,,,,,,,,,,,,,,,,,,,,,,,,,,,,,,,,,,,,,,,,,,,,,,,,,,,,,,,,,,,,,,,,,,,,,,,,,,,,,,,,,,,,,,,,,,,,,,,,,,,,,,,,,,,,,,,,,,
EVT0003764,SUB00108,CNT00071,2023-12-23,6,Desktop,100,100%,TRUE,TRUE,FALSE,SD,SES993013,1,,,,,,,,,,,,,,,,,,,,,,,,,,,,,,,,,,,,,,,,,,,,,,,,,,,,,,,,,,,,,,,,,,,,,,,,,,,,,,,,,,,,,,,,,,,,,,,,,,,,,,,,,,,,,,,,,,,,,,,,,
EVT0003765,SUB00358,CNT00039,2024-05-13,11,Desktop,109,25-50%,FALSE,FALSE,TRUE,4K,SES941391,0,,,,,,,,,,,,,,,,,,,,,,,,,,,,,,,,,,,,,,,,,,,,,,,,,,,,,,,,,,,,,,,,,,,,,,,,,,,,,,,,,,,,,,,,,,,,,,,,,,,,,,,,,,,,,,,,,,,,,,,,,
EVT0003766,SUB00288,CNT00051,2023-01-22,10,Fire TV,86,100%,TRUE,FALSE,FALSE,4K,SES305813,1,,,,,,,,,,,,,,,,,,,,,,,,,,,,,,,,,,,,,,,,,,,,,,,,,,,,,,,,,,,,,,,,,,,,,,,,,,,,,,,,,,,,,,,,,,,,,,,,,,,,,,,,,,,,,,,,,,,,,,,,,
EVT0003767,SUB00355,CNT00096,2024-03-17,23,Fire TV,68,100%,TRUE,TRUE,TRUE,HD,SES103665,1,,,,,,,,,,,,,,,,,,,,,,,,,,,,,,,,,,,,,,,,,,,,,,,,,,,,,,,,,,,,,,,,,,,,,,,,,,,,,,,,,,,,,,,,,,,,,,,,,,,,,,,,,,,,,,,,,,,,,,,,,
EVT0003768,SUB00570,CNT00011,2023-09-21,13,Desktop,105,100%,TRUE,FALSE,TRUE,HD,SES398115,1,,,,,,,,,,,,,,,,,,,,,,,,,,,,,,,,,,,,,,,,,,,,,,,,,,,,,,,,,,,,,,,,,,,,,,,,,,,,,,,,,,,,,,,,,,,,,,,,,,,,,,,,,,,,,,,,,,,,,,,,,
EVT0003769,SUB00386,CNT00012,2024-05-14,10,Fire TV,95,50-75%,FALSE,FALSE,TRUE,SD,SES819562,0,,,,,,,,,,,,,,,,,,,,,,,,,,,,,,,,,,,,,,,,,,,,,,,,,,,,,,,,,,,,,,,,,,,,,,,,,,,,,,,,,,,,,,,,,,,,,,,,,,,,,,,,,,,,,,,,,,,,,,,,,
EVT0003770,SUB00303,CNT00015,2024-03-24,17,Roku,52,100%,TRUE,FALSE,TRUE,HD,SES153396,1,,,,,,,,,,,,,,,,,,,,,,,,,,,,,,,,,,,,,,,,,,,,,,,,,,,,,,,,,,,,,,,,,,,,,,,,,,,,,,,,,,,,,,,,,,,,,,,,,,,,,,,,,,,,,,,,,,,,,,,,,
EVT0003771,SUB00149,CNT00003,2023-02-20,17,Tablet,65,100%,TRUE,TRUE,TRUE,HD,SES366628,1,,,,,,,,,,,,,,,,,,,,,,,,,,,,,,,,,,,,,,,,,,,,,,,,,,,,,,,,,,,,,,,,,,,,,,,,,,,,,,,,,,,,,,,,,,,,,,,,,,,,,,,,,,,,,,,,,,,,,,,,,
EVT0003772,SUB00460,CNT00076,2023-05-19,19,Fire TV,16,50-75%,FALSE,TRUE,FALSE,SD,SES692962,0,,,,,,,,,,,,,,,,,,,,,,,,,,,,,,,,,,,,,,,,,,,,,,,,,,,,,,,,,,,,,,,,,,,,,,,,,,,,,,,,,,,,,,,,,,,,,,,,,,,,,,,,,,,,,,,,,,,,,,,,,
EVT0003773,SUB00164,CNT00065,2024-06-17,9,Tablet,95,100%,TRUE,FALSE,FALSE,4K,SES563421,1,,,,,,,,,,,,,,,,,,,,,,,,,,,,,,,,,,,,,,,,,,,,,,,,,,,,,,,,,,,,,,,,,,,,,,,,,,,,,,,,,,,,,,,,,,,,,,,,,,,,,,,,,,,,,,,,,,,,,,,,,
EVT0003774,SUB00155,CNT00054,2023-02-12,15,Mobile,67,<25%,FALSE,TRUE,TRUE,SD,SES275540,0,,,,,,,,,,,,,,,,,,,,,,,,,,,,,,,,,,,,,,,,,,,,,,,,,,,,,,,,,,,,,,,,,,,,,,,,,,,,,,,,,,,,,,,,,,,,,,,,,,,,,,,,,,,,,,,,,,,,,,,,,
EVT0003775,SUB00372,CNT00033,2023-06-27,12,Fire TV,89,100%,TRUE,TRUE,TRUE,4K,SES879094,1,,,,,,,,,,,,,,,,,,,,,,,,,,,,,,,,,,,,,,,,,,,,,,,,,,,,,,,,,,,,,,,,,,,,,,,,,,,,,,,,,,,,,,,,,,,,,,,,,,,,,,,,,,,,,,,,,,,,,,,,,
EVT0003776,SUB00461,CNT00024,2023-04-06,17,Tablet,13,75-99%,FALSE,FALSE,TRUE,4K,SES811948,0,,,,,,,,,,,,,,,,,,,,,,,,,,,,,,,,,,,,,,,,,,,,,,,,,,,,,,,,,,,,,,,,,,,,,,,,,,,,,,,,,,,,,,,,,,,,,,,,,,,,,,,,,,,,,,,,,,,,,,,,,
EVT0003777,SUB00099,CNT00054,2023-02-02,17,Roku,39,100%,TRUE,FALSE,TRUE,HD,SES219130,1,,,,,,,,,,,,,,,,,,,,,,,,,,,,,,,,,,,,,,,,,,,,,,,,,,,,,,,,,,,,,,,,,,,,,,,,,,,,,,,,,,,,,,,,,,,,,,,,,,,,,,,,,,,,,,,,,,,,,,,,,
EVT0003778,SUB00193,CNT00028,2024-04-01,18,Roku,85,100%,TRUE,TRUE,TRUE,HD,SES271583,1,,,,,,,,,,,,,,,,,,,,,,,,,,,,,,,,,,,,,,,,,,,,,,,,,,,,,,,,,,,,,,,,,,,,,,,,,,,,,,,,,,,,,,,,,,,,,,,,,,,,,,,,,,,,,,,,,,,,,,,,,
EVT0003779,SUB00668,CNT00046,2024-03-09,9,Smart TV,108,75-99%,FALSE,TRUE,TRUE,4K,SES505236,0,,,,,,,,,,,,,,,,,,,,,,,,,,,,,,,,,,,,,,,,,,,,,,,,,,,,,,,,,,,,,,,,,,,,,,,,,,,,,,,,,,,,,,,,,,,,,,,,,,,,,,,,,,,,,,,,,,,,,,,,,
EVT0003780,SUB00419,CNT00062,2023-10-12,20,Roku,109,75-99%,FALSE,FALSE,TRUE,HD,SES446967,0,,,,,,,,,,,,,,,,,,,,,,,,,,,,,,,,,,,,,,,,,,,,,,,,,,,,,,,,,,,,,,,,,,,,,,,,,,,,,,,,,,,,,,,,,,,,,,,,,,,,,,,,,,,,,,,,,,,,,,,,,
EVT0003781,SUB00569,CNT00041,2023-02-18,8,Fire TV,115,<25%,FALSE,FALSE,TRUE,HD,SES708540,0,,,,,,,,,,,,,,,,,,,,,,,,,,,,,,,,,,,,,,,,,,,,,,,,,,,,,,,,,,,,,,,,,,,,,,,,,,,,,,,,,,,,,,,,,,,,,,,,,,,,,,,,,,,,,,,,,,,,,,,,,
EVT0003782,SUB00365,CNT00002,2023-06-08,11,Roku,60,100%,TRUE,TRUE,TRUE,HD,SES646273,1,,,,,,,,,,,,,,,,,,,,,,,,,,,,,,,,,,,,,,,,,,,,,,,,,,,,,,,,,,,,,,,,,,,,,,,,,,,,,,,,,,,,,,,,,,,,,,,,,,,,,,,,,,,,,,,,,,,,,,,,,
EVT0003783,SUB00644,CNT00027,2023-12-19,22,Fire TV,114,50-75%,FALSE,TRUE,TRUE,4K,SES247802,0,,,,,,,,,,,,,,,,,,,,,,,,,,,,,,,,,,,,,,,,,,,,,,,,,,,,,,,,,,,,,,,,,,,,,,,,,,,,,,,,,,,,,,,,,,,,,,,,,,,,,,,,,,,,,,,,,,,,,,,,,
EVT0003784,SUB00253,CNT00096,2023-01-12,16,Roku,20,100%,TRUE,FALSE,TRUE,HD,SES930111,1,,,,,,,,,,,,,,,,,,,,,,,,,,,,,,,,,,,,,,,,,,,,,,,,,,,,,,,,,,,,,,,,,,,,,,,,,,,,,,,,,,,,,,,,,,,,,,,,,,,,,,,,,,,,,,,,,,,,,,,,,
EVT0003785,SUB00037,CNT00024,2024-06-25,12,Roku,103,75-99%,FALSE,TRUE,TRUE,HD,SES115847,0,,,,,,,,,,,,,,,,,,,,,,,,,,,,,,,,,,,,,,,,,,,,,,,,,,,,,,,,,,,,,,,,,,,,,,,,,,,,,,,,,,,,,,,,,,,,,,,,,,,,,,,,,,,,,,,,,,,,,,,,,
EVT0003786,SUB00501,CNT00005,2024-03-19,23,Smart TV,108,100%,TRUE,TRUE,TRUE,HD,SES652907,1,,,,,,,,,,,,,,,,,,,,,,,,,,,,,,,,,,,,,,,,,,,,,,,,,,,,,,,,,,,,,,,,,,,,,,,,,,,,,,,,,,,,,,,,,,,,,,,,,,,,,,,,,,,,,,,,,,,,,,,,,
EVT0003787,SUB00020,CNT00072,2023-10-24,20,Desktop,80,100%,TRUE,TRUE,FALSE,SD,SES709930,1,,,,,,,,,,,,,,,,,,,,,,,,,,,,,,,,,,,,,,,,,,,,,,,,,,,,,,,,,,,,,,,,,,,,,,,,,,,,,,,,,,,,,,,,,,,,,,,,,,,,,,,,,,,,,,,,,,,,,,,,,
EVT0003788,SUB00018,CNT00089,2023-05-06,9,Roku,63,75-99%,FALSE,TRUE,FALSE,4K,SES608597,0,,,,,,,,,,,,,,,,,,,,,,,,,,,,,,,,,,,,,,,,,,,,,,,,,,,,,,,,,,,,,,,,,,,,,,,,,,,,,,,,,,,,,,,,,,,,,,,,,,,,,,,,,,,,,,,,,,,,,,,,,
EVT0003789,SUB00314,CNT00080,2023-10-28,19,Roku,19,50-75%,FALSE,FALSE,TRUE,HD,SES576680,0,,,,,,,,,,,,,,,,,,,,,,,,,,,,,,,,,,,,,,,,,,,,,,,,,,,,,,,,,,,,,,,,,,,,,,,,,,,,,,,,,,,,,,,,,,,,,,,,,,,,,,,,,,,,,,,,,,,,,,,,,
EVT0003790,SUB00483,CNT00038,2024-03-20,16,Fire TV,107,50-75%,FALSE,FALSE,TRUE,HD,SES545236,0,,,,,,,,,,,,,,,,,,,,,,,,,,,,,,,,,,,,,,,,,,,,,,,,,,,,,,,,,,,,,,,,,,,,,,,,,,,,,,,,,,,,,,,,,,,,,,,,,,,,,,,,,,,,,,,,,,,,,,,,,
EVT0003791,SUB00614,CNT00080,2023-11-19,18,Smart TV,99,25-50%,FALSE,FALSE,TRUE,HD,SES850776,0,,,,,,,,,,,,,,,,,,,,,,,,,,,,,,,,,,,,,,,,,,,,,,,,,,,,,,,,,,,,,,,,,,,,,,,,,,,,,,,,,,,,,,,,,,,,,,,,,,,,,,,,,,,,,,,,,,,,,,,,,
EVT0003792,SUB00224,CNT00029,2024-05-02,21,Mobile,29,100%,TRUE,FALSE,FALSE,HD,SES182676,1,,,,,,,,,,,,,,,,,,,,,,,,,,,,,,,,,,,,,,,,,,,,,,,,,,,,,,,,,,,,,,,,,,,,,,,,,,,,,,,,,,,,,,,,,,,,,,,,,,,,,,,,,,,,,,,,,,,,,,,,,
EVT0003793,SUB00335,CNT00098,2023-02-11,9,Tablet,13,50-75%,FALSE,FALSE,TRUE,4K,SES300480,0,,,,,,,,,,,,,,,,,,,,,,,,,,,,,,,,,,,,,,,,,,,,,,,,,,,,,,,,,,,,,,,,,,,,,,,,,,,,,,,,,,,,,,,,,,,,,,,,,,,,,,,,,,,,,,,,,,,,,,,,,
EVT0003794,SUB00460,CNT00001,2023-01-22,22,Desktop,54,25-50%,FALSE,FALSE,FALSE,SD,SES772074,0,,,,,,,,,,,,,,,,,,,,,,,,,,,,,,,,,,,,,,,,,,,,,,,,,,,,,,,,,,,,,,,,,,,,,,,,,,,,,,,,,,,,,,,,,,,,,,,,,,,,,,,,,,,,,,,,,,,,,,,,,
EVT0003795,SUB00035,CNT00093,2024-03-17,9,Desktop,106,100%,TRUE,TRUE,TRUE,4K,SES295124,1,,,,,,,,,,,,,,,,,,,,,,,,,,,,,,,,,,,,,,,,,,,,,,,,,,,,,,,,,,,,,,,,,,,,,,,,,,,,,,,,,,,,,,,,,,,,,,,,,,,,,,,,,,,,,,,,,,,,,,,,,
EVT0003796,SUB00439,CNT00057,2023-09-01,12,Desktop,36,50-75%,FALSE,FALSE,TRUE,SD,SES328437,0,,,,,,,,,,,,,,,,,,,,,,,,,,,,,,,,,,,,,,,,,,,,,,,,,,,,,,,,,,,,,,,,,,,,,,,,,,,,,,,,,,,,,,,,,,,,,,,,,,,,,,,,,,,,,,,,,,,,,,,,,
EVT0003797,SUB00539,CNT00025,2023-03-19,12,Tablet,115,50-75%,FALSE,FALSE,TRUE,SD,SES943886,0,,,,,,,,,,,,,,,,,,,,,,,,,,,,,,,,,,,,,,,,,,,,,,,,,,,,,,,,,,,,,,,,,,,,,,,,,,,,,,,,,,,,,,,,,,,,,,,,,,,,,,,,,,,,,,,,,,,,,,,,,
EVT0003798,SUB00576,CNT00008,2024-03-23,15,Desktop,53,<25%,FALSE,TRUE,TRUE,HD,SES314929,0,,,,,,,,,,,,,,,,,,,,,,,,,,,,,,,,,,,,,,,,,,,,,,,,,,,,,,,,,,,,,,,,,,,,,,,,,,,,,,,,,,,,,,,,,,,,,,,,,,,,,,,,,,,,,,,,,,,,,,,,,
EVT0003799,SUB00473,CNT00097,2023-09-19,17,Tablet,20,50-75%,FALSE,FALSE,TRUE,4K,SES932046,0,,,,,,,,,,,,,,,,,,,,,,,,,,,,,,,,,,,,,,,,,,,,,,,,,,,,,,,,,,,,,,,,,,,,,,,,,,,,,,,,,,,,,,,,,,,,,,,,,,,,,,,,,,,,,,,,,,,,,,,,,
EVT0003800,SUB00313,CNT00025,2024-03-03,9,Desktop,70,<25%,FALSE,FALSE,TRUE,HD,SES284678,0,,,,,,,,,,,,,,,,,,,,,,,,,,,,,,,,,,,,,,,,,,,,,,,,,,,,,,,,,,,,,,,,,,,,,,,,,,,,,,,,,,,,,,,,,,,,,,,,,,,,,,,,,,,,,,,,,,,,,,,,,
EVT0003801,SUB00413,CNT00070,2024-02-19,6,Roku,116,100%,TRUE,FALSE,FALSE,HD,SES381578,1,,,,,,,,,,,,,,,,,,,,,,,,,,,,,,,,,,,,,,,,,,,,,,,,,,,,,,,,,,,,,,,,,,,,,,,,,,,,,,,,,,,,,,,,,,,,,,,,,,,,,,,,,,,,,,,,,,,,,,,,,
EVT0003802,SUB00562,CNT00065,2023-08-17,17,Desktop,69,50-75%,FALSE,FALSE,TRUE,HD,SES491666,0,,,,,,,,,,,,,,,,,,,,,,,,,,,,,,,,,,,,,,,,,,,,,,,,,,,,,,,,,,,,,,,,,,,,,,,,,,,,,,,,,,,,,,,,,,,,,,,,,,,,,,,,,,,,,,,,,,,,,,,,,
EVT0003803,SUB00011,CNT00007,2024-03-19,14,Mobile,70,100%,TRUE,FALSE,FALSE,SD,SES887538,1,,,,,,,,,,,,,,,,,,,,,,,,,,,,,,,,,,,,,,,,,,,,,,,,,,,,,,,,,,,,,,,,,,,,,,,,,,,,,,,,,,,,,,,,,,,,,,,,,,,,,,,,,,,,,,,,,,,,,,,,,
EVT0003804,SUB00289,CNT00044,2023-05-13,11,Roku,72,100%,TRUE,TRUE,TRUE,SD,SES589987,1,,,,,,,,,,,,,,,,,,,,,,,,,,,,,,,,,,,,,,,,,,,,,,,,,,,,,,,,,,,,,,,,,,,,,,,,,,,,,,,,,,,,,,,,,,,,,,,,,,,,,,,,,,,,,,,,,,,,,,,,,
EVT0003805,SUB00269,CNT00005,2023-07-30,23,Desktop,32,100%,TRUE,FALSE,TRUE,SD,SES374630,1,,,,,,,,,,,,,,,,,,,,,,,,,,,,,,,,,,,,,,,,,,,,,,,,,,,,,,,,,,,,,,,,,,,,,,,,,,,,,,,,,,,,,,,,,,,,,,,,,,,,,,,,,,,,,,,,,,,,,,,,,
EVT0003806,SUB00096,CNT00025,2023-07-19,10,Smart TV,80,75-99%,FALSE,FALSE,TRUE,HD,SES880587,0,,,,,,,,,,,,,,,,,,,,,,,,,,,,,,,,,,,,,,,,,,,,,,,,,,,,,,,,,,,,,,,,,,,,,,,,,,,,,,,,,,,,,,,,,,,,,,,,,,,,,,,,,,,,,,,,,,,,,,,,,
EVT0003807,SUB00313,CNT00051,2023-01-08,22,Fire TV,34,<25%,FALSE,FALSE,FALSE,SD,SES786326,0,,,,,,,,,,,,,,,,,,,,,,,,,,,,,,,,,,,,,,,,,,,,,,,,,,,,,,,,,,,,,,,,,,,,,,,,,,,,,,,,,,,,,,,,,,,,,,,,,,,,,,,,,,,,,,,,,,,,,,,,,
EVT0003808,SUB00412,CNT00045,2023-03-24,11,Fire TV,66,50-75%,FALSE,TRUE,FALSE,HD,SES681941,0,,,,,,,,,,,,,,,,,,,,,,,,,,,,,,,,,,,,,,,,,,,,,,,,,,,,,,,,,,,,,,,,,,,,,,,,,,,,,,,,,,,,,,,,,,,,,,,,,,,,,,,,,,,,,,,,,,,,,,,,,
EVT0003809,SUB00209,CNT00094,2023-04-09,10,Fire TV,25,75-99%,FALSE,FALSE,TRUE,HD,SES208281,0,,,,,,,,,,,,,,,,,,,,,,,,,,,,,,,,,,,,,,,,,,,,,,,,,,,,,,,,,,,,,,,,,,,,,,,,,,,,,,,,,,,,,,,,,,,,,,,,,,,,,,,,,,,,,,,,,,,,,,,,,
EVT0003810,SUB00373,CNT00048,2023-03-18,11,Tablet,93,100%,TRUE,FALSE,FALSE,HD,SES135838,1,,,,,,,,,,,,,,,,,,,,,,,,,,,,,,,,,,,,,,,,,,,,,,,,,,,,,,,,,,,,,,,,,,,,,,,,,,,,,,,,,,,,,,,,,,,,,,,,,,,,,,,,,,,,,,,,,,,,,,,,,
EVT0003811,SUB00091,CNT00057,2023-06-29,7,Fire TV,35,<25%,FALSE,TRUE,FALSE,4K,SES176200,0,,,,,,,,,,,,,,,,,,,,,,,,,,,,,,,,,,,,,,,,,,,,,,,,,,,,,,,,,,,,,,,,,,,,,,,,,,,,,,,,,,,,,,,,,,,,,,,,,,,,,,,,,,,,,,,,,,,,,,,,,
EVT0003812,SUB00534,CNT00002,2024-04-29,21,Tablet,81,25-50%,FALSE,TRUE,TRUE,HD,SES533730,0,,,,,,,,,,,,,,,,,,,,,,,,,,,,,,,,,,,,,,,,,,,,,,,,,,,,,,,,,,,,,,,,,,,,,,,,,,,,,,,,,,,,,,,,,,,,,,,,,,,,,,,,,,,,,,,,,,,,,,,,,
EVT0003813,SUB00544,CNT00001,2023-09-14,6,Smart TV,80,50-75%,FALSE,TRUE,TRUE,HD,SES663113,0,,,,,,,,,,,,,,,,,,,,,,,,,,,,,,,,,,,,,,,,,,,,,,,,,,,,,,,,,,,,,,,,,,,,,,,,,,,,,,,,,,,,,,,,,,,,,,,,,,,,,,,,,,,,,,,,,,,,,,,,,
EVT0003814,SUB00178,CNT00086,2023-03-18,13,Roku,87,50-75%,FALSE,FALSE,TRUE,HD,SES334139,0,,,,,,,,,,,,,,,,,,,,,,,,,,,,,,,,,,,,,,,,,,,,,,,,,,,,,,,,,,,,,,,,,,,,,,,,,,,,,,,,,,,,,,,,,,,,,,,,,,,,,,,,,,,,,,,,,,,,,,,,,
EVT0003815,SUB00570,CNT00024,2023-03-01,22,Mobile,40,100%,TRUE,FALSE,FALSE,4K,SES362068,1,,,,,,,,,,,,,,,,,,,,,,,,,,,,,,,,,,,,,,,,,,,,,,,,,,,,,,,,,,,,,,,,,,,,,,,,,,,,,,,,,,,,,,,,,,,,,,,,,,,,,,,,,,,,,,,,,,,,,,,,,
EVT0003816,SUB00251,CNT00054,2023-11-21,10,Smart TV,104,100%,TRUE,TRUE,TRUE,HD,SES275524,1,,,,,,,,,,,,,,,,,,,,,,,,,,,,,,,,,,,,,,,,,,,,,,,,,,,,,,,,,,,,,,,,,,,,,,,,,,,,,,,,,,,,,,,,,,,,,,,,,,,,,,,,,,,,,,,,,,,,,,,,,
EVT0003817,SUB00524,CNT00087,2023-11-04,19,Fire TV,111,<25%,FALSE,TRUE,TRUE,SD,SES957313,0,,,,,,,,,,,,,,,,,,,,,,,,,,,,,,,,,,,,,,,,,,,,,,,,,,,,,,,,,,,,,,,,,,,,,,,,,,,,,,,,,,,,,,,,,,,,,,,,,,,,,,,,,,,,,,,,,,,,,,,,,
EVT0003818,SUB00511,CNT00009,2024-02-03,14,Desktop,67,100%,TRUE,TRUE,TRUE,4K,SES837939,1,,,,,,,,,,,,,,,,,,,,,,,,,,,,,,,,,,,,,,,,,,,,,,,,,,,,,,,,,,,,,,,,,,,,,,,,,,,,,,,,,,,,,,,,,,,,,,,,,,,,,,,,,,,,,,,,,,,,,,,,,
EVT0003819,SUB00155,CNT00001,2023-03-21,20,Mobile,118,50-75%,FALSE,TRUE,TRUE,HD,SES311336,0,,,,,,,,,,,,,,,,,,,,,,,,,,,,,,,,,,,,,,,,,,,,,,,,,,,,,,,,,,,,,,,,,,,,,,,,,,,,,,,,,,,,,,,,,,,,,,,,,,,,,,,,,,,,,,,,,,,,,,,,,
EVT0003820,SUB00132,CNT00054,2024-03-05,16,Desktop,28,50-75%,FALSE,TRUE,TRUE,HD,SES777946,0,,,,,,,,,,,,,,,,,,,,,,,,,,,,,,,,,,,,,,,,,,,,,,,,,,,,,,,,,,,,,,,,,,,,,,,,,,,,,,,,,,,,,,,,,,,,,,,,,,,,,,,,,,,,,,,,,,,,,,,,,
EVT0003821,SUB00072,CNT00029,2024-03-11,10,Desktop,63,100%,TRUE,FALSE,TRUE,HD,SES894901,1,,,,,,,,,,,,,,,,,,,,,,,,,,,,,,,,,,,,,,,,,,,,,,,,,,,,,,,,,,,,,,,,,,,,,,,,,,,,,,,,,,,,,,,,,,,,,,,,,,,,,,,,,,,,,,,,,,,,,,,,,
EVT0003822,SUB00626,CNT00088,2023-07-12,8,Fire TV,35,50-75%,FALSE,FALSE,FALSE,HD,SES710407,0,,,,,,,,,,,,,,,,,,,,,,,,,,,,,,,,,,,,,,,,,,,,,,,,,,,,,,,,,,,,,,,,,,,,,,,,,,,,,,,,,,,,,,,,,,,,,,,,,,,,,,,,,,,,,,,,,,,,,,,,,
EVT0003823,SUB00437,CNT00028,2023-02-20,19,Roku,75,50-75%,FALSE,FALSE,FALSE,HD,SES535377,0,,,,,,,,,,,,,,,,,,,,,,,,,,,,,,,,,,,,,,,,,,,,,,,,,,,,,,,,,,,,,,,,,,,,,,,,,,,,,,,,,,,,,,,,,,,,,,,,,,,,,,,,,,,,,,,,,,,,,,,,,
EVT0003824,SUB00250,CNT00061,2024-02-19,17,Desktop,104,100%,TRUE,TRUE,FALSE,4K,SES470719,1,,,,,,,,,,,,,,,,,,,,,,,,,,,,,,,,,,,,,,,,,,,,,,,,,,,,,,,,,,,,,,,,,,,,,,,,,,,,,,,,,,,,,,,,,,,,,,,,,,,,,,,,,,,,,,,,,,,,,,,,,
EVT0003825,SUB00351,CNT00062,2023-08-15,22,Tablet,77,100%,TRUE,TRUE,FALSE,HD,SES390009,1,,,,,,,,,,,,,,,,,,,,,,,,,,,,,,,,,,,,,,,,,,,,,,,,,,,,,,,,,,,,,,,,,,,,,,,,,,,,,,,,,,,,,,,,,,,,,,,,,,,,,,,,,,,,,,,,,,,,,,,,,
EVT0003826,SUB00518,CNT00065,2023-12-14,22,Fire TV,29,75-99%,FALSE,FALSE,TRUE,4K,SES667622,0,,,,,,,,,,,,,,,,,,,,,,,,,,,,,,,,,,,,,,,,,,,,,,,,,,,,,,,,,,,,,,,,,,,,,,,,,,,,,,,,,,,,,,,,,,,,,,,,,,,,,,,,,,,,,,,,,,,,,,,,,
EVT0003827,SUB00195,CNT00049,2023-06-20,10,Tablet,39,<25%,FALSE,FALSE,TRUE,HD,SES468477,0,,,,,,,,,,,,,,,,,,,,,,,,,,,,,,,,,,,,,,,,,,,,,,,,,,,,,,,,,,,,,,,,,,,,,,,,,,,,,,,,,,,,,,,,,,,,,,,,,,,,,,,,,,,,,,,,,,,,,,,,,
EVT0003828,SUB00509,CNT00020,2024-02-04,21,Roku,27,25-50%,FALSE,FALSE,TRUE,HD,SES682369,0,,,,,,,,,,,,,,,,,,,,,,,,,,,,,,,,,,,,,,,,,,,,,,,,,,,,,,,,,,,,,,,,,,,,,,,,,,,,,,,,,,,,,,,,,,,,,,,,,,,,,,,,,,,,,,,,,,,,,,,,,
EVT0003829,SUB00408,CNT00093,2023-03-15,13,Desktop,97,<25%,FALSE,FALSE,TRUE,HD,SES717716,0,,,,,,,,,,,,,,,,,,,,,,,,,,,,,,,,,,,,,,,,,,,,,,,,,,,,,,,,,,,,,,,,,,,,,,,,,,,,,,,,,,,,,,,,,,,,,,,,,,,,,,,,,,,,,,,,,,,,,,,,,
EVT0003830,SUB00003,CNT00085,2023-10-26,6,Tablet,32,75-99%,FALSE,FALSE,TRUE,SD,SES755502,0,,,,,,,,,,,,,,,,,,,,,,,,,,,,,,,,,,,,,,,,,,,,,,,,,,,,,,,,,,,,,,,,,,,,,,,,,,,,,,,,,,,,,,,,,,,,,,,,,,,,,,,,,,,,,,,,,,,,,,,,,
EVT0003831,SUB00448,CNT00071,2023-06-10,22,Fire TV,53,100%,TRUE,FALSE,TRUE,SD,SES115917,1,,,,,,,,,,,,,,,,,,,,,,,,,,,,,,,,,,,,,,,,,,,,,,,,,,,,,,,,,,,,,,,,,,,,,,,,,,,,,,,,,,,,,,,,,,,,,,,,,,,,,,,,,,,,,,,,,,,,,,,,,
EVT0003832,SUB00424,CNT00014,2024-06-20,20,Mobile,115,100%,TRUE,FALSE,FALSE,HD,SES317032,1,,,,,,,,,,,,,,,,,,,,,,,,,,,,,,,,,,,,,,,,,,,,,,,,,,,,,,,,,,,,,,,,,,,,,,,,,,,,,,,,,,,,,,,,,,,,,,,,,,,,,,,,,,,,,,,,,,,,,,,,,
EVT0003833,SUB00695,CNT00009,2023-07-31,7,Smart TV,91,100%,TRUE,FALSE,TRUE,HD,SES405063,1,,,,,,,,,,,,,,,,,,,,,,,,,,,,,,,,,,,,,,,,,,,,,,,,,,,,,,,,,,,,,,,,,,,,,,,,,,,,,,,,,,,,,,,,,,,,,,,,,,,,,,,,,,,,,,,,,,,,,,,,,
EVT0003834,SUB00368,CNT00009,2023-07-05,18,Tablet,62,100%,TRUE,FALSE,TRUE,4K,SES597841,1,,,,,,,,,,,,,,,,,,,,,,,,,,,,,,,,,,,,,,,,,,,,,,,,,,,,,,,,,,,,,,,,,,,,,,,,,,,,,,,,,,,,,,,,,,,,,,,,,,,,,,,,,,,,,,,,,,,,,,,,,
EVT0003835,SUB00534,CNT00075,2023-11-05,8,Mobile,92,25-50%,FALSE,FALSE,TRUE,SD,SES922310,0,,,,,,,,,,,,,,,,,,,,,,,,,,,,,,,,,,,,,,,,,,,,,,,,,,,,,,,,,,,,,,,,,,,,,,,,,,,,,,,,,,,,,,,,,,,,,,,,,,,,,,,,,,,,,,,,,,,,,,,,,
EVT0003836,SUB00404,CNT00028,2023-12-16,21,Smart TV,71,100%,TRUE,FALSE,FALSE,4K,SES221422,1,,,,,,,,,,,,,,,,,,,,,,,,,,,,,,,,,,,,,,,,,,,,,,,,,,,,,,,,,,,,,,,,,,,,,,,,,,,,,,,,,,,,,,,,,,,,,,,,,,,,,,,,,,,,,,,,,,,,,,,,,
EVT0003837,SUB00586,CNT00100,2023-02-22,19,Desktop,110,<25%,FALSE,TRUE,TRUE,SD,SES792051,0,,,,,,,,,,,,,,,,,,,,,,,,,,,,,,,,,,,,,,,,,,,,,,,,,,,,,,,,,,,,,,,,,,,,,,,,,,,,,,,,,,,,,,,,,,,,,,,,,,,,,,,,,,,,,,,,,,,,,,,,,
EVT0003838,SUB00199,CNT00057,2023-12-18,6,Fire TV,26,75-99%,FALSE,FALSE,TRUE,4K,SES494898,0,,,,,,,,,,,,,,,,,,,,,,,,,,,,,,,,,,,,,,,,,,,,,,,,,,,,,,,,,,,,,,,,,,,,,,,,,,,,,,,,,,,,,,,,,,,,,,,,,,,,,,,,,,,,,,,,,,,,,,,,,
EVT0003839,SUB00605,CNT00007,2024-04-19,13,Fire TV,119,50-75%,FALSE,FALSE,FALSE,HD,SES444080,0,,,,,,,,,,,,,,,,,,,,,,,,,,,,,,,,,,,,,,,,,,,,,,,,,,,,,,,,,,,,,,,,,,,,,,,,,,,,,,,,,,,,,,,,,,,,,,,,,,,,,,,,,,,,,,,,,,,,,,,,,
EVT0003840,SUB00341,CNT00047,2024-04-14,6,Desktop,76,50-75%,FALSE,TRUE,TRUE,HD,SES538221,0,,,,,,,,,,,,,,,,,,,,,,,,,,,,,,,,,,,,,,,,,,,,,,,,,,,,,,,,,,,,,,,,,,,,,,,,,,,,,,,,,,,,,,,,,,,,,,,,,,,,,,,,,,,,,,,,,,,,,,,,,
EVT0003841,SUB00382,CNT00090,2023-01-22,11,Fire TV,44,75-99%,FALSE,FALSE,FALSE,HD,SES556376,0,,,,,,,,,,,,,,,,,,,,,,,,,,,,,,,,,,,,,,,,,,,,,,,,,,,,,,,,,,,,,,,,,,,,,,,,,,,,,,,,,,,,,,,,,,,,,,,,,,,,,,,,,,,,,,,,,,,,,,,,,
EVT0003842,SUB00387,CNT00070,2024-02-14,9,Roku,64,100%,TRUE,FALSE,FALSE,HD,SES137955,1,,,,,,,,,,,,,,,,,,,,,,,,,,,,,,,,,,,,,,,,,,,,,,,,,,,,,,,,,,,,,,,,,,,,,,,,,,,,,,,,,,,,,,,,,,,,,,,,,,,,,,,,,,,,,,,,,,,,,,,,,
EVT0003843,SUB00111,CNT00004,2023-10-23,13,Tablet,72,25-50%,FALSE,FALSE,TRUE,4K,SES210413,0,,,,,,,,,,,,,,,,,,,,,,,,,,,,,,,,,,,,,,,,,,,,,,,,,,,,,,,,,,,,,,,,,,,,,,,,,,,,,,,,,,,,,,,,,,,,,,,,,,,,,,,,,,,,,,,,,,,,,,,,,
EVT0003844,SUB00400,CNT00051,2023-05-22,7,Smart TV,25,100%,TRUE,FALSE,FALSE,HD,SES318405,1,,,,,,,,,,,,,,,,,,,,,,,,,,,,,,,,,,,,,,,,,,,,,,,,,,,,,,,,,,,,,,,,,,,,,,,,,,,,,,,,,,,,,,,,,,,,,,,,,,,,,,,,,,,,,,,,,,,,,,,,,
EVT0003845,SUB00616,CNT00038,2023-01-23,8,Fire TV,25,50-75%,FALSE,TRUE,TRUE,4K,SES991145,0,,,,,,,,,,,,,,,,,,,,,,,,,,,,,,,,,,,,,,,,,,,,,,,,,,,,,,,,,,,,,,,,,,,,,,,,,,,,,,,,,,,,,,,,,,,,,,,,,,,,,,,,,,,,,,,,,,,,,,,,,
EVT0003846,SUB00339,CNT00078,2023-11-28,6,Mobile,65,100%,TRUE,TRUE,TRUE,HD,SES506178,1,,,,,,,,,,,,,,,,,,,,,,,,,,,,,,,,,,,,,,,,,,,,,,,,,,,,,,,,,,,,,,,,,,,,,,,,,,,,,,,,,,,,,,,,,,,,,,,,,,,,,,,,,,,,,,,,,,,,,,,,,
EVT0003847,SUB00135,CNT00008,2024-05-11,12,Desktop,49,75-99%,FALSE,FALSE,FALSE,HD,SES563533,0,,,,,,,,,,,,,,,,,,,,,,,,,,,,,,,,,,,,,,,,,,,,,,,,,,,,,,,,,,,,,,,,,,,,,,,,,,,,,,,,,,,,,,,,,,,,,,,,,,,,,,,,,,,,,,,,,,,,,,,,,
EVT0003848,SUB00663,CNT00014,2023-03-17,7,Tablet,17,100%,TRUE,TRUE,TRUE,HD,SES577554,1,,,,,,,,,,,,,,,,,,,,,,,,,,,,,,,,,,,,,,,,,,,,,,,,,,,,,,,,,,,,,,,,,,,,,,,,,,,,,,,,,,,,,,,,,,,,,,,,,,,,,,,,,,,,,,,,,,,,,,,,,
EVT0003849,SUB00389,CNT00078,2024-05-09,12,Fire TV,21,75-99%,FALSE,FALSE,TRUE,4K,SES730694,0,,,,,,,,,,,,,,,,,,,,,,,,,,,,,,,,,,,,,,,,,,,,,,,,,,,,,,,,,,,,,,,,,,,,,,,,,,,,,,,,,,,,,,,,,,,,,,,,,,,,,,,,,,,,,,,,,,,,,,,,,
EVT0003850,SUB00491,CNT00027,2024-01-28,21,Tablet,47,100%,TRUE,FALSE,FALSE,SD,SES948358,1,,,,,,,,,,,,,,,,,,,,,,,,,,,,,,,,,,,,,,,,,,,,,,,,,,,,,,,,,,,,,,,,,,,,,,,,,,,,,,,,,,,,,,,,,,,,,,,,,,,,,,,,,,,,,,,,,,,,,,,,,
EVT0003851,SUB00031,CNT00040,2023-05-16,6,Smart TV,73,50-75%,FALSE,FALSE,FALSE,4K,SES412621,0,,,,,,,,,,,,,,,,,,,,,,,,,,,,,,,,,,,,,,,,,,,,,,,,,,,,,,,,,,,,,,,,,,,,,,,,,,,,,,,,,,,,,,,,,,,,,,,,,,,,,,,,,,,,,,,,,,,,,,,,,
EVT0003852,SUB00574,CNT00068,2023-07-28,20,Desktop,78,25-50%,FALSE,FALSE,TRUE,HD,SES807884,0,,,,,,,,,,,,,,,,,,,,,,,,,,,,,,,,,,,,,,,,,,,,,,,,,,,,,,,,,,,,,,,,,,,,,,,,,,,,,,,,,,,,,,,,,,,,,,,,,,,,,,,,,,,,,,,,,,,,,,,,,
EVT0003853,SUB00397,CNT00099,2024-02-02,19,Roku,82,75-99%,FALSE,FALSE,TRUE,HD,SES108552,0,,,,,,,,,,,,,,,,,,,,,,,,,,,,,,,,,,,,,,,,,,,,,,,,,,,,,,,,,,,,,,,,,,,,,,,,,,,,,,,,,,,,,,,,,,,,,,,,,,,,,,,,,,,,,,,,,,,,,,,,,
EVT0003854,SUB00491,CNT00030,2024-06-15,8,Tablet,20,100%,TRUE,FALSE,FALSE,HD,SES439268,1,,,,,,,,,,,,,,,,,,,,,,,,,,,,,,,,,,,,,,,,,,,,,,,,,,,,,,,,,,,,,,,,,,,,,,,,,,,,,,,,,,,,,,,,,,,,,,,,,,,,,,,,,,,,,,,,,,,,,,,,,
EVT0003855,SUB00639,CNT00006,2023-02-09,15,Tablet,64,100%,TRUE,FALSE,TRUE,HD,SES155885,1,,,,,,,,,,,,,,,,,,,,,,,,,,,,,,,,,,,,,,,,,,,,,,,,,,,,,,,,,,,,,,,,,,,,,,,,,,,,,,,,,,,,,,,,,,,,,,,,,,,,,,,,,,,,,,,,,,,,,,,,,
EVT0003856,SUB00142,CNT00030,2024-04-08,10,Desktop,76,50-75%,FALSE,FALSE,TRUE,SD,SES730791,0,,,,,,,,,,,,,,,,,,,,,,,,,,,,,,,,,,,,,,,,,,,,,,,,,,,,,,,,,,,,,,,,,,,,,,,,,,,,,,,,,,,,,,,,,,,,,,,,,,,,,,,,,,,,,,,,,,,,,,,,,
EVT0003857,SUB00259,CNT00084,2023-12-09,21,Tablet,120,25-50%,FALSE,TRUE,TRUE,4K,SES194756,0,,,,,,,,,,,,,,,,,,,,,,,,,,,,,,,,,,,,,,,,,,,,,,,,,,,,,,,,,,,,,,,,,,,,,,,,,,,,,,,,,,,,,,,,,,,,,,,,,,,,,,,,,,,,,,,,,,,,,,,,,
EVT0003858,SUB00626,CNT00028,2023-09-09,6,Smart TV,62,75-99%,FALSE,FALSE,TRUE,HD,SES132495,0,,,,,,,,,,,,,,,,,,,,,,,,,,,,,,,,,,,,,,,,,,,,,,,,,,,,,,,,,,,,,,,,,,,,,,,,,,,,,,,,,,,,,,,,,,,,,,,,,,,,,,,,,,,,,,,,,,,,,,,,,
EVT0003859,SUB00322,CNT00077,2023-08-22,9,Fire TV,120,100%,TRUE,TRUE,FALSE,4K,SES660925,1,,,,,,,,,,,,,,,,,,,,,,,,,,,,,,,,,,,,,,,,,,,,,,,,,,,,,,,,,,,,,,,,,,,,,,,,,,,,,,,,,,,,,,,,,,,,,,,,,,,,,,,,,,,,,,,,,,,,,,,,,
EVT0003860,SUB00492,CNT00093,2024-05-21,6,Mobile,29,75-99%,FALSE,FALSE,FALSE,HD,SES325960,0,,,,,,,,,,,,,,,,,,,,,,,,,,,,,,,,,,,,,,,,,,,,,,,,,,,,,,,,,,,,,,,,,,,,,,,,,,,,,,,,,,,,,,,,,,,,,,,,,,,,,,,,,,,,,,,,,,,,,,,,,
EVT0003861,SUB00331,CNT00093,2023-06-27,21,Fire TV,103,100%,TRUE,FALSE,FALSE,HD,SES954036,1,,,,,,,,,,,,,,,,,,,,,,,,,,,,,,,,,,,,,,,,,,,,,,,,,,,,,,,,,,,,,,,,,,,,,,,,,,,,,,,,,,,,,,,,,,,,,,,,,,,,,,,,,,,,,,,,,,,,,,,,,
EVT0003862,SUB00095,CNT00062,2023-09-08,8,Roku,56,100%,TRUE,TRUE,TRUE,HD,SES866633,1,,,,,,,,,,,,,,,,,,,,,,,,,,,,,,,,,,,,,,,,,,,,,,,,,,,,,,,,,,,,,,,,,,,,,,,,,,,,,,,,,,,,,,,,,,,,,,,,,,,,,,,,,,,,,,,,,,,,,,,,,
EVT0003863,SUB00541,CNT00052,2024-03-26,13,Roku,55,100%,TRUE,TRUE,FALSE,SD,SES353535,1,,,,,,,,,,,,,,,,,,,,,,,,,,,,,,,,,,,,,,,,,,,,,,,,,,,,,,,,,,,,,,,,,,,,,,,,,,,,,,,,,,,,,,,,,,,,,,,,,,,,,,,,,,,,,,,,,,,,,,,,,
EVT0003864,SUB00203,CNT00086,2023-01-11,15,Fire TV,109,75-99%,FALSE,FALSE,FALSE,HD,SES417885,0,,,,,,,,,,,,,,,,,,,,,,,,,,,,,,,,,,,,,,,,,,,,,,,,,,,,,,,,,,,,,,,,,,,,,,,,,,,,,,,,,,,,,,,,,,,,,,,,,,,,,,,,,,,,,,,,,,,,,,,,,
EVT0003865,SUB00625,CNT00047,2023-01-28,14,Roku,67,75-99%,FALSE,FALSE,TRUE,4K,SES335927,0,,,,,,,,,,,,,,,,,,,,,,,,,,,,,,,,,,,,,,,,,,,,,,,,,,,,,,,,,,,,,,,,,,,,,,,,,,,,,,,,,,,,,,,,,,,,,,,,,,,,,,,,,,,,,,,,,,,,,,,,,
EVT0003866,SUB00305,CNT00086,2024-02-08,14,Roku,88,50-75%,FALSE,FALSE,TRUE,SD,SES238365,0,,,,,,,,,,,,,,,,,,,,,,,,,,,,,,,,,,,,,,,,,,,,,,,,,,,,,,,,,,,,,,,,,,,,,,,,,,,,,,,,,,,,,,,,,,,,,,,,,,,,,,,,,,,,,,,,,,,,,,,,,
EVT0003867,SUB00669,CNT00022,2023-04-22,23,Fire TV,9,<25%,FALSE,TRUE,FALSE,HD,SES656832,0,,,,,,,,,,,,,,,,,,,,,,,,,,,,,,,,,,,,,,,,,,,,,,,,,,,,,,,,,,,,,,,,,,,,,,,,,,,,,,,,,,,,,,,,,,,,,,,,,,,,,,,,,,,,,,,,,,,,,,,,,
EVT0003868,SUB00261,CNT00021,2023-09-13,6,Fire TV,80,75-99%,FALSE,TRUE,TRUE,4K,SES358049,0,,,,,,,,,,,,,,,,,,,,,,,,,,,,,,,,,,,,,,,,,,,,,,,,,,,,,,,,,,,,,,,,,,,,,,,,,,,,,,,,,,,,,,,,,,,,,,,,,,,,,,,,,,,,,,,,,,,,,,,,,
EVT0003869,SUB00330,CNT00075,2024-01-30,22,Desktop,84,75-99%,FALSE,FALSE,FALSE,SD,SES140210,0,,,,,,,,,,,,,,,,,,,,,,,,,,,,,,,,,,,,,,,,,,,,,,,,,,,,,,,,,,,,,,,,,,,,,,,,,,,,,,,,,,,,,,,,,,,,,,,,,,,,,,,,,,,,,,,,,,,,,,,,,
EVT0003870,SUB00616,CNT00013,2023-03-23,16,Smart TV,108,25-50%,FALSE,FALSE,TRUE,4K,SES228797,0,,,,,,,,,,,,,,,,,,,,,,,,,,,,,,,,,,,,,,,,,,,,,,,,,,,,,,,,,,,,,,,,,,,,,,,,,,,,,,,,,,,,,,,,,,,,,,,,,,,,,,,,,,,,,,,,,,,,,,,,,
EVT0003871,SUB00653,CNT00066,2023-11-17,10,Desktop,59,100%,TRUE,FALSE,TRUE,SD,SES783308,1,,,,,,,,,,,,,,,,,,,,,,,,,,,,,,,,,,,,,,,,,,,,,,,,,,,,,,,,,,,,,,,,,,,,,,,,,,,,,,,,,,,,,,,,,,,,,,,,,,,,,,,,,,,,,,,,,,,,,,,,,
EVT0003872,SUB00492,CNT00094,2023-06-28,12,Smart TV,33,100%,TRUE,TRUE,TRUE,HD,SES982305,1,,,,,,,,,,,,,,,,,,,,,,,,,,,,,,,,,,,,,,,,,,,,,,,,,,,,,,,,,,,,,,,,,,,,,,,,,,,,,,,,,,,,,,,,,,,,,,,,,,,,,,,,,,,,,,,,,,,,,,,,,
EVT0003873,SUB00159,CNT00061,2023-11-15,16,Desktop,55,50-75%,FALSE,FALSE,TRUE,HD,SES966422,0,,,,,,,,,,,,,,,,,,,,,,,,,,,,,,,,,,,,,,,,,,,,,,,,,,,,,,,,,,,,,,,,,,,,,,,,,,,,,,,,,,,,,,,,,,,,,,,,,,,,,,,,,,,,,,,,,,,,,,,,,
EVT0003874,SUB00590,CNT00092,2023-06-29,7,Fire TV,58,100%,TRUE,FALSE,TRUE,SD,SES324191,1,,,,,,,,,,,,,,,,,,,,,,,,,,,,,,,,,,,,,,,,,,,,,,,,,,,,,,,,,,,,,,,,,,,,,,,,,,,,,,,,,,,,,,,,,,,,,,,,,,,,,,,,,,,,,,,,,,,,,,,,,
EVT0003875,SUB00548,CNT00075,2023-03-21,21,Smart TV,90,100%,TRUE,TRUE,FALSE,HD,SES486507,1,,,,,,,,,,,,,,,,,,,,,,,,,,,,,,,,,,,,,,,,,,,,,,,,,,,,,,,,,,,,,,,,,,,,,,,,,,,,,,,,,,,,,,,,,,,,,,,,,,,,,,,,,,,,,,,,,,,,,,,,,
EVT0003876,SUB00218,CNT00092,2023-05-24,17,Tablet,59,75-99%,FALSE,FALSE,TRUE,HD,SES957952,0,,,,,,,,,,,,,,,,,,,,,,,,,,,,,,,,,,,,,,,,,,,,,,,,,,,,,,,,,,,,,,,,,,,,,,,,,,,,,,,,,,,,,,,,,,,,,,,,,,,,,,,,,,,,,,,,,,,,,,,,,
EVT0003877,SUB00226,CNT00070,2023-03-05,19,Desktop,91,50-75%,FALSE,TRUE,TRUE,4K,SES417419,0,,,,,,,,,,,,,,,,,,,,,,,,,,,,,,,,,,,,,,,,,,,,,,,,,,,,,,,,,,,,,,,,,,,,,,,,,,,,,,,,,,,,,,,,,,,,,,,,,,,,,,,,,,,,,,,,,,,,,,,,,
EVT0003878,SUB00078,CNT00097,2023-02-23,11,Fire TV,70,75-99%,FALSE,FALSE,TRUE,4K,SES812662,0,,,,,,,,,,,,,,,,,,,,,,,,,,,,,,,,,,,,,,,,,,,,,,,,,,,,,,,,,,,,,,,,,,,,,,,,,,,,,,,,,,,,,,,,,,,,,,,,,,,,,,,,,,,,,,,,,,,,,,,,,
EVT0003879,SUB00342,CNT00044,2023-08-04,14,Smart TV,48,100%,TRUE,FALSE,FALSE,HD,SES231461,1,,,,,,,,,,,,,,,,,,,,,,,,,,,,,,,,,,,,,,,,,,,,,,,,,,,,,,,,,,,,,,,,,,,,,,,,,,,,,,,,,,,,,,,,,,,,,,,,,,,,,,,,,,,,,,,,,,,,,,,,,
EVT0003880,SUB00685,CNT00096,2024-06-29,21,Fire TV,70,100%,TRUE,TRUE,TRUE,HD,SES397507,1,,,,,,,,,,,,,,,,,,,,,,,,,,,,,,,,,,,,,,,,,,,,,,,,,,,,,,,,,,,,,,,,,,,,,,,,,,,,,,,,,,,,,,,,,,,,,,,,,,,,,,,,,,,,,,,,,,,,,,,,,
EVT0003881,SUB00342,CNT00032,2024-04-10,14,Mobile,64,100%,TRUE,FALSE,TRUE,HD,SES192494,1,,,,,,,,,,,,,,,,,,,,,,,,,,,,,,,,,,,,,,,,,,,,,,,,,,,,,,,,,,,,,,,,,,,,,,,,,,,,,,,,,,,,,,,,,,,,,,,,,,,,,,,,,,,,,,,,,,,,,,,,,
EVT0003882,SUB00325,CNT00079,2024-05-30,10,Fire TV,38,100%,TRUE,TRUE,TRUE,4K,SES906189,1,,,,,,,,,,,,,,,,,,,,,,,,,,,,,,,,,,,,,,,,,,,,,,,,,,,,,,,,,,,,,,,,,,,,,,,,,,,,,,,,,,,,,,,,,,,,,,,,,,,,,,,,,,,,,,,,,,,,,,,,,
EVT0003883,SUB00428,CNT00010,2023-10-03,18,Roku,7,25-50%,FALSE,FALSE,FALSE,HD,SES213927,0,,,,,,,,,,,,,,,,,,,,,,,,,,,,,,,,,,,,,,,,,,,,,,,,,,,,,,,,,,,,,,,,,,,,,,,,,,,,,,,,,,,,,,,,,,,,,,,,,,,,,,,,,,,,,,,,,,,,,,,,,
EVT0003884,SUB00640,CNT00093,2023-04-09,20,Smart TV,86,50-75%,FALSE,FALSE,TRUE,4K,SES349981,0,,,,,,,,,,,,,,,,,,,,,,,,,,,,,,,,,,,,,,,,,,,,,,,,,,,,,,,,,,,,,,,,,,,,,,,,,,,,,,,,,,,,,,,,,,,,,,,,,,,,,,,,,,,,,,,,,,,,,,,,,
EVT0003885,SUB00238,CNT00069,2023-01-02,15,Smart TV,102,50-75%,FALSE,FALSE,TRUE,4K,SES974434,0,,,,,,,,,,,,,,,,,,,,,,,,,,,,,,,,,,,,,,,,,,,,,,,,,,,,,,,,,,,,,,,,,,,,,,,,,,,,,,,,,,,,,,,,,,,,,,,,,,,,,,,,,,,,,,,,,,,,,,,,,
EVT0003886,SUB00561,CNT00039,2023-05-11,6,Mobile,79,50-75%,FALSE,TRUE,FALSE,HD,SES212686,0,,,,,,,,,,,,,,,,,,,,,,,,,,,,,,,,,,,,,,,,,,,,,,,,,,,,,,,,,,,,,,,,,,,,,,,,,,,,,,,,,,,,,,,,,,,,,,,,,,,,,,,,,,,,,,,,,,,,,,,,,
EVT0003887,SUB00049,CNT00072,2023-12-30,6,Tablet,92,75-99%,FALSE,TRUE,FALSE,SD,SES990379,0,,,,,,,,,,,,,,,,,,,,,,,,,,,,,,,,,,,,,,,,,,,,,,,,,,,,,,,,,,,,,,,,,,,,,,,,,,,,,,,,,,,,,,,,,,,,,,,,,,,,,,,,,,,,,,,,,,,,,,,,,
EVT0003888,SUB00246,CNT00082,2023-02-08,12,Smart TV,100,100%,TRUE,FALSE,TRUE,HD,SES249095,1,,,,,,,,,,,,,,,,,,,,,,,,,,,,,,,,,,,,,,,,,,,,,,,,,,,,,,,,,,,,,,,,,,,,,,,,,,,,,,,,,,,,,,,,,,,,,,,,,,,,,,,,,,,,,,,,,,,,,,,,,
EVT0003889,SUB00339,CNT00099,2023-01-26,17,Fire TV,53,100%,TRUE,TRUE,FALSE,4K,SES736485,1,,,,,,,,,,,,,,,,,,,,,,,,,,,,,,,,,,,,,,,,,,,,,,,,,,,,,,,,,,,,,,,,,,,,,,,,,,,,,,,,,,,,,,,,,,,,,,,,,,,,,,,,,,,,,,,,,,,,,,,,,
EVT0003890,SUB00381,CNT00041,2024-05-24,20,Roku,93,100%,TRUE,TRUE,TRUE,HD,SES354749,1,,,,,,,,,,,,,,,,,,,,,,,,,,,,,,,,,,,,,,,,,,,,,,,,,,,,,,,,,,,,,,,,,,,,,,,,,,,,,,,,,,,,,,,,,,,,,,,,,,,,,,,,,,,,,,,,,,,,,,,,,
EVT0003891,SUB00213,CNT00097,2023-10-24,8,Roku,69,100%,TRUE,FALSE,TRUE,HD,SES673513,1,,,,,,,,,,,,,,,,,,,,,,,,,,,,,,,,,,,,,,,,,,,,,,,,,,,,,,,,,,,,,,,,,,,,,,,,,,,,,,,,,,,,,,,,,,,,,,,,,,,,,,,,,,,,,,,,,,,,,,,,,
EVT0003892,SUB00544,CNT00068,2024-03-26,6,Fire TV,113,100%,TRUE,FALSE,TRUE,HD,SES288859,1,,,,,,,,,,,,,,,,,,,,,,,,,,,,,,,,,,,,,,,,,,,,,,,,,,,,,,,,,,,,,,,,,,,,,,,,,,,,,,,,,,,,,,,,,,,,,,,,,,,,,,,,,,,,,,,,,,,,,,,,,
EVT0003893,SUB00249,CNT00067,2024-06-05,8,Roku,82,25-50%,FALSE,FALSE,TRUE,4K,SES761821,0,,,,,,,,,,,,,,,,,,,,,,,,,,,,,,,,,,,,,,,,,,,,,,,,,,,,,,,,,,,,,,,,,,,,,,,,,,,,,,,,,,,,,,,,,,,,,,,,,,,,,,,,,,,,,,,,,,,,,,,,,
EVT0003894,SUB00300,CNT00082,2024-06-19,6,Desktop,101,100%,TRUE,FALSE,TRUE,HD,SES265009,1,,,,,,,,,,,,,,,,,,,,,,,,,,,,,,,,,,,,,,,,,,,,,,,,,,,,,,,,,,,,,,,,,,,,,,,,,,,,,,,,,,,,,,,,,,,,,,,,,,,,,,,,,,,,,,,,,,,,,,,,,
EVT0003895,SUB00696,CNT00082,2023-11-24,12,Smart TV,62,75-99%,FALSE,TRUE,FALSE,HD,SES568977,0,,,,,,,,,,,,,,,,,,,,,,,,,,,,,,,,,,,,,,,,,,,,,,,,,,,,,,,,,,,,,,,,,,,,,,,,,,,,,,,,,,,,,,,,,,,,,,,,,,,,,,,,,,,,,,,,,,,,,,,,,
EVT0003896,SUB00533,CNT00043,2024-01-01,23,Mobile,90,<25%,FALSE,TRUE,TRUE,HD,SES457985,0,,,,,,,,,,,,,,,,,,,,,,,,,,,,,,,,,,,,,,,,,,,,,,,,,,,,,,,,,,,,,,,,,,,,,,,,,,,,,,,,,,,,,,,,,,,,,,,,,,,,,,,,,,,,,,,,,,,,,,,,,
EVT0003897,SUB00047,CNT00027,2023-05-10,15,Smart TV,79,100%,TRUE,TRUE,FALSE,HD,SES966000,1,,,,,,,,,,,,,,,,,,,,,,,,,,,,,,,,,,,,,,,,,,,,,,,,,,,,,,,,,,,,,,,,,,,,,,,,,,,,,,,,,,,,,,,,,,,,,,,,,,,,,,,,,,,,,,,,,,,,,,,,,
EVT0003898,SUB00546,CNT00057,2023-09-23,11,Mobile,24,25-50%,FALSE,FALSE,FALSE,4K,SES964754,0,,,,,,,,,,,,,,,,,,,,,,,,,,,,,,,,,,,,,,,,,,,,,,,,,,,,,,,,,,,,,,,,,,,,,,,,,,,,,,,,,,,,,,,,,,,,,,,,,,,,,,,,,,,,,,,,,,,,,,,,,
EVT0003899,SUB00014,CNT00031,2023-10-03,21,Mobile,74,100%,TRUE,FALSE,FALSE,SD,SES226660,1,,,,,,,,,,,,,,,,,,,,,,,,,,,,,,,,,,,,,,,,,,,,,,,,,,,,,,,,,,,,,,,,,,,,,,,,,,,,,,,,,,,,,,,,,,,,,,,,,,,,,,,,,,,,,,,,,,,,,,,,,
EVT0003900,SUB00186,CNT00023,2023-03-11,21,Smart TV,83,100%,TRUE,FALSE,FALSE,SD,SES870676,1,,,,,,,,,,,,,,,,,,,,,,,,,,,,,,,,,,,,,,,,,,,,,,,,,,,,,,,,,,,,,,,,,,,,,,,,,,,,,,,,,,,,,,,,,,,,,,,,,,,,,,,,,,,,,,,,,,,,,,,,,
EVT0003901,SUB00634,CNT00033,2024-02-09,19,Mobile,86,100%,TRUE,FALSE,TRUE,HD,SES387925,1,,,,,,,,,,,,,,,,,,,,,,,,,,,,,,,,,,,,,,,,,,,,,,,,,,,,,,,,,,,,,,,,,,,,,,,,,,,,,,,,,,,,,,,,,,,,,,,,,,,,,,,,,,,,,,,,,,,,,,,,,
EVT0003902,SUB00068,CNT00063,2024-05-10,13,Tablet,28,100%,TRUE,FALSE,TRUE,HD,SES484480,1,,,,,,,,,,,,,,,,,,,,,,,,,,,,,,,,,,,,,,,,,,,,,,,,,,,,,,,,,,,,,,,,,,,,,,,,,,,,,,,,,,,,,,,,,,,,,,,,,,,,,,,,,,,,,,,,,,,,,,,,,
EVT0003903,SUB00026,CNT00014,2023-05-19,12,Mobile,88,100%,TRUE,TRUE,TRUE,HD,SES183942,1,,,,,,,,,,,,,,,,,,,,,,,,,,,,,,,,,,,,,,,,,,,,,,,,,,,,,,,,,,,,,,,,,,,,,,,,,,,,,,,,,,,,,,,,,,,,,,,,,,,,,,,,,,,,,,,,,,,,,,,,,
EVT0003904,SUB00227,CNT00040,2024-06-21,7,Mobile,112,25-50%,FALSE,FALSE,TRUE,SD,SES946555,0,,,,,,,,,,,,,,,,,,,,,,,,,,,,,,,,,,,,,,,,,,,,,,,,,,,,,,,,,,,,,,,,,,,,,,,,,,,,,,,,,,,,,,,,,,,,,,,,,,,,,,,,,,,,,,,,,,,,,,,,,
EVT0003905,SUB00387,CNT00035,2024-01-28,7,Roku,53,50-75%,FALSE,TRUE,TRUE,HD,SES683238,0,,,,,,,,,,,,,,,,,,,,,,,,,,,,,,,,,,,,,,,,,,,,,,,,,,,,,,,,,,,,,,,,,,,,,,,,,,,,,,,,,,,,,,,,,,,,,,,,,,,,,,,,,,,,,,,,,,,,,,,,,
EVT0003906,SUB00099,CNT00019,2023-08-29,15,Desktop,112,50-75%,FALSE,FALSE,TRUE,4K,SES597230,0,,,,,,,,,,,,,,,,,,,,,,,,,,,,,,,,,,,,,,,,,,,,,,,,,,,,,,,,,,,,,,,,,,,,,,,,,,,,,,,,,,,,,,,,,,,,,,,,,,,,,,,,,,,,,,,,,,,,,,,,,
EVT0003907,SUB00040,CNT00085,2023-04-29,19,Desktop,87,75-99%,FALSE,TRUE,TRUE,HD,SES654029,0,,,,,,,,,,,,,,,,,,,,,,,,,,,,,,,,,,,,,,,,,,,,,,,,,,,,,,,,,,,,,,,,,,,,,,,,,,,,,,,,,,,,,,,,,,,,,,,,,,,,,,,,,,,,,,,,,,,,,,,,,
EVT0003908,SUB00634,CNT00037,2024-06-28,9,Mobile,12,25-50%,FALSE,FALSE,TRUE,HD,SES126659,0,,,,,,,,,,,,,,,,,,,,,,,,,,,,,,,,,,,,,,,,,,,,,,,,,,,,,,,,,,,,,,,,,,,,,,,,,,,,,,,,,,,,,,,,,,,,,,,,,,,,,,,,,,,,,,,,,,,,,,,,,
EVT0003909,SUB00677,CNT00074,2024-05-30,23,Fire TV,10,100%,TRUE,FALSE,TRUE,SD,SES578255,1,,,,,,,,,,,,,,,,,,,,,,,,,,,,,,,,,,,,,,,,,,,,,,,,,,,,,,,,,,,,,,,,,,,,,,,,,,,,,,,,,,,,,,,,,,,,,,,,,,,,,,,,,,,,,,,,,,,,,,,,,
EVT0003910,SUB00354,CNT00035,2023-03-04,19,Fire TV,47,75-99%,FALSE,FALSE,FALSE,4K,SES576622,0,,,,,,,,,,,,,,,,,,,,,,,,,,,,,,,,,,,,,,,,,,,,,,,,,,,,,,,,,,,,,,,,,,,,,,,,,,,,,,,,,,,,,,,,,,,,,,,,,,,,,,,,,,,,,,,,,,,,,,,,,
EVT0003911,SUB00461,CNT00029,2024-01-09,13,Desktop,85,100%,TRUE,FALSE,FALSE,4K,SES763990,1,,,,,,,,,,,,,,,,,,,,,,,,,,,,,,,,,,,,,,,,,,,,,,,,,,,,,,,,,,,,,,,,,,,,,,,,,,,,,,,,,,,,,,,,,,,,,,,,,,,,,,,,,,,,,,,,,,,,,,,,,
EVT0003912,SUB00501,CNT00011,2023-10-14,6,Roku,102,100%,TRUE,FALSE,FALSE,HD,SES712342,1,,,,,,,,,,,,,,,,,,,,,,,,,,,,,,,,,,,,,,,,,,,,,,,,,,,,,,,,,,,,,,,,,,,,,,,,,,,,,,,,,,,,,,,,,,,,,,,,,,,,,,,,,,,,,,,,,,,,,,,,,
EVT0003913,SUB00495,CNT00070,2023-08-11,18,Tablet,25,100%,TRUE,TRUE,TRUE,HD,SES104675,1,,,,,,,,,,,,,,,,,,,,,,,,,,,,,,,,,,,,,,,,,,,,,,,,,,,,,,,,,,,,,,,,,,,,,,,,,,,,,,,,,,,,,,,,,,,,,,,,,,,,,,,,,,,,,,,,,,,,,,,,,
EVT0003914,SUB00324,CNT00025,2023-10-23,12,Mobile,38,50-75%,FALSE,FALSE,FALSE,HD,SES127305,0,,,,,,,,,,,,,,,,,,,,,,,,,,,,,,,,,,,,,,,,,,,,,,,,,,,,,,,,,,,,,,,,,,,,,,,,,,,,,,,,,,,,,,,,,,,,,,,,,,,,,,,,,,,,,,,,,,,,,,,,,
EVT0003915,SUB00034,CNT00020,2024-04-19,20,Tablet,48,75-99%,FALSE,FALSE,TRUE,4K,SES312148,0,,,,,,,,,,,,,,,,,,,,,,,,,,,,,,,,,,,,,,,,,,,,,,,,,,,,,,,,,,,,,,,,,,,,,,,,,,,,,,,,,,,,,,,,,,,,,,,,,,,,,,,,,,,,,,,,,,,,,,,,,
EVT0003916,SUB00298,CNT00012,2024-03-20,12,Roku,22,100%,TRUE,FALSE,TRUE,SD,SES593989,1,,,,,,,,,,,,,,,,,,,,,,,,,,,,,,,,,,,,,,,,,,,,,,,,,,,,,,,,,,,,,,,,,,,,,,,,,,,,,,,,,,,,,,,,,,,,,,,,,,,,,,,,,,,,,,,,,,,,,,,,,
EVT0003917,SUB00650,CNT00023,2023-05-25,17,Roku,25,100%,TRUE,TRUE,TRUE,HD,SES507151,1,,,,,,,,,,,,,,,,,,,,,,,,,,,,,,,,,,,,,,,,,,,,,,,,,,,,,,,,,,,,,,,,,,,,,,,,,,,,,,,,,,,,,,,,,,,,,,,,,,,,,,,,,,,,,,,,,,,,,,,,,
EVT0003918,SUB00255,CNT00070,2023-08-19,7,Fire TV,38,100%,TRUE,FALSE,FALSE,SD,SES661267,1,,,,,,,,,,,,,,,,,,,,,,,,,,,,,,,,,,,,,,,,,,,,,,,,,,,,,,,,,,,,,,,,,,,,,,,,,,,,,,,,,,,,,,,,,,,,,,,,,,,,,,,,,,,,,,,,,,,,,,,,,
EVT0003919,SUB00440,CNT00011,2024-06-11,17,Roku,7,25-50%,FALSE,FALSE,TRUE,HD,SES162995,0,,,,,,,,,,,,,,,,,,,,,,,,,,,,,,,,,,,,,,,,,,,,,,,,,,,,,,,,,,,,,,,,,,,,,,,,,,,,,,,,,,,,,,,,,,,,,,,,,,,,,,,,,,,,,,,,,,,,,,,,,
EVT0003920,SUB00327,CNT00100,2024-02-12,21,Smart TV,16,75-99%,FALSE,TRUE,TRUE,HD,SES212216,0,,,,,,,,,,,,,,,,,,,,,,,,,,,,,,,,,,,,,,,,,,,,,,,,,,,,,,,,,,,,,,,,,,,,,,,,,,,,,,,,,,,,,,,,,,,,,,,,,,,,,,,,,,,,,,,,,,,,,,,,,
EVT0003921,SUB00529,CNT00062,2024-02-19,9,Fire TV,116,75-99%,FALSE,FALSE,TRUE,HD,SES344296,0,,,,,,,,,,,,,,,,,,,,,,,,,,,,,,,,,,,,,,,,,,,,,,,,,,,,,,,,,,,,,,,,,,,,,,,,,,,,,,,,,,,,,,,,,,,,,,,,,,,,,,,,,,,,,,,,,,,,,,,,,
EVT0003922,SUB00132,CNT00020,2024-01-12,21,Smart TV,110,100%,TRUE,FALSE,TRUE,SD,SES176222,1,,,,,,,,,,,,,,,,,,,,,,,,,,,,,,,,,,,,,,,,,,,,,,,,,,,,,,,,,,,,,,,,,,,,,,,,,,,,,,,,,,,,,,,,,,,,,,,,,,,,,,,,,,,,,,,,,,,,,,,,,
EVT0003923,SUB00463,CNT00051,2023-01-13,22,Fire TV,60,75-99%,FALSE,FALSE,TRUE,4K,SES205748,0,,,,,,,,,,,,,,,,,,,,,,,,,,,,,,,,,,,,,,,,,,,,,,,,,,,,,,,,,,,,,,,,,,,,,,,,,,,,,,,,,,,,,,,,,,,,,,,,,,,,,,,,,,,,,,,,,,,,,,,,,
EVT0003924,SUB00485,CNT00045,2023-10-25,15,Desktop,75,100%,TRUE,FALSE,TRUE,HD,SES766681,1,,,,,,,,,,,,,,,,,,,,,,,,,,,,,,,,,,,,,,,,,,,,,,,,,,,,,,,,,,,,,,,,,,,,,,,,,,,,,,,,,,,,,,,,,,,,,,,,,,,,,,,,,,,,,,,,,,,,,,,,,
EVT0003925,SUB00299,CNT00044,2024-04-22,20,Desktop,53,25-50%,FALSE,FALSE,FALSE,HD,SES771171,0,,,,,,,,,,,,,,,,,,,,,,,,,,,,,,,,,,,,,,,,,,,,,,,,,,,,,,,,,,,,,,,,,,,,,,,,,,,,,,,,,,,,,,,,,,,,,,,,,,,,,,,,,,,,,,,,,,,,,,,,,
EVT0003926,SUB00494,CNT00029,2024-05-18,17,Mobile,54,100%,TRUE,FALSE,TRUE,SD,SES335461,1,,,,,,,,,,,,,,,,,,,,,,,,,,,,,,,,,,,,,,,,,,,,,,,,,,,,,,,,,,,,,,,,,,,,,,,,,,,,,,,,,,,,,,,,,,,,,,,,,,,,,,,,,,,,,,,,,,,,,,,,,
EVT0003927,SUB00685,CNT00085,2023-06-14,6,Mobile,38,75-99%,FALSE,FALSE,FALSE,SD,SES744910,0,,,,,,,,,,,,,,,,,,,,,,,,,,,,,,,,,,,,,,,,,,,,,,,,,,,,,,,,,,,,,,,,,,,,,,,,,,,,,,,,,,,,,,,,,,,,,,,,,,,,,,,,,,,,,,,,,,,,,,,,,
EVT0003928,SUB00662,CNT00087,2023-12-28,8,Tablet,87,75-99%,FALSE,TRUE,FALSE,HD,SES498437,0,,,,,,,,,,,,,,,,,,,,,,,,,,,,,,,,,,,,,,,,,,,,,,,,,,,,,,,,,,,,,,,,,,,,,,,,,,,,,,,,,,,,,,,,,,,,,,,,,,,,,,,,,,,,,,,,,,,,,,,,,
EVT0003929,SUB00145,CNT00076,2023-08-16,21,Smart TV,48,50-75%,FALSE,FALSE,FALSE,HD,SES178959,0,,,,,,,,,,,,,,,,,,,,,,,,,,,,,,,,,,,,,,,,,,,,,,,,,,,,,,,,,,,,,,,,,,,,,,,,,,,,,,,,,,,,,,,,,,,,,,,,,,,,,,,,,,,,,,,,,,,,,,,,,
EVT0003930,SUB00371,CNT00083,2023-04-04,17,Fire TV,92,100%,TRUE,FALSE,TRUE,HD,SES943423,1,,,,,,,,,,,,,,,,,,,,,,,,,,,,,,,,,,,,,,,,,,,,,,,,,,,,,,,,,,,,,,,,,,,,,,,,,,,,,,,,,,,,,,,,,,,,,,,,,,,,,,,,,,,,,,,,,,,,,,,,,
EVT0003931,SUB00299,CNT00036,2024-06-01,6,Desktop,28,100%,TRUE,FALSE,FALSE,HD,SES191319,1,,,,,,,,,,,,,,,,,,,,,,,,,,,,,,,,,,,,,,,,,,,,,,,,,,,,,,,,,,,,,,,,,,,,,,,,,,,,,,,,,,,,,,,,,,,,,,,,,,,,,,,,,,,,,,,,,,,,,,,,,
EVT0003932,SUB00419,CNT00077,2023-11-25,12,Mobile,78,100%,TRUE,FALSE,TRUE,4K,SES187920,1,,,,,,,,,,,,,,,,,,,,,,,,,,,,,,,,,,,,,,,,,,,,,,,,,,,,,,,,,,,,,,,,,,,,,,,,,,,,,,,,,,,,,,,,,,,,,,,,,,,,,,,,,,,,,,,,,,,,,,,,,
EVT0003933,SUB00221,CNT00013,2024-06-18,12,Desktop,36,50-75%,FALSE,FALSE,TRUE,HD,SES164211,0,,,,,,,,,,,,,,,,,,,,,,,,,,,,,,,,,,,,,,,,,,,,,,,,,,,,,,,,,,,,,,,,,,,,,,,,,,,,,,,,,,,,,,,,,,,,,,,,,,,,,,,,,,,,,,,,,,,,,,,,,
EVT0003934,SUB00511,CNT00081,2024-06-18,13,Tablet,67,100%,TRUE,TRUE,TRUE,4K,SES198666,1,,,,,,,,,,,,,,,,,,,,,,,,,,,,,,,,,,,,,,,,,,,,,,,,,,,,,,,,,,,,,,,,,,,,,,,,,,,,,,,,,,,,,,,,,,,,,,,,,,,,,,,,,,,,,,,,,,,,,,,,,
EVT0003935,SUB00475,CNT00035,2024-03-10,21,Fire TV,42,100%,TRUE,TRUE,TRUE,HD,SES526850,1,,,,,,,,,,,,,,,,,,,,,,,,,,,,,,,,,,,,,,,,,,,,,,,,,,,,,,,,,,,,,,,,,,,,,,,,,,,,,,,,,,,,,,,,,,,,,,,,,,,,,,,,,,,,,,,,,,,,,,,,,
EVT0003936,SUB00512,CNT00064,2023-10-20,10,Desktop,72,100%,TRUE,TRUE,FALSE,4K,SES647872,1,,,,,,,,,,,,,,,,,,,,,,,,,,,,,,,,,,,,,,,,,,,,,,,,,,,,,,,,,,,,,,,,,,,,,,,,,,,,,,,,,,,,,,,,,,,,,,,,,,,,,,,,,,,,,,,,,,,,,,,,,
EVT0003937,SUB00025,CNT00082,2024-05-09,16,Mobile,58,25-50%,FALSE,FALSE,TRUE,HD,SES844024,0,,,,,,,,,,,,,,,,,,,,,,,,,,,,,,,,,,,,,,,,,,,,,,,,,,,,,,,,,,,,,,,,,,,,,,,,,,,,,,,,,,,,,,,,,,,,,,,,,,,,,,,,,,,,,,,,,,,,,,,,,
EVT0003938,SUB00570,CNT00029,2023-02-11,10,Desktop,22,75-99%,FALSE,FALSE,TRUE,HD,SES334089,0,,,,,,,,,,,,,,,,,,,,,,,,,,,,,,,,,,,,,,,,,,,,,,,,,,,,,,,,,,,,,,,,,,,,,,,,,,,,,,,,,,,,,,,,,,,,,,,,,,,,,,,,,,,,,,,,,,,,,,,,,
EVT0003939,SUB00192,CNT00035,2023-04-15,23,Desktop,55,25-50%,FALSE,FALSE,TRUE,4K,SES107361,0,,,,,,,,,,,,,,,,,,,,,,,,,,,,,,,,,,,,,,,,,,,,,,,,,,,,,,,,,,,,,,,,,,,,,,,,,,,,,,,,,,,,,,,,,,,,,,,,,,,,,,,,,,,,,,,,,,,,,,,,,
EVT0003940,SUB00107,CNT00096,2023-09-20,20,Desktop,48,50-75%,FALSE,FALSE,TRUE,HD,SES418086,0,,,,,,,,,,,,,,,,,,,,,,,,,,,,,,,,,,,,,,,,,,,,,,,,,,,,,,,,,,,,,,,,,,,,,,,,,,,,,,,,,,,,,,,,,,,,,,,,,,,,,,,,,,,,,,,,,,,,,,,,,
EVT0003941,SUB00626,CNT00043,2024-02-15,9,Desktop,80,100%,TRUE,TRUE,TRUE,HD,SES488714,1,,,,,,,,,,,,,,,,,,,,,,,,,,,,,,,,,,,,,,,,,,,,,,,,,,,,,,,,,,,,,,,,,,,,,,,,,,,,,,,,,,,,,,,,,,,,,,,,,,,,,,,,,,,,,,,,,,,,,,,,,
EVT0003942,SUB00473,CNT00042,2023-03-15,10,Fire TV,75,100%,TRUE,FALSE,TRUE,4K,SES773601,1,,,,,,,,,,,,,,,,,,,,,,,,,,,,,,,,,,,,,,,,,,,,,,,,,,,,,,,,,,,,,,,,,,,,,,,,,,,,,,,,,,,,,,,,,,,,,,,,,,,,,,,,,,,,,,,,,,,,,,,,,
EVT0003943,SUB00030,CNT00042,2024-04-10,6,Tablet,108,<25%,FALSE,FALSE,TRUE,4K,SES843677,0,,,,,,,,,,,,,,,,,,,,,,,,,,,,,,,,,,,,,,,,,,,,,,,,,,,,,,,,,,,,,,,,,,,,,,,,,,,,,,,,,,,,,,,,,,,,,,,,,,,,,,,,,,,,,,,,,,,,,,,,,
EVT0003944,SUB00045,CNT00054,2024-06-23,20,Roku,43,50-75%,FALSE,TRUE,TRUE,HD,SES798865,0,,,,,,,,,,,,,,,,,,,,,,,,,,,,,,,,,,,,,,,,,,,,,,,,,,,,,,,,,,,,,,,,,,,,,,,,,,,,,,,,,,,,,,,,,,,,,,,,,,,,,,,,,,,,,,,,,,,,,,,,,
EVT0003945,SUB00122,CNT00072,2023-09-13,23,Smart TV,30,<25%,FALSE,FALSE,FALSE,4K,SES666921,0,,,,,,,,,,,,,,,,,,,,,,,,,,,,,,,,,,,,,,,,,,,,,,,,,,,,,,,,,,,,,,,,,,,,,,,,,,,,,,,,,,,,,,,,,,,,,,,,,,,,,,,,,,,,,,,,,,,,,,,,,
EVT0003946,SUB00653,CNT00017,2023-06-30,17,Smart TV,41,100%,TRUE,FALSE,FALSE,SD,SES505695,1,,,,,,,,,,,,,,,,,,,,,,,,,,,,,,,,,,,,,,,,,,,,,,,,,,,,,,,,,,,,,,,,,,,,,,,,,,,,,,,,,,,,,,,,,,,,,,,,,,,,,,,,,,,,,,,,,,,,,,,,,
EVT0003947,SUB00680,CNT00042,2023-01-16,15,Mobile,67,100%,TRUE,FALSE,FALSE,4K,SES426529,1,,,,,,,,,,,,,,,,,,,,,,,,,,,,,,,,,,,,,,,,,,,,,,,,,,,,,,,,,,,,,,,,,,,,,,,,,,,,,,,,,,,,,,,,,,,,,,,,,,,,,,,,,,,,,,,,,,,,,,,,,
EVT0003948,SUB00110,CNT00013,2024-02-22,9,Mobile,88,25-50%,FALSE,TRUE,TRUE,HD,SES333190,0,,,,,,,,,,,,,,,,,,,,,,,,,,,,,,,,,,,,,,,,,,,,,,,,,,,,,,,,,,,,,,,,,,,,,,,,,,,,,,,,,,,,,,,,,,,,,,,,,,,,,,,,,,,,,,,,,,,,,,,,,
EVT0003949,SUB00645,CNT00100,2023-03-23,13,Tablet,71,100%,TRUE,FALSE,TRUE,HD,SES844521,1,,,,,,,,,,,,,,,,,,,,,,,,,,,,,,,,,,,,,,,,,,,,,,,,,,,,,,,,,,,,,,,,,,,,,,,,,,,,,,,,,,,,,,,,,,,,,,,,,,,,,,,,,,,,,,,,,,,,,,,,,
EVT0003950,SUB00691,CNT00093,2023-01-09,10,Desktop,67,75-99%,FALSE,FALSE,TRUE,4K,SES503886,0,,,,,,,,,,,,,,,,,,,,,,,,,,,,,,,,,,,,,,,,,,,,,,,,,,,,,,,,,,,,,,,,,,,,,,,,,,,,,,,,,,,,,,,,,,,,,,,,,,,,,,,,,,,,,,,,,,,,,,,,,
EVT0003951,SUB00347,CNT00088,2024-05-28,9,Fire TV,62,100%,TRUE,FALSE,TRUE,HD,SES697606,1,,,,,,,,,,,,,,,,,,,,,,,,,,,,,,,,,,,,,,,,,,,,,,,,,,,,,,,,,,,,,,,,,,,,,,,,,,,,,,,,,,,,,,,,,,,,,,,,,,,,,,,,,,,,,,,,,,,,,,,,,
EVT0003952,SUB00015,CNT00001,2023-09-16,6,Roku,81,100%,TRUE,FALSE,TRUE,HD,SES693677,1,,,,,,,,,,,,,,,,,,,,,,,,,,,,,,,,,,,,,,,,,,,,,,,,,,,,,,,,,,,,,,,,,,,,,,,,,,,,,,,,,,,,,,,,,,,,,,,,,,,,,,,,,,,,,,,,,,,,,,,,,
EVT0003953,SUB00413,CNT00065,2023-02-15,18,Tablet,76,100%,TRUE,FALSE,TRUE,SD,SES262060,1,,,,,,,,,,,,,,,,,,,,,,,,,,,,,,,,,,,,,,,,,,,,,,,,,,,,,,,,,,,,,,,,,,,,,,,,,,,,,,,,,,,,,,,,,,,,,,,,,,,,,,,,,,,,,,,,,,,,,,,,,
EVT0003954,SUB00476,CNT00042,2023-09-08,19,Fire TV,45,25-50%,FALSE,FALSE,TRUE,HD,SES650165,0,,,,,,,,,,,,,,,,,,,,,,,,,,,,,,,,,,,,,,,,,,,,,,,,,,,,,,,,,,,,,,,,,,,,,,,,,,,,,,,,,,,,,,,,,,,,,,,,,,,,,,,,,,,,,,,,,,,,,,,,,
EVT0003955,SUB00173,CNT00072,2023-01-15,11,Desktop,10,50-75%,FALSE,TRUE,FALSE,SD,SES482788,0,,,,,,,,,,,,,,,,,,,,,,,,,,,,,,,,,,,,,,,,,,,,,,,,,,,,,,,,,,,,,,,,,,,,,,,,,,,,,,,,,,,,,,,,,,,,,,,,,,,,,,,,,,,,,,,,,,,,,,,,,
EVT0003956,SUB00686,CNT00068,2023-01-27,22,Mobile,5,100%,TRUE,FALSE,TRUE,SD,SES100484,1,,,,,,,,,,,,,,,,,,,,,,,,,,,,,,,,,,,,,,,,,,,,,,,,,,,,,,,,,,,,,,,,,,,,,,,,,,,,,,,,,,,,,,,,,,,,,,,,,,,,,,,,,,,,,,,,,,,,,,,,,
EVT0003957,SUB00200,CNT00020,2023-12-07,18,Roku,99,75-99%,FALSE,FALSE,FALSE,HD,SES924156,0,,,,,,,,,,,,,,,,,,,,,,,,,,,,,,,,,,,,,,,,,,,,,,,,,,,,,,,,,,,,,,,,,,,,,,,,,,,,,,,,,,,,,,,,,,,,,,,,,,,,,,,,,,,,,,,,,,,,,,,,,
EVT0003958,SUB00053,CNT00025,2023-06-08,8,Mobile,114,<25%,FALSE,FALSE,TRUE,HD,SES698845,0,,,,,,,,,,,,,,,,,,,,,,,,,,,,,,,,,,,,,,,,,,,,,,,,,,,,,,,,,,,,,,,,,,,,,,,,,,,,,,,,,,,,,,,,,,,,,,,,,,,,,,,,,,,,,,,,,,,,,,,,,
EVT0003959,SUB00171,CNT00080,2023-06-24,18,Fire TV,55,100%,TRUE,TRUE,TRUE,4K,SES382186,1,,,,,,,,,,,,,,,,,,,,,,,,,,,,,,,,,,,,,,,,,,,,,,,,,,,,,,,,,,,,,,,,,,,,,,,,,,,,,,,,,,,,,,,,,,,,,,,,,,,,,,,,,,,,,,,,,,,,,,,,,
EVT0003960,SUB00357,CNT00090,2023-03-12,23,Mobile,62,<25%,FALSE,TRUE,FALSE,HD,SES576413,0,,,,,,,,,,,,,,,,,,,,,,,,,,,,,,,,,,,,,,,,,,,,,,,,,,,,,,,,,,,,,,,,,,,,,,,,,,,,,,,,,,,,,,,,,,,,,,,,,,,,,,,,,,,,,,,,,,,,,,,,,
EVT0003961,SUB00635,CNT00089,2023-05-18,10,Fire TV,76,100%,TRUE,FALSE,TRUE,4K,SES664068,1,,,,,,,,,,,,,,,,,,,,,,,,,,,,,,,,,,,,,,,,,,,,,,,,,,,,,,,,,,,,,,,,,,,,,,,,,,,,,,,,,,,,,,,,,,,,,,,,,,,,,,,,,,,,,,,,,,,,,,,,,
EVT0003962,SUB00314,CNT00091,2023-09-01,12,Roku,79,100%,TRUE,FALSE,FALSE,HD,SES776190,1,,,,,,,,,,,,,,,,,,,,,,,,,,,,,,,,,,,,,,,,,,,,,,,,,,,,,,,,,,,,,,,,,,,,,,,,,,,,,,,,,,,,,,,,,,,,,,,,,,,,,,,,,,,,,,,,,,,,,,,,,
EVT0003963,SUB00631,CNT00035,2023-10-03,10,Fire TV,34,<25%,FALSE,TRUE,TRUE,4K,SES990430,0,,,,,,,,,,,,,,,,,,,,,,,,,,,,,,,,,,,,,,,,,,,,,,,,,,,,,,,,,,,,,,,,,,,,,,,,,,,,,,,,,,,,,,,,,,,,,,,,,,,,,,,,,,,,,,,,,,,,,,,,,
EVT0003964,SUB00517,CNT00027,2024-06-21,13,Tablet,56,100%,TRUE,FALSE,TRUE,HD,SES955681,1,,,,,,,,,,,,,,,,,,,,,,,,,,,,,,,,,,,,,,,,,,,,,,,,,,,,,,,,,,,,,,,,,,,,,,,,,,,,,,,,,,,,,,,,,,,,,,,,,,,,,,,,,,,,,,,,,,,,,,,,,
EVT0003965,SUB00446,CNT00005,2023-04-10,23,Desktop,51,75-99%,FALSE,TRUE,TRUE,HD,SES715534,0,,,,,,,,,,,,,,,,,,,,,,,,,,,,,,,,,,,,,,,,,,,,,,,,,,,,,,,,,,,,,,,,,,,,,,,,,,,,,,,,,,,,,,,,,,,,,,,,,,,,,,,,,,,,,,,,,,,,,,,,,
EVT0003966,SUB00089,CNT00027,2024-02-24,15,Mobile,59,100%,TRUE,FALSE,FALSE,4K,SES757684,1,,,,,,,,,,,,,,,,,,,,,,,,,,,,,,,,,,,,,,,,,,,,,,,,,,,,,,,,,,,,,,,,,,,,,,,,,,,,,,,,,,,,,,,,,,,,,,,,,,,,,,,,,,,,,,,,,,,,,,,,,
EVT0003967,SUB00668,CNT00055,2023-06-10,22,Roku,92,100%,TRUE,FALSE,FALSE,SD,SES388189,1,,,,,,,,,,,,,,,,,,,,,,,,,,,,,,,,,,,,,,,,,,,,,,,,,,,,,,,,,,,,,,,,,,,,,,,,,,,,,,,,,,,,,,,,,,,,,,,,,,,,,,,,,,,,,,,,,,,,,,,,,
EVT0003968,SUB00270,CNT00011,2023-12-03,23,Roku,20,100%,TRUE,FALSE,FALSE,HD,SES638258,1,,,,,,,,,,,,,,,,,,,,,,,,,,,,,,,,,,,,,,,,,,,,,,,,,,,,,,,,,,,,,,,,,,,,,,,,,,,,,,,,,,,,,,,,,,,,,,,,,,,,,,,,,,,,,,,,,,,,,,,,,
EVT0003969,SUB00346,CNT00039,2023-10-14,21,Tablet,80,75-99%,FALSE,FALSE,TRUE,SD,SES704312,0,,,,,,,,,,,,,,,,,,,,,,,,,,,,,,,,,,,,,,,,,,,,,,,,,,,,,,,,,,,,,,,,,,,,,,,,,,,,,,,,,,,,,,,,,,,,,,,,,,,,,,,,,,,,,,,,,,,,,,,,,
EVT0003970,SUB00431,CNT00099,2023-06-28,18,Tablet,99,100%,TRUE,FALSE,TRUE,HD,SES788690,1,,,,,,,,,,,,,,,,,,,,,,,,,,,,,,,,,,,,,,,,,,,,,,,,,,,,,,,,,,,,,,,,,,,,,,,,,,,,,,,,,,,,,,,,,,,,,,,,,,,,,,,,,,,,,,,,,,,,,,,,,
EVT0003971,SUB00022,CNT00072,2023-07-09,6,Tablet,63,100%,TRUE,TRUE,TRUE,HD,SES621915,1,,,,,,,,,,,,,,,,,,,,,,,,,,,,,,,,,,,,,,,,,,,,,,,,,,,,,,,,,,,,,,,,,,,,,,,,,,,,,,,,,,,,,,,,,,,,,,,,,,,,,,,,,,,,,,,,,,,,,,,,,
EVT0003972,SUB00216,CNT00085,2023-10-20,16,Desktop,46,100%,TRUE,FALSE,TRUE,HD,SES235106,1,,,,,,,,,,,,,,,,,,,,,,,,,,,,,,,,,,,,,,,,,,,,,,,,,,,,,,,,,,,,,,,,,,,,,,,,,,,,,,,,,,,,,,,,,,,,,,,,,,,,,,,,,,,,,,,,,,,,,,,,,
EVT0003973,SUB00353,CNT00090,2023-12-05,19,Roku,8,100%,TRUE,FALSE,FALSE,HD,SES381579,1,,,,,,,,,,,,,,,,,,,,,,,,,,,,,,,,,,,,,,,,,,,,,,,,,,,,,,,,,,,,,,,,,,,,,,,,,,,,,,,,,,,,,,,,,,,,,,,,,,,,,,,,,,,,,,,,,,,,,,,,,
EVT0003974,SUB00615,CNT00001,2024-03-10,23,Mobile,21,25-50%,FALSE,TRUE,TRUE,HD,SES386469,0,,,,,,,,,,,,,,,,,,,,,,,,,,,,,,,,,,,,,,,,,,,,,,,,,,,,,,,,,,,,,,,,,,,,,,,,,,,,,,,,,,,,,,,,,,,,,,,,,,,,,,,,,,,,,,,,,,,,,,,,,
EVT0003975,SUB00301,CNT00088,2023-07-11,21,Fire TV,9,50-75%,FALSE,TRUE,TRUE,4K,SES221728,0,,,,,,,,,,,,,,,,,,,,,,,,,,,,,,,,,,,,,,,,,,,,,,,,,,,,,,,,,,,,,,,,,,,,,,,,,,,,,,,,,,,,,,,,,,,,,,,,,,,,,,,,,,,,,,,,,,,,,,,,,
EVT0003976,SUB00403,CNT00058,2023-02-10,15,Fire TV,39,100%,TRUE,FALSE,TRUE,HD,SES477004,1,,,,,,,,,,,,,,,,,,,,,,,,,,,,,,,,,,,,,,,,,,,,,,,,,,,,,,,,,,,,,,,,,,,,,,,,,,,,,,,,,,,,,,,,,,,,,,,,,,,,,,,,,,,,,,,,,,,,,,,,,
EVT0003977,SUB00497,CNT00037,2024-04-29,21,Tablet,63,75-99%,FALSE,FALSE,TRUE,SD,SES819529,0,,,,,,,,,,,,,,,,,,,,,,,,,,,,,,,,,,,,,,,,,,,,,,,,,,,,,,,,,,,,,,,,,,,,,,,,,,,,,,,,,,,,,,,,,,,,,,,,,,,,,,,,,,,,,,,,,,,,,,,,,
EVT0003978,SUB00218,CNT00009,2024-06-28,6,Roku,17,100%,TRUE,FALSE,TRUE,SD,SES850902,1,,,,,,,,,,,,,,,,,,,,,,,,,,,,,,,,,,,,,,,,,,,,,,,,,,,,,,,,,,,,,,,,,,,,,,,,,,,,,,,,,,,,,,,,,,,,,,,,,,,,,,,,,,,,,,,,,,,,,,,,,
EVT0003979,SUB00256,CNT00068,2024-03-03,8,Roku,6,50-75%,FALSE,FALSE,TRUE,SD,SES810889,0,,,,,,,,,,,,,,,,,,,,,,,,,,,,,,,,,,,,,,,,,,,,,,,,,,,,,,,,,,,,,,,,,,,,,,,,,,,,,,,,,,,,,,,,,,,,,,,,,,,,,,,,,,,,,,,,,,,,,,,,,
EVT0003980,SUB00161,CNT00002,2023-06-07,21,Tablet,63,100%,TRUE,TRUE,TRUE,HD,SES682238,1,,,,,,,,,,,,,,,,,,,,,,,,,,,,,,,,,,,,,,,,,,,,,,,,,,,,,,,,,,,,,,,,,,,,,,,,,,,,,,,,,,,,,,,,,,,,,,,,,,,,,,,,,,,,,,,,,,,,,,,,,
EVT0003981,SUB00514,CNT00049,2023-07-11,20,Tablet,98,50-75%,FALSE,FALSE,TRUE,HD,SES447983,0,,,,,,,,,,,,,,,,,,,,,,,,,,,,,,,,,,,,,,,,,,,,,,,,,,,,,,,,,,,,,,,,,,,,,,,,,,,,,,,,,,,,,,,,,,,,,,,,,,,,,,,,,,,,,,,,,,,,,,,,,
EVT0003982,SUB00424,CNT00050,2024-06-05,17,Mobile,97,100%,TRUE,FALSE,TRUE,4K,SES625298,1,,,,,,,,,,,,,,,,,,,,,,,,,,,,,,,,,,,,,,,,,,,,,,,,,,,,,,,,,,,,,,,,,,,,,,,,,,,,,,,,,,,,,,,,,,,,,,,,,,,,,,,,,,,,,,,,,,,,,,,,,
EVT0003983,SUB00538,CNT00047,2024-05-03,22,Desktop,19,50-75%,FALSE,TRUE,TRUE,SD,SES156361,0,,,,,,,,,,,,,,,,,,,,,,,,,,,,,,,,,,,,,,,,,,,,,,,,,,,,,,,,,,,,,,,,,,,,,,,,,,,,,,,,,,,,,,,,,,,,,,,,,,,,,,,,,,,,,,,,,,,,,,,,,
EVT0003984,SUB00352,CNT00044,2023-06-29,16,Smart TV,35,100%,TRUE,FALSE,TRUE,HD,SES634475,1,,,,,,,,,,,,,,,,,,,,,,,,,,,,,,,,,,,,,,,,,,,,,,,,,,,,,,,,,,,,,,,,,,,,,,,,,,,,,,,,,,,,,,,,,,,,,,,,,,,,,,,,,,,,,,,,,,,,,,,,,
EVT0003985,SUB00140,CNT00082,2023-12-24,22,Tablet,41,100%,TRUE,FALSE,TRUE,4K,SES958007,1,,,,,,,,,,,,,,,,,,,,,,,,,,,,,,,,,,,,,,,,,,,,,,,,,,,,,,,,,,,,,,,,,,,,,,,,,,,,,,,,,,,,,,,,,,,,,,,,,,,,,,,,,,,,,,,,,,,,,,,,,
EVT0003986,SUB00319,CNT00040,2023-05-02,18,Smart TV,102,100%,TRUE,TRUE,TRUE,SD,SES548160,1,,,,,,,,,,,,,,,,,,,,,,,,,,,,,,,,,,,,,,,,,,,,,,,,,,,,,,,,,,,,,,,,,,,,,,,,,,,,,,,,,,,,,,,,,,,,,,,,,,,,,,,,,,,,,,,,,,,,,,,,,
EVT0003987,SUB00665,CNT00015,2023-12-09,18,Fire TV,20,75-99%,FALSE,TRUE,FALSE,HD,SES997062,0,,,,,,,,,,,,,,,,,,,,,,,,,,,,,,,,,,,,,,,,,,,,,,,,,,,,,,,,,,,,,,,,,,,,,,,,,,,,,,,,,,,,,,,,,,,,,,,,,,,,,,,,,,,,,,,,,,,,,,,,,
EVT0003988,SUB00671,CNT00042,2024-01-08,11,Smart TV,78,100%,TRUE,FALSE,TRUE,HD,SES358107,1,,,,,,,,,,,,,,,,,,,,,,,,,,,,,,,,,,,,,,,,,,,,,,,,,,,,,,,,,,,,,,,,,,,,,,,,,,,,,,,,,,,,,,,,,,,,,,,,,,,,,,,,,,,,,,,,,,,,,,,,,
EVT0003989,SUB00296,CNT00073,2023-06-05,20,Fire TV,16,100%,TRUE,TRUE,FALSE,SD,SES213188,1,,,,,,,,,,,,,,,,,,,,,,,,,,,,,,,,,,,,,,,,,,,,,,,,,,,,,,,,,,,,,,,,,,,,,,,,,,,,,,,,,,,,,,,,,,,,,,,,,,,,,,,,,,,,,,,,,,,,,,,,,
EVT0003990,SUB00453,CNT00059,2024-01-22,12,Desktop,11,50-75%,FALSE,FALSE,FALSE,HD,SES102648,0,,,,,,,,,,,,,,,,,,,,,,,,,,,,,,,,,,,,,,,,,,,,,,,,,,,,,,,,,,,,,,,,,,,,,,,,,,,,,,,,,,,,,,,,,,,,,,,,,,,,,,,,,,,,,,,,,,,,,,,,,
EVT0003991,SUB00340,CNT00057,2024-06-16,14,Smart TV,92,<25%,FALSE,FALSE,FALSE,4K,SES593175,0,,,,,,,,,,,,,,,,,,,,,,,,,,,,,,,,,,,,,,,,,,,,,,,,,,,,,,,,,,,,,,,,,,,,,,,,,,,,,,,,,,,,,,,,,,,,,,,,,,,,,,,,,,,,,,,,,,,,,,,,,
EVT0003992,SUB00619,CNT00075,2023-09-16,21,Desktop,94,50-75%,FALSE,FALSE,FALSE,HD,SES322544,0,,,,,,,,,,,,,,,,,,,,,,,,,,,,,,,,,,,,,,,,,,,,,,,,,,,,,,,,,,,,,,,,,,,,,,,,,,,,,,,,,,,,,,,,,,,,,,,,,,,,,,,,,,,,,,,,,,,,,,,,,
EVT0003993,SUB00428,CNT00075,2024-06-01,22,Fire TV,66,100%,TRUE,FALSE,TRUE,4K,SES862497,1,,,,,,,,,,,,,,,,,,,,,,,,,,,,,,,,,,,,,,,,,,,,,,,,,,,,,,,,,,,,,,,,,,,,,,,,,,,,,,,,,,,,,,,,,,,,,,,,,,,,,,,,,,,,,,,,,,,,,,,,,
EVT0003994,SUB00537,CNT00070,2023-11-20,8,Roku,58,50-75%,FALSE,FALSE,TRUE,HD,SES860882,0,,,,,,,,,,,,,,,,,,,,,,,,,,,,,,,,,,,,,,,,,,,,,,,,,,,,,,,,,,,,,,,,,,,,,,,,,,,,,,,,,,,,,,,,,,,,,,,,,,,,,,,,,,,,,,,,,,,,,,,,,
EVT0003995,SUB00458,CNT00095,2023-03-10,6,Tablet,29,<25%,FALSE,FALSE,TRUE,HD,SES540319,0,,,,,,,,,,,,,,,,,,,,,,,,,,,,,,,,,,,,,,,,,,,,,,,,,,,,,,,,,,,,,,,,,,,,,,,,,,,,,,,,,,,,,,,,,,,,,,,,,,,,,,,,,,,,,,,,,,,,,,,,,
EVT0003996,SUB00380,CNT00089,2023-01-21,7,Smart TV,85,75-99%,FALSE,FALSE,TRUE,4K,SES751345,0,,,,,,,,,,,,,,,,,,,,,,,,,,,,,,,,,,,,,,,,,,,,,,,,,,,,,,,,,,,,,,,,,,,,,,,,,,,,,,,,,,,,,,,,,,,,,,,,,,,,,,,,,,,,,,,,,,,,,,,,,
EVT0003997,SUB00551,CNT00057,2024-01-12,16,Tablet,77,75-99%,FALSE,TRUE,FALSE,HD,SES535956,0,,,,,,,,,,,,,,,,,,,,,,,,,,,,,,,,,,,,,,,,,,,,,,,,,,,,,,,,,,,,,,,,,,,,,,,,,,,,,,,,,,,,,,,,,,,,,,,,,,,,,,,,,,,,,,,,,,,,,,,,,
EVT0003998,SUB00093,CNT00073,2024-06-12,20,Smart TV,18,75-99%,FALSE,FALSE,FALSE,HD,SES465484,0,,,,,,,,,,,,,,,,,,,,,,,,,,,,,,,,,,,,,,,,,,,,,,,,,,,,,,,,,,,,,,,,,,,,,,,,,,,,,,,,,,,,,,,,,,,,,,,,,,,,,,,,,,,,,,,,,,,,,,,,,
EVT0003999,SUB00112,CNT00027,2023-11-11,14,Tablet,79,100%,TRUE,FALSE,TRUE,HD,SES285011,1,,,,,,,,,,,,,,,,,,,,,,,,,,,,,,,,,,,,,,,,,,,,,,,,,,,,,,,,,,,,,,,,,,,,,,,,,,,,,,,,,,,,,,,,,,,,,,,,,,,,,,,,,,,,,,,,,,,,,,,,,
EVT0004000,SUB00529,CNT00082,2024-01-14,17,Tablet,112,25-50%,FALSE,FALSE,TRUE,SD,SES903058,0,,,,,,,,,,,,,,,,,,,,,,,,,,,,,,,,,,,,,,,,,,,,,,,,,,,,,,,,,,,,,,,,,,,,,,,,,,,,,,,,,,,,,,,,,,,,,,,,,,,,,,,,,,,,,,,,,,,,,,,,,
EVT0004001,SUB00184,CNT00060,2024-01-28,12,Tablet,18,50-75%,FALSE,FALSE,FALSE,HD,SES639307,0,,,,,,,,,,,,,,,,,,,,,,,,,,,,,,,,,,,,,,,,,,,,,,,,,,,,,,,,,,,,,,,,,,,,,,,,,,,,,,,,,,,,,,,,,,,,,,,,,,,,,,,,,,,,,,,,,,,,,,,,,
EVT0004002,SUB00206,CNT00006,2024-02-26,9,Desktop,37,25-50%,FALSE,FALSE,TRUE,HD,SES650149,0,,,,,,,,,,,,,,,,,,,,,,,,,,,,,,,,,,,,,,,,,,,,,,,,,,,,,,,,,,,,,,,,,,,,,,,,,,,,,,,,,,,,,,,,,,,,,,,,,,,,,,,,,,,,,,,,,,,,,,,,,
EVT0004003,SUB00046,CNT00001,2023-03-18,21,Desktop,34,100%,TRUE,FALSE,TRUE,HD,SES317713,1,,,,,,,,,,,,,,,,,,,,,,,,,,,,,,,,,,,,,,,,,,,,,,,,,,,,,,,,,,,,,,,,,,,,,,,,,,,,,,,,,,,,,,,,,,,,,,,,,,,,,,,,,,,,,,,,,,,,,,,,,
EVT0004004,SUB00697,CNT00024,2023-10-14,18,Smart TV,36,100%,TRUE,FALSE,TRUE,HD,SES391223,1,,,,,,,,,,,,,,,,,,,,,,,,,,,,,,,,,,,,,,,,,,,,,,,,,,,,,,,,,,,,,,,,,,,,,,,,,,,,,,,,,,,,,,,,,,,,,,,,,,,,,,,,,,,,,,,,,,,,,,,,,
EVT0004005,SUB00414,CNT00076,2023-03-17,21,Mobile,108,100%,TRUE,TRUE,TRUE,HD,SES199235,1,,,,,,,,,,,,,,,,,,,,,,,,,,,,,,,,,,,,,,,,,,,,,,,,,,,,,,,,,,,,,,,,,,,,,,,,,,,,,,,,,,,,,,,,,,,,,,,,,,,,,,,,,,,,,,,,,,,,,,,,,
EVT0004006,SUB00091,CNT00075,2024-01-04,13,Tablet,114,100%,TRUE,TRUE,TRUE,HD,SES781176,1,,,,,,,,,,,,,,,,,,,,,,,,,,,,,,,,,,,,,,,,,,,,,,,,,,,,,,,,,,,,,,,,,,,,,,,,,,,,,,,,,,,,,,,,,,,,,,,,,,,,,,,,,,,,,,,,,,,,,,,,,
EVT0004007,SUB00685,CNT00100,2023-07-22,14,Fire TV,100,75-99%,FALSE,FALSE,TRUE,HD,SES481329,0,,,,,,,,,,,,,,,,,,,,,,,,,,,,,,,,,,,,,,,,,,,,,,,,,,,,,,,,,,,,,,,,,,,,,,,,,,,,,,,,,,,,,,,,,,,,,,,,,,,,,,,,,,,,,,,,,,,,,,,,,
EVT0004008,SUB00398,CNT00009,2023-06-23,13,Tablet,41,100%,TRUE,FALSE,TRUE,HD,SES276640,1,,,,,,,,,,,,,,,,,,,,,,,,,,,,,,,,,,,,,,,,,,,,,,,,,,,,,,,,,,,,,,,,,,,,,,,,,,,,,,,,,,,,,,,,,,,,,,,,,,,,,,,,,,,,,,,,,,,,,,,,,
EVT0004009,SUB00037,CNT00093,2023-09-20,13,Mobile,102,100%,TRUE,FALSE,TRUE,SD,SES336649,1,,,,,,,,,,,,,,,,,,,,,,,,,,,,,,,,,,,,,,,,,,,,,,,,,,,,,,,,,,,,,,,,,,,,,,,,,,,,,,,,,,,,,,,,,,,,,,,,,,,,,,,,,,,,,,,,,,,,,,,,,
EVT0004010,SUB00005,CNT00076,2023-01-18,10,Desktop,51,75-99%,FALSE,FALSE,TRUE,HD,SES380974,0,,,,,,,,,,,,,,,,,,,,,,,,,,,,,,,,,,,,,,,,,,,,,,,,,,,,,,,,,,,,,,,,,,,,,,,,,,,,,,,,,,,,,,,,,,,,,,,,,,,,,,,,,,,,,,,,,,,,,,,,,
EVT0004011,SUB00519,CNT00097,2023-02-22,23,Fire TV,33,75-99%,FALSE,TRUE,TRUE,4K,SES475086,0,,,,,,,,,,,,,,,,,,,,,,,,,,,,,,,,,,,,,,,,,,,,,,,,,,,,,,,,,,,,,,,,,,,,,,,,,,,,,,,,,,,,,,,,,,,,,,,,,,,,,,,,,,,,,,,,,,,,,,,,,
EVT0004012,SUB00246,CNT00076,2024-02-16,22,Smart TV,76,100%,TRUE,FALSE,TRUE,HD,SES691218,1,,,,,,,,,,,,,,,,,,,,,,,,,,,,,,,,,,,,,,,,,,,,,,,,,,,,,,,,,,,,,,,,,,,,,,,,,,,,,,,,,,,,,,,,,,,,,,,,,,,,,,,,,,,,,,,,,,,,,,,,,
EVT0004013,SUB00305,CNT00050,2024-03-25,7,Mobile,116,100%,TRUE,FALSE,FALSE,4K,SES612052,1,,,,,,,,,,,,,,,,,,,,,,,,,,,,,,,,,,,,,,,,,,,,,,,,,,,,,,,,,,,,,,,,,,,,,,,,,,,,,,,,,,,,,,,,,,,,,,,,,,,,,,,,,,,,,,,,,,,,,,,,,
EVT0004014,SUB00208,CNT00001,2023-08-02,10,Desktop,85,75-99%,FALSE,FALSE,TRUE,HD,SES806526,0,,,,,,,,,,,,,,,,,,,,,,,,,,,,,,,,,,,,,,,,,,,,,,,,,,,,,,,,,,,,,,,,,,,,,,,,,,,,,,,,,,,,,,,,,,,,,,,,,,,,,,,,,,,,,,,,,,,,,,,,,
EVT0004015,SUB00011,CNT00049,2023-10-23,17,Mobile,18,100%,TRUE,FALSE,TRUE,SD,SES449330,1,,,,,,,,,,,,,,,,,,,,,,,,,,,,,,,,,,,,,,,,,,,,,,,,,,,,,,,,,,,,,,,,,,,,,,,,,,,,,,,,,,,,,,,,,,,,,,,,,,,,,,,,,,,,,,,,,,,,,,,,,
EVT0004016,SUB00696,CNT00045,2024-02-27,22,Roku,102,100%,TRUE,FALSE,FALSE,SD,SES776882,1,,,,,,,,,,,,,,,,,,,,,,,,,,,,,,,,,,,,,,,,,,,,,,,,,,,,,,,,,,,,,,,,,,,,,,,,,,,,,,,,,,,,,,,,,,,,,,,,,,,,,,,,,,,,,,,,,,,,,,,,,
EVT0004017,SUB00331,CNT00051,2024-02-12,21,Fire TV,96,100%,TRUE,FALSE,TRUE,HD,SES311765,1,,,,,,,,,,,,,,,,,,,,,,,,,,,,,,,,,,,,,,,,,,,,,,,,,,,,,,,,,,,,,,,,,,,,,,,,,,,,,,,,,,,,,,,,,,,,,,,,,,,,,,,,,,,,,,,,,,,,,,,,,
EVT0004018,SUB00297,CNT00037,2023-06-23,7,Desktop,35,50-75%,FALSE,FALSE,TRUE,HD,SES210140,0,,,,,,,,,,,,,,,,,,,,,,,,,,,,,,,,,,,,,,,,,,,,,,,,,,,,,,,,,,,,,,,,,,,,,,,,,,,,,,,,,,,,,,,,,,,,,,,,,,,,,,,,,,,,,,,,,,,,,,,,,
EVT0004019,SUB00440,CNT00061,2023-02-08,9,Fire TV,113,100%,TRUE,TRUE,TRUE,HD,SES456391,1,,,,,,,,,,,,,,,,,,,,,,,,,,,,,,,,,,,,,,,,,,,,,,,,,,,,,,,,,,,,,,,,,,,,,,,,,,,,,,,,,,,,,,,,,,,,,,,,,,,,,,,,,,,,,,,,,,,,,,,,,
EVT0004020,SUB00688,CNT00012,2023-03-22,10,Mobile,112,100%,TRUE,TRUE,FALSE,HD,SES214096,1,,,,,,,,,,,,,,,,,,,,,,,,,,,,,,,,,,,,,,,,,,,,,,,,,,,,,,,,,,,,,,,,,,,,,,,,,,,,,,,,,,,,,,,,,,,,,,,,,,,,,,,,,,,,,,,,,,,,,,,,,
EVT0004021,SUB00148,CNT00061,2023-05-17,9,Tablet,5,75-99%,FALSE,FALSE,TRUE,4K,SES445909,0,,,,,,,,,,,,,,,,,,,,,,,,,,,,,,,,,,,,,,,,,,,,,,,,,,,,,,,,,,,,,,,,,,,,,,,,,,,,,,,,,,,,,,,,,,,,,,,,,,,,,,,,,,,,,,,,,,,,,,,,,
EVT0004022,SUB00140,CNT00082,2023-11-02,11,Tablet,35,100%,TRUE,TRUE,TRUE,HD,SES824929,1,,,,,,,,,,,,,,,,,,,,,,,,,,,,,,,,,,,,,,,,,,,,,,,,,,,,,,,,,,,,,,,,,,,,,,,,,,,,,,,,,,,,,,,,,,,,,,,,,,,,,,,,,,,,,,,,,,,,,,,,,
EVT0004023,SUB00058,CNT00035,2023-05-15,20,Roku,82,25-50%,FALSE,TRUE,FALSE,HD,SES377618,0,,,,,,,,,,,,,,,,,,,,,,,,,,,,,,,,,,,,,,,,,,,,,,,,,,,,,,,,,,,,,,,,,,,,,,,,,,,,,,,,,,,,,,,,,,,,,,,,,,,,,,,,,,,,,,,,,,,,,,,,,
EVT0004024,SUB00341,CNT00097,2023-08-30,9,Fire TV,34,100%,TRUE,FALSE,TRUE,HD,SES733514,1,,,,,,,,,,,,,,,,,,,,,,,,,,,,,,,,,,,,,,,,,,,,,,,,,,,,,,,,,,,,,,,,,,,,,,,,,,,,,,,,,,,,,,,,,,,,,,,,,,,,,,,,,,,,,,,,,,,,,,,,,
EVT0004025,SUB00390,CNT00094,2023-11-27,11,Roku,40,100%,TRUE,FALSE,FALSE,HD,SES388144,1,,,,,,,,,,,,,,,,,,,,,,,,,,,,,,,,,,,,,,,,,,,,,,,,,,,,,,,,,,,,,,,,,,,,,,,,,,,,,,,,,,,,,,,,,,,,,,,,,,,,,,,,,,,,,,,,,,,,,,,,,
EVT0004026,SUB00500,CNT00037,2024-02-22,23,Roku,116,<25%,FALSE,FALSE,TRUE,HD,SES480529,0,,,,,,,,,,,,,,,,,,,,,,,,,,,,,,,,,,,,,,,,,,,,,,,,,,,,,,,,,,,,,,,,,,,,,,,,,,,,,,,,,,,,,,,,,,,,,,,,,,,,,,,,,,,,,,,,,,,,,,,,,
EVT0004027,SUB00385,CNT00030,2023-08-09,12,Mobile,87,<25%,FALSE,FALSE,TRUE,HD,SES156364,0,,,,,,,,,,,,,,,,,,,,,,,,,,,,,,,,,,,,,,,,,,,,,,,,,,,,,,,,,,,,,,,,,,,,,,,,,,,,,,,,,,,,,,,,,,,,,,,,,,,,,,,,,,,,,,,,,,,,,,,,,
EVT0004028,SUB00252,CNT00031,2024-02-06,10,Desktop,29,75-99%,FALSE,TRUE,FALSE,4K,SES543623,0,,,,,,,,,,,,,,,,,,,,,,,,,,,,,,,,,,,,,,,,,,,,,,,,,,,,,,,,,,,,,,,,,,,,,,,,,,,,,,,,,,,,,,,,,,,,,,,,,,,,,,,,,,,,,,,,,,,,,,,,,
EVT0004029,SUB00168,CNT00063,2024-04-26,12,Desktop,28,100%,TRUE,FALSE,TRUE,4K,SES436856,1,,,,,,,,,,,,,,,,,,,,,,,,,,,,,,,,,,,,,,,,,,,,,,,,,,,,,,,,,,,,,,,,,,,,,,,,,,,,,,,,,,,,,,,,,,,,,,,,,,,,,,,,,,,,,,,,,,,,,,,,,
EVT0004030,SUB00462,CNT00026,2024-04-26,11,Fire TV,43,75-99%,FALSE,TRUE,FALSE,HD,SES167138,0,,,,,,,,,,,,,,,,,,,,,,,,,,,,,,,,,,,,,,,,,,,,,,,,,,,,,,,,,,,,,,,,,,,,,,,,,,,,,,,,,,,,,,,,,,,,,,,,,,,,,,,,,,,,,,,,,,,,,,,,,
EVT0004031,SUB00443,CNT00027,2023-10-14,11,Roku,114,25-50%,FALSE,TRUE,TRUE,HD,SES855730,0,,,,,,,,,,,,,,,,,,,,,,,,,,,,,,,,,,,,,,,,,,,,,,,,,,,,,,,,,,,,,,,,,,,,,,,,,,,,,,,,,,,,,,,,,,,,,,,,,,,,,,,,,,,,,,,,,,,,,,,,,
EVT0004032,SUB00202,CNT00042,2023-03-26,11,Smart TV,48,25-50%,FALSE,FALSE,TRUE,HD,SES251569,0,,,,,,,,,,,,,,,,,,,,,,,,,,,,,,,,,,,,,,,,,,,,,,,,,,,,,,,,,,,,,,,,,,,,,,,,,,,,,,,,,,,,,,,,,,,,,,,,,,,,,,,,,,,,,,,,,,,,,,,,,
EVT0004033,SUB00698,CNT00097,2024-05-11,15,Mobile,117,100%,TRUE,FALSE,FALSE,SD,SES391399,1,,,,,,,,,,,,,,,,,,,,,,,,,,,,,,,,,,,,,,,,,,,,,,,,,,,,,,,,,,,,,,,,,,,,,,,,,,,,,,,,,,,,,,,,,,,,,,,,,,,,,,,,,,,,,,,,,,,,,,,,,
EVT0004034,SUB00077,CNT00067,2023-11-03,11,Roku,24,100%,TRUE,FALSE,TRUE,HD,SES564283,1,,,,,,,,,,,,,,,,,,,,,,,,,,,,,,,,,,,,,,,,,,,,,,,,,,,,,,,,,,,,,,,,,,,,,,,,,,,,,,,,,,,,,,,,,,,,,,,,,,,,,,,,,,,,,,,,,,,,,,,,,
EVT0004035,SUB00535,CNT00083,2023-01-27,13,Fire TV,87,100%,TRUE,FALSE,TRUE,4K,SES535141,1,,,,,,,,,,,,,,,,,,,,,,,,,,,,,,,,,,,,,,,,,,,,,,,,,,,,,,,,,,,,,,,,,,,,,,,,,,,,,,,,,,,,,,,,,,,,,,,,,,,,,,,,,,,,,,,,,,,,,,,,,
EVT0004036,SUB00629,CNT00026,2023-06-10,20,Tablet,19,100%,TRUE,FALSE,TRUE,4K,SES679670,1,,,,,,,,,,,,,,,,,,,,,,,,,,,,,,,,,,,,,,,,,,,,,,,,,,,,,,,,,,,,,,,,,,,,,,,,,,,,,,,,,,,,,,,,,,,,,,,,,,,,,,,,,,,,,,,,,,,,,,,,,
EVT0004037,SUB00213,CNT00058,2023-08-28,17,Roku,15,75-99%,FALSE,FALSE,FALSE,SD,SES456878,0,,,,,,,,,,,,,,,,,,,,,,,,,,,,,,,,,,,,,,,,,,,,,,,,,,,,,,,,,,,,,,,,,,,,,,,,,,,,,,,,,,,,,,,,,,,,,,,,,,,,,,,,,,,,,,,,,,,,,,,,,
EVT0004038,SUB00034,CNT00096,2023-09-06,23,Desktop,51,50-75%,FALSE,FALSE,TRUE,SD,SES633480,0,,,,,,,,,,,,,,,,,,,,,,,,,,,,,,,,,,,,,,,,,,,,,,,,,,,,,,,,,,,,,,,,,,,,,,,,,,,,,,,,,,,,,,,,,,,,,,,,,,,,,,,,,,,,,,,,,,,,,,,,,
EVT0004039,SUB00354,CNT00062,2023-07-09,11,Fire TV,94,25-50%,FALSE,FALSE,TRUE,SD,SES105953,0,,,,,,,,,,,,,,,,,,,,,,,,,,,,,,,,,,,,,,,,,,,,,,,,,,,,,,,,,,,,,,,,,,,,,,,,,,,,,,,,,,,,,,,,,,,,,,,,,,,,,,,,,,,,,,,,,,,,,,,,,
EVT0004040,SUB00005,CNT00009,2024-05-08,15,Roku,110,100%,TRUE,FALSE,TRUE,HD,SES398979,1,,,,,,,,,,,,,,,,,,,,,,,,,,,,,,,,,,,,,,,,,,,,,,,,,,,,,,,,,,,,,,,,,,,,,,,,,,,,,,,,,,,,,,,,,,,,,,,,,,,,,,,,,,,,,,,,,,,,,,,,,
EVT0004041,SUB00646,CNT00022,2024-04-22,9,Tablet,75,100%,TRUE,TRUE,FALSE,4K,SES777717,1,,,,,,,,,,,,,,,,,,,,,,,,,,,,,,,,,,,,,,,,,,,,,,,,,,,,,,,,,,,,,,,,,,,,,,,,,,,,,,,,,,,,,,,,,,,,,,,,,,,,,,,,,,,,,,,,,,,,,,,,,
EVT0004042,SUB00372,CNT00075,2024-01-25,10,Fire TV,112,100%,TRUE,TRUE,TRUE,SD,SES882531,1,,,,,,,,,,,,,,,,,,,,,,,,,,,,,,,,,,,,,,,,,,,,,,,,,,,,,,,,,,,,,,,,,,,,,,,,,,,,,,,,,,,,,,,,,,,,,,,,,,,,,,,,,,,,,,,,,,,,,,,,,
EVT0004043,SUB00341,CNT00087,2023-06-26,14,Fire TV,18,100%,TRUE,TRUE,FALSE,SD,SES886887,1,,,,,,,,,,,,,,,,,,,,,,,,,,,,,,,,,,,,,,,,,,,,,,,,,,,,,,,,,,,,,,,,,,,,,,,,,,,,,,,,,,,,,,,,,,,,,,,,,,,,,,,,,,,,,,,,,,,,,,,,,
EVT0004044,SUB00364,CNT00023,2024-01-12,8,Smart TV,59,100%,TRUE,FALSE,TRUE,HD,SES541325,1,,,,,,,,,,,,,,,,,,,,,,,,,,,,,,,,,,,,,,,,,,,,,,,,,,,,,,,,,,,,,,,,,,,,,,,,,,,,,,,,,,,,,,,,,,,,,,,,,,,,,,,,,,,,,,,,,,,,,,,,,
EVT0004045,SUB00027,CNT00073,2024-06-03,7,Fire TV,45,100%,TRUE,FALSE,TRUE,4K,SES607377,1,,,,,,,,,,,,,,,,,,,,,,,,,,,,,,,,,,,,,,,,,,,,,,,,,,,,,,,,,,,,,,,,,,,,,,,,,,,,,,,,,,,,,,,,,,,,,,,,,,,,,,,,,,,,,,,,,,,,,,,,,
EVT0004046,SUB00255,CNT00087,2023-02-06,15,Tablet,102,50-75%,FALSE,TRUE,FALSE,HD,SES124601,0,,,,,,,,,,,,,,,,,,,,,,,,,,,,,,,,,,,,,,,,,,,,,,,,,,,,,,,,,,,,,,,,,,,,,,,,,,,,,,,,,,,,,,,,,,,,,,,,,,,,,,,,,,,,,,,,,,,,,,,,,
EVT0004047,SUB00328,CNT00081,2024-03-16,10,Desktop,86,100%,TRUE,TRUE,TRUE,HD,SES412865,1,,,,,,,,,,,,,,,,,,,,,,,,,,,,,,,,,,,,,,,,,,,,,,,,,,,,,,,,,,,,,,,,,,,,,,,,,,,,,,,,,,,,,,,,,,,,,,,,,,,,,,,,,,,,,,,,,,,,,,,,,
EVT0004048,SUB00682,CNT00099,2023-03-02,12,Desktop,14,100%,TRUE,FALSE,TRUE,4K,SES299296,1,,,,,,,,,,,,,,,,,,,,,,,,,,,,,,,,,,,,,,,,,,,,,,,,,,,,,,,,,,,,,,,,,,,,,,,,,,,,,,,,,,,,,,,,,,,,,,,,,,,,,,,,,,,,,,,,,,,,,,,,,
EVT0004049,SUB00045,CNT00043,2023-05-03,19,Roku,36,100%,TRUE,FALSE,TRUE,HD,SES872964,1,,,,,,,,,,,,,,,,,,,,,,,,,,,,,,,,,,,,,,,,,,,,,,,,,,,,,,,,,,,,,,,,,,,,,,,,,,,,,,,,,,,,,,,,,,,,,,,,,,,,,,,,,,,,,,,,,,,,,,,,,
EVT0004050,SUB00247,CNT00010,2024-01-09,11,Smart TV,51,100%,TRUE,TRUE,FALSE,HD,SES389024,1,,,,,,,,,,,,,,,,,,,,,,,,,,,,,,,,,,,,,,,,,,,,,,,,,,,,,,,,,,,,,,,,,,,,,,,,,,,,,,,,,,,,,,,,,,,,,,,,,,,,,,,,,,,,,,,,,,,,,,,,,
EVT0004051,SUB00289,CNT00060,2024-03-30,20,Fire TV,85,<25%,FALSE,FALSE,TRUE,4K,SES395499,0,,,,,,,,,,,,,,,,,,,,,,,,,,,,,,,,,,,,,,,,,,,,,,,,,,,,,,,,,,,,,,,,,,,,,,,,,,,,,,,,,,,,,,,,,,,,,,,,,,,,,,,,,,,,,,,,,,,,,,,,,
EVT0004052,SUB00519,CNT00030,2023-06-17,6,Desktop,72,<25%,FALSE,TRUE,FALSE,SD,SES867281,0,,,,,,,,,,,,,,,,,,,,,,,,,,,,,,,,,,,,,,,,,,,,,,,,,,,,,,,,,,,,,,,,,,,,,,,,,,,,,,,,,,,,,,,,,,,,,,,,,,,,,,,,,,,,,,,,,,,,,,,,,
EVT0004053,SUB00038,CNT00052,2023-03-12,15,Roku,103,100%,TRUE,TRUE,TRUE,HD,SES735438,1,,,,,,,,,,,,,,,,,,,,,,,,,,,,,,,,,,,,,,,,,,,,,,,,,,,,,,,,,,,,,,,,,,,,,,,,,,,,,,,,,,,,,,,,,,,,,,,,,,,,,,,,,,,,,,,,,,,,,,,,,
EVT0004054,SUB00132,CNT00082,2023-11-01,15,Fire TV,80,75-99%,FALSE,FALSE,TRUE,SD,SES393040,0,,,,,,,,,,,,,,,,,,,,,,,,,,,,,,,,,,,,,,,,,,,,,,,,,,,,,,,,,,,,,,,,,,,,,,,,,,,,,,,,,,,,,,,,,,,,,,,,,,,,,,,,,,,,,,,,,,,,,,,,,
EVT0004055,SUB00599,CNT00012,2023-09-20,7,Desktop,26,100%,TRUE,FALSE,TRUE,SD,SES867521,1,,,,,,,,,,,,,,,,,,,,,,,,,,,,,,,,,,,,,,,,,,,,,,,,,,,,,,,,,,,,,,,,,,,,,,,,,,,,,,,,,,,,,,,,,,,,,,,,,,,,,,,,,,,,,,,,,,,,,,,,,
EVT0004056,SUB00584,CNT00004,2023-10-28,12,Mobile,96,50-75%,FALSE,FALSE,TRUE,SD,SES377767,0,,,,,,,,,,,,,,,,,,,,,,,,,,,,,,,,,,,,,,,,,,,,,,,,,,,,,,,,,,,,,,,,,,,,,,,,,,,,,,,,,,,,,,,,,,,,,,,,,,,,,,,,,,,,,,,,,,,,,,,,,
EVT0004057,SUB00134,CNT00055,2023-03-29,14,Fire TV,31,<25%,FALSE,TRUE,TRUE,4K,SES488464,0,,,,,,,,,,,,,,,,,,,,,,,,,,,,,,,,,,,,,,,,,,,,,,,,,,,,,,,,,,,,,,,,,,,,,,,,,,,,,,,,,,,,,,,,,,,,,,,,,,,,,,,,,,,,,,,,,,,,,,,,,
EVT0004058,SUB00223,CNT00081,2023-01-10,20,Roku,45,75-99%,FALSE,TRUE,TRUE,HD,SES116168,0,,,,,,,,,,,,,,,,,,,,,,,,,,,,,,,,,,,,,,,,,,,,,,,,,,,,,,,,,,,,,,,,,,,,,,,,,,,,,,,,,,,,,,,,,,,,,,,,,,,,,,,,,,,,,,,,,,,,,,,,,
EVT0004059,SUB00456,CNT00046,2024-03-16,14,Mobile,38,100%,TRUE,FALSE,TRUE,4K,SES175469,1,,,,,,,,,,,,,,,,,,,,,,,,,,,,,,,,,,,,,,,,,,,,,,,,,,,,,,,,,,,,,,,,,,,,,,,,,,,,,,,,,,,,,,,,,,,,,,,,,,,,,,,,,,,,,,,,,,,,,,,,,
EVT0004060,SUB00413,CNT00067,2023-12-07,10,Desktop,65,25-50%,FALSE,TRUE,FALSE,HD,SES168199,0,,,,,,,,,,,,,,,,,,,,,,,,,,,,,,,,,,,,,,,,,,,,,,,,,,,,,,,,,,,,,,,,,,,,,,,,,,,,,,,,,,,,,,,,,,,,,,,,,,,,,,,,,,,,,,,,,,,,,,,,,
EVT0004061,SUB00236,CNT00015,2023-12-17,16,Mobile,20,25-50%,FALSE,TRUE,FALSE,HD,SES282626,0,,,,,,,,,,,,,,,,,,,,,,,,,,,,,,,,,,,,,,,,,,,,,,,,,,,,,,,,,,,,,,,,,,,,,,,,,,,,,,,,,,,,,,,,,,,,,,,,,,,,,,,,,,,,,,,,,,,,,,,,,
EVT0004062,SUB00099,CNT00083,2024-04-27,12,Tablet,19,75-99%,FALSE,TRUE,TRUE,SD,SES778593,0,,,,,,,,,,,,,,,,,,,,,,,,,,,,,,,,,,,,,,,,,,,,,,,,,,,,,,,,,,,,,,,,,,,,,,,,,,,,,,,,,,,,,,,,,,,,,,,,,,,,,,,,,,,,,,,,,,,,,,,,,
EVT0004063,SUB00334,CNT00029,2024-03-07,21,Smart TV,45,100%,TRUE,FALSE,TRUE,SD,SES990616,1,,,,,,,,,,,,,,,,,,,,,,,,,,,,,,,,,,,,,,,,,,,,,,,,,,,,,,,,,,,,,,,,,,,,,,,,,,,,,,,,,,,,,,,,,,,,,,,,,,,,,,,,,,,,,,,,,,,,,,,,,
EVT0004064,SUB00509,CNT00007,2023-02-06,6,Desktop,23,25-50%,FALSE,FALSE,FALSE,SD,SES672250,0,,,,,,,,,,,,,,,,,,,,,,,,,,,,,,,,,,,,,,,,,,,,,,,,,,,,,,,,,,,,,,,,,,,,,,,,,,,,,,,,,,,,,,,,,,,,,,,,,,,,,,,,,,,,,,,,,,,,,,,,,
EVT0004065,SUB00329,CNT00096,2023-11-10,6,Roku,71,25-50%,FALSE,FALSE,FALSE,SD,SES875620,0,,,,,,,,,,,,,,,,,,,,,,,,,,,,,,,,,,,,,,,,,,,,,,,,,,,,,,,,,,,,,,,,,,,,,,,,,,,,,,,,,,,,,,,,,,,,,,,,,,,,,,,,,,,,,,,,,,,,,,,,,
EVT0004066,SUB00691,CNT00041,2024-03-14,13,Smart TV,57,100%,TRUE,TRUE,TRUE,SD,SES710606,1,,,,,,,,,,,,,,,,,,,,,,,,,,,,,,,,,,,,,,,,,,,,,,,,,,,,,,,,,,,,,,,,,,,,,,,,,,,,,,,,,,,,,,,,,,,,,,,,,,,,,,,,,,,,,,,,,,,,,,,,,
EVT0004067,SUB00077,CNT00076,2023-09-01,14,Mobile,8,100%,TRUE,FALSE,FALSE,HD,SES219814,1,,,,,,,,,,,,,,,,,,,,,,,,,,,,,,,,,,,,,,,,,,,,,,,,,,,,,,,,,,,,,,,,,,,,,,,,,,,,,,,,,,,,,,,,,,,,,,,,,,,,,,,,,,,,,,,,,,,,,,,,,
EVT0004068,SUB00640,CNT00091,2023-06-18,10,Fire TV,94,25-50%,FALSE,FALSE,TRUE,HD,SES646084,0,,,,,,,,,,,,,,,,,,,,,,,,,,,,,,,,,,,,,,,,,,,,,,,,,,,,,,,,,,,,,,,,,,,,,,,,,,,,,,,,,,,,,,,,,,,,,,,,,,,,,,,,,,,,,,,,,,,,,,,,,
EVT0004069,SUB00314,CNT00043,2024-04-03,14,Roku,24,100%,TRUE,FALSE,TRUE,HD,SES412321,1,,,,,,,,,,,,,,,,,,,,,,,,,,,,,,,,,,,,,,,,,,,,,,,,,,,,,,,,,,,,,,,,,,,,,,,,,,,,,,,,,,,,,,,,,,,,,,,,,,,,,,,,,,,,,,,,,,,,,,,,,
EVT0004070,SUB00046,CNT00072,2023-12-05,11,Desktop,36,50-75%,FALSE,FALSE,FALSE,HD,SES755728,0,,,,,,,,,,,,,,,,,,,,,,,,,,,,,,,,,,,,,,,,,,,,,,,,,,,,,,,,,,,,,,,,,,,,,,,,,,,,,,,,,,,,,,,,,,,,,,,,,,,,,,,,,,,,,,,,,,,,,,,,,
EVT0004071,SUB00448,CNT00071,2024-02-08,8,Mobile,47,<25%,FALSE,TRUE,TRUE,HD,SES771657,0,,,,,,,,,,,,,,,,,,,,,,,,,,,,,,,,,,,,,,,,,,,,,,,,,,,,,,,,,,,,,,,,,,,,,,,,,,,,,,,,,,,,,,,,,,,,,,,,,,,,,,,,,,,,,,,,,,,,,,,,,
EVT0004072,SUB00480,CNT00030,2023-05-19,19,Desktop,65,25-50%,FALSE,FALSE,FALSE,HD,SES344925,0,,,,,,,,,,,,,,,,,,,,,,,,,,,,,,,,,,,,,,,,,,,,,,,,,,,,,,,,,,,,,,,,,,,,,,,,,,,,,,,,,,,,,,,,,,,,,,,,,,,,,,,,,,,,,,,,,,,,,,,,,
EVT0004073,SUB00467,CNT00009,2024-01-30,6,Roku,93,<25%,FALSE,TRUE,TRUE,SD,SES627766,0,,,,,,,,,,,,,,,,,,,,,,,,,,,,,,,,,,,,,,,,,,,,,,,,,,,,,,,,,,,,,,,,,,,,,,,,,,,,,,,,,,,,,,,,,,,,,,,,,,,,,,,,,,,,,,,,,,,,,,,,,
EVT0004074,SUB00649,CNT00080,2023-08-17,13,Smart TV,100,100%,TRUE,TRUE,TRUE,HD,SES704329,1,,,,,,,,,,,,,,,,,,,,,,,,,,,,,,,,,,,,,,,,,,,,,,,,,,,,,,,,,,,,,,,,,,,,,,,,,,,,,,,,,,,,,,,,,,,,,,,,,,,,,,,,,,,,,,,,,,,,,,,,,
EVT0004075,SUB00057,CNT00086,2023-07-02,19,Desktop,15,50-75%,FALSE,FALSE,TRUE,HD,SES116936,0,,,,,,,,,,,,,,,,,,,,,,,,,,,,,,,,,,,,,,,,,,,,,,,,,,,,,,,,,,,,,,,,,,,,,,,,,,,,,,,,,,,,,,,,,,,,,,,,,,,,,,,,,,,,,,,,,,,,,,,,,
EVT0004076,SUB00457,CNT00020,2023-03-26,16,Fire TV,19,100%,TRUE,FALSE,TRUE,HD,SES775714,1,,,,,,,,,,,,,,,,,,,,,,,,,,,,,,,,,,,,,,,,,,,,,,,,,,,,,,,,,,,,,,,,,,,,,,,,,,,,,,,,,,,,,,,,,,,,,,,,,,,,,,,,,,,,,,,,,,,,,,,,,
EVT0004077,SUB00060,CNT00072,2024-02-15,19,Roku,59,100%,TRUE,TRUE,TRUE,SD,SES681620,1,,,,,,,,,,,,,,,,,,,,,,,,,,,,,,,,,,,,,,,,,,,,,,,,,,,,,,,,,,,,,,,,,,,,,,,,,,,,,,,,,,,,,,,,,,,,,,,,,,,,,,,,,,,,,,,,,,,,,,,,,
EVT0004078,SUB00002,CNT00080,2023-10-05,11,Fire TV,88,<25%,FALSE,FALSE,TRUE,HD,SES606889,0,,,,,,,,,,,,,,,,,,,,,,,,,,,,,,,,,,,,,,,,,,,,,,,,,,,,,,,,,,,,,,,,,,,,,,,,,,,,,,,,,,,,,,,,,,,,,,,,,,,,,,,,,,,,,,,,,,,,,,,,,
EVT0004079,SUB00422,CNT00100,2023-08-10,12,Smart TV,109,75-99%,FALSE,FALSE,FALSE,4K,SES146183,0,,,,,,,,,,,,,,,,,,,,,,,,,,,,,,,,,,,,,,,,,,,,,,,,,,,,,,,,,,,,,,,,,,,,,,,,,,,,,,,,,,,,,,,,,,,,,,,,,,,,,,,,,,,,,,,,,,,,,,,,,
EVT0004080,SUB00401,CNT00083,2024-02-05,19,Mobile,106,100%,TRUE,FALSE,TRUE,4K,SES120762,1,,,,,,,,,,,,,,,,,,,,,,,,,,,,,,,,,,,,,,,,,,,,,,,,,,,,,,,,,,,,,,,,,,,,,,,,,,,,,,,,,,,,,,,,,,,,,,,,,,,,,,,,,,,,,,,,,,,,,,,,,
EVT0004081,SUB00662,CNT00011,2024-06-22,7,Fire TV,82,50-75%,FALSE,TRUE,FALSE,HD,SES145142,0,,,,,,,,,,,,,,,,,,,,,,,,,,,,,,,,,,,,,,,,,,,,,,,,,,,,,,,,,,,,,,,,,,,,,,,,,,,,,,,,,,,,,,,,,,,,,,,,,,,,,,,,,,,,,,,,,,,,,,,,,
EVT0004082,SUB00641,CNT00047,2024-03-02,22,Mobile,49,<25%,FALSE,FALSE,TRUE,4K,SES426767,0,,,,,,,,,,,,,,,,,,,,,,,,,,,,,,,,,,,,,,,,,,,,,,,,,,,,,,,,,,,,,,,,,,,,,,,,,,,,,,,,,,,,,,,,,,,,,,,,,,,,,,,,,,,,,,,,,,,,,,,,,
EVT0004083,SUB00600,CNT00037,2023-03-21,10,Tablet,32,100%,TRUE,FALSE,TRUE,HD,SES150512,1,,,,,,,,,,,,,,,,,,,,,,,,,,,,,,,,,,,,,,,,,,,,,,,,,,,,,,,,,,,,,,,,,,,,,,,,,,,,,,,,,,,,,,,,,,,,,,,,,,,,,,,,,,,,,,,,,,,,,,,,,
EVT0004084,SUB00014,CNT00077,2024-01-16,7,Desktop,56,100%,TRUE,TRUE,FALSE,SD,SES899352,1,,,,,,,,,,,,,,,,,,,,,,,,,,,,,,,,,,,,,,,,,,,,,,,,,,,,,,,,,,,,,,,,,,,,,,,,,,,,,,,,,,,,,,,,,,,,,,,,,,,,,,,,,,,,,,,,,,,,,,,,,
EVT0004085,SUB00113,CNT00040,2024-05-31,23,Smart TV,57,100%,TRUE,FALSE,FALSE,4K,SES739541,1,,,,,,,,,,,,,,,,,,,,,,,,,,,,,,,,,,,,,,,,,,,,,,,,,,,,,,,,,,,,,,,,,,,,,,,,,,,,,,,,,,,,,,,,,,,,,,,,,,,,,,,,,,,,,,,,,,,,,,,,,
EVT0004086,SUB00243,CNT00016,2023-01-15,14,Roku,111,75-99%,FALSE,FALSE,TRUE,SD,SES904073,0,,,,,,,,,,,,,,,,,,,,,,,,,,,,,,,,,,,,,,,,,,,,,,,,,,,,,,,,,,,,,,,,,,,,,,,,,,,,,,,,,,,,,,,,,,,,,,,,,,,,,,,,,,,,,,,,,,,,,,,,,
EVT0004087,SUB00446,CNT00048,2024-05-04,7,Tablet,29,<25%,FALSE,FALSE,TRUE,HD,SES873650,0,,,,,,,,,,,,,,,,,,,,,,,,,,,,,,,,,,,,,,,,,,,,,,,,,,,,,,,,,,,,,,,,,,,,,,,,,,,,,,,,,,,,,,,,,,,,,,,,,,,,,,,,,,,,,,,,,,,,,,,,,
EVT0004088,SUB00341,CNT00046,2023-04-18,10,Smart TV,84,100%,TRUE,FALSE,TRUE,HD,SES359826,1,,,,,,,,,,,,,,,,,,,,,,,,,,,,,,,,,,,,,,,,,,,,,,,,,,,,,,,,,,,,,,,,,,,,,,,,,,,,,,,,,,,,,,,,,,,,,,,,,,,,,,,,,,,,,,,,,,,,,,,,,
EVT0004089,SUB00037,CNT00075,2024-02-08,19,Desktop,42,<25%,FALSE,FALSE,TRUE,HD,SES991629,0,,,,,,,,,,,,,,,,,,,,,,,,,,,,,,,,,,,,,,,,,,,,,,,,,,,,,,,,,,,,,,,,,,,,,,,,,,,,,,,,,,,,,,,,,,,,,,,,,,,,,,,,,,,,,,,,,,,,,,,,,
EVT0004090,SUB00406,CNT00048,2024-01-04,16,Mobile,118,100%,TRUE,FALSE,TRUE,4K,SES793520,1,,,,,,,,,,,,,,,,,,,,,,,,,,,,,,,,,,,,,,,,,,,,,,,,,,,,,,,,,,,,,,,,,,,,,,,,,,,,,,,,,,,,,,,,,,,,,,,,,,,,,,,,,,,,,,,,,,,,,,,,,
EVT0004091,SUB00292,CNT00019,2024-05-20,22,Mobile,26,75-99%,FALSE,TRUE,TRUE,HD,SES146939,0,,,,,,,,,,,,,,,,,,,,,,,,,,,,,,,,,,,,,,,,,,,,,,,,,,,,,,,,,,,,,,,,,,,,,,,,,,,,,,,,,,,,,,,,,,,,,,,,,,,,,,,,,,,,,,,,,,,,,,,,,
EVT0004092,SUB00213,CNT00012,2023-01-27,9,Mobile,36,100%,TRUE,FALSE,TRUE,SD,SES627200,1,,,,,,,,,,,,,,,,,,,,,,,,,,,,,,,,,,,,,,,,,,,,,,,,,,,,,,,,,,,,,,,,,,,,,,,,,,,,,,,,,,,,,,,,,,,,,,,,,,,,,,,,,,,,,,,,,,,,,,,,,
EVT0004093,SUB00246,CNT00017,2023-06-05,18,Mobile,81,100%,TRUE,FALSE,FALSE,SD,SES704821,1,,,,,,,,,,,,,,,,,,,,,,,,,,,,,,,,,,,,,,,,,,,,,,,,,,,,,,,,,,,,,,,,,,,,,,,,,,,,,,,,,,,,,,,,,,,,,,,,,,,,,,,,,,,,,,,,,,,,,,,,,
EVT0004094,SUB00356,CNT00067,2024-04-20,17,Mobile,118,75-99%,FALSE,FALSE,TRUE,SD,SES689831,0,,,,,,,,,,,,,,,,,,,,,,,,,,,,,,,,,,,,,,,,,,,,,,,,,,,,,,,,,,,,,,,,,,,,,,,,,,,,,,,,,,,,,,,,,,,,,,,,,,,,,,,,,,,,,,,,,,,,,,,,,
EVT0004095,SUB00511,CNT00034,2023-01-19,7,Tablet,33,50-75%,FALSE,FALSE,TRUE,HD,SES852376,0,,,,,,,,,,,,,,,,,,,,,,,,,,,,,,,,,,,,,,,,,,,,,,,,,,,,,,,,,,,,,,,,,,,,,,,,,,,,,,,,,,,,,,,,,,,,,,,,,,,,,,,,,,,,,,,,,,,,,,,,,
EVT0004096,SUB00445,CNT00019,2023-03-18,11,Desktop,93,25-50%,FALSE,FALSE,TRUE,HD,SES209738,0,,,,,,,,,,,,,,,,,,,,,,,,,,,,,,,,,,,,,,,,,,,,,,,,,,,,,,,,,,,,,,,,,,,,,,,,,,,,,,,,,,,,,,,,,,,,,,,,,,,,,,,,,,,,,,,,,,,,,,,,,
EVT0004097,SUB00349,CNT00076,2023-01-20,7,Smart TV,97,100%,TRUE,FALSE,TRUE,HD,SES648638,1,,,,,,,,,,,,,,,,,,,,,,,,,,,,,,,,,,,,,,,,,,,,,,,,,,,,,,,,,,,,,,,,,,,,,,,,,,,,,,,,,,,,,,,,,,,,,,,,,,,,,,,,,,,,,,,,,,,,,,,,,
EVT0004098,SUB00423,CNT00040,2023-11-06,8,Fire TV,72,100%,TRUE,FALSE,TRUE,HD,SES667205,1,,,,,,,,,,,,,,,,,,,,,,,,,,,,,,,,,,,,,,,,,,,,,,,,,,,,,,,,,,,,,,,,,,,,,,,,,,,,,,,,,,,,,,,,,,,,,,,,,,,,,,,,,,,,,,,,,,,,,,,,,
EVT0004099,SUB00411,CNT00080,2024-06-03,12,Smart TV,90,100%,TRUE,FALSE,TRUE,4K,SES469389,1,,,,,,,,,,,,,,,,,,,,,,,,,,,,,,,,,,,,,,,,,,,,,,,,,,,,,,,,,,,,,,,,,,,,,,,,,,,,,,,,,,,,,,,,,,,,,,,,,,,,,,,,,,,,,,,,,,,,,,,,,
EVT0004100,SUB00622,CNT00069,2023-07-14,13,Roku,42,<25%,FALSE,FALSE,TRUE,HD,SES188351,0,,,,,,,,,,,,,,,,,,,,,,,,,,,,,,,,,,,,,,,,,,,,,,,,,,,,,,,,,,,,,,,,,,,,,,,,,,,,,,,,,,,,,,,,,,,,,,,,,,,,,,,,,,,,,,,,,,,,,,,,,
EVT0004101,SUB00311,CNT00081,2023-11-08,13,Fire TV,91,100%,TRUE,FALSE,TRUE,HD,SES908595,1,,,,,,,,,,,,,,,,,,,,,,,,,,,,,,,,,,,,,,,,,,,,,,,,,,,,,,,,,,,,,,,,,,,,,,,,,,,,,,,,,,,,,,,,,,,,,,,,,,,,,,,,,,,,,,,,,,,,,,,,,
EVT0004102,SUB00636,CNT00008,2023-02-07,20,Tablet,33,75-99%,FALSE,FALSE,TRUE,HD,SES420822,0,,,,,,,,,,,,,,,,,,,,,,,,,,,,,,,,,,,,,,,,,,,,,,,,,,,,,,,,,,,,,,,,,,,,,,,,,,,,,,,,,,,,,,,,,,,,,,,,,,,,,,,,,,,,,,,,,,,,,,,,,
EVT0004103,SUB00402,CNT00014,2024-03-29,12,Fire TV,37,75-99%,FALSE,TRUE,FALSE,HD,SES116816,0,,,,,,,,,,,,,,,,,,,,,,,,,,,,,,,,,,,,,,,,,,,,,,,,,,,,,,,,,,,,,,,,,,,,,,,,,,,,,,,,,,,,,,,,,,,,,,,,,,,,,,,,,,,,,,,,,,,,,,,,,
EVT0004104,SUB00163,CNT00063,2023-01-14,21,Roku,106,25-50%,FALSE,FALSE,TRUE,HD,SES409752,0,,,,,,,,,,,,,,,,,,,,,,,,,,,,,,,,,,,,,,,,,,,,,,,,,,,,,,,,,,,,,,,,,,,,,,,,,,,,,,,,,,,,,,,,,,,,,,,,,,,,,,,,,,,,,,,,,,,,,,,,,
EVT0004105,SUB00675,CNT00015,2024-02-14,11,Mobile,101,100%,TRUE,FALSE,TRUE,HD,SES870859,1,,,,,,,,,,,,,,,,,,,,,,,,,,,,,,,,,,,,,,,,,,,,,,,,,,,,,,,,,,,,,,,,,,,,,,,,,,,,,,,,,,,,,,,,,,,,,,,,,,,,,,,,,,,,,,,,,,,,,,,,,
EVT0004106,SUB00536,CNT00053,2023-01-05,6,Desktop,119,<25%,FALSE,FALSE,TRUE,HD,SES751881,0,,,,,,,,,,,,,,,,,,,,,,,,,,,,,,,,,,,,,,,,,,,,,,,,,,,,,,,,,,,,,,,,,,,,,,,,,,,,,,,,,,,,,,,,,,,,,,,,,,,,,,,,,,,,,,,,,,,,,,,,,
EVT0004107,SUB00515,CNT00091,2024-04-01,17,Desktop,51,50-75%,FALSE,FALSE,TRUE,HD,SES329148,0,,,,,,,,,,,,,,,,,,,,,,,,,,,,,,,,,,,,,,,,,,,,,,,,,,,,,,,,,,,,,,,,,,,,,,,,,,,,,,,,,,,,,,,,,,,,,,,,,,,,,,,,,,,,,,,,,,,,,,,,,
EVT0004108,SUB00257,CNT00006,2023-12-04,15,Fire TV,42,100%,TRUE,FALSE,TRUE,SD,SES822907,1,,,,,,,,,,,,,,,,,,,,,,,,,,,,,,,,,,,,,,,,,,,,,,,,,,,,,,,,,,,,,,,,,,,,,,,,,,,,,,,,,,,,,,,,,,,,,,,,,,,,,,,,,,,,,,,,,,,,,,,,,
EVT0004109,SUB00589,CNT00025,2023-08-27,12,Fire TV,37,75-99%,FALSE,FALSE,TRUE,HD,SES892189,0,,,,,,,,,,,,,,,,,,,,,,,,,,,,,,,,,,,,,,,,,,,,,,,,,,,,,,,,,,,,,,,,,,,,,,,,,,,,,,,,,,,,,,,,,,,,,,,,,,,,,,,,,,,,,,,,,,,,,,,,,
EVT0004110,SUB00536,CNT00002,2023-01-24,22,Desktop,10,50-75%,FALSE,TRUE,FALSE,HD,SES932208,0,,,,,,,,,,,,,,,,,,,,,,,,,,,,,,,,,,,,,,,,,,,,,,,,,,,,,,,,,,,,,,,,,,,,,,,,,,,,,,,,,,,,,,,,,,,,,,,,,,,,,,,,,,,,,,,,,,,,,,,,,
EVT0004111,SUB00231,CNT00061,2023-12-05,13,Mobile,49,100%,TRUE,FALSE,TRUE,SD,SES602657,1,,,,,,,,,,,,,,,,,,,,,,,,,,,,,,,,,,,,,,,,,,,,,,,,,,,,,,,,,,,,,,,,,,,,,,,,,,,,,,,,,,,,,,,,,,,,,,,,,,,,,,,,,,,,,,,,,,,,,,,,,
EVT0004112,SUB00478,CNT00014,2023-01-18,15,Fire TV,72,100%,TRUE,FALSE,TRUE,HD,SES545466,1,,,,,,,,,,,,,,,,,,,,,,,,,,,,,,,,,,,,,,,,,,,,,,,,,,,,,,,,,,,,,,,,,,,,,,,,,,,,,,,,,,,,,,,,,,,,,,,,,,,,,,,,,,,,,,,,,,,,,,,,,
EVT0004113,SUB00078,CNT00069,2023-01-24,13,Smart TV,40,100%,TRUE,FALSE,TRUE,HD,SES735624,1,,,,,,,,,,,,,,,,,,,,,,,,,,,,,,,,,,,,,,,,,,,,,,,,,,,,,,,,,,,,,,,,,,,,,,,,,,,,,,,,,,,,,,,,,,,,,,,,,,,,,,,,,,,,,,,,,,,,,,,,,
EVT0004114,SUB00153,CNT00083,2024-06-24,17,Tablet,101,100%,TRUE,TRUE,FALSE,HD,SES308982,1,,,,,,,,,,,,,,,,,,,,,,,,,,,,,,,,,,,,,,,,,,,,,,,,,,,,,,,,,,,,,,,,,,,,,,,,,,,,,,,,,,,,,,,,,,,,,,,,,,,,,,,,,,,,,,,,,,,,,,,,,
EVT0004115,SUB00574,CNT00039,2024-05-23,15,Smart TV,118,100%,TRUE,FALSE,TRUE,HD,SES941767,1,,,,,,,,,,,,,,,,,,,,,,,,,,,,,,,,,,,,,,,,,,,,,,,,,,,,,,,,,,,,,,,,,,,,,,,,,,,,,,,,,,,,,,,,,,,,,,,,,,,,,,,,,,,,,,,,,,,,,,,,,
EVT0004116,SUB00228,CNT00018,2023-11-12,12,Roku,50,<25%,FALSE,FALSE,TRUE,SD,SES564816,0,,,,,,,,,,,,,,,,,,,,,,,,,,,,,,,,,,,,,,,,,,,,,,,,,,,,,,,,,,,,,,,,,,,,,,,,,,,,,,,,,,,,,,,,,,,,,,,,,,,,,,,,,,,,,,,,,,,,,,,,,
EVT0004117,SUB00439,CNT00043,2024-06-04,7,Tablet,29,50-75%,FALSE,FALSE,TRUE,HD,SES934065,0,,,,,,,,,,,,,,,,,,,,,,,,,,,,,,,,,,,,,,,,,,,,,,,,,,,,,,,,,,,,,,,,,,,,,,,,,,,,,,,,,,,,,,,,,,,,,,,,,,,,,,,,,,,,,,,,,,,,,,,,,
EVT0004118,SUB00062,CNT00051,2024-01-28,12,Smart TV,54,100%,TRUE,TRUE,TRUE,HD,SES365503,1,,,,,,,,,,,,,,,,,,,,,,,,,,,,,,,,,,,,,,,,,,,,,,,,,,,,,,,,,,,,,,,,,,,,,,,,,,,,,,,,,,,,,,,,,,,,,,,,,,,,,,,,,,,,,,,,,,,,,,,,,
EVT0004119,SUB00288,CNT00041,2024-04-28,8,Desktop,99,100%,TRUE,TRUE,TRUE,HD,SES431337,1,,,,,,,,,,,,,,,,,,,,,,,,,,,,,,,,,,,,,,,,,,,,,,,,,,,,,,,,,,,,,,,,,,,,,,,,,,,,,,,,,,,,,,,,,,,,,,,,,,,,,,,,,,,,,,,,,,,,,,,,,
EVT0004120,SUB00426,CNT00083,2024-03-23,11,Fire TV,38,50-75%,FALSE,FALSE,TRUE,HD,SES416390,0,,,,,,,,,,,,,,,,,,,,,,,,,,,,,,,,,,,,,,,,,,,,,,,,,,,,,,,,,,,,,,,,,,,,,,,,,,,,,,,,,,,,,,,,,,,,,,,,,,,,,,,,,,,,,,,,,,,,,,,,,
EVT0004121,SUB00077,CNT00021,2023-12-17,17,Fire TV,68,100%,TRUE,FALSE,TRUE,SD,SES899510,1,,,,,,,,,,,,,,,,,,,,,,,,,,,,,,,,,,,,,,,,,,,,,,,,,,,,,,,,,,,,,,,,,,,,,,,,,,,,,,,,,,,,,,,,,,,,,,,,,,,,,,,,,,,,,,,,,,,,,,,,,
EVT0004122,SUB00070,CNT00002,2024-02-01,21,Fire TV,37,<25%,FALSE,TRUE,FALSE,HD,SES421466,0,,,,,,,,,,,,,,,,,,,,,,,,,,,,,,,,,,,,,,,,,,,,,,,,,,,,,,,,,,,,,,,,,,,,,,,,,,,,,,,,,,,,,,,,,,,,,,,,,,,,,,,,,,,,,,,,,,,,,,,,,
EVT0004123,SUB00062,CNT00097,2023-01-27,19,Fire TV,70,25-50%,FALSE,TRUE,FALSE,4K,SES729680,0,,,,,,,,,,,,,,,,,,,,,,,,,,,,,,,,,,,,,,,,,,,,,,,,,,,,,,,,,,,,,,,,,,,,,,,,,,,,,,,,,,,,,,,,,,,,,,,,,,,,,,,,,,,,,,,,,,,,,,,,,
EVT0004124,SUB00130,CNT00032,2024-03-12,23,Desktop,66,100%,TRUE,FALSE,TRUE,4K,SES373371,1,,,,,,,,,,,,,,,,,,,,,,,,,,,,,,,,,,,,,,,,,,,,,,,,,,,,,,,,,,,,,,,,,,,,,,,,,,,,,,,,,,,,,,,,,,,,,,,,,,,,,,,,,,,,,,,,,,,,,,,,,
EVT0004125,SUB00138,CNT00056,2023-01-01,15,Tablet,19,100%,TRUE,TRUE,TRUE,4K,SES790688,1,,,,,,,,,,,,,,,,,,,,,,,,,,,,,,,,,,,,,,,,,,,,,,,,,,,,,,,,,,,,,,,,,,,,,,,,,,,,,,,,,,,,,,,,,,,,,,,,,,,,,,,,,,,,,,,,,,,,,,,,,
EVT0004126,SUB00131,CNT00021,2023-01-07,17,Fire TV,103,75-99%,FALSE,FALSE,TRUE,HD,SES697761,0,,,,,,,,,,,,,,,,,,,,,,,,,,,,,,,,,,,,,,,,,,,,,,,,,,,,,,,,,,,,,,,,,,,,,,,,,,,,,,,,,,,,,,,,,,,,,,,,,,,,,,,,,,,,,,,,,,,,,,,,,
EVT0004127,SUB00684,CNT00042,2023-08-17,20,Tablet,102,75-99%,FALSE,FALSE,TRUE,4K,SES114550,0,,,,,,,,,,,,,,,,,,,,,,,,,,,,,,,,,,,,,,,,,,,,,,,,,,,,,,,,,,,,,,,,,,,,,,,,,,,,,,,,,,,,,,,,,,,,,,,,,,,,,,,,,,,,,,,,,,,,,,,,,
EVT0004128,SUB00313,CNT00066,2023-08-28,13,Roku,62,100%,TRUE,FALSE,FALSE,4K,SES445228,1,,,,,,,,,,,,,,,,,,,,,,,,,,,,,,,,,,,,,,,,,,,,,,,,,,,,,,,,,,,,,,,,,,,,,,,,,,,,,,,,,,,,,,,,,,,,,,,,,,,,,,,,,,,,,,,,,,,,,,,,,
EVT0004129,SUB00409,CNT00081,2023-08-31,11,Fire TV,11,100%,TRUE,FALSE,TRUE,HD,SES135259,1,,,,,,,,,,,,,,,,,,,,,,,,,,,,,,,,,,,,,,,,,,,,,,,,,,,,,,,,,,,,,,,,,,,,,,,,,,,,,,,,,,,,,,,,,,,,,,,,,,,,,,,,,,,,,,,,,,,,,,,,,
EVT0004130,SUB00264,CNT00064,2023-12-06,17,Roku,117,100%,TRUE,FALSE,FALSE,HD,SES739981,1,,,,,,,,,,,,,,,,,,,,,,,,,,,,,,,,,,,,,,,,,,,,,,,,,,,,,,,,,,,,,,,,,,,,,,,,,,,,,,,,,,,,,,,,,,,,,,,,,,,,,,,,,,,,,,,,,,,,,,,,,
EVT0004131,SUB00070,CNT00094,2023-01-12,18,Fire TV,116,100%,TRUE,FALSE,TRUE,HD,SES165469,1,,,,,,,,,,,,,,,,,,,,,,,,,,,,,,,,,,,,,,,,,,,,,,,,,,,,,,,,,,,,,,,,,,,,,,,,,,,,,,,,,,,,,,,,,,,,,,,,,,,,,,,,,,,,,,,,,,,,,,,,,
EVT0004132,SUB00246,CNT00043,2023-10-07,10,Roku,62,100%,TRUE,TRUE,TRUE,HD,SES344678,1,,,,,,,,,,,,,,,,,,,,,,,,,,,,,,,,,,,,,,,,,,,,,,,,,,,,,,,,,,,,,,,,,,,,,,,,,,,,,,,,,,,,,,,,,,,,,,,,,,,,,,,,,,,,,,,,,,,,,,,,,
EVT0004133,SUB00668,CNT00100,2023-10-05,6,Smart TV,110,50-75%,FALSE,FALSE,FALSE,HD,SES851625,0,,,,,,,,,,,,,,,,,,,,,,,,,,,,,,,,,,,,,,,,,,,,,,,,,,,,,,,,,,,,,,,,,,,,,,,,,,,,,,,,,,,,,,,,,,,,,,,,,,,,,,,,,,,,,,,,,,,,,,,,,
EVT0004134,SUB00563,CNT00037,2023-09-03,11,Tablet,12,100%,TRUE,TRUE,FALSE,4K,SES959969,1,,,,,,,,,,,,,,,,,,,,,,,,,,,,,,,,,,,,,,,,,,,,,,,,,,,,,,,,,,,,,,,,,,,,,,,,,,,,,,,,,,,,,,,,,,,,,,,,,,,,,,,,,,,,,,,,,,,,,,,,,
EVT0004135,SUB00309,CNT00066,2023-01-08,23,Fire TV,84,75-99%,FALSE,TRUE,FALSE,HD,SES520026,0,,,,,,,,,,,,,,,,,,,,,,,,,,,,,,,,,,,,,,,,,,,,,,,,,,,,,,,,,,,,,,,,,,,,,,,,,,,,,,,,,,,,,,,,,,,,,,,,,,,,,,,,,,,,,,,,,,,,,,,,,
EVT0004136,SUB00262,CNT00023,2023-07-24,15,Desktop,108,75-99%,FALSE,FALSE,TRUE,SD,SES468000,0,,,,,,,,,,,,,,,,,,,,,,,,,,,,,,,,,,,,,,,,,,,,,,,,,,,,,,,,,,,,,,,,,,,,,,,,,,,,,,,,,,,,,,,,,,,,,,,,,,,,,,,,,,,,,,,,,,,,,,,,,
EVT0004137,SUB00564,CNT00062,2024-04-01,23,Mobile,48,100%,TRUE,FALSE,TRUE,HD,SES264479,1,,,,,,,,,,,,,,,,,,,,,,,,,,,,,,,,,,,,,,,,,,,,,,,,,,,,,,,,,,,,,,,,,,,,,,,,,,,,,,,,,,,,,,,,,,,,,,,,,,,,,,,,,,,,,,,,,,,,,,,,,
EVT0004138,SUB00501,CNT00094,2023-03-08,13,Fire TV,72,100%,TRUE,FALSE,TRUE,HD,SES166119,1,,,,,,,,,,,,,,,,,,,,,,,,,,,,,,,,,,,,,,,,,,,,,,,,,,,,,,,,,,,,,,,,,,,,,,,,,,,,,,,,,,,,,,,,,,,,,,,,,,,,,,,,,,,,,,,,,,,,,,,,,
EVT0004139,SUB00021,CNT00028,2023-10-26,9,Desktop,59,100%,TRUE,FALSE,FALSE,SD,SES544803,1,,,,,,,,,,,,,,,,,,,,,,,,,,,,,,,,,,,,,,,,,,,,,,,,,,,,,,,,,,,,,,,,,,,,,,,,,,,,,,,,,,,,,,,,,,,,,,,,,,,,,,,,,,,,,,,,,,,,,,,,,
EVT0004140,SUB00319,CNT00085,2023-06-23,23,Roku,97,75-99%,FALSE,FALSE,FALSE,HD,SES602811,0,,,,,,,,,,,,,,,,,,,,,,,,,,,,,,,,,,,,,,,,,,,,,,,,,,,,,,,,,,,,,,,,,,,,,,,,,,,,,,,,,,,,,,,,,,,,,,,,,,,,,,,,,,,,,,,,,,,,,,,,,
EVT0004141,SUB00177,CNT00010,2024-02-07,11,Tablet,64,75-99%,FALSE,FALSE,FALSE,HD,SES232077,0,,,,,,,,,,,,,,,,,,,,,,,,,,,,,,,,,,,,,,,,,,,,,,,,,,,,,,,,,,,,,,,,,,,,,,,,,,,,,,,,,,,,,,,,,,,,,,,,,,,,,,,,,,,,,,,,,,,,,,,,,
EVT0004142,SUB00506,CNT00071,2023-09-21,7,Fire TV,63,75-99%,FALSE,TRUE,TRUE,HD,SES196471,0,,,,,,,,,,,,,,,,,,,,,,,,,,,,,,,,,,,,,,,,,,,,,,,,,,,,,,,,,,,,,,,,,,,,,,,,,,,,,,,,,,,,,,,,,,,,,,,,,,,,,,,,,,,,,,,,,,,,,,,,,
EVT0004143,SUB00532,CNT00046,2023-10-02,10,Tablet,63,75-99%,FALSE,FALSE,TRUE,HD,SES301621,0,,,,,,,,,,,,,,,,,,,,,,,,,,,,,,,,,,,,,,,,,,,,,,,,,,,,,,,,,,,,,,,,,,,,,,,,,,,,,,,,,,,,,,,,,,,,,,,,,,,,,,,,,,,,,,,,,,,,,,,,,
EVT0004144,SUB00155,CNT00008,2023-11-20,6,Roku,29,100%,TRUE,FALSE,TRUE,HD,SES915073,1,,,,,,,,,,,,,,,,,,,,,,,,,,,,,,,,,,,,,,,,,,,,,,,,,,,,,,,,,,,,,,,,,,,,,,,,,,,,,,,,,,,,,,,,,,,,,,,,,,,,,,,,,,,,,,,,,,,,,,,,,
EVT0004145,SUB00245,CNT00052,2024-03-28,15,Desktop,111,25-50%,FALSE,TRUE,TRUE,4K,SES429975,0,,,,,,,,,,,,,,,,,,,,,,,,,,,,,,,,,,,,,,,,,,,,,,,,,,,,,,,,,,,,,,,,,,,,,,,,,,,,,,,,,,,,,,,,,,,,,,,,,,,,,,,,,,,,,,,,,,,,,,,,,
EVT0004146,SUB00191,CNT00009,2024-06-14,16,Mobile,61,100%,TRUE,TRUE,FALSE,SD,SES572852,1,,,,,,,,,,,,,,,,,,,,,,,,,,,,,,,,,,,,,,,,,,,,,,,,,,,,,,,,,,,,,,,,,,,,,,,,,,,,,,,,,,,,,,,,,,,,,,,,,,,,,,,,,,,,,,,,,,,,,,,,,
EVT0004147,SUB00446,CNT00084,2023-01-27,12,Mobile,31,75-99%,FALSE,TRUE,TRUE,4K,SES427904,0,,,,,,,,,,,,,,,,,,,,,,,,,,,,,,,,,,,,,,,,,,,,,,,,,,,,,,,,,,,,,,,,,,,,,,,,,,,,,,,,,,,,,,,,,,,,,,,,,,,,,,,,,,,,,,,,,,,,,,,,,
EVT0004148,SUB00567,CNT00044,2023-09-07,11,Tablet,46,100%,TRUE,TRUE,TRUE,4K,SES356719,1,,,,,,,,,,,,,,,,,,,,,,,,,,,,,,,,,,,,,,,,,,,,,,,,,,,,,,,,,,,,,,,,,,,,,,,,,,,,,,,,,,,,,,,,,,,,,,,,,,,,,,,,,,,,,,,,,,,,,,,,,
EVT0004149,SUB00180,CNT00012,2023-09-06,11,Tablet,43,<25%,FALSE,FALSE,TRUE,HD,SES443414,0,,,,,,,,,,,,,,,,,,,,,,,,,,,,,,,,,,,,,,,,,,,,,,,,,,,,,,,,,,,,,,,,,,,,,,,,,,,,,,,,,,,,,,,,,,,,,,,,,,,,,,,,,,,,,,,,,,,,,,,,,
EVT0004150,SUB00300,CNT00086,2023-03-12,20,Desktop,10,100%,TRUE,TRUE,TRUE,HD,SES101953,1,,,,,,,,,,,,,,,,,,,,,,,,,,,,,,,,,,,,,,,,,,,,,,,,,,,,,,,,,,,,,,,,,,,,,,,,,,,,,,,,,,,,,,,,,,,,,,,,,,,,,,,,,,,,,,,,,,,,,,,,,
EVT0004151,SUB00439,CNT00093,2024-01-05,23,Smart TV,28,25-50%,FALSE,TRUE,TRUE,4K,SES940551,0,,,,,,,,,,,,,,,,,,,,,,,,,,,,,,,,,,,,,,,,,,,,,,,,,,,,,,,,,,,,,,,,,,,,,,,,,,,,,,,,,,,,,,,,,,,,,,,,,,,,,,,,,,,,,,,,,,,,,,,,,
EVT0004152,SUB00338,CNT00049,2023-08-10,12,Desktop,116,100%,TRUE,FALSE,FALSE,HD,SES640663,1,,,,,,,,,,,,,,,,,,,,,,,,,,,,,,,,,,,,,,,,,,,,,,,,,,,,,,,,,,,,,,,,,,,,,,,,,,,,,,,,,,,,,,,,,,,,,,,,,,,,,,,,,,,,,,,,,,,,,,,,,
EVT0004153,SUB00448,CNT00031,2023-08-24,15,Fire TV,44,75-99%,FALSE,FALSE,TRUE,HD,SES632423,0,,,,,,,,,,,,,,,,,,,,,,,,,,,,,,,,,,,,,,,,,,,,,,,,,,,,,,,,,,,,,,,,,,,,,,,,,,,,,,,,,,,,,,,,,,,,,,,,,,,,,,,,,,,,,,,,,,,,,,,,,
EVT0004154,SUB00032,CNT00025,2023-04-30,19,Desktop,102,100%,TRUE,TRUE,FALSE,HD,SES764544,1,,,,,,,,,,,,,,,,,,,,,,,,,,,,,,,,,,,,,,,,,,,,,,,,,,,,,,,,,,,,,,,,,,,,,,,,,,,,,,,,,,,,,,,,,,,,,,,,,,,,,,,,,,,,,,,,,,,,,,,,,
EVT0004155,SUB00387,CNT00003,2023-01-28,15,Smart TV,83,50-75%,FALSE,FALSE,TRUE,SD,SES193931,0,,,,,,,,,,,,,,,,,,,,,,,,,,,,,,,,,,,,,,,,,,,,,,,,,,,,,,,,,,,,,,,,,,,,,,,,,,,,,,,,,,,,,,,,,,,,,,,,,,,,,,,,,,,,,,,,,,,,,,,,,
EVT0004156,SUB00273,CNT00028,2023-06-29,16,Mobile,60,100%,TRUE,FALSE,FALSE,HD,SES667798,1,,,,,,,,,,,,,,,,,,,,,,,,,,,,,,,,,,,,,,,,,,,,,,,,,,,,,,,,,,,,,,,,,,,,,,,,,,,,,,,,,,,,,,,,,,,,,,,,,,,,,,,,,,,,,,,,,,,,,,,,,
EVT0004157,SUB00062,CNT00095,2023-06-23,21,Smart TV,116,50-75%,FALSE,TRUE,TRUE,HD,SES119420,0,,,,,,,,,,,,,,,,,,,,,,,,,,,,,,,,,,,,,,,,,,,,,,,,,,,,,,,,,,,,,,,,,,,,,,,,,,,,,,,,,,,,,,,,,,,,,,,,,,,,,,,,,,,,,,,,,,,,,,,,,
EVT0004158,SUB00524,CNT00100,2023-08-09,7,Mobile,52,25-50%,FALSE,TRUE,FALSE,4K,SES751877,0,,,,,,,,,,,,,,,,,,,,,,,,,,,,,,,,,,,,,,,,,,,,,,,,,,,,,,,,,,,,,,,,,,,,,,,,,,,,,,,,,,,,,,,,,,,,,,,,,,,,,,,,,,,,,,,,,,,,,,,,,
EVT0004159,SUB00306,CNT00055,2023-12-24,23,Mobile,97,<25%,FALSE,FALSE,TRUE,HD,SES136109,0,,,,,,,,,,,,,,,,,,,,,,,,,,,,,,,,,,,,,,,,,,,,,,,,,,,,,,,,,,,,,,,,,,,,,,,,,,,,,,,,,,,,,,,,,,,,,,,,,,,,,,,,,,,,,,,,,,,,,,,,,
EVT0004160,SUB00040,CNT00089,2023-09-01,16,Fire TV,94,<25%,FALSE,FALSE,TRUE,HD,SES117768,0,,,,,,,,,,,,,,,,,,,,,,,,,,,,,,,,,,,,,,,,,,,,,,,,,,,,,,,,,,,,,,,,,,,,,,,,,,,,,,,,,,,,,,,,,,,,,,,,,,,,,,,,,,,,,,,,,,,,,,,,,
EVT0004161,SUB00206,CNT00037,2023-03-23,13,Desktop,5,50-75%,FALSE,FALSE,TRUE,4K,SES305552,0,,,,,,,,,,,,,,,,,,,,,,,,,,,,,,,,,,,,,,,,,,,,,,,,,,,,,,,,,,,,,,,,,,,,,,,,,,,,,,,,,,,,,,,,,,,,,,,,,,,,,,,,,,,,,,,,,,,,,,,,,
EVT0004162,SUB00105,CNT00014,2023-07-10,17,Tablet,78,25-50%,FALSE,FALSE,FALSE,HD,SES236370,0,,,,,,,,,,,,,,,,,,,,,,,,,,,,,,,,,,,,,,,,,,,,,,,,,,,,,,,,,,,,,,,,,,,,,,,,,,,,,,,,,,,,,,,,,,,,,,,,,,,,,,,,,,,,,,,,,,,,,,,,,
EVT0004163,SUB00700,CNT00095,2023-03-25,18,Roku,107,100%,TRUE,FALSE,TRUE,HD,SES169688,1,,,,,,,,,,,,,,,,,,,,,,,,,,,,,,,,,,,,,,,,,,,,,,,,,,,,,,,,,,,,,,,,,,,,,,,,,,,,,,,,,,,,,,,,,,,,,,,,,,,,,,,,,,,,,,,,,,,,,,,,,
EVT0004164,SUB00389,CNT00057,2023-08-29,16,Fire TV,77,100%,TRUE,TRUE,TRUE,4K,SES701825,1,,,,,,,,,,,,,,,,,,,,,,,,,,,,,,,,,,,,,,,,,,,,,,,,,,,,,,,,,,,,,,,,,,,,,,,,,,,,,,,,,,,,,,,,,,,,,,,,,,,,,,,,,,,,,,,,,,,,,,,,,
EVT0004165,SUB00556,CNT00051,2023-11-06,6,Mobile,58,<25%,FALSE,FALSE,TRUE,SD,SES893061,0,,,,,,,,,,,,,,,,,,,,,,,,,,,,,,,,,,,,,,,,,,,,,,,,,,,,,,,,,,,,,,,,,,,,,,,,,,,,,,,,,,,,,,,,,,,,,,,,,,,,,,,,,,,,,,,,,,,,,,,,,
EVT0004166,SUB00349,CNT00085,2023-03-26,19,Mobile,84,50-75%,FALSE,FALSE,TRUE,HD,SES738022,0,,,,,,,,,,,,,,,,,,,,,,,,,,,,,,,,,,,,,,,,,,,,,,,,,,,,,,,,,,,,,,,,,,,,,,,,,,,,,,,,,,,,,,,,,,,,,,,,,,,,,,,,,,,,,,,,,,,,,,,,,
EVT0004167,SUB00373,CNT00026,2023-11-03,21,Smart TV,21,100%,TRUE,TRUE,TRUE,HD,SES534166,1,,,,,,,,,,,,,,,,,,,,,,,,,,,,,,,,,,,,,,,,,,,,,,,,,,,,,,,,,,,,,,,,,,,,,,,,,,,,,,,,,,,,,,,,,,,,,,,,,,,,,,,,,,,,,,,,,,,,,,,,,
EVT0004168,SUB00120,CNT00040,2023-02-04,6,Tablet,33,50-75%,FALSE,TRUE,TRUE,HD,SES881208,0,,,,,,,,,,,,,,,,,,,,,,,,,,,,,,,,,,,,,,,,,,,,,,,,,,,,,,,,,,,,,,,,,,,,,,,,,,,,,,,,,,,,,,,,,,,,,,,,,,,,,,,,,,,,,,,,,,,,,,,,,
EVT0004169,SUB00316,CNT00072,2023-06-26,23,Fire TV,93,75-99%,FALSE,FALSE,TRUE,4K,SES724887,0,,,,,,,,,,,,,,,,,,,,,,,,,,,,,,,,,,,,,,,,,,,,,,,,,,,,,,,,,,,,,,,,,,,,,,,,,,,,,,,,,,,,,,,,,,,,,,,,,,,,,,,,,,,,,,,,,,,,,,,,,
EVT0004170,SUB00045,CNT00037,2024-05-22,16,Tablet,50,100%,TRUE,TRUE,FALSE,HD,SES697867,1,,,,,,,,,,,,,,,,,,,,,,,,,,,,,,,,,,,,,,,,,,,,,,,,,,,,,,,,,,,,,,,,,,,,,,,,,,,,,,,,,,,,,,,,,,,,,,,,,,,,,,,,,,,,,,,,,,,,,,,,,
EVT0004171,SUB00167,CNT00005,2023-08-04,20,Fire TV,105,100%,TRUE,FALSE,TRUE,SD,SES771293,1,,,,,,,,,,,,,,,,,,,,,,,,,,,,,,,,,,,,,,,,,,,,,,,,,,,,,,,,,,,,,,,,,,,,,,,,,,,,,,,,,,,,,,,,,,,,,,,,,,,,,,,,,,,,,,,,,,,,,,,,,
EVT0004172,SUB00379,CNT00017,2023-07-29,13,Roku,87,100%,TRUE,FALSE,TRUE,HD,SES953879,1,,,,,,,,,,,,,,,,,,,,,,,,,,,,,,,,,,,,,,,,,,,,,,,,,,,,,,,,,,,,,,,,,,,,,,,,,,,,,,,,,,,,,,,,,,,,,,,,,,,,,,,,,,,,,,,,,,,,,,,,,
EVT0004173,SUB00510,CNT00004,2024-02-14,17,Smart TV,14,100%,TRUE,FALSE,TRUE,HD,SES991808,1,,,,,,,,,,,,,,,,,,,,,,,,,,,,,,,,,,,,,,,,,,,,,,,,,,,,,,,,,,,,,,,,,,,,,,,,,,,,,,,,,,,,,,,,,,,,,,,,,,,,,,,,,,,,,,,,,,,,,,,,,
EVT0004174,SUB00544,CNT00006,2024-01-23,12,Roku,38,50-75%,FALSE,TRUE,FALSE,SD,SES134298,0,,,,,,,,,,,,,,,,,,,,,,,,,,,,,,,,,,,,,,,,,,,,,,,,,,,,,,,,,,,,,,,,,,,,,,,,,,,,,,,,,,,,,,,,,,,,,,,,,,,,,,,,,,,,,,,,,,,,,,,,,
EVT0004175,SUB00694,CNT00076,2024-06-11,16,Roku,111,100%,TRUE,FALSE,TRUE,HD,SES638886,1,,,,,,,,,,,,,,,,,,,,,,,,,,,,,,,,,,,,,,,,,,,,,,,,,,,,,,,,,,,,,,,,,,,,,,,,,,,,,,,,,,,,,,,,,,,,,,,,,,,,,,,,,,,,,,,,,,,,,,,,,
EVT0004176,SUB00624,CNT00070,2023-07-24,21,Mobile,32,<25%,FALSE,FALSE,TRUE,HD,SES888029,0,,,,,,,,,,,,,,,,,,,,,,,,,,,,,,,,,,,,,,,,,,,,,,,,,,,,,,,,,,,,,,,,,,,,,,,,,,,,,,,,,,,,,,,,,,,,,,,,,,,,,,,,,,,,,,,,,,,,,,,,,
EVT0004177,SUB00158,CNT00096,2023-03-26,19,Roku,87,100%,TRUE,FALSE,TRUE,HD,SES472008,1,,,,,,,,,,,,,,,,,,,,,,,,,,,,,,,,,,,,,,,,,,,,,,,,,,,,,,,,,,,,,,,,,,,,,,,,,,,,,,,,,,,,,,,,,,,,,,,,,,,,,,,,,,,,,,,,,,,,,,,,,
EVT0004178,SUB00064,CNT00067,2023-07-30,23,Mobile,107,75-99%,FALSE,TRUE,TRUE,SD,SES857917,0,,,,,,,,,,,,,,,,,,,,,,,,,,,,,,,,,,,,,,,,,,,,,,,,,,,,,,,,,,,,,,,,,,,,,,,,,,,,,,,,,,,,,,,,,,,,,,,,,,,,,,,,,,,,,,,,,,,,,,,,,
EVT0004179,SUB00670,CNT00030,2023-12-24,7,Fire TV,14,<25%,FALSE,FALSE,TRUE,HD,SES844926,0,,,,,,,,,,,,,,,,,,,,,,,,,,,,,,,,,,,,,,,,,,,,,,,,,,,,,,,,,,,,,,,,,,,,,,,,,,,,,,,,,,,,,,,,,,,,,,,,,,,,,,,,,,,,,,,,,,,,,,,,,
EVT0004180,SUB00077,CNT00005,2024-01-31,14,Roku,109,<25%,FALSE,FALSE,TRUE,SD,SES858890,0,,,,,,,,,,,,,,,,,,,,,,,,,,,,,,,,,,,,,,,,,,,,,,,,,,,,,,,,,,,,,,,,,,,,,,,,,,,,,,,,,,,,,,,,,,,,,,,,,,,,,,,,,,,,,,,,,,,,,,,,,
EVT0004181,SUB00699,CNT00029,2023-05-19,9,Mobile,116,75-99%,FALSE,FALSE,FALSE,4K,SES811337,0,,,,,,,,,,,,,,,,,,,,,,,,,,,,,,,,,,,,,,,,,,,,,,,,,,,,,,,,,,,,,,,,,,,,,,,,,,,,,,,,,,,,,,,,,,,,,,,,,,,,,,,,,,,,,,,,,,,,,,,,,
EVT0004182,SUB00170,CNT00091,2023-11-30,18,Smart TV,46,50-75%,FALSE,FALSE,TRUE,SD,SES384758,0,,,,,,,,,,,,,,,,,,,,,,,,,,,,,,,,,,,,,,,,,,,,,,,,,,,,,,,,,,,,,,,,,,,,,,,,,,,,,,,,,,,,,,,,,,,,,,,,,,,,,,,,,,,,,,,,,,,,,,,,,
EVT0004183,SUB00104,CNT00085,2023-10-03,23,Desktop,12,100%,TRUE,TRUE,TRUE,HD,SES300022,1,,,,,,,,,,,,,,,,,,,,,,,,,,,,,,,,,,,,,,,,,,,,,,,,,,,,,,,,,,,,,,,,,,,,,,,,,,,,,,,,,,,,,,,,,,,,,,,,,,,,,,,,,,,,,,,,,,,,,,,,,
EVT0004184,SUB00125,CNT00063,2023-05-13,21,Desktop,19,50-75%,FALSE,TRUE,TRUE,4K,SES640128,0,,,,,,,,,,,,,,,,,,,,,,,,,,,,,,,,,,,,,,,,,,,,,,,,,,,,,,,,,,,,,,,,,,,,,,,,,,,,,,,,,,,,,,,,,,,,,,,,,,,,,,,,,,,,,,,,,,,,,,,,,
EVT0004185,SUB00162,CNT00006,2023-08-28,16,Smart TV,91,100%,TRUE,FALSE,TRUE,HD,SES229446,1,,,,,,,,,,,,,,,,,,,,,,,,,,,,,,,,,,,,,,,,,,,,,,,,,,,,,,,,,,,,,,,,,,,,,,,,,,,,,,,,,,,,,,,,,,,,,,,,,,,,,,,,,,,,,,,,,,,,,,,,,
EVT0004186,SUB00423,CNT00073,2024-02-02,8,Fire TV,113,50-75%,FALSE,FALSE,TRUE,SD,SES180757,0,,,,,,,,,,,,,,,,,,,,,,,,,,,,,,,,,,,,,,,,,,,,,,,,,,,,,,,,,,,,,,,,,,,,,,,,,,,,,,,,,,,,,,,,,,,,,,,,,,,,,,,,,,,,,,,,,,,,,,,,,
EVT0004187,SUB00169,CNT00029,2023-03-07,6,Mobile,58,100%,TRUE,FALSE,FALSE,HD,SES453642,1,,,,,,,,,,,,,,,,,,,,,,,,,,,,,,,,,,,,,,,,,,,,,,,,,,,,,,,,,,,,,,,,,,,,,,,,,,,,,,,,,,,,,,,,,,,,,,,,,,,,,,,,,,,,,,,,,,,,,,,,,
EVT0004188,SUB00641,CNT00084,2024-01-13,13,Smart TV,33,75-99%,FALSE,FALSE,FALSE,HD,SES507089,0,,,,,,,,,,,,,,,,,,,,,,,,,,,,,,,,,,,,,,,,,,,,,,,,,,,,,,,,,,,,,,,,,,,,,,,,,,,,,,,,,,,,,,,,,,,,,,,,,,,,,,,,,,,,,,,,,,,,,,,,,
EVT0004189,SUB00315,CNT00026,2024-06-01,18,Smart TV,27,50-75%,FALSE,FALSE,TRUE,HD,SES376655,0,,,,,,,,,,,,,,,,,,,,,,,,,,,,,,,,,,,,,,,,,,,,,,,,,,,,,,,,,,,,,,,,,,,,,,,,,,,,,,,,,,,,,,,,,,,,,,,,,,,,,,,,,,,,,,,,,,,,,,,,,
EVT0004190,SUB00322,CNT00066,2023-02-27,6,Tablet,98,100%,TRUE,FALSE,TRUE,SD,SES744623,1,,,,,,,,,,,,,,,,,,,,,,,,,,,,,,,,,,,,,,,,,,,,,,,,,,,,,,,,,,,,,,,,,,,,,,,,,,,,,,,,,,,,,,,,,,,,,,,,,,,,,,,,,,,,,,,,,,,,,,,,,
EVT0004191,SUB00166,CNT00009,2023-10-04,13,Desktop,24,75-99%,FALSE,FALSE,TRUE,HD,SES287828,0,,,,,,,,,,,,,,,,,,,,,,,,,,,,,,,,,,,,,,,,,,,,,,,,,,,,,,,,,,,,,,,,,,,,,,,,,,,,,,,,,,,,,,,,,,,,,,,,,,,,,,,,,,,,,,,,,,,,,,,,,
EVT0004192,SUB00027,CNT00063,2023-03-29,15,Mobile,11,25-50%,FALSE,FALSE,FALSE,SD,SES466819,0,,,,,,,,,,,,,,,,,,,,,,,,,,,,,,,,,,,,,,,,,,,,,,,,,,,,,,,,,,,,,,,,,,,,,,,,,,,,,,,,,,,,,,,,,,,,,,,,,,,,,,,,,,,,,,,,,,,,,,,,,
EVT0004193,SUB00587,CNT00096,2024-04-16,17,Tablet,48,100%,TRUE,TRUE,FALSE,4K,SES721759,1,,,,,,,,,,,,,,,,,,,,,,,,,,,,,,,,,,,,,,,,,,,,,,,,,,,,,,,,,,,,,,,,,,,,,,,,,,,,,,,,,,,,,,,,,,,,,,,,,,,,,,,,,,,,,,,,,,,,,,,,,
EVT0004194,SUB00377,CNT00092,2024-01-01,16,Smart TV,22,50-75%,FALSE,TRUE,TRUE,HD,SES234443,0,,,,,,,,,,,,,,,,,,,,,,,,,,,,,,,,,,,,,,,,,,,,,,,,,,,,,,,,,,,,,,,,,,,,,,,,,,,,,,,,,,,,,,,,,,,,,,,,,,,,,,,,,,,,,,,,,,,,,,,,,
EVT0004195,SUB00145,CNT00059,2023-11-09,11,Roku,73,75-99%,FALSE,TRUE,FALSE,HD,SES123587,0,,,,,,,,,,,,,,,,,,,,,,,,,,,,,,,,,,,,,,,,,,,,,,,,,,,,,,,,,,,,,,,,,,,,,,,,,,,,,,,,,,,,,,,,,,,,,,,,,,,,,,,,,,,,,,,,,,,,,,,,,
EVT0004196,SUB00633,CNT00093,2023-06-08,18,Tablet,104,100%,TRUE,TRUE,FALSE,HD,SES853919,1,,,,,,,,,,,,,,,,,,,,,,,,,,,,,,,,,,,,,,,,,,,,,,,,,,,,,,,,,,,,,,,,,,,,,,,,,,,,,,,,,,,,,,,,,,,,,,,,,,,,,,,,,,,,,,,,,,,,,,,,,
EVT0004197,SUB00150,CNT00075,2023-09-27,21,Roku,101,50-75%,FALSE,TRUE,TRUE,SD,SES405145,0,,,,,,,,,,,,,,,,,,,,,,,,,,,,,,,,,,,,,,,,,,,,,,,,,,,,,,,,,,,,,,,,,,,,,,,,,,,,,,,,,,,,,,,,,,,,,,,,,,,,,,,,,,,,,,,,,,,,,,,,,
EVT0004198,SUB00389,CNT00042,2024-01-07,12,Mobile,118,50-75%,FALSE,TRUE,TRUE,SD,SES330273,0,,,,,,,,,,,,,,,,,,,,,,,,,,,,,,,,,,,,,,,,,,,,,,,,,,,,,,,,,,,,,,,,,,,,,,,,,,,,,,,,,,,,,,,,,,,,,,,,,,,,,,,,,,,,,,,,,,,,,,,,,
EVT0004199,SUB00016,CNT00013,2023-01-17,19,Tablet,111,<25%,FALSE,FALSE,TRUE,SD,SES395694,0,,,,,,,,,,,,,,,,,,,,,,,,,,,,,,,,,,,,,,,,,,,,,,,,,,,,,,,,,,,,,,,,,,,,,,,,,,,,,,,,,,,,,,,,,,,,,,,,,,,,,,,,,,,,,,,,,,,,,,,,,
EVT0004200,SUB00477,CNT00065,2023-09-12,6,Tablet,47,100%,TRUE,FALSE,FALSE,HD,SES874882,1,,,,,,,,,,,,,,,,,,,,,,,,,,,,,,,,,,,,,,,,,,,,,,,,,,,,,,,,,,,,,,,,,,,,,,,,,,,,,,,,,,,,,,,,,,,,,,,,,,,,,,,,,,,,,,,,,,,,,,,,,