subscriber_id,signup_date,plan,country,acquisition_channel,campaign_id,campaign_start_date,campaign_end_date,primary_device,age,signup_show,show_genre,lifecycle_stage,churn_date,monthly_spend_usd,is_bundled,has_showtime_add_on,total_spend,total_signups,avg_roas,plan_price
SUB00001,02/19/26,Annual Essential,US,Streaming,CMP006,01/12/26,04/15/26,Roku,44,RuPaul Drag Race All Stars,Reality,Active,,8.3,False,False,69517.64,55,0.11,7.5
SUB00002,02/08/26,Essential,US,Social,CMP015,02/05/26,04/05/26,Smart TV,59,Paw Patrol,Family,Active,,14.21,False,False,22618.05,24,0.15,13.99
SUB00003,02/04/26,Paramount+ with Showtime,AU,Radio,CMP005,03/01/26,04/30/26,Mobile,60,Elsbeth,Procedural,Active,,13.87,True,True,22144.53,14,0.09,13.99
SUB00004,02/03/26,Essential,AU,Social,CMP015,02/05/26,04/05/26,Tablet,45,The Curse,Comedy,Churned,03/20/26,12.76,False,False,22618.05,24,0.15,13.99
SUB00005,02/03/26,Annual Essential,AU,Streaming,CMP007,02/10/26,03/20/26,Smart TV,41,1923,Drama,Active,,5.55,True,False,39937.36,33,0.115,7.5
SUB00006,02/23/26,Annual Premium,US,TV,CMP002,01/10/26,02/15/26,Mobile,30,Sonic 3,Family,Churned,04/17/26,10.63,False,False,61748.08,36,0.08,11.67
SUB00007,02/18/26,Annual Essential,US,Digital,CMP011,02/15/26,04/01/26,Roku,25,South Park,Comedy,Active,,8.06,True,False,45566.52,49,0.15,7.5
SUB00008,02/07/26,Paramount+ with Showtime,MX,OOH,CMP012,01/08/26,04/30/26,Roku,34,Ghosts,Comedy,Churned,03/25/26,10.1,False,True,46356.88,40,0.12,13.99
SUB00009,02/18/26,Paramount+ with Showtime,CA,TV,CMP003,02/01/26,03/31/26,Mobile,30,Watson,Procedural,New,,12.2,True,True,41503.22,26,0.09,13.99
SUB00010,02/28/26,Annual Essential,US,Social,CMP014,01/10/26,03/10/26,Desktop,43,NFL,Sports,Active,,7.37,False,True,25458.31,29,0.16,7.5
SUB00011,02/18/26,Annual Essential,MX,TV,CMP002,01/10/26,02/15/26,Smart TV,29,South Park,Comedy,Active,,6.25,False,False,61748.08,36,0.08,7.5
SUB00012,02/01/26,Essential,MX,Digital,CMP010,01/15/26,03/31/26,Smart TV,23,Tracker,Action,At-Risk,,10.94,True,False,40279.22,40,0.14,13.99
SUB00013,02/17/26,Annual Premium,US,Social,CMP016,03/01/26,04/30/26,Roku,40,RuPaul Drag Race All Stars,Reality,New,,10.35,False,False,13079.15,14,0.15,11.67
SUB00014,02/27/26,Essential,MX,Social,CMP015,02/05/26,04/05/26,Smart TV,40,Ghosts,Comedy,Churned,03/28/26,11.74,False,True,22618.05,24,0.15,13.99
SUB00015,02/05/26,Essential,CA,OOH,CMP012,01/08/26,04/30/26,Fire TV,36,1923,Drama,At-Risk,,12.43,False,False,46356.88,40,0.12,13.99
SUB00016,02/07/26,Annual Premium,US,Social,CMP016,03/01/26,04/30/26,Smart TV,27,Mayor of Kingstown,Drama,Active,,12.54,False,False,13079.15,14,0.15,11.67
SUB00017,02/03/26,Paramount+ with Showtime,CA,Streaming,CMP006,01/12/26,04/15/26,Desktop,42,Coldwater,Drama,Churned,03/06/26,12.22,True,True,69517.64,55,0.11,13.99
SUB00018,02/03/26,Annual Essential,CA,OOH,CMP013,02/01/26,04/15/26,Fire TV,32,Tulsa King,Drama,At-Risk,,7.21,True,False,27040.0,25,0.13,7.5
SUB00019,02/26/26,Paramount+ with Showtime,US,Social,CMP015,02/05/26,04/05/26,Roku,52,The Guest,Thriller,At-Risk,,13.23,True,True,22618.05,24,0.15,13.99
SUB00020,02/02/26,Essential,CA,Streaming,CMP006,01/12/26,04/15/26,Desktop,33,Tulsa King,Drama,Active,,14.69,False,False,69517.64,55,0.11,13.99
SUB00021,02/09/26,Paramount+ with Showtime,AU,Radio,CMP004,01/06/26,03/15/26,Roku,31,Coldwater,Drama,Active,,12.71,True,True,41237.74,27,0.09,13.99
SUB00022,02/06/26,Annual Premium,US,Social,CMP014,01/10/26,03/10/26,Fire TV,21,Dutton Ranch,Drama,Active,,12.91,False,False,25458.31,29,0.16,11.67
SUB00023,02/10/26,Paramount+ with Showtime,AU,OOH,CMP013,02/01/26,04/15/26,Roku,36,South Park,Comedy,Active,,14.29,True,True,27040.0,25,0.13,13.99
SUB00024,02/19/26,Annual Premium,UK,Social,CMP014,01/10/26,03/10/26,Mobile,28,Mission Impossible,Action,At-Risk,,13.01,True,False,25458.31,29,0.16,11.67
SUB00025,02/03/26,Essential,US,OOH,CMP012,01/08/26,04/30/26,Smart TV,37,Sonic 3,Family,New,,11.51,True,False,46356.88,40,0.12,13.99
SUB00026,02/09/26,Annual Essential,US,OOH,CMP013,02/01/26,04/15/26,Smart TV,49,Landman,Drama,Active,,7.56,False,False,27040.0,25,0.13,7.5
SUB00027,02/01/26,Annual Essential,US,TV,CMP001,01/05/26,02/28/26,Roku,39,Boston Blue,Procedural,At-Risk,,7.16,False,False,56894.89,36,0.0849999999999999,7.5
SUB00028,02/08/26,Annual Premium,UK,OOH,CMP012,01/08/26,04/30/26,Smart TV,42,Watson,Procedural,Active,,11.54,True,False,46356.88,40,0.12,11.67
SUB00029,02/04/26,Essential,AU,Digital,CMP011,02/15/26,04/01/26,Tablet,26,Dutton Ranch,Drama,At-Risk,,14.91,False,False,45566.52,49,0.15,13.99
SUB00030,02/07/26,Essential,US,OOH,CMP013,02/01/26,04/15/26,Mobile,42,Elsbeth,Procedural,New,,14.08,True,False,27040.0,25,0.13,13.99
SUB00031,02/25/26,Annual Premium,US,Streaming,CMP007,02/10/26,03/20/26,Fire TV,39,Yellowjackets,Drama,Active,,11.35,False,True,39937.36,33,0.115,11.67
SUB00032,02/05/26,Annual Premium,US,TV,CMP003,02/01/26,03/31/26,Smart TV,33,Dutton Ranch,Drama,At-Risk,,9.86,True,False,41503.22,26,0.09,11.67
SUB00033,02/12/26,Annual Premium,CA,Radio,CMP004,01/06/26,03/15/26,Desktop,42,Boston Blue,Procedural,Active,,11.63,False,False,41237.74,27,0.09,11.67
SUB00034,02/26/26,Essential,US,Social,CMP014,01/10/26,03/10/26,Desktop,34,Mission Impossible,Action,Reactivated,,13.48,False,False,25458.31,29,0.16,13.99
SUB00035,02/09/26,Annual Premium,US,Digital,CMP009,01/01/26,04/30/26,Tablet,33,Dexter,Thriller,At-Risk,,11.47,False,False,70866.81,75,0.1475,11.67
SUB00036,02/08/26,Annual Essential,US,OOH,CMP012,01/08/26,04/30/26,Desktop,43,The Curse,Comedy,Active,,7.63,True,False,46356.88,40,0.12,7.5
SUB00037,02/01/26,Essential,US,OOH,CMP013,02/01/26,04/15/26,Tablet,41,Love & Hip Hop Miami,Reality,Active,,12.44,False,False,27040.0,25,0.13,13.99
SUB00038,02/20/26,Annual Premium,US,Streaming,CMP007,02/10/26,03/20/26,Fire TV,37,Yellowjackets,Drama,Active,,13.53,True,False,39937.36,33,0.115,11.67
SUB00039,02/12/26,Essential,AU,Radio,CMP004,01/06/26,03/15/26,Tablet,35,Yellowjackets,Drama,Active,,13.81,True,False,41237.74,27,0.09,13.99
SUB00040,02/22/26,Annual Premium,UK,Social,CMP015,02/05/26,04/05/26,Tablet,21,UFC,Sports,At-Risk,,12.82,False,False,22618.05,24,0.15,11.67
SUB00041,02/20/26,Paramount+ with Showtime,US,Radio,CMP004,01/06/26,03/15/26,Roku,49,South Park,Comedy,Active,,15.43,False,True,41237.74,27,0.09,13.99
SUB00042,02/22/26,Paramount+ with Showtime,AU,Streaming,CMP007,02/10/26,03/20/26,Tablet,18,Ghosts,Comedy,Active,,16.1,False,True,39937.36,33,0.115,13.99
SUB00043,02/20/26,Paramount+ with Showtime,UK,Digital,CMP011,02/15/26,04/01/26,Roku,24,NCIS,Procedural,At-Risk,,14.34,False,True,45566.52,49,0.15,13.99
SUB00044,02/20/26,Annual Premium,MX,Digital,CMP010,01/15/26,03/31/26,Tablet,30,Paw Patrol,Family,Active,,9.52,True,True,40279.22,40,0.14,11.67
SUB00045,02/23/26,Essential,US,Digital,CMP011,02/15/26,04/01/26,Smart TV,23,South Park,Comedy,Active,,13.16,False,False,45566.52,49,0.15,13.99
SUB00046,02/15/26,Annual Essential,MX,OOH,CMP012,01/08/26,04/30/26,Desktop,59,The Curse,Comedy,Active,,5.56,True,False,46356.88,40,0.12,7.5
SUB00047,02/17/26,Paramount+ with Showtime,US,Social,CMP016,03/01/26,04/30/26,Smart TV,49,Coldwater,Drama,Active,,14.32,False,True,13079.15,14,0.15,13.99
SUB00048,02/25/26,Annual Premium,US,Radio,CMP005,03/01/26,04/30/26,Mobile,56,Coldwater,Drama,Churned,04/25/26,10.31,True,False,22144.53,14,0.09,11.67
SUB00049,02/05/26,Annual Essential,US,OOH,CMP012,01/08/26,04/30/26,Mobile,41,Elsbeth,Procedural,Active,,6.2,True,False,46356.88,40,0.12,7.5
SUB00050,02/02/26,Paramount+ with Showtime,US,Radio,CMP005,03/01/26,04/30/26,Fire TV,19,Tracker,Action,Active,,14.2,False,True,22144.53,14,0.09,13.99
SUB00051,02/10/26,Paramount+ with Showtime,UK,Social,CMP015,02/05/26,04/05/26,Mobile,41,South Park,Comedy,Active,,14.03,False,True,22618.05,24,0.15,13.99
SUB00052,02/01/26,Annual Premium,UK,TV,CMP002,01/10/26,02/15/26,Smart TV,41,The Offer,Drama,At-Risk,,11.66,False,False,61748.08,36,0.08,11.67
SUB00053,02/19/26,Annual Essential,MX,Digital,CMP010,01/15/26,03/31/26,Roku,64,NFL,Sports,Churned,04/06/26,4.34,False,False,40279.22,40,0.14,7.5
SUB00054,02/25/26,Essential,US,TV,CMP002,01/10/26,02/15/26,Roku,47,South Park,Comedy,Active,,14.34,True,False,61748.08,36,0.08,13.99
SUB00055,02/02/26,Paramount+ with Showtime,UK,TV,CMP003,02/01/26,03/31/26,Tablet,54,The Guest,Thriller,Churned,03/06/26,13.82,True,True,41503.22,26,0.09,13.99
SUB00056,02/05/26,Essential,UK,OOH,CMP012,01/08/26,04/30/26,Fire TV,43,Paw Patrol,Family,Reactivated,,16.45,False,False,46356.88,40,0.12,13.99
SUB00057,02/23/26,Essential,UK,TV,CMP003,02/01/26,03/31/26,Mobile,34,Lioness,Thriller,Active,,13.06,True,False,41503.22,26,0.09,13.99
SUB00058,02/13/26,Annual Premium,UK,OOH,CMP013,02/01/26,04/15/26,Smart TV,26,Boston Blue,Procedural,Active,,12.33,False,False,27040.0,25,0.13,11.67
SUB00059,02/26/26,Essential,CA,Digital,CMP009,01/01/26,04/30/26,Roku,41,Boston Blue,Procedural,Active,,14.02,False,False,70866.81,75,0.1475,13.99
SUB00060,02/27/26,Annual Premium,US,TV,CMP002,01/10/26,02/15/26,Mobile,58,Love & Hip Hop Miami,Reality,Active,,14.53,False,True,61748.08,36,0.08,11.67
SUB00061,02/09/26,Paramount+ with Showtime,US,TV,CMP003,02/01/26,03/31/26,Mobile,46,The Agency,Thriller,Active,,13.16,False,True,41503.22,26,0.09,13.99
SUB00062,02/09/26,Annual Premium,MX,TV,CMP001,01/05/26,02/28/26,Desktop,44,Elsbeth,Procedural,Churned,03/19/26,9.32,True,False,56894.89,36,0.0849999999999999,11.67
SUB00063,02/12/26,Paramount+ with Showtime,CA,TV,CMP001,01/05/26,02/28/26,Tablet,44,Ghosts,Comedy,Active,,12.65,True,True,56894.89,36,0.0849999999999999,13.99
SUB00064,02/14/26,Paramount+ with Showtime,AU,Digital,CMP011,02/15/26,04/01/26,Tablet,18,Paw Patrol,Family,New,,14.24,True,True,45566.52,49,0.15,13.99
SUB00065,02/08/26,Annual Essential,CA,Digital,CMP011,02/15/26,04/01/26,Mobile,40,The Madison,Drama,New,,6.85,True,False,45566.52,49,0.15,7.5
SUB00066,02/09/26,Annual Essential,US,Social,CMP015,02/05/26,04/05/26,Tablet,43,Tracker,Action,Active,,7.73,False,False,22618.05,24,0.15,7.5
SUB00067,02/24/26,Annual Essential,US,Digital,CMP010,01/15/26,03/31/26,Smart TV,38,The Agency,Thriller,Reactivated,,7.3,True,False,40279.22,40,0.14,7.5
SUB00068,02/09/26,Annual Essential,CA,OOH,CMP012,01/08/26,04/30/26,Roku,45,Lioness,Thriller,Active,,8.07,True,True,46356.88,40,0.12,7.5
SUB00069,02/16/26,Essential,US,Radio,CMP005,03/01/26,04/30/26,Mobile,18,Boomerang,Comedy,Churned,03/28/26,12.46,True,True,22144.53,14,0.09,13.99
SUB00070,02/02/26,Essential,US,TV,CMP003,02/01/26,03/31/26,Fire TV,45,Criminal Minds,Procedural,Churned,02/21/26,16.59,False,False,41503.22,26,0.09,13.99
SUB00071,02/25/26,Annual Essential,US,Radio,CMP004,01/06/26,03/15/26,Fire TV,45,Dexter,Thriller,New,,8.79,False,False,41237.74,27,0.09,7.5
SUB00072,02/04/26,Paramount+ with Showtime,US,Social,CMP016,03/01/26,04/30/26,Desktop,47,Tulsa King,Drama,Active,,14.91,False,True,13079.15,14,0.15,13.99
SUB00073,02/15/26,Essential,US,Digital,CMP010,01/15/26,03/31/26,Fire TV,27,The Agency,Thriller,Active,,13.5,False,False,40279.22,40,0.14,13.99
SUB00074,02/09/26,Paramount+ with Showtime,US,Streaming,CMP006,01/12/26,04/15/26,Mobile,39,The Curse,Comedy,Active,,12.22,True,True,69517.64,55,0.11,13.99
SUB00075,02/03/26,Annual Essential,CA,Radio,CMP004,01/06/26,03/15/26,Desktop,47,The Offer,Drama,Active,,6.82,False,False,41237.74,27,0.09,7.5
SUB00076,02/17/26,Annual Premium,CA,Social,CMP015,02/05/26,04/05/26,Tablet,53,The Curse,Comedy,Active,,10.78,False,False,22618.05,24,0.15,11.67
SUB00077,02/22/26,Paramount+ with Showtime,CA,TV,CMP001,01/05/26,02/28/26,Mobile,27,Watson,Procedural,Active,,12.62,True,True,56894.89,36,0.0849999999999999,13.99
SUB00078,02/06/26,Annual Essential,UK,Digital,CMP010,01/15/26,03/31/26,Tablet,41,The Agency,Thriller,New,,7.52,False,False,40279.22,40,0.14,7.5
SUB00079,02/28/26,Paramount+ with Showtime,AU,OOH,CMP012,01/08/26,04/30/26,Desktop,68,Tracker,Action,Active,,12.57,True,True,46356.88,40,0.12,13.99
SUB00080,02/09/26,Paramount+ with Showtime,US,Digital,CMP010,01/15/26,03/31/26,Desktop,40,Landman,Drama,Churned,03/11/26,13.63,False,True,40279.22,40,0.14,13.99
SUB00081,02/20/26,Annual Essential,AU,OOH,CMP013,02/01/26,04/15/26,Mobile,26,The Curse,Comedy,Churned,04/19/26,6.9,False,False,27040.0,25,0.13,7.5
SUB00082,02/16/26,Paramount+ with Showtime,US,Streaming,CMP008,01/20/26,02/28/26,Smart TV,50,NCIS,Procedural,Active,,13.84,False,True,33297.18,27,0.11,13.99
SUB00083,02/15/26,Annual Premium,CA,Radio,CMP004,01/06/26,03/15/26,Mobile,31,Dutton Ranch,Drama,Active,,12.91,False,True,41237.74,27,0.09,11.67
SUB00084,02/08/26,Annual Essential,US,Digital,CMP010,01/15/26,03/31/26,Tablet,43,Elsbeth,Procedural,New,,8.36,False,False,40279.22,40,0.14,7.5
SUB00085,02/11/26,Essential,US,Social,CMP015,02/05/26,04/05/26,Smart TV,67,NFL,Sports,At-Risk,,13.37,False,False,22618.05,24,0.15,13.99
SUB00086,02/18/26,Paramount+ with Showtime,AU,Streaming,CMP007,02/10/26,03/20/26,Mobile,31,Boomerang,Comedy,Active,,13.79,False,True,39937.36,33,0.115,13.99
SUB00087,02/19/26,Paramount+ with Showtime,MX,TV,CMP001,01/05/26,02/28/26,Desktop,44,Paw Patrol,Family,Reactivated,,12.01,False,True,56894.89,36,0.0849999999999999,13.99
SUB00088,02/05/26,Annual Premium,US,Streaming,CMP008,01/20/26,02/28/26,Mobile,37,South Park,Comedy,New,,10.43,False,False,33297.18,27,0.11,11.67
SUB00089,02/24/26,Essential,US,Social,CMP014,01/10/26,03/10/26,Tablet,34,Coldwater,Drama,Churned,03/15/26,13.66,True,False,25458.31,29,0.16,13.99
SUB00090,02/28/26,Annual Essential,US,TV,CMP003,02/01/26,03/31/26,Tablet,18,Criminal Minds,Procedural,Active,,7.4,False,False,41503.22,26,0.09,7.5
SUB00091,02/08/26,Annual Premium,CA,TV,CMP002,01/10/26,02/15/26,Smart TV,58,1923,Drama,Active,,12.14,True,False,61748.08,36,0.08,11.67
SUB00092,02/01/26,Paramount+ with Showtime,US,Digital,CMP010,01/15/26,03/31/26,Mobile,38,Coldwater,Drama,Churned,02/13/26,12.7,True,True,40279.22,40,0.14,13.99
SUB00093,02/06/26,Essential,US,TV,CMP001,01/05/26,02/28/26,Roku,40,Dexter,Thriller,Active,,14.14,False,False,56894.89,36,0.0849999999999999,13.99
SUB00094,02/09/26,Annual Premium,CA,Radio,CMP005,03/01/26,04/30/26,Desktop,32,Mission Impossible,Action,Churned,04/02/26,10.34,True,False,22144.53,14,0.09,11.67
SUB00095,02/21/26,Annual Premium,UK,Digital,CMP010,01/15/26,03/31/26,Smart TV,60,Coldwater,Drama,Active,,14.28,False,False,40279.22,40,0.14,11.67
SUB00096,02/19/26,Annual Essential,US,Streaming,CMP007,02/10/26,03/20/26,Roku,18,The Guest,Thriller,Reactivated,,7.36,True,False,39937.36,33,0.115,7.5
SUB00097,02/25/26,Annual Essential,US,Digital,CMP010,01/15/26,03/31/26,Desktop,41,Tulsa King,Drama,Active,,7.41,False,False,40279.22,40,0.14,7.5
SUB00098,02/02/26,Annual Essential,US,Digital,CMP011,02/15/26,04/01/26,Roku,31,NFL,Sports,At-Risk,,8.22,False,False,45566.52,49,0.15,7.5
SUB00099,02/06/26,Paramount+ with Showtime,CA,Digital,CMP010,01/15/26,03/31/26,Roku,42,NCIS,Procedural,Active,,14.1,True,True,40279.22,40,0.14,13.99
SUB00100,02/26/26,Annual Premium,AU,Streaming,CMP007,02/10/26,03/20/26,Smart TV,42,Elsbeth,Procedural,New,,12.77,False,False,39937.36,33,0.115,11.67
SUB00101,02/28/26,Annual Premium,AU,TV,CMP002,01/10/26,02/15/26,Fire TV,26,The Offer,Drama,Active,,12.43,False,False,61748.08,36,0.08,11.67
SUB00102,02/19/26,Paramount+ with Showtime,MX,OOH,CMP013,02/01/26,04/15/26,Tablet,46,The Curse,Comedy,New,,12.87,False,True,27040.0,25,0.13,13.99
SUB00103,02/21/26,Annual Essential,US,Digital,CMP009,01/01/26,04/30/26,Roku,55,Ghosts,Comedy,New,,8.31,False,False,70866.81,75,0.1475,7.5
SUB00104,02/08/26,Annual Premium,US,TV,CMP001,01/05/26,02/28/26,Fire TV,35,Landman,Drama,Active,,12.23,True,False,56894.89,36,0.0849999999999999,11.67
SUB00105,02/21/26,Essential,US,Digital,CMP010,01/15/26,03/31/26,Mobile,49,Dexter,Thriller,At-Risk,,15.61,False,False,40279.22,40,0.14,13.99
SUB00106,02/28/26,Paramount+ with Showtime,US,Streaming,CMP006,01/12/26,04/15/26,Fire TV,38,Mayor of Kingstown,Drama,At-Risk,,13.97,False,True,69517.64,55,0.11,13.99
SUB00107,02/03/26,Annual Premium,US,Digital,CMP010,01/15/26,03/31/26,Tablet,42,Elsbeth,Procedural,Active,,11.45,True,False,40279.22,40,0.14,11.67
SUB00108,02/03/26,Annual Essential,CA,OOH,CMP012,01/08/26,04/30/26,Fire TV,46,The Chi,Drama,At-Risk,,9.23,False,False,46356.88,40,0.12,7.5
SUB00109,02/18/26,Annual Essential,CA,Radio,CMP004,01/06/26,03/15/26,Tablet,23,Dutton Ranch,Drama,At-Risk,,7.48,True,False,41237.74,27,0.09,7.5
SUB00110,02/02/26,Essential,CA,OOH,CMP013,02/01/26,04/15/26,Roku,49,The Chi,Drama,Active,,14.67,False,True,27040.0,25,0.13,13.99
SUB00111,02/15/26,Paramount+ with Showtime,US,OOH,CMP012,01/08/26,04/30/26,Desktop,37,Lioness,Thriller,Active,,14.05,False,True,46356.88,40,0.12,13.99
SUB00112,02/14/26,Annual Premium,US,Digital,CMP010,01/15/26,03/31/26,Smart TV,28,The Madison,Drama,Active,,11.18,True,False,40279.22,40,0.14,11.67
SUB00113,02/20/26,Paramount+ with Showtime,UK,OOH,CMP013,02/01/26,04/15/26,Fire TV,26,Mission Impossible,Action,Active,,14.18,True,True,27040.0,25,0.13,13.99
SUB00114,02/04/26,Annual Essential,US,Social,CMP016,03/01/26,04/30/26,Smart TV,30,Love & Hip Hop Miami,Reality,Active,,7.62,False,True,13079.15,14,0.15,7.5
SUB00115,02/14/26,Annual Essential,MX,Digital,CMP010,01/15/26,03/31/26,Roku,41,The Offer,Drama,Active,,5.69,False,False,40279.22,40,0.14,7.5
SUB00116,02/03/26,Paramount+ with Showtime,US,Streaming,CMP006,01/12/26,04/15/26,Tablet,41,The Guest,Thriller,Reactivated,,12.19,True,True,69517.64,55,0.11,13.99
SUB00117,02/28/26,Annual Essential,US,Radio,CMP005,03/01/26,04/30/26,Smart TV,27,Tracker,Action,Active,,7.73,False,False,22144.53,14,0.09,7.5
SUB00118,02/28/26,Essential,US,Streaming,CMP006,01/12/26,04/15/26,Tablet,58,Love & Hip Hop Miami,Reality,Active,,13.93,True,False,69517.64,55,0.11,13.99
SUB00119,02/20/26,Annual Premium,US,Streaming,CMP008,01/20/26,02/28/26,Smart TV,37,Yellowjackets,Drama,Active,,11.63,False,False,33297.18,27,0.11,11.67
SUB00120,02/12/26,Annual Essential,CA,Digital,CMP010,01/15/26,03/31/26,Mobile,33,The Agency,Thriller,Active,,6.08,True,False,40279.22,40,0.14,7.5
SUB00121,02/14/26,Annual Premium,CA,TV,CMP002,01/10/26,02/15/26,Fire TV,45,The Madison,Drama,Active,,11.27,True,False,61748.08,36,0.08,11.67
SUB00122,02/22/26,Essential,US,Streaming,CMP006,01/12/26,04/15/26,Smart TV,43,Tulsa King,Drama,New,,13.46,True,False,69517.64,55,0.11,13.99
SUB00123,02/12/26,Paramount+ with Showtime,US,Social,CMP014,01/10/26,03/10/26,Desktop,41,Mayor of Kingstown,Drama,Active,,14.27,False,True,25458.31,29,0.16,13.99
SUB00124,02/02/26,Paramount+ with Showtime,CA,TV,CMP003,02/01/26,03/31/26,Smart TV,27,Landman,Drama,At-Risk,,13.63,True,True,41503.22,26,0.09,13.99
SUB00125,02/06/26,Paramount+ with Showtime,US,Radio,CMP005,03/01/26,04/30/26,Tablet,58,UFC,Sports,Active,,16.02,True,True,22144.53,14,0.09,13.99
SUB00126,02/01/26,Annual Essential,US,Social,CMP015,02/05/26,04/05/26,Mobile,27,1923,Drama,Churned,03/12/26,6.58,False,False,22618.05,24,0.15,7.5
SUB00127,02/06/26,Annual Premium,CA,Social,CMP015,02/05/26,04/05/26,Desktop,68,Dexter,Thriller,At-Risk,,10.59,True,False,22618.05,24,0.15,11.67
SUB00128,02/03/26,Annual Essential,AU,Streaming,CMP008,01/20/26,02/28/26,Fire TV,29,RuPaul Drag Race All Stars,Reality,Active,,6.41,True,False,33297.18,27,0.11,7.5
SUB00129,02/25/26,Paramount+ with Showtime,US,Streaming,CMP006,01/12/26,04/15/26,Roku,27,UFC,Sports,Active,,14.3,False,True,69517.64,55,0.11,13.99
SUB00130,02/06/26,Annual Essential,AU,Radio,CMP004,01/06/26,03/15/26,Roku,64,Watson,Procedural,Active,,7.37,True,False,41237.74,27,0.09,7.5
SUB00131,02/15/26,Annual Essential,US,Social,CMP014,01/10/26,03/10/26,Smart TV,25,Ghosts,Comedy,Active,,6.34,False,False,25458.31,29,0.16,7.5
SUB00132,02/15/26,Paramount+ with Showtime,US,Streaming,CMP007,02/10/26,03/20/26,Smart TV,63,Love & Hip Hop Miami,Reality,Active,,13.77,True,True,39937.36,33,0.115,13.99
SUB00133,02/18/26,Paramount+ with Showtime,US,Digital,CMP011,02/15/26,04/01/26,Fire TV,18,Love & Hip Hop Miami,Reality,At-Risk,,13.95,False,True,45566.52,49,0.15,13.99
SUB00134,02/04/26,Annual Essential,US,Social,CMP015,02/05/26,04/05/26,Mobile,55,The Guest,Thriller,Active,,7.12,False,False,22618.05,24,0.15,7.5
SUB00135,02/17/26,Annual Premium,UK,OOH,CMP013,02/01/26,04/15/26,Smart TV,38,Landman,Drama,At-Risk,,11.32,True,False,27040.0,25,0.13,11.67
SUB00136,02/21/26,Essential,US,Streaming,CMP008,01/20/26,02/28/26,Desktop,46,Tracker,Action,Active,,13.97,False,True,33297.18,27,0.11,13.99
SUB00137,02/22/26,Paramount+ with Showtime,CA,TV,CMP003,02/01/26,03/31/26,Tablet,39,Mission Impossible,Action,Active,,14.07,True,True,41503.22,26,0.09,13.99
SUB00138,02/21/26,Paramount+ with Showtime,UK,Digital,CMP010,01/15/26,03/31/26,Mobile,22,MobLand,Drama,Active,,14.71,True,True,40279.22,40,0.14,13.99
SUB00139,02/01/26,Annual Premium,CA,Digital,CMP010,01/15/26,03/31/26,Mobile,42,MobLand,Drama,Churned,03/06/26,11.66,False,False,40279.22,40,0.14,11.67
SUB00140,02/17/26,Annual Premium,US,TV,CMP001,01/05/26,02/28/26,Roku,39,NFL,Sports,Active,,11.58,True,False,56894.89,36,0.0849999999999999,11.67
SUB00141,02/27/26,Annual Premium,AU,OOH,CMP012,01/08/26,04/30/26,Mobile,66,NFL,Sports,Active,,12.46,False,False,46356.88,40,0.12,11.67
SUB00142,02/20/26,Annual Essential,UK,Digital,CMP010,01/15/26,03/31/26,Desktop,51,Lioness,Thriller,Active,,9.57,False,False,40279.22,40,0.14,7.5
SUB00143,02/19/26,Annual Essential,US,Social,CMP016,03/01/26,04/30/26,Roku,24,The Guest,Thriller,Active,,8.5,False,False,13079.15,14,0.15,7.5
SUB00144,02/05/26,Paramount+ with Showtime,US,TV,CMP003,02/01/26,03/31/26,Smart TV,18,Sonic 3,Family,New,,11.82,False,True,41503.22,26,0.09,13.99
SUB00145,02/15/26,Essential,US,Streaming,CMP007,02/10/26,03/20/26,Smart TV,34,UFC,Sports,Reactivated,,15.04,True,False,39937.36,33,0.115,13.99
SUB00146,02/08/26,Essential,US,Radio,CMP005,03/01/26,04/30/26,Desktop,39,The Madison,Drama,Churned,03/14/26,11.96,False,False,22144.53,14,0.09,13.99
SUB00147,02/27/26,Paramount+ with Showtime,US,OOH,CMP013,02/01/26,04/15/26,Mobile,18,Mission Impossible,Action,At-Risk,,13.68,True,True,27040.0,25,0.13,13.99
SUB00148,02/18/26,Annual Premium,MX,TV,CMP001,01/05/26,02/28/26,Desktop,37,MobLand,Drama,At-Risk,,9.41,True,False,56894.89,36,0.0849999999999999,11.67
SUB00149,02/15/26,Annual Essential,US,Streaming,CMP008,01/20/26,02/28/26,Roku,19,Tulsa King,Drama,Active,,7.3,True,False,33297.18,27,0.11,7.5
SUB00150,02/20/26,Annual Premium,US,Social,CMP014,01/10/26,03/10/26,Fire TV,24,The Chi,Drama,At-Risk,,10.58,False,False,25458.31,29,0.16,11.67
SUB00151,02/26/26,Annual Essential,US,Digital,CMP011,02/15/26,04/01/26,Fire TV,37,Lioness,Thriller,New,,6.39,True,False,45566.52,49,0.15,7.5
SUB00152,02/12/26,Annual Essential,US,TV,CMP001,01/05/26,02/28/26,Fire TV,45,Lioness,Thriller,At-Risk,,6.46,True,True,56894.89,36,0.0849999999999999,7.5
SUB00153,02/06/26,Annual Essential,US,Social,CMP016,03/01/26,04/30/26,Mobile,36,NFL,Sports,At-Risk,,6.46,True,False,13079.15,14,0.15,7.5
SUB00154,02/02/26,Annual Essential,UK,TV,CMP002,01/10/26,02/15/26,Mobile,21,NFL,Sports,Active,,7.57,True,False,61748.08,36,0.08,7.5
SUB00155,02/09/26,Essential,US,OOH,CMP013,02/01/26,04/15/26,Tablet,28,Love & Hip Hop Miami,Reality,Reactivated,,13.92,False,False,27040.0,25,0.13,13.99
SUB00156,02/24/26,Annual Essential,US,OOH,CMP013,02/01/26,04/15/26,Mobile,34,UFC,Sports,Active,,8.37,False,False,27040.0,25,0.13,7.5
SUB00157,02/24/26,Annual Premium,US,Radio,CMP004,01/06/26,03/15/26,Desktop,30,Lioness,Thriller,At-Risk,,11.36,False,False,41237.74,27,0.09,11.67
SUB00158,02/10/26,Paramount+ with Showtime,UK,Radio,CMP005,03/01/26,04/30/26,Smart TV,18,RuPaul Drag Race All Stars,Reality,Active,,14.74,True,True,22144.53,14,0.09,13.99
SUB00159,02/26/26,Annual Essential,US,TV,CMP003,02/01/26,03/31/26,Tablet,61,SpongeBob,Family,Active,,8.48,False,False,41503.22,26,0.09,7.5
SUB00160,02/22/26,Essential,CA,Streaming,CMP008,01/20/26,02/28/26,Smart TV,42,Sonic 3,Family,Churned,04/23/26,13.95,False,False,33297.18,27,0.11,13.99
SUB00161,02/12/26,Essential,US,Digital,CMP010,01/15/26,03/31/26,Tablet,36,Landman,Drama,Active,,12.52,False,False,40279.22,40,0.14,13.99
SUB00162,02/06/26,Essential,US,Streaming,CMP008,01/20/26,02/28/26,Desktop,40,Elsbeth,Procedural,Active,,12.27,True,True,33297.18,27,0.11,13.99
SUB00163,02/23/26,Paramount+ with Showtime,CA,Streaming,CMP007,02/10/26,03/20/26,Tablet,28,Mayor of Kingstown,Drama,At-Risk,,15.04,False,True,39937.36,33,0.115,13.99
SUB00164,02/22/26,Paramount+ with Showtime,US,OOH,CMP013,02/01/26,04/15/26,Desktop,50,Coldwater,Drama,Active,,15.65,False,True,27040.0,25,0.13,13.99
SUB00165,02/07/26,Essential,US,Streaming,CMP006,01/12/26,04/15/26,Roku,39,The Agency,Thriller,At-Risk,,15.39,False,False,69517.64,55,0.11,13.99
SUB00166,02/03/26,Essential,US,Streaming,CMP008,01/20/26,02/28/26,Smart TV,45,The Curse,Comedy,New,,13.91,False,False,33297.18,27,0.11,13.99
SUB00167,02/05/26,Paramount+ with Showtime,MX,TV,CMP001,01/05/26,02/28/26,Smart TV,25,Dexter,Thriller,Active,,13.07,False,True,56894.89,36,0.0849999999999999,13.99
SUB00168,02/28/26,Annual Essential,US,Digital,CMP011,02/15/26,04/01/26,Smart TV,64,The Agency,Thriller,Active,,8.33,False,False,45566.52,49,0.15,7.5
SUB00169,02/28/26,Essential,US,Radio,CMP005,03/01/26,04/30/26,Roku,28,The Offer,Drama,Active,,12.88,True,False,22144.53,14,0.09,13.99
SUB00170,02/05/26,Essential,UK,Streaming,CMP008,01/20/26,02/28/26,Roku,25,MobLand,Drama,At-Risk,,13.6,False,False,33297.18,27,0.11,13.99
SUB00171,02/09/26,Annual Essential,UK,Streaming,CMP008,01/20/26,02/28/26,Smart TV,41,The Madison,Drama,Active,,7.37,True,False,33297.18,27,0.11,7.5
SUB00172,02/26/26,Annual Essential,US,Digital,CMP009,01/01/26,04/30/26,Fire TV,25,NCIS,Procedural,New,,8.04,False,False,70866.81,75,0.1475,7.5
SUB00173,02/11/26,Paramount+ with Showtime,US,Digital,CMP009,01/01/26,04/30/26,Fire TV,45,Dexter,Thriller,Active,,14.18,False,True,70866.81,75,0.1475,13.99
SUB00174,02/18/26,Paramount+ with Showtime,MX,Digital,CMP011,02/15/26,04/01/26,Tablet,48,NFL,Sports,Reactivated,,13.02,False,True,45566.52,49,0.15,13.99
SUB00175,02/14/26,Essential,US,TV,CMP003,02/01/26,03/31/26,Roku,28,Tulsa King,Drama,Active,,12.89,True,False,41503.22,26,0.09,13.99
SUB00176,02/15/26,Annual Premium,US,Streaming,CMP008,01/20/26,02/28/26,Smart TV,18,Paw Patrol,Family,At-Risk,,11.31,False,False,33297.18,27,0.11,11.67
SUB00177,02/02/26,Paramount+ with Showtime,US,TV,CMP002,01/10/26,02/15/26,Smart TV,41,The Chi,Drama,New,,14.12,True,True,61748.08,36,0.08,13.99
SUB00178,02/05/26,Paramount+ with Showtime,AU,Digital,CMP010,01/15/26,03/31/26,Mobile,18,Dutton Ranch,Drama,New,,12.94,False,True,40279.22,40,0.14,13.99
SUB00179,02/17/26,Annual Essential,MX,Streaming,CMP007,02/10/26,03/20/26,Fire TV,28,Paw Patrol,Family,Active,,5.23,False,False,39937.36,33,0.115,7.5
SUB00180,02/18/26,Annual Essential,AU,Social,CMP015,02/05/26,04/05/26,Mobile,32,NFL,Sports,At-Risk,,7.39,False,False,22618.05,24,0.15,7.5
SUB00181,02/17/26,Annual Essential,US,Social,CMP015,02/05/26,04/05/26,Desktop,49,Landman,Drama,New,,7.62,True,False,22618.05,24,0.15,7.5
SUB00182,02/19/26,Annual Essential,US,Streaming,CMP007,02/10/26,03/20/26,Smart TV,58,Criminal Minds,Procedural,Active,,6.85,False,False,39937.36,33,0.115,7.5
SUB00183,02/19/26,Annual Premium,US,Digital,CMP010,01/15/26,03/31/26,Smart TV,46,The Madison,Drama,Active,,12.25,False,False,40279.22,40,0.14,11.67
SUB00184,02/19/26,Annual Premium,AU,Digital,CMP011,02/15/26,04/01/26,Fire TV,29,Watson,Procedural,New,,11.76,False,False,45566.52,49,0.15,11.67
SUB00185,02/19/26,Essential,US,Social,CMP014,01/10/26,03/10/26,Mobile,54,South Park,Comedy,At-Risk,,14.23,True,False,25458.31,29,0.16,13.99
SUB00186,02/28/26,Essential,US,Streaming,CMP007,02/10/26,03/20/26,Desktop,32,Mayor of Kingstown,Drama,Active,,13.58,False,False,39937.36,33,0.115,13.99
SUB00187,02/15/26,Annual Essential,MX,Social,CMP014,01/10/26,03/10/26,Roku,43,The Guest,Thriller,New,,6.42,False,False,25458.31,29,0.16,7.5
SUB00188,02/08/26,Paramount+ with Showtime,US,Digital,CMP009,01/01/26,04/30/26,Mobile,67,Watson,Procedural,At-Risk,,14.41,False,True,70866.81,75,0.1475,13.99
SUB00189,02/18/26,Paramount+ with Showtime,UK,Streaming,CMP007,02/10/26,03/20/26,Tablet,54,Boomerang,Comedy,At-Risk,,12.38,True,True,39937.36,33,0.115,13.99
SUB00190,02/25/26,Annual Premium,US,OOH,CMP013,02/01/26,04/15/26,Smart TV,23,South Park,Comedy,At-Risk,,10.99,False,False,27040.0,25,0.13,11.67
SUB00191,02/16/26,Paramount+ with Showtime,US,Digital,CMP011,02/15/26,04/01/26,Fire TV,38,Coldwater,Drama,Active,,14.68,False,True,45566.52,49,0.15,13.99
SUB00192,02/02/26,Annual Premium,US,Social,CMP014,01/10/26,03/10/26,Mobile,34,RuPaul Drag Race All Stars,Reality,Active,,9.9,False,False,25458.31,29,0.16,11.67
SUB00193,02/18/26,Annual Essential,CA,OOH,CMP012,01/08/26,04/30/26,Fire TV,41,The Guest,Thriller,Active,,5.68,True,False,46356.88,40,0.12,7.5
SUB00194,02/21/26,Essential,CA,TV,CMP001,01/05/26,02/28/26,Desktop,54,NCIS,Procedural,At-Risk,,13.26,True,False,56894.89,36,0.0849999999999999,13.99
SUB00195,02/26/26,Annual Essential,MX,OOH,CMP013,02/01/26,04/15/26,Roku,46,The Agency,Thriller,Active,,6.68,False,True,27040.0,25,0.13,7.5
SUB00196,02/21/26,Annual Premium,UK,Streaming,CMP007,02/10/26,03/20/26,Fire TV,41,RuPaul Drag Race All Stars,Reality,Active,,11.43,False,False,39937.36,33,0.115,11.67
SUB00197,02/15/26,Paramount+ with Showtime,UK,Social,CMP016,03/01/26,04/30/26,Desktop,49,UFC,Sports,Active,,14.14,True,True,13079.15,14,0.15,13.99
SUB00198,02/27/26,Annual Essential,US,Streaming,CMP007,02/10/26,03/20/26,Tablet,31,Paw Patrol,Family,New,,7.42,True,False,39937.36,33,0.115,7.5
SUB00199,02/01/26,Paramount+ with Showtime,US,OOH,CMP012,01/08/26,04/30/26,Roku,52,The Guest,Thriller,Reactivated,,13.53,True,True,46356.88,40,0.12,13.99
SUB00200,02/02/26,Essential,MX,Streaming,CMP006,01/12/26,04/15/26,Tablet,24,Dutton Ranch,Drama,New,,12.2,True,False,69517.64,55,0.11,13.99
SUB00201,02/10/26,Paramount+ with Showtime,US,Digital,CMP011,02/15/26,04/01/26,Smart TV,48,Boston Blue,Procedural,Reactivated,,14.93,False,True,45566.52,49,0.15,13.99
SUB00202,02/25/26,Essential,UK,TV,CMP002,01/10/26,02/15/26,Roku,56,Lioness,Thriller,New,,16.56,False,False,61748.08,36,0.08,13.99
SUB00203,02/03/26,Annual Essential,US,Radio,CMP005,03/01/26,04/30/26,Mobile,27,MobLand,Drama,At-Risk,,5.7,False,False,22144.53,14,0.09,7.5
SUB00204,02/04/26,Essential,AU,Social,CMP015,02/05/26,04/05/26,Roku,58,Mission Impossible,Action,New,,14.19,True,False,22618.05,24,0.15,13.99
SUB00205,02/02/26,Annual Essential,US,Social,CMP016,03/01/26,04/30/26,Desktop,41,The Curse,Comedy,Churned,03/19/26,8.02,True,False,13079.15,14,0.15,7.5
SUB00206,02/23/26,Annual Premium,MX,TV,CMP002,01/10/26,02/15/26,Tablet,39,Mayor of Kingstown,Drama,Churned,03/09/26,9.8,False,True,61748.08,36,0.08,11.67
SUB00207,02/21/26,Essential,AU,TV,CMP003,02/01/26,03/31/26,Fire TV,44,The Agency,Thriller,Active,,13.75,False,False,41503.22,26,0.09,13.99
SUB00208,02/04/26,Paramount+ with Showtime,AU,TV,CMP002,01/10/26,02/15/26,Desktop,44,NFL,Sports,Active,,15.89,False,True,61748.08,36,0.08,13.99
SUB00209,02/18/26,Annual Essential,US,Digital,CMP011,02/15/26,04/01/26,Roku,60,The Madison,Drama,Churned,03/27/26,5.81,False,False,45566.52,49,0.15,7.5
SUB00210,02/25/26,Annual Premium,US,Streaming,CMP008,01/20/26,02/28/26,Roku,36,UFC,Sports,Active,,12.28,True,False,33297.18,27,0.11,11.67
SUB00211,02/08/26,Annual Premium,US,OOH,CMP012,01/08/26,04/30/26,Fire TV,18,Coldwater,Drama,New,,11.62,False,False,46356.88,40,0.12,11.67
SUB00212,02/19/26,Paramount+ with Showtime,US,Radio,CMP005,03/01/26,04/30/26,Fire TV,32,NCIS,Procedural,Active,,11.91,True,True,22144.53,14,0.09,13.99
SUB00213,02/19/26,Annual Essential,US,Streaming,CMP008,01/20/26,02/28/26,Roku,49,The Offer,Drama,Reactivated,,6.67,False,False,33297.18,27,0.11,7.5
SUB00214,02/11/26,Annual Premium,CA,TV,CMP003,02/01/26,03/31/26,Smart TV,19,SpongeBob,Family,New,,12.69,False,False,41503.22,26,0.09,11.67
SUB00215,02/26/26,Paramount+ with Showtime,US,Radio,CMP004,01/06/26,03/15/26,Smart TV,34,The Offer,Drama,New,,13.13,True,True,41237.74,27,0.09,13.99
SUB00216,02/03/26,Essential,US,TV,CMP003,02/01/26,03/31/26,Smart TV,34,South Park,Comedy,New,,13.12,True,False,41503.22,26,0.09,13.99
SUB00217,02/07/26,Annual Premium,US,Digital,CMP009,01/01/26,04/30/26,Roku,34,South Park,Comedy,Active,,13.53,False,False,70866.81,75,0.1475,11.67
SUB00218,02/07/26,Annual Essential,CA,Radio,CMP004,01/06/26,03/15/26,Desktop,53,Tracker,Action,Active,,6.04,True,False,41237.74,27,0.09,7.5
SUB00219,02/25/26,Essential,UK,TV,CMP002,01/10/26,02/15/26,Roku,74,Mayor of Kingstown,Drama,At-Risk,,15.1,False,False,61748.08,36,0.08,13.99
SUB00220,02/16/26,Paramount+ with Showtime,CA,Streaming,CMP008,01/20/26,02/28/26,Tablet,37,Boomerang,Comedy,Active,,13.72,False,True,33297.18,27,0.11,13.99
SUB00221,02/09/26,Paramount+ with Showtime,US,Streaming,CMP006,01/12/26,04/15/26,Desktop,29,The Offer,Drama,Active,,13.89,False,True,69517.64,55,0.11,13.99
SUB00222,02/18/26,Annual Essential,MX,Streaming,CMP007,02/10/26,03/20/26,Roku,30,The Offer,Drama,Active,,6.01,False,False,39937.36,33,0.115,7.5
SUB00223,02/06/26,Annual Essential,US,TV,CMP002,01/10/26,02/15/26,Mobile,34,Boomerang,Comedy,At-Risk,,5.44,False,False,61748.08,36,0.08,7.5
SUB00224,02/02/26,Annual Essential,US,Social,CMP016,03/01/26,04/30/26,Mobile,53,Landman,Drama,Reactivated,,6.2,False,True,13079.15,14,0.15,7.5
SUB00225,02/12/26,Paramount+ with Showtime,AU,Radio,CMP005,03/01/26,04/30/26,Fire TV,33,Dutton Ranch,Drama,At-Risk,,12.44,True,True,22144.53,14,0.09,13.99
SUB00226,02/17/26,Annual Essential,UK,TV,CMP001,01/05/26,02/28/26,Mobile,27,Dutton Ranch,Drama,New,,9.29,False,False,56894.89,36,0.0849999999999999,7.5
SUB00227,02/08/26,Annual Essential,US,Social,CMP014,01/10/26,03/10/26,Mobile,51,The Agency,Thriller,At-Risk,,8.19,True,True,25458.31,29,0.16,7.5
SUB00228,02/23/26,Paramount+ with Showtime,AU,Streaming,CMP006,01/12/26,04/15/26,Desktop,22,Criminal Minds,Procedural,Active,,14.46,False,True,69517.64,55,0.11,13.99
SUB00229,02/02/26,Annual Essential,AU,Digital,CMP010,01/15/26,03/31/26,Mobile,20,MobLand,Drama,At-Risk,,7.48,False,False,40279.22,40,0.14,7.5
SUB00230,02/07/26,Annual Essential,US,TV,CMP001,01/05/26,02/28/26,Mobile,32,RuPaul Drag Race All Stars,Reality,At-Risk,,8.07,False,False,56894.89,36,0.0849999999999999,7.5
SUB00231,02/06/26,Annual Essential,CA,Streaming,CMP006,01/12/26,04/15/26,Fire TV,32,Elsbeth,Procedural,Reactivated,,6.47,False,False,69517.64,55,0.11,7.5
SUB00232,02/06/26,Paramount+ with Showtime,UK,Social,CMP015,02/05/26,04/05/26,Roku,46,Criminal Minds,Procedural,At-Risk,,14.47,False,True,22618.05,24,0.15,13.99
SUB00233,02/17/26,Annual Essential,AU,Digital,CMP009,01/01/26,04/30/26,Smart TV,42,NFL,Sports,Active,,8.55,False,False,70866.81,75,0.1475,7.5
SUB00234,02/01/26,Paramount+ with Showtime,US,Radio,CMP005,03/01/26,04/30/26,Fire TV,35,Criminal Minds,Procedural,Active,,14.96,False,True,22144.53,14,0.09,13.99
SUB00235,02/03/26,Annual Premium,US,Radio,CMP005,03/01/26,04/30/26,Tablet,28,South Park,Comedy,New,,10.05,False,False,22144.53,14,0.09,11.67
SUB00236,02/24/26,Paramount+ with Showtime,US,OOH,CMP012,01/08/26,04/30/26,Fire TV,46,South Park,Comedy,Active,,15.64,False,True,46356.88,40,0.12,13.99
SUB00237,02/06/26,Paramount+ with Showtime,US,Streaming,CMP006,01/12/26,04/15/26,Desktop,18,Elsbeth,Procedural,Active,,13.77,True,True,69517.64,55,0.11,13.99
SUB00238,02/01/26,Annual Essential,US,OOH,CMP013,02/01/26,04/15/26,Fire TV,36,MobLand,Drama,Active,,7.9,False,False,27040.0,25,0.13,7.5
SUB00239,02/05/26,Paramount+ with Showtime,US,Social,CMP014,01/10/26,03/10/26,Roku,37,Sonic 3,Family,New,,14.4,False,True,25458.31,29,0.16,13.99
SUB00240,02/12/26,Paramount+ with Showtime,US,Radio,CMP004,01/06/26,03/15/26,Desktop,40,Boston Blue,Procedural,Active,,14.06,False,True,41237.74,27,0.09,13.99
SUB00241,02/11/26,Essential,CA,Social,CMP015,02/05/26,04/05/26,Smart TV,42,RuPaul Drag Race All Stars,Reality,Active,,11.92,True,True,22618.05,24,0.15,13.99
SUB00242,02/23/26,Paramount+ with Showtime,AU,TV,CMP003,02/01/26,03/31/26,Tablet,48,NFL,Sports,Active,,13.85,True,True,41503.22,26,0.09,13.99
SUB00243,02/11/26,Paramount+ with Showtime,UK,Streaming,CMP006,01/12/26,04/15/26,Tablet,38,Boomerang,Comedy,At-Risk,,14.11,False,True,69517.64,55,0.11,13.99
SUB00244,02/23/26,Annual Premium,US,OOH,CMP013,02/01/26,04/15/26,Smart TV,27,The Agency,Thriller,Active,,10.8,False,False,27040.0,25,0.13,11.67
SUB00245,02/23/26,Annual Premium,AU,OOH,CMP012,01/08/26,04/30/26,Desktop,43,NFL,Sports,At-Risk,,12.76,False,False,46356.88,40,0.12,11.67
SUB00246,02/14/26,Paramount+ with Showtime,US,Social,CMP016,03/01/26,04/30/26,Desktop,44,Love & Hip Hop Miami,Reality,New,,15.16,False,True,13079.15,14,0.15,13.99
SUB00247,02/12/26,Annual Premium,US,Social,CMP016,03/01/26,04/30/26,Smart TV,61,MobLand,Drama,At-Risk,,10.16,True,False,13079.15,14,0.15,11.67
SUB00248,02/04/26,Annual Essential,CA,Digital,CMP009,01/01/26,04/30/26,Mobile,20,Tracker,Action,At-Risk,,7.01,False,False,70866.81,75,0.1475,7.5
SUB00249,02/25/26,Paramount+ with Showtime,US,Social,CMP015,02/05/26,04/05/26,Mobile,45,Coldwater,Drama,New,,14.3,False,True,22618.05,24,0.15,13.99
SUB00250,02/12/26,Annual Essential,US,OOH,CMP012,01/08/26,04/30/26,Desktop,27,Dexter,Thriller,Active,,6.13,False,True,46356.88,40,0.12,7.5
SUB00251,02/11/26,Paramount+ with Showtime,US,TV,CMP002,01/10/26,02/15/26,Tablet,25,Coldwater,Drama,New,,12.86,False,True,61748.08,36,0.08,13.99
SUB00252,02/18/26,Essential,MX,OOH,CMP012,01/08/26,04/30/26,Tablet,52,Sonic 3,Family,At-Risk,,15.07,False,False,46356.88,40,0.12,13.99
SUB00253,02/24/26,Annual Essential,UK,Radio,CMP004,01/06/26,03/15/26,Desktop,44,The Agency,Thriller,At-Risk,,7.4,False,False,41237.74,27,0.09,7.5
SUB00254,02/19/26,Essential,CA,TV,CMP001,01/05/26,02/28/26,Fire TV,47,Mayor of Kingstown,Drama,At-Risk,,13.49,True,False,56894.89,36,0.0849999999999999,13.99
SUB00255,02/11/26,Annual Premium,US,Streaming,CMP008,01/20/26,02/28/26,Roku,73,Watson,Procedural,New,,13.37,False,False,33297.18,27,0.11,11.67
SUB00256,02/20/26,Annual Essential,CA,Streaming,CMP007,02/10/26,03/20/26,Tablet,28,The Agency,Thriller,Churned,04/08/26,7.59,False,False,39937.36,33,0.115,7.5
SUB00257,02/19/26,Essential,US,Streaming,CMP006,01/12/26,04/15/26,Fire TV,29,Mission Impossible,Action,Active,,14.89,False,False,69517.64,55,0.11,13.99
SUB00258,02/06/26,Essential,CA,Digital,CMP009,01/01/26,04/30/26,Mobile,30,The Agency,Thriller,Reactivated,,14.69,False,False,70866.81,75,0.1475,13.99
SUB00259,02/17/26,Paramount+ with Showtime,US,Streaming,CMP008,01/20/26,02/28/26,Fire TV,46,Paw Patrol,Family,New,,13.36,False,True,33297.18,27,0.11,13.99
SUB00260,02/10/26,Paramount+ with Showtime,US,Digital,CMP009,01/01/26,04/30/26,Desktop,34,MobLand,Drama,New,,14.62,False,True,70866.81,75,0.1475,13.99
SUB00261,02/09/26,Essential,US,TV,CMP001,01/05/26,02/28/26,Smart TV,40,Boomerang,Comedy,At-Risk,,14.31,False,True,56894.89,36,0.0849999999999999,13.99
SUB00262,02/10/26,Annual Premium,US,OOH,CMP012,01/08/26,04/30/26,Mobile,46,Mayor of Kingstown,Drama,Active,,13.0,False,True,46356.88,40,0.12,11.67
SUB00263,02/28/26,Essential,US,OOH,CMP013,02/01/26,04/15/26,Desktop,49,UFC,Sports,Churned,04/24/26,13.11,False,False,27040.0,25,0.13,13.99
SUB00264,02/11/26,Paramount+ with Showtime,CA,Radio,CMP004,01/06/26,03/15/26,Roku,18,SpongeBob,Family,Churned,04/07/26,12.59,False,True,41237.74,27,0.09,13.99
SUB00265,02/09/26,Annual Essential,UK,Social,CMP014,01/10/26,03/10/26,Mobile,41,NFL,Sports,Churned,04/01/26,5.73,False,False,25458.31,29,0.16,7.5
SUB00266,02/21/26,Annual Premium,US,Digital,CMP010,01/15/26,03/31/26,Tablet,52,Criminal Minds,Procedural,Churned,03/29/26,11.44,False,False,40279.22,40,0.14,11.67
SUB00267,02/16/26,Essential,MX,OOH,CMP013,02/01/26,04/15/26,Desktop,38,Elsbeth,Procedural,New,,13.49,False,False,27040.0,25,0.13,13.99
SUB00268,02/26/26,Essential,MX,Digital,CMP009,01/01/26,04/30/26,Fire TV,30,The Curse,Comedy,At-Risk,,12.12,False,False,70866.81,75,0.1475,13.99
SUB00269,02/26/26,Essential,US,Radio,CMP005,03/01/26,04/30/26,Desktop,31,NCIS,Procedural,Active,,13.69,True,False,22144.53,14,0.09,13.99
SUB00270,02/15/26,Annual Essential,US,OOH,CMP012,01/08/26,04/30/26,Mobile,31,The Curse,Comedy,At-Risk,,6.44,True,False,46356.88,40,0.12,7.5
SUB00271,02/03/26,Annual Premium,US,Digital,CMP010,01/15/26,03/31/26,Roku,35,Boston Blue,Procedural,Churned,03/26/26,11.31,True,False,40279.22,40,0.14,11.67
SUB00272,02/21/26,Essential,CA,Digital,CMP010,01/15/26,03/31/26,Roku,40,Boston Blue,Procedural,Active,,12.69,False,False,40279.22,40,0.14,13.99
SUB00273,02/28/26,Essential,US,OOH,CMP012,01/08/26,04/30/26,Roku,41,Coldwater,Drama,New,,13.9,True,False,46356.88,40,0.12,13.99
SUB00274,02/05/26,Essential,US,TV,CMP002,01/10/26,02/15/26,Fire TV,52,RuPaul Drag Race All Stars,Reality,At-Risk,,15.04,True,False,61748.08,36,0.08,13.99
SUB00275,02/24/26,Annual Premium,AU,Digital,CMP010,01/15/26,03/31/26,Mobile,70,Dutton Ranch,Drama,Active,,12.04,False,False,40279.22,40,0.14,11.67
SUB00276,02/19/26,Annual Essential,UK,Social,CMP014,01/10/26,03/10/26,Mobile,58,Mayor of Kingstown,Drama,Active,,7.62,True,True,25458.31,29,0.16,7.5
SUB00277,02/25/26,Paramount+ with Showtime,US,Radio,CMP005,03/01/26,04/30/26,Roku,32,MobLand,Drama,Active,,12.3,True,True,22144.53,14,0.09,13.99
SUB00278,02/02/26,Essential,AU,Streaming,CMP008,01/20/26,02/28/26,Roku,25,Love & Hip Hop Miami,Reality,New,,12.8,True,False,33297.18,27,0.11,13.99
SUB00279,02/11/26,Annual Premium,US,TV,CMP002,01/10/26,02/15/26,Fire TV,37,1923,Drama,Active,,13.24,False,False,61748.08,36,0.08,11.67
SUB00280,02/19/26,Annual Premium,CA,Streaming,CMP006,01/12/26,04/15/26,Smart TV,24,The Guest,Thriller,At-Risk,,11.27,False,False,69517.64,55,0.11,11.67
SUB00281,02/23/26,Paramount+ with Showtime,US,OOH,CMP013,02/01/26,04/15/26,Desktop,37,Love & Hip Hop Miami,Reality,New,,13.22,False,True,27040.0,25,0.13,13.99
SUB00282,02/18/26,Annual Essential,US,Radio,CMP004,01/06/26,03/15/26,Tablet,43,MobLand,Drama,Active,,8.2,False,False,41237.74,27,0.09,7.5
SUB00283,02/02/26,Annual Essential,MX,Digital,CMP009,01/01/26,04/30/26,Mobile,42,Boston Blue,Procedural,At-Risk,,5.88,False,False,70866.81,75,0.1475,7.5
SUB00284,02/01/26,Annual Premium,US,Social,CMP016,03/01/26,04/30/26,Smart TV,30,The Agency,Thriller,Active,,10.6,True,False,13079.15,14,0.15,11.67
SUB00285,02/04/26,Annual Premium,US,Digital,CMP011,02/15/26,04/01/26,Tablet,29,NFL,Sports,Active,,13.15,False,False,45566.52,49,0.15,11.67
SUB00286,02/16/26,Essential,AU,Streaming,CMP006,01/12/26,04/15/26,Smart TV,30,1923,Drama,Active,,14.52,False,False,69517.64,55,0.11,13.99
SUB00287,02/28/26,Essential,US,OOH,CMP012,01/08/26,04/30/26,Smart TV,30,UFC,Sports,At-Risk,,13.8,True,False,46356.88,40,0.12,13.99
SUB00288,02/21/26,Essential,US,TV,CMP003,02/01/26,03/31/26,Roku,18,Landman,Drama,Active,,15.69,False,False,41503.22,26,0.09,13.99
SUB00289,02/17/26,Paramount+ with Showtime,US,Digital,CMP009,01/01/26,04/30/26,Tablet,29,1923,Drama,Active,,14.2,False,True,70866.81,75,0.1475,13.99
SUB00290,02/11/26,Essential,US,Social,CMP015,02/05/26,04/05/26,Fire TV,42,1923,Drama,Reactivated,,16.11,False,False,22618.05,24,0.15,13.99
SUB00291,02/16/26,Paramount+ with Showtime,US,Streaming,CMP008,01/20/26,02/28/26,Smart TV,35,The Chi,Drama,At-Risk,,12.73,False,True,33297.18,27,0.11,13.99
SUB00292,02/27/26,Annual Essential,MX,Social,CMP016,03/01/26,04/30/26,Roku,27,Dexter,Thriller,Active,,7.09,True,False,13079.15,14,0.15,7.5
SUB00293,02/14/26,Essential,US,Digital,CMP009,01/01/26,04/30/26,Desktop,30,Boston Blue,Procedural,Churned,03/27/26,12.34,True,False,70866.81,75,0.1475,13.99
SUB00294,02/12/26,Annual Premium,US,Streaming,CMP008,01/20/26,02/28/26,Fire TV,54,The Offer,Drama,Active,,11.83,False,False,33297.18,27,0.11,11.67
SUB00295,02/22/26,Annual Essential,CA,Social,CMP015,02/05/26,04/05/26,Roku,31,Criminal Minds,Procedural,At-Risk,,7.52,True,False,22618.05,24,0.15,7.5
SUB00296,02/07/26,Essential,US,Streaming,CMP006,01/12/26,04/15/26,Desktop,63,Ghosts,Comedy,At-Risk,,13.78,True,False,69517.64,55,0.11,13.99
SUB00297,02/15/26,Annual Essential,US,OOH,CMP012,01/08/26,04/30/26,Roku,46,Ghosts,Comedy,Active,,8.68,False,False,46356.88,40,0.12,7.5
SUB00298,02/05/26,Paramount+ with Showtime,US,Radio,CMP005,03/01/26,04/30/26,Mobile,45,Landman,Drama,Active,,14.96,True,True,22144.53,14,0.09,13.99
SUB00299,02/28/26,Essential,US,Social,CMP015,02/05/26,04/05/26,Fire TV,57,Watson,Procedural,At-Risk,,14.37,False,False,22618.05,24,0.15,13.99
SUB00300,02/05/26,Annual Essential,US,TV,CMP001,01/05/26,02/28/26,Fire TV,40,NFL,Sports,Churned,02/27/26,5.43,True,True,56894.89,36,0.0849999999999999,7.5
SUB00301,02/01/26,Paramount+ with Showtime,CA,Digital,CMP009,01/01/26,04/30/26,Fire TV,43,Watson,Procedural,New,,13.88,False,True,70866.81,75,0.1475,13.99
SUB00302,02/06/26,Essential,CA,Radio,CMP004,01/06/26,03/15/26,Fire TV,55,Tracker,Action,Churned,03/24/26,12.46,True,False,41237.74,27,0.09,13.99
SUB00303,02/15/26,Annual Essential,US,TV,CMP002,01/10/26,02/15/26,Mobile,18,SpongeBob,Family,Active,,7.54,True,False,61748.08,36,0.08,7.5
SUB00304,02/09/26,Essential,CA,Radio,CMP004,01/06/26,03/15/26,Mobile,68,Dexter,Thriller,Active,,14.44,False,False,41237.74,27,0.09,13.99
SUB00305,02/12/26,Paramount+ with Showtime,CA,Social,CMP016,03/01/26,04/30/26,Roku,41,The Madison,Drama,At-Risk,,14.04,False,True,13079.15,14,0.15,13.99
SUB00306,02/01/26,Annual Premium,US,Social,CMP014,01/10/26,03/10/26,Smart TV,41,Elsbeth,Procedural,Active,,11.62,True,False,25458.31,29,0.16,11.67
SUB00307,02/08/26,Annual Essential,US,TV,CMP003,02/01/26,03/31/26,Smart TV,31,The Offer,Drama,Active,,8.54,False,True,41503.22,26,0.09,7.5
SUB00308,02/06/26,Annual Premium,UK,OOH,CMP012,01/08/26,04/30/26,Roku,23,South Park,Comedy,New,,11.39,False,False,46356.88,40,0.12,11.67
SUB00309,02/05/26,Paramount+ with Showtime,MX,Streaming,CMP008,01/20/26,02/28/26,Smart TV,54,SpongeBob,Family,Active,,12.14,False,True,33297.18,27,0.11,13.99
SUB00310,02/08/26,Essential,UK,TV,CMP003,02/01/26,03/31/26,Smart TV,43,Boomerang,Comedy,Active,,14.29,True,True,41503.22,26,0.09,13.99
SUB00311,02/02/26,Paramount+ with Showtime,US,Social,CMP015,02/05/26,04/05/26,Roku,30,Tracker,Action,Churned,02/13/26,11.76,False,True,22618.05,24,0.15,13.99
SUB00312,02/19/26,Annual Essential,US,OOH,CMP013,02/01/26,04/15/26,Smart TV,18,1923,Drama,Churned,03/07/26,5.77,False,False,27040.0,25,0.13,7.5
SUB00313,02/23/26,Paramount+ with Showtime,UK,Digital,CMP009,01/01/26,04/30/26,Desktop,23,Boomerang,Comedy,At-Risk,,14.65,False,True,70866.81,75,0.1475,13.99
SUB00314,02/05/26,Annual Essential,UK,Streaming,CMP007,02/10/26,03/20/26,Roku,30,The Agency,Thriller,At-Risk,,8.52,False,False,39937.36,33,0.115,7.5
SUB00315,02/08/26,Essential,MX,Social,CMP016,03/01/26,04/30/26,Desktop,47,Landman,Drama,Churned,03/30/26,12.72,True,False,13079.15,14,0.15,13.99
SUB00316,02/27/26,Annual Premium,US,Digital,CMP009,01/01/26,04/30/26,Fire TV,23,Ghosts,Comedy,Active,,10.23,True,False,70866.81,75,0.1475,11.67
SUB00317,02/24/26,Annual Essential,AU,TV,CMP001,01/05/26,02/28/26,Fire TV,37,The Chi,Drama,Active,,7.65,False,False,56894.89,36,0.0849999999999999,7.5
SUB00318,02/04/26,Paramount+ with Showtime,MX,Radio,CMP005,03/01/26,04/30/26,Desktop,42,South Park,Comedy,New,,13.8,False,True,22144.53,14,0.09,13.99
SUB00319,02/11/26,Annual Premium,CA,Digital,CMP009,01/01/26,04/30/26,Roku,36,1923,Drama,Active,,11.97,False,True,70866.81,75,0.1475,11.67
SUB00320,02/23/26,Essential,US,TV,CMP002,01/10/26,02/15/26,Roku,44,MobLand,Drama,At-Risk,,14.22,True,False,61748.08,36,0.08,13.99
SUB00321,02/18/26,Annual Premium,US,TV,CMP003,02/01/26,03/31/26,Roku,46,Tracker,Action,Active,,11.82,True,False,41503.22,26,0.09,11.67
SUB00322,02/05/26,Annual Essential,US,Streaming,CMP007,02/10/26,03/20/26,Tablet,47,Tulsa King,Drama,Active,,9.07,False,False,39937.36,33,0.115,7.5
SUB00323,02/10/26,Essential,US,Digital,CMP011,02/15/26,04/01/26,Mobile,28,Paw Patrol,Family,At-Risk,,13.7,True,False,45566.52,49,0.15,13.99
SUB00324,02/13/26,Paramount+ with Showtime,US,TV,CMP003,02/01/26,03/31/26,Desktop,18,Watson,Procedural,New,,12.75,True,True,41503.22,26,0.09,13.99
SUB00325,02/02/26,Annual Premium,US,TV,CMP003,02/01/26,03/31/26,Fire TV,49,The Curse,Comedy,Active,,10.99,True,False,41503.22,26,0.09,11.67
SUB00326,02/02/26,Annual Essential,US,Digital,CMP011,02/15/26,04/01/26,Tablet,18,Dexter,Thriller,Churned,03/08/26,3.99,False,False,45566.52,49,0.15,7.5
SUB00327,02/28/26,Paramount+ with Showtime,US,TV,CMP002,01/10/26,02/15/26,Smart TV,18,The Guest,Thriller,Churned,04/24/26,12.97,True,True,61748.08,36,0.08,13.99
SUB00328,02/06/26,Annual Essential,US,Social,CMP014,01/10/26,03/10/26,Mobile,43,Mission Impossible,Action,Reactivated,,7.04,True,False,25458.31,29,0.16,7.5
SUB00329,02/27/26,Annual Premium,US,TV,CMP001,01/05/26,02/28/26,Fire TV,37,Yellowjackets,Drama,Reactivated,,12.48,True,False,56894.89,36,0.0849999999999999,11.67
SUB00330,02/17/26,Paramount+ with Showtime,MX,OOH,CMP013,02/01/26,04/15/26,Fire TV,50,Criminal Minds,Procedural,Active,,12.81,False,True,27040.0,25,0.13,13.99
SUB00331,02/19/26,Annual Premium,MX,Social,CMP016,03/01/26,04/30/26,Smart TV,40,Dexter,Thriller,New,,9.31,True,False,13079.15,14,0.15,11.67
SUB00332,02/09/26,Annual Premium,US,OOH,CMP013,02/01/26,04/15/26,Smart TV,28,NCIS,Procedural,At-Risk,,11.26,False,False,27040.0,25,0.13,11.67
SUB00333,02/02/26,Paramount+ with Showtime,CA,OOH,CMP013,02/01/26,04/15/26,Roku,63,Mission Impossible,Action,Active,,13.8,False,True,27040.0,25,0.13,13.99
SUB00334,02/10/26,Annual Premium,CA,OOH,CMP013,02/01/26,04/15/26,Mobile,46,Elsbeth,Procedural,New,,12.69,False,True,27040.0,25,0.13,11.67
SUB00335,02/09/26,Paramount+ with Showtime,CA,OOH,CMP013,02/01/26,04/15/26,Roku,38,Coldwater,Drama,Active,,14.37,False,True,27040.0,25,0.13,13.99
SUB00336,02/27/26,Annual Essential,US,TV,CMP002,01/10/26,02/15/26,Roku,43,Dexter,Thriller,Churned,03/12/26,7.24,False,False,61748.08,36,0.08,7.5
SUB00337,02/27/26,Essential,US,Social,CMP014,01/10/26,03/10/26,Desktop,52,The Madison,Drama,Active,,14.95,True,False,25458.31,29,0.16,13.99
SUB00338,02/04/26,Essential,US,Streaming,CMP008,01/20/26,02/28/26,Mobile,40,Lioness,Thriller,Active,,13.79,False,False,33297.18,27,0.11,13.99
SUB00339,02/27/26,Essential,US,TV,CMP001,01/05/26,02/28/26,Roku,62,The Guest,Thriller,Reactivated,,13.94,False,False,56894.89,36,0.0849999999999999,13.99
SUB00340,02/28/26,Annual Essential,CA,Streaming,CMP006,01/12/26,04/15/26,Fire TV,31,Sonic 3,Family,Active,,7.58,False,False,69517.64,55,0.11,7.5
SUB00341,02/20/26,Essential,US,Digital,CMP009,01/01/26,04/30/26,Desktop,45,Dutton Ranch,Drama,New,,14.13,False,False,70866.81,75,0.1475,13.99
SUB00342,02/15/26,Essential,CA,Streaming,CMP007,02/10/26,03/20/26,Mobile,67,Elsbeth,Procedural,Reactivated,,14.91,False,False,39937.36,33,0.115,13.99
SUB00343,02/27/26,Paramount+ with Showtime,CA,Social,CMP016,03/01/26,04/30/26,Desktop,38,Dutton Ranch,Drama,New,,14.41,False,True,13079.15,14,0.15,13.99
SUB00344,02/11/26,Annual Essential,CA,Streaming,CMP008,01/20/26,02/28/26,Tablet,23,The Guest,Thriller,At-Risk,,5.08,True,False,33297.18,27,0.11,7.5
SUB00345,02/13/26,Paramount+ with Showtime,MX,Digital,CMP011,02/15/26,04/01/26,Tablet,43,The Chi,Drama,Active,,12.38,False,True,45566.52,49,0.15,13.99
SUB00346,02/02/26,Annual Essential,MX,Digital,CMP011,02/15/26,04/01/26,Desktop,60,Watson,Procedural,Reactivated,,4.97,False,False,45566.52,49,0.15,7.5
SUB00347,02/10/26,Annual Premium,AU,Streaming,CMP008,01/20/26,02/28/26,Mobile,41,The Guest,Thriller,At-Risk,,13.74,False,False,33297.18,27,0.11,11.67
SUB00348,02/22/26,Annual Premium,AU,Radio,CMP004,01/06/26,03/15/26,Tablet,31,NFL,Sports,Active,,12.05,False,False,41237.74,27,0.09,11.67
SUB00349,02/19/26,Annual Essential,US,Radio,CMP005,03/01/26,04/30/26,Mobile,35,Dexter,Thriller,Churned,03/19/26,7.13,False,False,22144.53,14,0.09,7.5
SUB00350,02/28/26,Essential,US,Digital,CMP009,01/01/26,04/30/26,Smart TV,18,1923,Drama,New,,15.31,False,False,70866.81,75,0.1475,13.99
SUB00351,02/05/26,Paramount+ with Showtime,US,Radio,CMP005,03/01/26,04/30/26,Roku,29,Tracker,Action,Reactivated,,14.51,False,True,22144.53,14,0.09,13.99
SUB00352,02/09/26,Annual Essential,MX,TV,CMP002,01/10/26,02/15/26,Tablet,41,The Agency,Thriller,At-Risk,,5.01,True,True,61748.08,36,0.08,7.5
SUB00353,02/13/26,Annual Essential,CA,Radio,CMP005,03/01/26,04/30/26,Desktop,37,MobLand,Drama,At-Risk,,7.51,True,False,22144.53,14,0.09,7.5
SUB00354,02/07/26,Paramount+ with Showtime,US,Social,CMP016,03/01/26,04/30/26,Roku,32,Dutton Ranch,Drama,At-Risk,,11.61,False,True,13079.15,14,0.15,13.99
SUB00355,02/06/26,Essential,MX,Radio,CMP005,03/01/26,04/30/26,Mobile,54,Boston Blue,Procedural,Churned,02/20/26,10.59,True,False,22144.53,14,0.09,13.99
SUB00356,02/05/26,Paramount+ with Showtime,US,Digital,CMP011,02/15/26,04/01/26,Smart TV,22,Tracker,Action,New,,14.75,False,True,45566.52,49,0.15,13.99
SUB00357,02/07/26,Annual Premium,US,Radio,CMP004,01/06/26,03/15/26,Roku,31,Criminal Minds,Procedural,Reactivated,,11.23,True,False,41237.74,27,0.09,11.67
SUB00358,02/20/26,Annual Essential,US,Streaming,CMP008,01/20/26,02/28/26,Mobile,44,Landman,Drama,At-Risk,,6.6,False,False,33297.18,27,0.11,7.5
SUB00359,02/09/26,Annual Premium,CA,Digital,CMP011,02/15/26,04/01/26,Fire TV,51,UFC,Sports,Active,,10.24,False,False,45566.52,49,0.15,11.67
SUB00360,02/23/26,Essential,CA,Digital,CMP011,02/15/26,04/01/26,Fire TV,32,RuPaul Drag Race All Stars,Reality,Active,,14.75,False,False,45566.52,49,0.15,13.99
SUB00361,02/07/26,Annual Premium,US,Digital,CMP011,02/15/26,04/01/26,Smart TV,33,UFC,Sports,Active,,11.4,False,False,45566.52,49,0.15,11.67
SUB00362,02/23/26,Annual Premium,UK,Streaming,CMP006,01/12/26,04/15/26,Mobile,67,Sonic 3,Family,Active,,12.6,True,False,69517.64,55,0.11,11.67
SUB00363,02/25/26,Paramount+ with Showtime,US,Digital,CMP009,01/01/26,04/30/26,Fire TV,52,Boomerang,Comedy,Churned,04/08/26,12.45,True,True,70866.81,75,0.1475,13.99
SUB00364,02/28/26,Annual Essential,UK,Digital,CMP009,01/01/26,04/30/26,Roku,35,NCIS,Procedural,New,,7.46,True,True,70866.81,75,0.1475,7.5
SUB00365,02/01/26,Paramount+ with Showtime,AU,Streaming,CMP006,01/12/26,04/15/26,Desktop,48,RuPaul Drag Race All Stars,Reality,At-Risk,,15.16,False,True,69517.64,55,0.11,13.99
SUB00366,02/06/26,Annual Essential,US,Streaming,CMP007,02/10/26,03/20/26,Desktop,36,Elsbeth,Procedural,Reactivated,,5.84,False,True,39937.36,33,0.115,7.5
SUB00367,02/04/26,Paramount+ with Showtime,US,TV,CMP001,01/05/26,02/28/26,Mobile,50,Dexter,Thriller,Churned,02/22/26,14.07,False,True,56894.89,36,0.0849999999999999,13.99
SUB00368,02/20/26,Essential,UK,Radio,CMP004,01/06/26,03/15/26,Fire TV,18,The Guest,Thriller,Active,,14.36,False,False,41237.74,27,0.09,13.99
SUB00369,02/04/26,Paramount+ with Showtime,US,Digital,CMP010,01/15/26,03/31/26,Mobile,53,NFL,Sports,Reactivated,,14.76,False,True,40279.22,40,0.14,13.99
SUB00370,02/28/26,Paramount+ with Showtime,US,Digital,CMP011,02/15/26,04/01/26,Tablet,23,The Offer,Drama,Active,,15.54,False,True,45566.52,49,0.15,13.99
SUB00371,02/05/26,Paramount+ with Showtime,MX,OOH,CMP013,02/01/26,04/15/26,Desktop,35,The Chi,Drama,At-Risk,,13.41,False,True,27040.0,25,0.13,13.99
SUB00372,02/28/26,Annual Essential,UK,OOH,CMP013,02/01/26,04/15/26,Fire TV,44,Sonic 3,Family,At-Risk,,8.49,False,False,27040.0,25,0.13,7.5
SUB00373,02/03/26,Annual Essential,US,Streaming,CMP006,01/12/26,04/15/26,Tablet,71,The Offer,Drama,Active,,8.32,False,False,69517.64,55,0.11,7.5
SUB00374,02/14/26,Annual Premium,US,TV,CMP002,01/10/26,02/15/26,Desktop,52,Boomerang,Comedy,Active,,13.27,False,True,61748.08,36,0.08,11.67
SUB00375,02/11/26,Annual Essential,AU,Social,CMP015,02/05/26,04/05/26,Smart TV,46,Love & Hip Hop Miami,Reality,At-Risk,,9.27,False,False,22618.05,24,0.15,7.5
SUB00376,02/04/26,Essential,US,TV,CMP002,01/10/26,02/15/26,Tablet,21,The Guest,Thriller,New,,13.26,False,False,61748.08,36,0.08,13.99
SUB00377,02/02/26,Annual Essential,US,Streaming,CMP006,01/12/26,04/15/26,Mobile,37,NCIS,Procedural,Reactivated,,7.97,False,False,69517.64,55,0.11,7.5
SUB00378,02/04/26,Paramount+ with Showtime,AU,Digital,CMP009,01/01/26,04/30/26,Mobile,43,Watson,Procedural,Active,,15.07,False,True,70866.81,75,0.1475,13.99
SUB00379,02/25/26,Paramount+ with Showtime,US,Radio,CMP004,01/06/26,03/15/26,Mobile,34,Dexter,Thriller,Active,,14.8,True,True,41237.74,27,0.09,13.99
SUB00380,02/18/26,Paramount+ with Showtime,CA,Social,CMP014,01/10/26,03/10/26,Roku,20,Dutton Ranch,Drama,Reactivated,,14.29,False,True,25458.31,29,0.16,13.99
SUB00381,02/22/26,Annual Premium,US,Social,CMP015,02/05/26,04/05/26,Roku,33,The Agency,Thriller,At-Risk,,11.82,False,False,22618.05,24,0.15,11.67
SUB00382,02/15/26,Annual Premium,US,TV,CMP002,01/10/26,02/15/26,Desktop,39,The Chi,Drama,Reactivated,,11.32,True,False,61748.08,36,0.08,11.67
SUB00383,02/07/26,Essential,CA,Digital,CMP011,02/15/26,04/01/26,Smart TV,22,Ghosts,Comedy,Active,,14.81,False,False,45566.52,49,0.15,13.99
SUB00384,02/23/26,Annual Essential,US,Streaming,CMP007,02/10/26,03/20/26,Mobile,26,The Agency,Thriller,Active,,5.38,False,False,39937.36,33,0.115,7.5
SUB00385,02/26/26,Paramount+ with Showtime,US,Social,CMP015,02/05/26,04/05/26,Mobile,29,NCIS,Procedural,At-Risk,,15.28,False,True,22618.05,24,0.15,13.99
SUB00386,02/22/26,Essential,US,OOH,CMP013,02/01/26,04/15/26,Mobile,52,Elsbeth,Procedural,Active,,16.27,False,False,27040.0,25,0.13,13.99
SUB00387,02/28/26,Annual Premium,CA,Streaming,CMP008,01/20/26,02/28/26,Roku,51,Landman,Drama,At-Risk,,9.42,False,False,33297.18,27,0.11,11.67
SUB00388,02/23/26,Annual Essential,US,Digital,CMP010,01/15/26,03/31/26,Smart TV,70,Love & Hip Hop Miami,Reality,Active,,6.43,False,False,40279.22,40,0.14,7.5
SUB00389,02/28/26,Annual Premium,US,Digital,CMP011,02/15/26,04/01/26,Tablet,52,Tulsa King,Drama,Reactivated,,13.02,True,False,45566.52,49,0.15,11.67
SUB00390,02/07/26,Annual Premium,AU,Digital,CMP011,02/15/26,04/01/26,Mobile,45,Lioness,Thriller,At-Risk,,12.98,False,False,45566.52,49,0.15,11.67
SUB00391,02/14/26,Annual Premium,US,Radio,CMP004,01/06/26,03/15/26,Mobile,48,The Agency,Thriller,Active,,12.11,False,True,41237.74,27,0.09,11.67
SUB00392,02/20/26,Paramount+ with Showtime,US,Streaming,CMP007,02/10/26,03/20/26,Fire TV,37,Mission Impossible,Action,Active,,13.25,True,True,39937.36,33,0.115,13.99
SUB00393,02/08/26,Annual Premium,CA,Digital,CMP011,02/15/26,04/01/26,Tablet,18,SpongeBob,Family,New,,9.82,True,False,45566.52,49,0.15,11.67
SUB00394,02/07/26,Paramount+ with Showtime,MX,Radio,CMP004,01/06/26,03/15/26,Desktop,22,Criminal Minds,Procedural,New,,13.18,True,True,41237.74,27,0.09,13.99
SUB00395,02/15/26,Paramount+ with Showtime,US,Social,CMP015,02/05/26,04/05/26,Smart TV,50,Dutton Ranch,Drama,New,,12.68,True,True,22618.05,24,0.15,13.99
SUB00396,02/13/26,Annual Essential,UK,Radio,CMP004,01/06/26,03/15/26,Fire TV,51,Ghosts,Comedy,At-Risk,,7.89,False,False,41237.74,27,0.09,7.5
SUB00397,02/07/26,Annual Essential,US,Social,CMP016,03/01/26,04/30/26,Tablet,45,Love & Hip Hop Miami,Reality,New,,7.7,False,True,13079.15,14,0.15,7.5
SUB00398,02/28/26,Essential,US,Social,CMP014,01/10/26,03/10/26,Smart TV,19,1923,Drama,Active,,13.55,True,False,25458.31,29,0.16,13.99
SUB00399,02/23/26,Annual Premium,US,Digital,CMP010,01/15/26,03/31/26,Mobile,18,1923,Drama,At-Risk,,11.57,False,False,40279.22,40,0.14,11.67
SUB00400,02/21/26,Essential,US,Streaming,CMP007,02/10/26,03/20/26,Smart TV,45,The Offer,Drama,Active,,15.51,False,False,39937.36,33,0.115,13.99
SUB00401,02/23/26,Paramount+ with Showtime,US,OOH,CMP012,01/08/26,04/30/26,Smart TV,39,1923,Drama,Active,,14.2,False,True,46356.88,40,0.12,13.99
SUB00402,02/13/26,Paramount+ with Showtime,US,Streaming,CMP007,02/10/26,03/20/26,Mobile,45,MobLand,Drama,Active,,13.79,True,True,39937.36,33,0.115,13.99
SUB00403,02/21/26,Annual Essential,US,Social,CMP015,02/05/26,04/05/26,Roku,28,Criminal Minds,Procedural,Active,,6.13,False,False,22618.05,24,0.15,7.5
SUB00404,02/02/26,Annual Essential,UK,Digital,CMP009,01/01/26,04/30/26,Mobile,62,Dutton Ranch,Drama,Active,,7.6,False,False,70866.81,75,0.1475,7.5
SUB00405,02/06/26,Annual Essential,US,OOH,CMP012,01/08/26,04/30/26,Tablet,27,SpongeBob,Family,Active,,6.86,True,False,46356.88,40,0.12,7.5
SUB00406,02/21/26,Annual Essential,US,OOH,CMP013,02/01/26,04/15/26,Roku,55,Tulsa King,Drama,At-Risk,,8.05,False,False,27040.0,25,0.13,7.5
SUB00407,02/05/26,Paramount+ with Showtime,US,OOH,CMP013,02/01/26,04/15/26,Roku,26,Boomerang,Comedy,At-Risk,,13.14,False,True,27040.0,25,0.13,13.99
SUB00408,02/19/26,Essential,US,OOH,CMP012,01/08/26,04/30/26,Roku,42,Coldwater,Drama,Active,,14.17,True,False,46356.88,40,0.12,13.99
SUB00409,02/27/26,Annual Premium,UK,Radio,CMP005,03/01/26,04/30/26,Fire TV,35,The Offer,Drama,Active,,12.19,False,False,22144.53,14,0.09,11.67
SUB00410,02/20/26,Annual Essential,US,TV,CMP003,02/01/26,03/31/26,Desktop,35,Boston Blue,Procedural,Active,,9.74,False,True,41503.22,26,0.09,7.5
SUB00411,02/28/26,Paramount+ with Showtime,AU,Social,CMP014,01/10/26,03/10/26,Roku,30,1923,Drama,Active,,13.93,False,True,25458.31,29,0.16,13.99
SUB00412,02/16/26,Essential,CA,TV,CMP003,02/01/26,03/31/26,Smart TV,74,Landman,Drama,Active,,15.73,False,False,41503.22,26,0.09,13.99
SUB00413,02/12/26,Essential,US,Social,CMP015,02/05/26,04/05/26,Mobile,61,NFL,Sports,Churned,03/26/26,13.71,False,False,22618.05,24,0.15,13.99
SUB00414,02/19/26,Essential,UK,Social,CMP016,03/01/26,04/30/26,Mobile,60,Love & Hip Hop Miami,Reality,Active,,14.13,True,False,13079.15,14,0.15,13.99
SUB00415,02/02/26,Annual Premium,MX,TV,CMP001,01/05/26,02/28/26,Tablet,29,Boomerang,Comedy,Active,,8.95,True,False,56894.89,36,0.0849999999999999,11.67
SUB00416,02/11/26,Paramount+ with Showtime,MX,TV,CMP003,02/01/26,03/31/26,Desktop,20,Landman,Drama,Churned,02/27/26,9.98,True,True,41503.22,26,0.09,13.99
SUB00417,02/12/26,Paramount+ with Showtime,AU,Digital,CMP010,01/15/26,03/31/26,Tablet,41,The Agency,Thriller,New,,14.44,False,True,40279.22,40,0.14,13.99
SUB00418,02/16/26,Annual Premium,US,Streaming,CMP007,02/10/26,03/20/26,Desktop,49,The Offer,Drama,Reactivated,,12.01,False,False,39937.36,33,0.115,11.67
SUB00419,02/06/26,Annual Premium,US,Radio,CMP004,01/06/26,03/15/26,Desktop,55,1923,Drama,Active,,13.39,False,False,41237.74,27,0.09,11.67
SUB00420,02/16/26,Annual Essential,AU,Digital,CMP010,01/15/26,03/31/26,Roku,43,Tracker,Action,Active,,7.76,False,False,40279.22,40,0.14,7.5
SUB00421,02/02/26,Essential,AU,OOH,CMP012,01/08/26,04/30/26,Roku,45,Sonic 3,Family,Active,,14.44,True,False,46356.88,40,0.12,13.99
SUB00422,02/03/26,Annual Premium,US,TV,CMP002,01/10/26,02/15/26,Smart TV,25,The Madison,Drama,Reactivated,,10.38,False,False,61748.08,36,0.08,11.67
SUB00423,02/20/26,Annual Essential,US,TV,CMP001,01/05/26,02/28/26,Roku,36,Dexter,Thriller,Active,,6.82,False,False,56894.89,36,0.0849999999999999,7.5
SUB00424,02/05/26,Paramount+ with Showtime,MX,Streaming,CMP007,02/10/26,03/20/26,Desktop,55,1923,Drama,New,,13.11,True,True,39937.36,33,0.115,13.99
SUB00425,02/20/26,Essential,AU,Social,CMP016,03/01/26,04/30/26,Mobile,22,Mission Impossible,Action,Active,,15.14,False,False,13079.15,14,0.15,13.99
SUB00426,02/25/26,Annual Premium,US,OOH,CMP012,01/08/26,04/30/26,Fire TV,39,NFL,Sports,New,,12.43,False,False,46356.88,40,0.12,11.67
SUB00427,02/26/26,Paramount+ with Showtime,US,OOH,CMP013,02/01/26,04/15/26,Mobile,40,The Offer,Drama,New,,14.24,False,True,27040.0,25,0.13,13.99
SUB00428,02/28/26,Paramount+ with Showtime,AU,Digital,CMP009,01/01/26,04/30/26,Smart TV,35,NFL,Sports,Active,,14.77,True,True,70866.81,75,0.1475,13.99
SUB00429,02/13/26,Annual Essential,US,Streaming,CMP006,01/12/26,04/15/26,Roku,26,Dutton Ranch,Drama,Active,,5.61,False,True,69517.64,55,0.11,7.5
SUB00430,02/12/26,Annual Essential,US,Streaming,CMP008,01/20/26,02/28/26,Fire TV,45,Watson,Procedural,Active,,5.15,True,False,33297.18,27,0.11,7.5
SUB00431,02/09/26,Annual Premium,US,Radio,CMP005,03/01/26,04/30/26,Desktop,43,The Guest,Thriller,New,,11.63,True,False,22144.53,14,0.09,11.67
SUB00432,02/06/26,Annual Essential,MX,TV,CMP003,02/01/26,03/31/26,Mobile,49,UFC,Sports,Active,,6.24,False,False,41503.22,26,0.09,7.5
SUB00433,02/01/26,Paramount+ with Showtime,MX,Social,CMP016,03/01/26,04/30/26,Smart TV,50,Tulsa King,Drama,At-Risk,,12.52,True,True,13079.15,14,0.15,13.99
SUB00434,02/24/26,Annual Premium,US,Social,CMP014,01/10/26,03/10/26,Desktop,42,Watson,Procedural,Active,,12.17,True,True,25458.31,29,0.16,11.67
SUB00435,02/16/26,Annual Premium,CA,Social,CMP016,03/01/26,04/30/26,Tablet,35,Tulsa King,Drama,At-Risk,,11.84,False,False,13079.15,14,0.15,11.67
SUB00436,02/22/26,Essential,CA,Social,CMP014,01/10/26,03/10/26,Tablet,25,Love & Hip Hop Miami,Reality,Active,,13.64,False,False,25458.31,29,0.16,13.99
SUB00437,02/17/26,Essential,US,Radio,CMP004,01/06/26,03/15/26,Fire TV,53,Criminal Minds,Procedural,Reactivated,,14.41,False,False,41237.74,27,0.09,13.99
SUB00438,02/20/26,Annual Essential,UK,Social,CMP014,01/10/26,03/10/26,Tablet,49,SpongeBob,Family,At-Risk,,8.43,True,False,25458.31,29,0.16,7.5
SUB00439,02/17/26,Paramount+ with Showtime,US,OOH,CMP012,01/08/26,04/30/26,Tablet,38,Love & Hip Hop Miami,Reality,Active,,12.48,True,True,46356.88,40,0.12,13.99
SUB00440,02/16/26,Annual Premium,AU,Streaming,CMP008,01/20/26,02/28/26,Smart TV,33,Watson,Procedural,Churned,04/16/26,10.49,False,False,33297.18,27,0.11,11.67
SUB00441,02/03/26,Paramount+ with Showtime,MX,Digital,CMP010,01/15/26,03/31/26,Desktop,38,The Madison,Drama,Churned,03/09/26,11.46,False,True,40279.22,40,0.14,13.99
SUB00442,02/08/26,Annual Premium,CA,Radio,CMP005,03/01/26,04/30/26,Tablet,44,SpongeBob,Family,Active,,9.84,False,True,22144.53,14,0.09,11.67
SUB00443,02/07/26,Paramount+ with Showtime,MX,Streaming,CMP007,02/10/26,03/20/26,Fire TV,24,The Agency,Thriller,New,,11.32,False,True,39937.36,33,0.115,13.99
SUB00444,02/28/26,Paramount+ with Showtime,UK,Digital,CMP009,01/01/26,04/30/26,Roku,46,Paw Patrol,Family,New,,15.49,True,True,70866.81,75,0.1475,13.99
SUB00445,02/16/26,Essential,AU,Social,CMP016,03/01/26,04/30/26,Tablet,35,RuPaul Drag Race All Stars,Reality,Active,,14.16,True,True,13079.15,14,0.15,13.99
SUB00446,02/16/26,Annual Essential,US,OOH,CMP013,02/01/26,04/15/26,Desktop,33,Ghosts,Comedy,Active,,7.21,False,False,27040.0,25,0.13,7.5
SUB00447,02/18/26,Annual Essential,US,TV,CMP002,01/10/26,02/15/26,Roku,32,NFL,Sports,At-Risk,,7.23,True,False,61748.08,36,0.08,7.5
SUB00448,02/01/26,Paramount+ with Showtime,AU,Radio,CMP004,01/06/26,03/15/26,Desktop,38,The Curse,Comedy,Reactivated,,14.98,True,True,41237.74,27,0.09,13.99
SUB00449,02/09/26,Paramount+ with Showtime,US,Streaming,CMP006,01/12/26,04/15/26,Smart TV,51,The Agency,Thriller,Churned,03/21/26,10.61,False,True,69517.64,55,0.11,13.99
SUB00450,02/09/26,Paramount+ with Showtime,US,TV,CMP002,01/10/26,02/15/26,Roku,51,Lioness,Thriller,Active,,13.92,False,True,61748.08,36,0.08,13.99
SUB00451,02/07/26,Annual Essential,UK,Digital,CMP010,01/15/26,03/31/26,Roku,21,Elsbeth,Procedural,Churned,02/26/26,6.8,False,False,40279.22,40,0.14,7.5
SUB00452,02/26/26,Annual Essential,US,OOH,CMP013,02/01/26,04/15/26,Roku,48,NFL,Sports,Active,,5.38,False,False,27040.0,25,0.13,7.5
SUB00453,02/16/26,Paramount+ with Showtime,AU,OOH,CMP013,02/01/26,04/15/26,Desktop,30,Sonic 3,Family,Active,,12.45,True,True,27040.0,25,0.13,13.99
SUB00454,02/28/26,Essential,MX,Streaming,CMP007,02/10/26,03/20/26,Tablet,40,Watson,Procedural,Active,,12.69,True,False,39937.36,33,0.115,13.99
SUB00455,02/25/26,Annual Essential,CA,Digital,CMP010,01/15/26,03/31/26,Mobile,39,NCIS,Procedural,New,,8.29,False,False,40279.22,40,0.14,7.5
SUB00456,02/14/26,Annual Premium,US,Streaming,CMP007,02/10/26,03/20/26,Desktop,35,Mission Impossible,Action,At-Risk,,10.93,False,False,39937.36,33,0.115,11.67
SUB00457,02/20/26,Annual Essential,AU,OOH,CMP013,02/01/26,04/15/26,Fire TV,31,The Offer,Drama,Active,,6.96,True,False,27040.0,25,0.13,7.5
SUB00458,02/28/26,Paramount+ with Showtime,US,Streaming,CMP006,01/12/26,04/15/26,Mobile,61,Coldwater,Drama,New,,12.82,False,True,69517.64,55,0.11,13.99
SUB00459,02/16/26,Annual Essential,CA,Digital,CMP009,01/01/26,04/30/26,Mobile,58,Mayor of Kingstown,Drama,At-Risk,,6.51,True,True,70866.81,75,0.1475,7.5
SUB00460,02/10/26,Essential,US,OOH,CMP013,02/01/26,04/15/26,Fire TV,52,Mission Impossible,Action,Active,,15.4,True,False,27040.0,25,0.13,13.99
SUB00461,02/28/26,Annual Essential,US,Radio,CMP005,03/01/26,04/30/26,Roku,47,Sonic 3,Family,New,,9.15,True,False,22144.53,14,0.09,7.5
SUB00462,02/21/26,Annual Premium,US,Streaming,CMP008,01/20/26,02/28/26,Smart TV,29,The Agency,Thriller,Active,,12.07,False,False,33297.18,27,0.11,11.67
SUB00463,02/15/26,Paramount+ with Showtime,CA,Social,CMP014,01/10/26,03/10/26,Tablet,56,The Guest,Thriller,Churned,03/16/26,13.18,False,True,25458.31,29,0.16,13.99
SUB00464,02/18/26,Paramount+ with Showtime,US,OOH,CMP013,02/01/26,04/15/26,Smart TV,27,NFL,Sports,Churned,02/28/26,11.74,True,True,27040.0,25,0.13,13.99
SUB00465,02/18/26,Paramount+ with Showtime,MX,Streaming,CMP006,01/12/26,04/15/26,Fire TV,66,NCIS,Procedural,At-Risk,,12.75,False,True,69517.64,55,0.11,13.99
SUB00466,02/09/26,Paramount+ with Showtime,CA,TV,CMP001,01/05/26,02/28/26,Roku,40,South Park,Comedy,Active,,12.79,False,True,56894.89,36,0.0849999999999999,13.99
SUB00467,02/14/26,Annual Essential,US,Social,CMP015,02/05/26,04/05/26,Mobile,54,NCIS,Procedural,At-Risk,,6.85,False,False,22618.05,24,0.15,7.5
SUB00468,02/11/26,Essential,US,OOH,CMP012,01/08/26,04/30/26,Mobile,45,Coldwater,Drama,New,,14.57,True,False,46356.88,40,0.12,13.99
SUB00469,02/03/26,Essential,US,Radio,CMP004,01/06/26,03/15/26,Fire TV,51,NFL,Sports,Active,,12.94,False,False,41237.74,27,0.09,13.99
SUB00470,02/11/26,Paramount+ with Showtime,US,Streaming,CMP006,01/12/26,04/15/26,Desktop,59,The Curse,Comedy,Reactivated,,14.18,False,True,69517.64,55,0.11,13.99
SUB00471,02/27/26,Annual Essential,US,Streaming,CMP007,02/10/26,03/20/26,Desktop,56,The Guest,Thriller,Active,,7.91,True,False,39937.36,33,0.115,7.5
SUB00472,02/15/26,Essential,UK,Digital,CMP009,01/01/26,04/30/26,Roku,68,Coldwater,Drama,Active,,15.23,True,False,70866.81,75,0.1475,13.99
SUB00473,02/24/26,Essential,CA,Radio,CMP004,01/06/26,03/15/26,Desktop,38,Boston Blue,Procedural,Active,,15.26,False,False,41237.74,27,0.09,13.99
SUB00474,02/04/26,Paramount+ with Showtime,US,Digital,CMP009,01/01/26,04/30/26,Tablet,45,Tulsa King,Drama,Active,,15.29,False,True,70866.81,75,0.1475,13.99
SUB00475,02/19/26,Paramount+ with Showtime,US,Streaming,CMP006,01/12/26,04/15/26,Smart TV,32,The Chi,Drama,Active,,12.48,True,True,69517.64,55,0.11,13.99
SUB00476,02/11/26,Paramount+ with Showtime,CA,Streaming,CMP008,01/20/26,02/28/26,Fire TV,18,Boomerang,Comedy,Active,,12.29,True,True,33297.18,27,0.11,13.99
SUB00477,02/26/26,Annual Premium,CA,OOH,CMP013,02/01/26,04/15/26,Tablet,34,RuPaul Drag Race All Stars,Reality,At-Risk,,11.19,True,False,27040.0,25,0.13,11.67
SUB00478,02/18/26,Annual Essential,US,TV,CMP002,01/10/26,02/15/26,Tablet,49,Watson,Procedural,At-Risk,,7.42,False,False,61748.08,36,0.08,7.5
SUB00479,02/03/26,Annual Essential,US,Radio,CMP004,01/06/26,03/15/26,Smart TV,35,The Curse,Comedy,Active,,6.92,True,False,41237.74,27,0.09,7.5
SUB00480,02/01/26,Paramount+ with Showtime,AU,Social,CMP014,01/10/26,03/10/26,Tablet,60,Love & Hip Hop Miami,Reality,New,,15.41,False,True,25458.31,29,0.16,13.99
SUB00481,02/16/26,Paramount+ with Showtime,CA,Streaming,CMP008,01/20/26,02/28/26,Mobile,47,South Park,Comedy,Active,,13.82,True,True,33297.18,27,0.11,13.99
SUB00482,02/06/26,Essential,US,TV,CMP001,01/05/26,02/28/26,Mobile,19,RuPaul Drag Race All Stars,Reality,Active,,13.33,False,True,56894.89,36,0.0849999999999999,13.99
SUB00483,02/02/26,Essential,US,OOH,CMP013,02/01/26,04/15/26,Fire TV,30,South Park,Comedy,New,,15.23,False,False,27040.0,25,0.13,13.99
SUB00484,02/18/26,Annual Essential,US,Radio,CMP005,03/01/26,04/30/26,Mobile,38,MobLand,Drama,New,,9.23,False,False,22144.53,14,0.09,7.5
SUB00485,02/03/26,Annual Premium,AU,Digital,CMP010,01/15/26,03/31/26,Fire TV,41,Elsbeth,Procedural,Churned,02/26/26,11.62,False,False,40279.22,40,0.14,11.67
SUB00486,02/24/26,Essential,MX,Social,CMP016,03/01/26,04/30/26,Desktop,18,The Chi,Drama,Active,,12.8,False,False,13079.15,14,0.15,13.99
SUB00487,02/18/26,Annual Essential,MX,Social,CMP014,01/10/26,03/10/26,Tablet,56,Yellowjackets,Drama,At-Risk,,6.4,False,False,25458.31,29,0.16,7.5
SUB00488,02/28/26,Paramount+ with Showtime,US,Social,CMP015,02/05/26,04/05/26,Desktop,20,Ghosts,Comedy,Reactivated,,13.07,False,True,22618.05,24,0.15,13.99
SUB00489,02/09/26,Annual Essential,US,Digital,CMP011,02/15/26,04/01/26,Tablet,29,Mayor of Kingstown,Drama,At-Risk,,9.11,False,False,45566.52,49,0.15,7.5
SUB00490,02/10/26,Paramount+ with Showtime,UK,OOH,CMP012,01/08/26,04/30/26,Mobile,43,NCIS,Procedural,Active,,14.83,False,True,46356.88,40,0.12,13.99
SUB00491,02/19/26,Annual Premium,US,Streaming,CMP008,01/20/26,02/28/26,Fire TV,54,Elsbeth,Procedural,At-Risk,,11.85,False,False,33297.18,27,0.11,11.67
SUB00492,02/19/26,Essential,US,Radio,CMP004,01/06/26,03/15/26,Tablet,38,The Chi,Drama,Active,,14.1,True,False,41237.74,27,0.09,13.99
SUB00493,02/19/26,Annual Premium,MX,Digital,CMP011,02/15/26,04/01/26,Tablet,36,The Agency,Thriller,At-Risk,,9.55,False,False,45566.52,49,0.15,11.67
SUB00494,02/12/26,Essential,CA,OOH,CMP013,02/01/26,04/15/26,Mobile,31,South Park,Comedy,Churned,03/21/26,11.81,True,True,27040.0,25,0.13,13.99
SUB00495,02/10/26,Annual Premium,AU,Radio,CMP004,01/06/26,03/15/26,Mobile,62,Dutton Ranch,Drama,At-Risk,,12.52,False,False,41237.74,27,0.09,11.67
SUB00496,02/13/26,Paramount+ with Showtime,CA,Streaming,CMP008,01/20/26,02/28/26,Smart TV,51,Mission Impossible,Action,At-Risk,,11.73,True,True,33297.18,27,0.11,13.99
SUB00497,02/19/26,Annual Essential,CA,OOH,CMP013,02/01/26,04/15/26,Roku,18,Criminal Minds,Procedural,Active,,6.25,True,False,27040.0,25,0.13,7.5
SUB00498,02/16/26,Annual Essential,US,TV,CMP001,01/05/26,02/28/26,Smart TV,73,NFL,Sports,Active,,8.26,False,False,56894.89,36,0.0849999999999999,7.5
SUB00499,02/19/26,Annual Essential,CA,Digital,CMP011,02/15/26,04/01/26,Smart TV,59,1923,Drama,Active,,9.27,True,False,45566.52,49,0.15,7.5
SUB00500,02/20/26,Annual Essential,US,Streaming,CMP007,02/10/26,03/20/26,Roku,54,The Madison,Drama,Active,,8.58,False,False,39937.36,33,0.115,7.5
SUB00501,02/28/26,Annual Premium,CA,TV,CMP003,02/01/26,03/31/26,Fire TV,48,The Offer,Drama,Reactivated,,10.35,True,False,41503.22,26,0.09,11.67
SUB00502,02/10/26,Annual Essential,US,Social,CMP014,01/10/26,03/10/26,Roku,37,NCIS,Procedural,Churned,03/20/26,5.5,True,False,25458.31,29,0.16,7.5
SUB00503,02/23/26,Paramount+ with Showtime,MX,Radio,CMP004,01/06/26,03/15/26,Roku,47,Watson,Procedural,New,,13.0,False,True,41237.74,27,0.09,13.99
SUB00504,02/20/26,Essential,CA,Digital,CMP011,02/15/26,04/01/26,Smart TV,58,Sonic 3,Family,Active,,13.29,True,False,45566.52,49,0.15,13.99
SUB00505,02/10/26,Paramount+ with Showtime,UK,OOH,CMP012,01/08/26,04/30/26,Desktop,27,Lioness,Thriller,At-Risk,,14.01,False,True,46356.88,40,0.12,13.99
SUB00506,02/18/26,Annual Essential,US,TV,CMP003,02/01/26,03/31/26,Smart TV,36,RuPaul Drag Race All Stars,Reality,Reactivated,,8.42,False,False,41503.22,26,0.09,7.5
SUB00507,02/13/26,Essential,UK,Social,CMP015,02/05/26,04/05/26,Mobile,23,The Chi,Drama,Active,,15.66,False,False,22618.05,24,0.15,13.99
SUB00508,02/13/26,Essential,CA,Streaming,CMP007,02/10/26,03/20/26,Mobile,46,Love & Hip Hop Miami,Reality,Active,,12.56,True,True,39937.36,33,0.115,13.99
SUB00509,02/24/26,Annual Premium,US,Social,CMP014,01/10/26,03/10/26,Tablet,32,Tracker,Action,Active,,13.59,False,False,25458.31,29,0.16,11.67
SUB00510,02/20/26,Annual Premium,CA,Digital,CMP010,01/15/26,03/31/26,Mobile,59,The Chi,Drama,Active,,10.75,False,False,40279.22,40,0.14,11.67
SUB00511,02/14/26,Annual Essential,US,Radio,CMP004,01/06/26,03/15/26,Smart TV,39,Paw Patrol,Family,New,,7.68,False,False,41237.74,27,0.09,7.5
SUB00512,02/24/26,Annual Premium,US,Social,CMP014,01/10/26,03/10/26,Roku,35,UFC,Sports,Active,,9.77,True,False,25458.31,29,0.16,11.67
SUB00513,02/04/26,Paramount+ with Showtime,UK,TV,CMP001,01/05/26,02/28/26,Tablet,45,Elsbeth,Procedural,Active,,13.01,True,True,56894.89,36,0.0849999999999999,13.99
SUB00514,02/12/26,Essential,UK,Social,CMP014,01/10/26,03/10/26,Tablet,18,The Offer,Drama,At-Risk,,15.83,False,False,25458.31,29,0.16,13.99
SUB00515,02/05/26,Annual Essential,US,Social,CMP015,02/05/26,04/05/26,Desktop,61,Lioness,Thriller,At-Risk,,6.88,True,False,22618.05,24,0.15,7.5
SUB00516,02/03/26,Essential,US,OOH,CMP012,01/08/26,04/30/26,Tablet,44,The Offer,Drama,Reactivated,,14.35,False,False,46356.88,40,0.12,13.99
SUB00517,02/20/26,Annual Premium,US,Social,CMP014,01/10/26,03/10/26,Desktop,48,The Curse,Comedy,At-Risk,,12.07,False,False,25458.31,29,0.16,11.67
SUB00518,02/15/26,Paramount+ with Showtime,US,Social,CMP015,02/05/26,04/05/26,Mobile,35,Landman,Drama,New,,13.22,False,True,22618.05,24,0.15,13.99
SUB00519,02/02/26,Essential,UK,Social,CMP016,03/01/26,04/30/26,Smart TV,34,Landman,Drama,Active,,15.36,False,False,13079.15,14,0.15,13.99
SUB00520,02/23/26,Paramount+ with Showtime,AU,Streaming,CMP006,01/12/26,04/15/26,Desktop,26,NCIS,Procedural,Active,,14.15,False,True,69517.64,55,0.11,13.99
SUB00521,02/18/26,Essential,AU,TV,CMP003,02/01/26,03/31/26,Fire TV,37,UFC,Sports,At-Risk,,11.53,True,False,41503.22,26,0.09,13.99
SUB00522,02/09/26,Paramount+ with Showtime,US,Radio,CMP004,01/06/26,03/15/26,Desktop,50,Paw Patrol,Family,New,,14.18,False,True,41237.74,27,0.09,13.99
SUB00523,02/03/26,Annual Essential,MX,Radio,CMP005,03/01/26,04/30/26,Mobile,38,MobLand,Drama,At-Risk,,4.32,True,False,22144.53,14,0.09,7.5
SUB00524,02/25/26,Paramount+ with Showtime,MX,Social,CMP014,01/10/26,03/10/26,Smart TV,30,South Park,Comedy,Reactivated,,11.51,False,True,25458.31,29,0.16,13.99
SUB00525,02/14/26,Paramount+ with Showtime,AU,Radio,CMP004,01/06/26,03/15/26,Roku,42,The Agency,Thriller,Churned,03/15/26,13.41,False,True,41237.74,27,0.09,13.99
SUB00526,02/01/26,Annual Essential,US,Digital,CMP010,01/15/26,03/31/26,Roku,37,NFL,Sports,Active,,8.43,False,True,40279.22,40,0.14,7.5
SUB00527,02/14/26,Annual Premium,US,OOH,CMP013,02/01/26,04/15/26,Smart TV,27,The Chi,Drama,Churned,03/24/26,10.01,True,False,27040.0,25,0.13,11.67
SUB00528,02/12/26,Annual Essential,US,Social,CMP016,03/01/26,04/30/26,Tablet,54,Mayor of Kingstown,Drama,At-Risk,,7.29,True,False,13079.15,14,0.15,7.5
SUB00529,02/06/26,Annual Premium,CA,Social,CMP014,01/10/26,03/10/26,Tablet,44,MobLand,Drama,Active,,11.37,True,False,25458.31,29,0.16,11.67
SUB00530,02/02/26,Annual Essential,CA,Social,CMP015,02/05/26,04/05/26,Smart TV,32,The Agency,Thriller,At-Risk,,7.21,False,False,22618.05,24,0.15,7.5
SUB00531,02/04/26,Paramount+ with Showtime,US,TV,CMP001,01/05/26,02/28/26,Fire TV,22,1923,Drama,At-Risk,,13.34,True,True,56894.89,36,0.0849999999999999,13.99
SUB00532,02/21/26,Paramount+ with Showtime,US,Social,CMP016,03/01/26,04/30/26,Roku,50,Tulsa King,Drama,At-Risk,,12.55,True,True,13079.15,14,0.15,13.99
SUB00533,02/12/26,Essential,MX,Social,CMP016,03/01/26,04/30/26,Mobile,46,Ghosts,Comedy,Active,,12.52,True,False,13079.15,14,0.15,13.99
SUB00534,02/07/26,Annual Essential,US,Digital,CMP010,01/15/26,03/31/26,Mobile,27,The Agency,Thriller,New,,8.69,False,False,40279.22,40,0.14,7.5
SUB00535,02/01/26,Essential,CA,OOH,CMP012,01/08/26,04/30/26,Mobile,28,Dexter,Thriller,Churned,03/23/26,11.93,False,False,46356.88,40,0.12,13.99
SUB00536,02/22/26,Paramount+ with Showtime,MX,Streaming,CMP006,01/12/26,04/15/26,Tablet,24,Ghosts,Comedy,New,,13.91,False,True,69517.64,55,0.11,13.99
SUB00537,02/16/26,Paramount+ with Showtime,CA,OOH,CMP013,02/01/26,04/15/26,Roku,42,Tracker,Action,Active,,13.6,False,True,27040.0,25,0.13,13.99
SUB00538,02/02/26,Annual Essential,US,Digital,CMP011,02/15/26,04/01/26,Desktop,18,Tracker,Action,Churned,03/17/26,6.21,False,False,45566.52,49,0.15,7.5
SUB00539,02/03/26,Annual Essential,US,Social,CMP015,02/05/26,04/05/26,Fire TV,35,Tracker,Action,Active,,8.12,False,False,22618.05,24,0.15,7.5
SUB00540,02/06/26,Paramount+ with Showtime,US,TV,CMP002,01/10/26,02/15/26,Mobile,27,Sonic 3,Family,New,,14.95,False,True,61748.08,36,0.08,13.99
SUB00541,02/12/26,Annual Premium,MX,Digital,CMP009,01/01/26,04/30/26,Tablet,39,Elsbeth,Procedural,At-Risk,,10.94,False,False,70866.81,75,0.1475,11.67
SUB00542,02/17/26,Annual Premium,US,Streaming,CMP007,02/10/26,03/20/26,Roku,28,Landman,Drama,Active,,12.89,False,False,39937.36,33,0.115,11.67
SUB00543,02/25/26,Paramount+ with Showtime,US,Radio,CMP004,01/06/26,03/15/26,Tablet,31,Boston Blue,Procedural,Reactivated,,14.29,False,True,41237.74,27,0.09,13.99
SUB00544,02/04/26,Annual Premium,UK,Digital,CMP011,02/15/26,04/01/26,Roku,49,Landman,Drama,Active,,11.7,False,False,45566.52,49,0.15,11.67
SUB00545,02/10/26,Annual Premium,CA,Social,CMP016,03/01/26,04/30/26,Fire TV,28,Landman,Drama,Active,,10.73,True,False,13079.15,14,0.15,11.67
SUB00546,02/22/26,Annual Essential,CA,Radio,CMP005,03/01/26,04/30/26,Tablet,32,NCIS,Procedural,Active,,6.99,True,False,22144.53,14,0.09,7.5
SUB00547,02/09/26,Essential,US,OOH,CMP013,02/01/26,04/15/26,Smart TV,66,RuPaul Drag Race All Stars,Reality,New,,13.92,True,False,27040.0,25,0.13,13.99
SUB00548,02/16/26,Annual Essential,US,Radio,CMP004,01/06/26,03/15/26,Roku,57,Tracker,Action,Active,,8.33,False,True,41237.74,27,0.09,7.5
SUB00549,02/23/26,Essential,US,OOH,CMP012,01/08/26,04/30/26,Desktop,23,Coldwater,Drama,Active,,13.81,False,False,46356.88,40,0.12,13.99
SUB00550,02/23/26,Annual Premium,US,TV,CMP003,02/01/26,03/31/26,Smart TV,51,The Curse,Comedy,Active,,14.03,True,False,41503.22,26,0.09,11.67
SUB00551,02/26/26,Paramount+ with Showtime,UK,Radio,CMP005,03/01/26,04/30/26,Smart TV,46,Lioness,Thriller,Active,,14.88,False,True,22144.53,14,0.09,13.99
SUB00552,02/10/26,Paramount+ with Showtime,US,OOH,CMP012,01/08/26,04/30/26,Desktop,33,The Guest,Thriller,Active,,13.85,False,True,46356.88,40,0.12,13.99
SUB00553,02/18/26,Annual Essential,US,OOH,CMP013,02/01/26,04/15/26,Desktop,40,RuPaul Drag Race All Stars,Reality,Churned,03/29/26,5.28,True,False,27040.0,25,0.13,7.5
SUB00554,02/27/26,Paramount+ with Showtime,CA,Social,CMP014,01/10/26,03/10/26,Roku,53,South Park,Comedy,Reactivated,,13.66,True,True,25458.31,29,0.16,13.99
SUB00555,02/03/26,Paramount+ with Showtime,UK,Social,CMP016,03/01/26,04/30/26,Tablet,18,The Chi,Drama,New,,14.82,True,True,13079.15,14,0.15,13.99
SUB00556,02/10/26,Annual Essential,AU,OOH,CMP012,01/08/26,04/30/26,Smart TV,37,Ghosts,Comedy,New,,7.23,False,False,46356.88,40,0.12,7.5
SUB00557,02/25/26,Essential,US,Social,CMP016,03/01/26,04/30/26,Desktop,49,Tulsa King,Drama,Active,,13.67,True,False,13079.15,14,0.15,13.99
SUB00558,02/22/26,Essential,US,Radio,CMP004,01/06/26,03/15/26,Desktop,32,South Park,Comedy,New,,13.16,False,False,41237.74,27,0.09,13.99
SUB00559,02/03/26,Paramount+ with Showtime,MX,Digital,CMP010,01/15/26,03/31/26,Tablet,60,Yellowjackets,Drama,Churned,03/22/26,12.82,False,True,40279.22,40,0.14,13.99
SUB00560,02/04/26,Annual Premium,US,Radio,CMP005,03/01/26,04/30/26,Tablet,59,Tulsa King,Drama,Active,,11.4,True,False,22144.53,14,0.09,11.67
SUB00561,02/18/26,Annual Premium,US,Digital,CMP010,01/15/26,03/31/26,Smart TV,43,Ghosts,Comedy,Active,,11.07,False,False,40279.22,40,0.14,11.67
SUB00562,02/05/26,Essential,US,Social,CMP016,03/01/26,04/30/26,Desktop,42,Lioness,Thriller,Churned,02/23/26,13.89,False,False,13079.15,14,0.15,13.99
SUB00563,02/28/26,Annual Essential,US,TV,CMP002,01/10/26,02/15/26,Mobile,31,NFL,Sports,Active,,7.33,True,False,61748.08,36,0.08,7.5
SUB00564,02/12/26,Annual Premium,CA,TV,CMP002,01/10/26,02/15/26,Smart TV,34,Love & Hip Hop Miami,Reality,Active,,11.12,False,False,61748.08,36,0.08,11.67
SUB00565,02/19/26,Paramount+ with Showtime,US,TV,CMP003,02/01/26,03/31/26,Mobile,50,Love & Hip Hop Miami,Reality,Active,,13.72,True,True,41503.22,26,0.09,13.99
SUB00566,02/24/26,Annual Premium,CA,Digital,CMP011,02/15/26,04/01/26,Tablet,65,The Guest,Thriller,Active,,11.16,False,True,45566.52,49,0.15,11.67
SUB00567,02/22/26,Annual Premium,MX,Streaming,CMP008,01/20/26,02/28/26,Desktop,45,MobLand,Drama,New,,10.27,True,False,33297.18,27,0.11,11.67
SUB00568,02/17/26,Annual Essential,MX,Streaming,CMP007,02/10/26,03/20/26,Smart TV,44,Tracker,Action,Active,,7.34,False,True,39937.36,33,0.115,7.5
SUB00569,02/24/26,Annual Essential,US,Streaming,CMP007,02/10/26,03/20/26,Tablet,43,Landman,Drama,Active,,8.3,False,False,39937.36,33,0.115,7.5
SUB00570,02/01/26,Paramount+ with Showtime,CA,Social,CMP016,03/01/26,04/30/26,Roku,64,NCIS,Procedural,New,,13.33,False,True,13079.15,14,0.15,13.99
SUB00571,02/04/26,Essential,US,Streaming,CMP008,01/20/26,02/28/26,Tablet,53,Elsbeth,Procedural,Active,,11.89,True,False,33297.18,27,0.11,13.99
SUB00572,02/06/26,Annual Premium,MX,Digital,CMP010,01/15/26,03/31/26,Desktop,49,The Agency,Thriller,Active,,9.82,True,False,40279.22,40,0.14,11.67
SUB00573,02/25/26,Annual Premium,US,OOH,CMP013,02/01/26,04/15/26,Roku,42,Mission Impossible,Action,New,,12.55,False,False,27040.0,25,0.13,11.67
SUB00574,02/02/26,Annual Essential,MX,Radio,CMP004,01/06/26,03/15/26,Roku,31,SpongeBob,Family,New,,5.39,True,False,41237.74,27,0.09,7.5
SUB00575,02/17/26,Paramount+ with Showtime,US,Digital,CMP009,01/01/26,04/30/26,Smart TV,48,South Park,Comedy,Active,,13.55,False,True,70866.81,75,0.1475,13.99
SUB00576,02/28/26,Essential,UK,TV,CMP002,01/10/26,02/15/26,Desktop,53,Landman,Drama,At-Risk,,14.91,True,False,61748.08,36,0.08,13.99
SUB00577,02/25/26,Annual Premium,AU,Streaming,CMP007,02/10/26,03/20/26,Tablet,43,RuPaul Drag Race All Stars,Reality,Active,,11.64,True,False,39937.36,33,0.115,11.67
SUB00578,02/27/26,Essential,CA,Radio,CMP004,01/06/26,03/15/26,Smart TV,33,The Agency,Thriller,Active,,12.99,True,True,41237.74,27,0.09,13.99
SUB00579,02/01/26,Paramount+ with Showtime,US,Digital,CMP009,01/01/26,04/30/26,Desktop,49,NCIS,Procedural,Active,,12.6,True,True,70866.81,75,0.1475,13.99
SUB00580,02/22/26,Essential,CA,Radio,CMP005,03/01/26,04/30/26,Smart TV,23,UFC,Sports,At-Risk,,14.8,True,False,22144.53,14,0.09,13.99
SUB00581,02/21/26,Annual Essential,AU,Radio,CMP004,01/06/26,03/15/26,Fire TV,36,Watson,Procedural,At-Risk,,7.36,True,False,41237.74,27,0.09,7.5
SUB00582,02/25/26,Annual Premium,MX,Digital,CMP010,01/15/26,03/31/26,Mobile,54,Ghosts,Comedy,At-Risk,,10.13,True,False,40279.22,40,0.14,11.67
SUB00583,02/20/26,Paramount+ with Showtime,UK,Streaming,CMP006,01/12/26,04/15/26,Tablet,51,1923,Drama,Active,,14.98,False,True,69517.64,55,0.11,13.99
SUB00584,02/02/26,Annual Essential,US,Social,CMP014,01/10/26,03/10/26,Desktop,52,RuPaul Drag Race All Stars,Reality,Active,,8.06,False,False,25458.31,29,0.16,7.5
SUB00585,02/22/26,Annual Essential,US,TV,CMP001,01/05/26,02/28/26,Fire TV,28,Mission Impossible,Action,Churned,03/28/26,6.48,False,True,56894.89,36,0.0849999999999999,7.5
SUB00586,02/25/26,Annual Essential,UK,Social,CMP016,03/01/26,04/30/26,Fire TV,57,Boomerang,Comedy,New,,9.17,False,False,13079.15,14,0.15,7.5
SUB00587,02/11/26,Essential,US,TV,CMP002,01/10/26,02/15/26,Mobile,60,The Guest,Thriller,Churned,04/05/26,14.45,True,False,61748.08,36,0.08,13.99
SUB00588,02/21/26,Essential,UK,Digital,CMP010,01/15/26,03/31/26,Fire TV,48,Tracker,Action,Active,,12.76,True,False,40279.22,40,0.14,13.99
SUB00589,02/16/26,Annual Essential,UK,Digital,CMP010,01/15/26,03/31/26,Roku,34,South Park,Comedy,Active,,9.81,False,False,40279.22,40,0.14,7.5
SUB00590,02/16/26,Annual Essential,MX,Radio,CMP005,03/01/26,04/30/26,Fire TV,35,The Chi,Drama,Active,,6.62,False,True,22144.53,14,0.09,7.5
SUB00591,02/07/26,Annual Premium,US,OOH,CMP012,01/08/26,04/30/26,Fire TV,38,Tracker,Action,Active,,11.5,False,True,46356.88,40,0.12,11.67
SUB00592,02/16/26,Annual Essential,US,Digital,CMP009,01/01/26,04/30/26,Smart TV,40,The Offer,Drama,Active,,6.38,False,True,70866.81,75,0.1475,7.5
SUB00593,02/10/26,Paramount+ with Showtime,UK,OOH,CMP012,01/08/26,04/30/26,Roku,29,NFL,Sports,At-Risk,,13.51,True,True,46356.88,40,0.12,13.99
SUB00594,02/08/26,Essential,CA,Social,CMP016,03/01/26,04/30/26,Fire TV,28,RuPaul Drag Race All Stars,Reality,Churned,02/22/26,11.7,True,False,13079.15,14,0.15,13.99
SUB00595,02/18/26,Paramount+ with Showtime,AU,Digital,CMP011,02/15/26,04/01/26,Mobile,18,UFC,Sports,Active,,14.23,False,True,45566.52,49,0.15,13.99
SUB00596,02/06/26,Annual Premium,MX,OOH,CMP013,02/01/26,04/15/26,Smart TV,18,1923,Drama,Active,,8.79,True,False,27040.0,25,0.13,11.67
SUB00597,02/03/26,Annual Essential,US,Social,CMP015,02/05/26,04/05/26,Fire TV,42,South Park,Comedy,Active,,6.23,False,True,22618.05,24,0.15,7.5
SUB00598,02/23/26,Essential,US,Digital,CMP010,01/15/26,03/31/26,Smart TV,39,Dexter,Thriller,Churned,03/13/26,13.53,False,False,40279.22,40,0.14,13.99
SUB00599,02/03/26,Annual Essential,US,TV,CMP003,02/01/26,03/31/26,Roku,40,Landman,Drama,Reactivated,,7.27,False,False,41503.22,26,0.09,7.5
SUB00600,02/28/26,Annual Premium,US,OOH,CMP013,02/01/26,04/15/26,Smart TV,26,UFC,Sports,Active,,11.83,False,False,27040.0,25,0.13,11.67
SUB00601,02/28/26,Annual Essential,US,Digital,CMP011,02/15/26,04/01/26,Mobile,64,Tulsa King,Drama,Active,,6.9,True,False,45566.52,49,0.15,7.5
SUB00602,02/09/26,Paramount+ with Showtime,US,Digital,CMP010,01/15/26,03/31/26,Fire TV,18,Lioness,Thriller,Active,,11.63,True,True,40279.22,40,0.14,13.99
SUB00603,02/03/26,Annual Premium,MX,OOH,CMP012,01/08/26,04/30/26,Fire TV,41,The Agency,Thriller,At-Risk,,8.52,True,True,46356.88,40,0.12,11.67
SUB00604,02/04/26,Annual Essential,CA,Streaming,CMP006,01/12/26,04/15/26,Desktop,50,Ghosts,Comedy,Active,,7.09,True,True,69517.64,55,0.11,7.5
SUB00605,02/05/26,Paramount+ with Showtime,US,Radio,CMP005,03/01/26,04/30/26,Fire TV,60,Boomerang,Comedy,New,,13.87,True,True,22144.53,14,0.09,13.99
SUB00606,02/11/26,Annual Essential,US,Streaming,CMP006,01/12/26,04/15/26,Roku,25,Paw Patrol,Family,New,,6.48,False,False,69517.64,55,0.11,7.5
SUB00607,02/10/26,Annual Essential,US,Radio,CMP004,01/06/26,03/15/26,Fire TV,35,The Curse,Comedy,Churned,03/30/26,6.13,False,False,41237.74,27,0.09,7.5
SUB00608,02/28/26,Annual Premium,UK,Radio,CMP005,03/01/26,04/30/26,Smart TV,39,The Offer,Drama,Reactivated,,11.11,True,False,22144.53,14,0.09,11.67
SUB00609,02/19/26,Annual Essential,AU,Streaming,CMP006,01/12/26,04/15/26,Fire TV,40,The Chi,Drama,At-Risk,,6.47,True,False,69517.64,55,0.11,7.5
SUB00610,02/17/26,Annual Premium,AU,TV,CMP002,01/10/26,02/15/26,Fire TV,57,The Guest,Thriller,Active,,12.31,False,False,61748.08,36,0.08,11.67
SUB00611,02/07/26,Annual Premium,CA,OOH,CMP013,02/01/26,04/15/26,Desktop,47,MobLand,Drama,New,,12.55,False,True,27040.0,25,0.13,11.67
SUB00612,02/28/26,Paramount+ with Showtime,CA,OOH,CMP013,02/01/26,04/15/26,Fire TV,42,Boston Blue,Procedural,New,,13.63,True,True,27040.0,25,0.13,13.99
SUB00613,02/15/26,Annual Essential,UK,TV,CMP003,02/01/26,03/31/26,Roku,21,Criminal Minds,Procedural,Churned,04/11/26,6.08,True,False,41503.22,26,0.09,7.5
SUB00614,02/18/26,Annual Premium,US,Digital,CMP011,02/15/26,04/01/26,Tablet,35,NCIS,Procedural,New,,10.06,False,False,45566.52,49,0.15,11.67
SUB00615,02/02/26,Essential,CA,Social,CMP015,02/05/26,04/05/26,Tablet,30,Tulsa King,Drama,At-Risk,,13.88,False,False,22618.05,24,0.15,13.99
SUB00616,02/05/26,Paramount+ with Showtime,CA,Streaming,CMP006,01/12/26,04/15/26,Tablet,23,1923,Drama,Active,,13.03,False,True,69517.64,55,0.11,13.99
SUB00617,02/12/26,Essential,US,TV,CMP002,01/10/26,02/15/26,Mobile,51,Mayor of Kingstown,Drama,Reactivated,,13.82,False,False,61748.08,36,0.08,13.99
SUB00618,02/16/26,Paramount+ with Showtime,US,OOH,CMP012,01/08/26,04/30/26,Fire TV,62,Coldwater,Drama,Active,,15.15,False,True,46356.88,40,0.12,13.99
SUB00619,02/03/26,Annual Essential,US,Streaming,CMP006,01/12/26,04/15/26,Desktop,52,1923,Drama,At-Risk,,8.51,True,False,69517.64,55,0.11,7.5
SUB00620,02/17/26,Essential,UK,OOH,CMP012,01/08/26,04/30/26,Fire TV,34,UFC,Sports,Active,,14.76,False,False,46356.88,40,0.12,13.99
SUB00621,02/01/26,Essential,US,Digital,CMP011,02/15/26,04/01/26,Smart TV,36,The Guest,Thriller,Reactivated,,14.45,True,False,45566.52,49,0.15,13.99
SUB00622,02/16/26,Essential,AU,Radio,CMP005,03/01/26,04/30/26,Smart TV,18,Dexter,Thriller,At-Risk,,12.75,False,False,22144.53,14,0.09,13.99
SUB00623,02/08/26,Annual Essential,AU,TV,CMP002,01/10/26,02/15/26,Desktop,52,NFL,Sports,Active,,7.25,False,False,61748.08,36,0.08,7.5
SUB00624,02/23/26,Annual Premium,MX,OOH,CMP012,01/08/26,04/30/26,Roku,32,The Curse,Comedy,Active,,9.87,False,False,46356.88,40,0.12,11.67
SUB00625,02/19/26,Essential,US,Digital,CMP010,01/15/26,03/31/26,Mobile,33,Mission Impossible,Action,Churned,03/09/26,13.66,True,True,40279.22,40,0.14,13.99
SUB00626,02/18/26,Paramount+ with Showtime,US,Digital,CMP010,01/15/26,03/31/26,Fire TV,57,SpongeBob,Family,At-Risk,,13.65,True,True,40279.22,40,0.14,13.99
SUB00627,02/01/26,Annual Essential,US,OOH,CMP012,01/08/26,04/30/26,Desktop,18,Mission Impossible,Action,Reactivated,,8.09,False,False,46356.88,40,0.12,7.5
SUB00628,02/22/26,Annual Essential,US,Digital,CMP011,02/15/26,04/01/26,Mobile,60,NCIS,Procedural,Active,,7.26,False,False,45566.52,49,0.15,7.5
SUB00629,02/04/26,Annual Essential,UK,TV,CMP003,02/01/26,03/31/26,Tablet,37,The Guest,Thriller,At-Risk,,7.35,False,False,41503.22,26,0.09,7.5
SUB00630,02/19/26,Paramount+ with Showtime,AU,TV,CMP001,01/05/26,02/28/26,Tablet,43,Tulsa King,Drama,Active,,14.33,False,True,56894.89,36,0.0849999999999999,13.99
SUB00631,02/07/26,Annual Premium,MX,Radio,CMP005,03/01/26,04/30/26,Fire TV,45,Coldwater,Drama,Active,,10.03,False,False,22144.53,14,0.09,11.67
SUB00632,02/12/26,Annual Essential,US,OOH,CMP013,02/01/26,04/15/26,Mobile,36,Mission Impossible,Action,Active,,7.27,False,False,27040.0,25,0.13,7.5
SUB00633,02/26/26,Paramount+ with Showtime,US,TV,CMP002,01/10/26,02/15/26,Smart TV,34,Coldwater,Drama,Active,,14.83,False,True,61748.08,36,0.08,13.99
SUB00634,02/07/26,Essential,MX,TV,CMP001,01/05/26,02/28/26,Mobile,33,NFL,Sports,Churned,03/08/26,11.17,False,False,56894.89,36,0.0849999999999999,13.99
SUB00635,02/14/26,Annual Premium,UK,OOH,CMP013,02/01/26,04/15/26,Smart TV,54,MobLand,Drama,At-Risk,,11.92,True,False,27040.0,25,0.13,11.67
SUB00636,02/02/26,Paramount+ with Showtime,CA,Radio,CMP005,03/01/26,04/30/26,Roku,44,South Park,Comedy,Active,,12.17,True,True,22144.53,14,0.09,13.99
SUB00637,02/05/26,Paramount+ with Showtime,CA,TV,CMP001,01/05/26,02/28/26,Smart TV,21,The Offer,Drama,At-Risk,,14.67,True,True,56894.89,36,0.0849999999999999,13.99
SUB00638,02/21/26,Annual Premium,AU,TV,CMP003,02/01/26,03/31/26,Fire TV,69,NCIS,Procedural,At-Risk,,13.03,False,False,41503.22,26,0.09,11.67
SUB00639,02/23/26,Essential,US,OOH,CMP013,02/01/26,04/15/26,Smart TV,18,The Guest,Thriller,At-Risk,,13.05,False,False,27040.0,25,0.13,13.99
SUB00640,02/23/26,Paramount+ with Showtime,MX,OOH,CMP013,02/01/26,04/15/26,Tablet,29,Tulsa King,Drama,Active,,11.55,True,True,27040.0,25,0.13,13.99
SUB00641,02/03/26,Essential,US,TV,CMP003,02/01/26,03/31/26,Mobile,18,SpongeBob,Family,Churned,03/17/26,11.29,True,False,41503.22,26,0.09,13.99
SUB00642,02/09/26,Annual Essential,MX,Social,CMP015,02/05/26,04/05/26,Roku,41,Ghosts,Comedy,New,,5.61,False,False,22618.05,24,0.15,7.5
SUB00643,02/14/26,Annual Essential,US,Social,CMP015,02/05/26,04/05/26,Tablet,18,Dutton Ranch,Drama,Churned,03/17/26,6.6,True,False,22618.05,24,0.15,7.5
SUB00644,02/27/26,Essential,US,Social,CMP014,01/10/26,03/10/26,Roku,65,UFC,Sports,Churned,03/17/26,13.6,False,False,25458.31,29,0.16,13.99
SUB00645,02/01/26,Paramount+ with Showtime,US,Streaming,CMP007,02/10/26,03/20/26,Roku,31,Tracker,Action,Churned,03/30/26,14.7,True,True,39937.36,33,0.115,13.99
SUB00646,02/23/26,Essential,AU,Radio,CMP005,03/01/26,04/30/26,Mobile,18,NFL,Sports,Active,,14.0,True,False,22144.53,14,0.09,13.99
SUB00647,02/02/26,Essential,US,TV,CMP003,02/01/26,03/31/26,Desktop,53,RuPaul Drag Race All Stars,Reality,Active,,14.16,True,False,41503.22,26,0.09,13.99
SUB00648,02/19/26,Annual Premium,US,Streaming,CMP006,01/12/26,04/15/26,Mobile,32,RuPaul Drag Race All Stars,Reality,Active,,11.46,False,False,69517.64,55,0.11,11.67
SUB00649,02/28/26,Essential,US,OOH,CMP012,01/08/26,04/30/26,Roku,46,Elsbeth,Procedural,Churned,04/11/26,13.34,False,False,46356.88,40,0.12,13.99
SUB00650,02/06/26,Annual Essential,US,OOH,CMP013,02/01/26,04/15/26,Fire TV,37,Dutton Ranch,Drama,Churned,04/05/26,6.56,False,False,27040.0,25,0.13,7.5
SUB00651,02/22/26,Annual Premium,US,Radio,CMP005,03/01/26,04/30/26,Smart TV,18,The Guest,Thriller,Churned,03/10/26,9.7,False,False,22144.53,14,0.09,11.67
SUB00652,02/04/26,Paramount+ with Showtime,US,Radio,CMP005,03/01/26,04/30/26,Smart TV,28,UFC,Sports,Active,,15.14,False,True,22144.53,14,0.09,13.99
SUB00653,02/04/26,Paramount+ with Showtime,US,Streaming,CMP007,02/10/26,03/20/26,Mobile,18,Landman,Drama,Active,,14.54,True,True,39937.36,33,0.115,13.99
SUB00654,02/07/26,Paramount+ with Showtime,MX,Digital,CMP010,01/15/26,03/31/26,Desktop,41,Dexter,Thriller,Active,,12.43,True,True,40279.22,40,0.14,13.99
SUB00655,02/22/26,Annual Premium,AU,Digital,CMP011,02/15/26,04/01/26,Tablet,45,Boomerang,Comedy,Active,,12.72,False,False,45566.52,49,0.15,11.67
SUB00656,02/07/26,Essential,US,Digital,CMP010,01/15/26,03/31/26,Smart TV,39,Sonic 3,Family,Reactivated,,13.49,True,False,40279.22,40,0.14,13.99
SUB00657,02/12/26,Annual Premium,US,TV,CMP002,01/10/26,02/15/26,Mobile,35,Elsbeth,Procedural,New,,12.48,False,False,61748.08,36,0.08,11.67
SUB00658,02/08/26,Annual Essential,US,TV,CMP002,01/10/26,02/15/26,Smart TV,18,The Curse,Comedy,Active,,7.12,True,False,61748.08,36,0.08,7.5
SUB00659,02/05/26,Essential,US,OOH,CMP013,02/01/26,04/15/26,Fire TV,37,The Madison,Drama,New,,15.07,False,False,27040.0,25,0.13,13.99
SUB00660,02/17/26,Annual Essential,MX,Digital,CMP010,01/15/26,03/31/26,Smart TV,51,The Curse,Comedy,At-Risk,,6.09,True,False,40279.22,40,0.14,7.5
SUB00661,02/13/26,Paramount+ with Showtime,AU,Social,CMP014,01/10/26,03/10/26,Fire TV,24,Landman,Drama,Reactivated,,13.36,False,True,25458.31,29,0.16,13.99
SUB00662,02/05/26,Annual Premium,US,OOH,CMP013,02/01/26,04/15/26,Fire TV,50,Boston Blue,Procedural,Active,,12.61,False,False,27040.0,25,0.13,11.67
SUB00663,02/17/26,Paramount+ with Showtime,MX,Social,CMP014,01/10/26,03/10/26,Mobile,48,The Guest,Thriller,New,,12.29,False,True,25458.31,29,0.16,13.99
SUB00664,02/19/26,Paramount+ with Showtime,CA,TV,CMP001,01/05/26,02/28/26,Smart TV,44,NCIS,Procedural,At-Risk,,14.23,True,True,56894.89,36,0.0849999999999999,13.99
SUB00665,02/14/26,Annual Premium,US,Digital,CMP010,01/15/26,03/31/26,Smart TV,54,Tracker,Action,Active,,12.49,False,False,40279.22,40,0.14,11.67
SUB00666,02/01/26,Annual Essential,US,Digital,CMP009,01/01/26,04/30/26,Tablet,52,1923,Drama,New,,7.06,False,True,70866.81,75,0.1475,7.5
SUB00667,02/01/26,Essential,CA,TV,CMP003,02/01/26,03/31/26,Smart TV,35,Dexter,Thriller,New,,12.58,True,False,41503.22,26,0.09,13.99
SUB00668,02/11/26,Paramount+ with Showtime,US,Social,CMP014,01/10/26,03/10/26,Fire TV,35,RuPaul Drag Race All Stars,Reality,Churned,03/24/26,12.5,False,True,25458.31,29,0.16,13.99
SUB00669,02/27/26,Annual Essential,US,Social,CMP014,01/10/26,03/10/26,Tablet,18,Yellowjackets,Drama,Active,,6.89,True,False,25458.31,29,0.16,7.5
SUB00670,02/28/26,Essential,US,Streaming,CMP008,01/20/26,02/28/26,Smart TV,26,The Offer,Drama,Active,,14.91,False,False,33297.18,27,0.11,13.99
SUB00671,02/17/26,Annual Essential,US,Social,CMP015,02/05/26,04/05/26,Smart TV,18,Mayor of Kingstown,Drama,New,,6.04,True,True,22618.05,24,0.15,7.5
SUB00672,02/01/26,Paramount+ with Showtime,US,Radio,CMP004,01/06/26,03/15/26,Desktop,24,Love & Hip Hop Miami,Reality,Active,,13.88,False,True,41237.74,27,0.09,13.99
SUB00673,02/18/26,Paramount+ with Showtime,US,TV,CMP003,02/01/26,03/31/26,Roku,34,The Curse,Comedy,At-Risk,,13.84,True,True,41503.22,26,0.09,13.99
SUB00674,02/24/26,Annual Premium,UK,Social,CMP014,01/10/26,03/10/26,Mobile,20,Paw Patrol,Family,At-Risk,,12.21,False,False,25458.31,29,0.16,11.67
SUB00675,02/21/26,Paramount+ with Showtime,US,Streaming,CMP007,02/10/26,03/20/26,Fire TV,57,Dexter,Thriller,At-Risk,,11.0,True,True,39937.36,33,0.115,13.99
SUB00676,02/16/26,Annual Essential,US,Radio,CMP005,03/01/26,04/30/26,Fire TV,40,The Madison,Drama,Active,,8.54,True,False,22144.53,14,0.09,7.5
SUB00677,02/22/26,Paramount+ with Showtime,CA,OOH,CMP013,02/01/26,04/15/26,Roku,40,NFL,Sports,Active,,14.02,True,True,27040.0,25,0.13,13.99
SUB00678,02/10/26,Annual Essential,US,Digital,CMP011,02/15/26,04/01/26,Desktop,24,Tulsa King,Drama,At-Risk,,7.96,False,True,45566.52,49,0.15,7.5
SUB00679,02/08/26,Annual Premium,US,Streaming,CMP006,01/12/26,04/15/26,Mobile,52,MobLand,Drama,At-Risk,,12.63,False,False,69517.64,55,0.11,11.67
SUB00680,02/04/26,Annual Essential,UK,Social,CMP016,03/01/26,04/30/26,Mobile,30,Watson,Procedural,Churned,04/04/26,5.13,False,True,13079.15,14,0.15,7.5
SUB00681,02/06/26,Paramount+ with Showtime,CA,TV,CMP001,01/05/26,02/28/26,Mobile,28,Yellowjackets,Drama,At-Risk,,12.66,True,True,56894.89,36,0.0849999999999999,13.99
SUB00682,02/11/26,Paramount+ with Showtime,US,Social,CMP014,01/10/26,03/10/26,Fire TV,40,Lioness,Thriller,New,,15.05,False,True,25458.31,29,0.16,13.99
SUB00683,02/21/26,Paramount+ with Showtime,US,Streaming,CMP006,01/12/26,04/15/26,Roku,38,Lioness,Thriller,Active,,13.84,False,True,69517.64,55,0.11,13.99
SUB00684,02/23/26,Annual Essential,AU,Digital,CMP011,02/15/26,04/01/26,Fire TV,40,The Chi,Drama,At-Risk,,6.73,True,False,45566.52,49,0.15,7.5
SUB00685,02/03/26,Annual Premium,US,Radio,CMP005,03/01/26,04/30/26,Desktop,28,Criminal Minds,Procedural,Active,,10.41,False,False,22144.53,14,0.09,11.67
SUB00686,02/27/26,Annual Essential,US,Radio,CMP004,01/06/26,03/15/26,Desktop,26,Dexter,Thriller,At-Risk,,8.19,False,False,41237.74,27,0.09,7.5
SUB00687,02/09/26,Paramount+ with Showtime,MX,Streaming,CMP008,01/20/26,02/28/26,Mobile,41,RuPaul Drag Race All Stars,Reality,Active,,13.48,False,True,33297.18,27,0.11,13.99
SUB00688,02/21/26,Paramount+ with Showtime,CA,Social,CMP016,03/01/26,04/30/26,Mobile,36,The Madison,Drama,Active,,13.78,False,True,13079.15,14,0.15,13.99
SUB00689,02/04/26,Paramount+ with Showtime,CA,OOH,CMP012,01/08/26,04/30/26,Desktop,41,Boston Blue,Procedural,Active,,11.1,True,True,46356.88,40,0.12,13.99
SUB00690,02/15/26,Paramount+ with Showtime,UK,Digital,CMP010,01/15/26,03/31/26,Roku,36,Dexter,Thriller,Churned,03/27/26,14.36,False,True,40279.22,40,0.14,13.99
SUB00691,02/13/26,Essential,US,Social,CMP015,02/05/26,04/05/26,Tablet,51,Paw Patrol,Family,At-Risk,,14.1,True,False,22618.05,24,0.15,13.99
SUB00692,02/09/26,Annual Premium,US,OOH,CMP012,01/08/26,04/30/26,Smart TV,40,The Offer,Drama,At-Risk,,11.47,False,False,46356.88,40,0.12,11.67
SUB00693,02/04/26,Essential,US,TV,CMP003,02/01/26,03/31/26,Smart TV,46,MobLand,Drama,Active,,14.32,False,False,41503.22,26,0.09,13.99
SUB00694,02/28/26,Paramount+ with Showtime,MX,TV,CMP001,01/05/26,02/28/26,Mobile,31,The Offer,Drama,New,,13.08,False,True,56894.89,36,0.0849999999999999,13.99
SUB00695,02/24/26,Paramount+ with Showtime,MX,TV,CMP002,01/10/26,02/15/26,Roku,18,Mayor of Kingstown,Drama,Active,,11.49,False,True,61748.08,36,0.08,13.99
SUB00696,02/08/26,Paramount+ with Showtime,US,Radio,CMP005,03/01/26,04/30/26,Fire TV,20,Watson,Procedural,Active,,13.16,True,True,22144.53,14,0.09,13.99
SUB00697,02/23/26,Annual Essential,US,OOH,CMP012,01/08/26,04/30/26,Desktop,31,Ghosts,Comedy,Active,,8.06,False,False,46356.88,40,0.12,7.5
SUB00698,02/16/26,Paramount+ with Showtime,CA,OOH,CMP012,01/08/26,04/30/26,Fire TV,42,Tulsa King,Drama,New,,12.47,True,True,46356.88,40,0.12,13.99
SUB00699,02/10/26,Annual Premium,UK,Social,CMP015,02/05/26,04/05/26,Mobile,52,Landman,Drama,At-Risk,,12.52,True,False,22618.05,24,0.15,11.67
SUB00700,02/15/26,Annual Essential,US,Social,CMP015,02/05/26,04/05/26,Fire TV,22,Watson,Procedural,New,,7.41,True,False,22618.05,24,0.15,7.5
SUB00701,02/28/26,Paramount+ with Showtime,US,Radio,CMP005,03/01/26,04/30/26,Tablet,43,Landman,Drama,Active,,13.29,False,True,22144.53,14,0.09,13.99
SUB00702,02/17/26,Paramount+ with Showtime,US,TV,CMP002,01/10/26,02/15/26,Tablet,53,Watson,Procedural,Churned,03/19/26,14.46,False,True,61748.08,36,0.08,13.99
SUB00703,02/06/26,Essential,MX,TV,CMP001,01/05/26,02/28/26,Roku,25,Coldwater,Drama,New,,11.75,True,False,56894.89,36,0.0849999999999999,13.99
SUB00704,02/23/26,Paramount+ with Showtime,MX,TV,CMP002,01/10/26,02/15/26,Fire TV,46,Boomerang,Comedy,Reactivated,,12.03,True,True,61748.08,36,0.08,13.99
SUB00705,02/06/26,Paramount+ with Showtime,US,Digital,CMP010,01/15/26,03/31/26,Roku,38,MobLand,Drama,Active,,14.15,True,True,40279.22,40,0.14,13.99
SUB00706,02/03/26,Annual Essential,AU,Social,CMP015,02/05/26,04/05/26,Mobile,30,Dutton Ranch,Drama,New,,6.8,False,False,22618.05,24,0.15,7.5
SUB00707,02/04/26,Paramount+ with Showtime,US,Streaming,CMP008,01/20/26,02/28/26,Fire TV,18,UFC,Sports,Active,,15.98,False,True,33297.18,27,0.11,13.99
SUB00708,02/21/26,Essential,US,Digital,CMP009,01/01/26,04/30/26,Mobile,48,Elsbeth,Procedural,New,,14.05,False,True,70866.81,75,0.1475,13.99
SUB00709,02/11/26,Paramount+ with Showtime,UK,Digital,CMP010,01/15/26,03/31/26,Smart TV,38,Tulsa King,Drama,Active,,13.56,False,True,40279.22,40,0.14,13.99
SUB00710,02/03/26,Annual Essential,US,Social,CMP015,02/05/26,04/05/26,Desktop,53,Watson,Procedural,Active,,8.13,True,False,22618.05,24,0.15,7.5
SUB00711,02/24/26,Essential,US,TV,CMP002,01/10/26,02/15/26,Tablet,44,Mission Impossible,Action,At-Risk,,14.34,True,False,61748.08,36,0.08,13.99
SUB00712,02/15/26,Paramount+ with Showtime,CA,Radio,CMP005,03/01/26,04/30/26,Tablet,46,Lioness,Thriller,At-Risk,,13.39,False,True,22144.53,14,0.09,13.99
SUB00713,02/21/26,Paramount+ with Showtime,CA,TV,CMP002,01/10/26,02/15/26,Fire TV,39,Lioness,Thriller,At-Risk,,12.98,False,True,61748.08,36,0.08,13.99
SUB00714,02/17/26,Essential,US,TV,CMP003,02/01/26,03/31/26,Mobile,18,Mission Impossible,Action,Active,,13.91,False,False,41503.22,26,0.09,13.99
SUB00715,02/27/26,Paramount+ with Showtime,US,TV,CMP002,01/10/26,02/15/26,Tablet,40,NFL,Sports,Active,,14.0,False,True,61748.08,36,0.08,13.99
SUB00716,02/14/26,Paramount+ with Showtime,CA,Social,CMP015,02/05/26,04/05/26,Fire TV,58,Love & Hip Hop Miami,Reality,Churned,03/02/26,11.45,True,True,22618.05,24,0.15,13.99
SUB00717,02/06/26,Annual Essential,AU,Streaming,CMP007,02/10/26,03/20/26,Tablet,36,Love & Hip Hop Miami,Reality,New,,6.91,True,False,39937.36,33,0.115,7.5
SUB00718,02/11/26,Annual Premium,US,TV,CMP002,01/10/26,02/15/26,Mobile,61,The Curse,Comedy,Active,,12.37,False,False,61748.08,36,0.08,11.67
SUB00719,02/01/26,Annual Premium,US,Radio,CMP004,01/06/26,03/15/26,Fire TV,20,Watson,Procedural,At-Risk,,11.11,False,True,41237.74,27,0.09,11.67
SUB00720,02/12/26,Essential,CA,TV,CMP003,02/01/26,03/31/26,Mobile,33,Boomerang,Comedy,Active,,13.96,True,False,41503.22,26,0.09,13.99
SUB00721,02/07/26,Annual Premium,CA,Streaming,CMP008,01/20/26,02/28/26,Fire TV,22,Dutton Ranch,Drama,Active,,11.26,True,False,33297.18,27,0.11,11.67
SUB00722,02/16/26,Essential,CA,Digital,CMP009,01/01/26,04/30/26,Roku,53,Paw Patrol,Family,Active,,12.9,True,False,70866.81,75,0.1475,13.99
SUB00723,02/08/26,Essential,UK,Digital,CMP011,02/15/26,04/01/26,Mobile,26,Boomerang,Comedy,Active,,13.95,False,False,45566.52,49,0.15,13.99
SUB00724,02/02/26,Annual Essential,AU,OOH,CMP013,02/01/26,04/15/26,Tablet,44,Yellowjackets,Drama,Active,,8.03,False,False,27040.0,25,0.13,7.5
SUB00725,02/17/26,Paramount+ with Showtime,CA,Social,CMP014,01/10/26,03/10/26,Mobile,33,Boomerang,Comedy,Churned,02/28/26,11.33,True,True,25458.31,29,0.16,13.99
SUB00726,02/12/26,Paramount+ with Showtime,US,Digital,CMP011,02/15/26,04/01/26,Desktop,67,UFC,Sports,Churned,03/22/26,13.3,False,True,45566.52,49,0.15,13.99
SUB00727,02/20/26,Essential,US,Radio,CMP005,03/01/26,04/30/26,Desktop,66,The Offer,Drama,Active,,14.39,False,False,22144.53,14,0.09,13.99
SUB00728,02/12/26,Annual Essential,US,Streaming,CMP008,01/20/26,02/28/26,Mobile,32,Dexter,Thriller,At-Risk,,8.77,False,False,33297.18,27,0.11,7.5
SUB00729,02/06/26,Annual Premium,AU,Social,CMP014,01/10/26,03/10/26,Roku,18,MobLand,Drama,Active,,10.68,False,False,25458.31,29,0.16,11.67
SUB00730,02/12/26,Essential,US,TV,CMP002,01/10/26,02/15/26,Tablet,34,Tulsa King,Drama,Active,,14.55,False,False,61748.08,36,0.08,13.99
SUB00731,02/18/26,Essential,AU,Social,CMP014,01/10/26,03/10/26,Fire TV,18,Tracker,Action,Churned,03/14/26,14.73,False,False,25458.31,29,0.16,13.99
SUB00732,02/23/26,Annual Premium,MX,OOH,CMP012,01/08/26,04/30/26,Smart TV,18,Mission Impossible,Action,Active,,9.45,False,False,46356.88,40,0.12,11.67
SUB00733,02/06/26,Annual Premium,MX,OOH,CMP012,01/08/26,04/30/26,Fire TV,43,RuPaul Drag Race All Stars,Reality,At-Risk,,9.82,False,True,46356.88,40,0.12,11.67
SUB00734,02/05/26,Annual Premium,UK,Radio,CMP004,01/06/26,03/15/26,Mobile,44,Coldwater,Drama,Active,,12.38,False,False,41237.74,27,0.09,11.67
SUB00735,02/11/26,Paramount+ with Showtime,US,Radio,CMP005,03/01/26,04/30/26,Desktop,48,Dutton Ranch,Drama,Reactivated,,12.73,True,True,22144.53,14,0.09,13.99
SUB00736,02/26/26,Essential,US,Digital,CMP010,01/15/26,03/31/26,Desktop,44,The Chi,Drama,Active,,14.28,True,False,40279.22,40,0.14,13.99
SUB00737,02/23/26,Annual Premium,US,TV,CMP001,01/05/26,02/28/26,Desktop,33,Lioness,Thriller,Reactivated,,10.62,False,False,56894.89,36,0.0849999999999999,11.67
SUB00738,02/22/26,Annual Premium,US,Streaming,CMP006,01/12/26,04/15/26,Desktop,46,Sonic 3,Family,Reactivated,,11.67,False,False,69517.64,55,0.11,11.67
SUB00739,02/18/26,Essential,CA,Digital,CMP011,02/15/26,04/01/26,Mobile,31,NCIS,Procedural,At-Risk,,13.38,False,False,45566.52,49,0.15,13.99
SUB00740,02/18/26,Annual Essential,US,Streaming,CMP006,01/12/26,04/15/26,Fire TV,37,Mission Impossible,Action,Churned,04/08/26,6.46,False,False,69517.64,55,0.11,7.5
SUB00741,02/24/26,Annual Essential,CA,Digital,CMP010,01/15/26,03/31/26,Desktop,32,Boston Blue,Procedural,At-Risk,,7.33,True,False,40279.22,40,0.14,7.5
SUB00742,02/06/26,Annual Premium,US,Social,CMP016,03/01/26,04/30/26,Tablet,35,Love & Hip Hop Miami,Reality,Active,,12.87,False,False,13079.15,14,0.15,11.67
SUB00743,02/24/26,Annual Premium,US,Streaming,CMP006,01/12/26,04/15/26,Roku,57,Boston Blue,Procedural,Churned,03/09/26,9.13,False,False,69517.64,55,0.11,11.67
SUB00744,02/15/26,Paramount+ with Showtime,US,OOH,CMP012,01/08/26,04/30/26,Fire TV,52,UFC,Sports,At-Risk,,14.96,False,True,46356.88,40,0.12,13.99
SUB00745,02/19/26,Essential,MX,Social,CMP016,03/01/26,04/30/26,Smart TV,18,The Offer,Drama,At-Risk,,11.39,False,False,13079.15,14,0.15,13.99
SUB00746,02/05/26,Annual Essential,US,Radio,CMP004,01/06/26,03/15/26,Fire TV,48,Paw Patrol,Family,Active,,6.94,False,False,41237.74,27,0.09,7.5
SUB00747,02/19/26,Annual Premium,US,OOH,CMP013,02/01/26,04/15/26,Desktop,32,The Guest,Thriller,Churned,04/05/26,10.23,True,True,27040.0,25,0.13,11.67
SUB00748,02/24/26,Paramount+ with Showtime,US,TV,CMP002,01/10/26,02/15/26,Mobile,46,Coldwater,Drama,Active,,13.1,False,True,61748.08,36,0.08,13.99
SUB00749,02/23/26,Annual Premium,US,Radio,CMP004,01/06/26,03/15/26,Desktop,60,NFL,Sports,At-Risk,,11.36,False,False,41237.74,27,0.09,11.67
SUB00750,02/04/26,Paramount+ with Showtime,MX,Social,CMP015,02/05/26,04/05/26,Tablet,19,UFC,Sports,Reactivated,,13.16,False,True,22618.05,24,0.15,13.99
SUB00751,02/05/26,Annual Essential,US,Radio,CMP004,01/06/26,03/15/26,Fire TV,36,Lioness,Thriller,Active,,6.04,True,False,41237.74,27,0.09,7.5
SUB00752,02/12/26,Paramount+ with Showtime,UK,Streaming,CMP008,01/20/26,02/28/26,Tablet,37,Boomerang,Comedy,Active,,14.16,True,True,33297.18,27,0.11,13.99
SUB00753,02/27/26,Essential,US,Streaming,CMP008,01/20/26,02/28/26,Smart TV,50,Tracker,Action,New,,11.91,False,False,33297.18,27,0.11,13.99
SUB00754,02/22/26,Annual Essential,US,TV,CMP003,02/01/26,03/31/26,Desktop,40,Mission Impossible,Action,At-Risk,,8.11,False,False,41503.22,26,0.09,7.5
SUB00755,02/03/26,Paramount+ with Showtime,UK,Streaming,CMP008,01/20/26,02/28/26,Smart TV,55,Coldwater,Drama,Active,,15.24,False,True,33297.18,27,0.11,13.99
SUB00756,02/18/26,Annual Essential,CA,Digital,CMP011,02/15/26,04/01/26,Tablet,54,UFC,Sports,New,,7.6,False,True,45566.52,49,0.15,7.5
SUB00757,02/01/26,Essential,CA,Radio,CMP004,01/06/26,03/15/26,Desktop,30,The Madison,Drama,New,,13.52,True,False,41237.74,27,0.09,13.99
SUB00758,02/11/26,Essential,AU,Social,CMP014,01/10/26,03/10/26,Desktop,31,Ghosts,Comedy,Active,,14.16,False,True,25458.31,29,0.16,13.99
SUB00759,02/06/26,Paramount+ with Showtime,AU,Streaming,CMP008,01/20/26,02/28/26,Desktop,22,UFC,Sports,Active,,14.54,False,True,33297.18,27,0.11,13.99
SUB00760,02/01/26,Essential,MX,Radio,CMP004,01/06/26,03/15/26,Tablet,21,Sonic 3,Family,Reactivated,,12.41,True,False,41237.74,27,0.09,13.99
SUB00761,02/02/26,Paramount+ with Showtime,US,Radio,CMP004,01/06/26,03/15/26,Desktop,18,Watson,Procedural,Churned,02/24/26,13.61,False,True,41237.74,27,0.09,13.99
SUB00762,02/14/26,Annual Essential,US,Social,CMP016,03/01/26,04/30/26,Smart TV,24,UFC,Sports,Active,,7.29,True,False,13079.15,14,0.15,7.5
SUB00763,02/10/26,Essential,CA,OOH,CMP012,01/08/26,04/30/26,Tablet,48,RuPaul Drag Race All Stars,Reality,New,,12.91,True,False,46356.88,40,0.12,13.99
SUB00764,02/26/26,Paramount+ with Showtime,AU,Social,CMP014,01/10/26,03/10/26,Roku,57,Mission Impossible,Action,At-Risk,,15.75,False,True,25458.31,29,0.16,13.99
SUB00765,02/06/26,Annual Premium,UK,Social,CMP016,03/01/26,04/30/26,Desktop,39,The Curse,Comedy,Active,,11.36,False,False,13079.15,14,0.15,11.67
SUB00766,02/19/26,Annual Premium,US,Social,CMP014,01/10/26,03/10/26,Tablet,45,South Park,Comedy,Churned,04/02/26,12.05,False,False,25458.31,29,0.16,11.67
SUB00767,02/14/26,Essential,US,OOH,CMP013,02/01/26,04/15/26,Tablet,47,UFC,Sports,Active,,14.99,False,False,27040.0,25,0.13,13.99
SUB00768,02/11/26,Paramount+ with Showtime,AU,Digital,CMP011,02/15/26,04/01/26,Tablet,24,Coldwater,Drama,At-Risk,,13.8,True,True,45566.52,49,0.15,13.99
SUB00769,02/01/26,Paramount+ with Showtime,CA,OOH,CMP012,01/08/26,04/30/26,Mobile,65,Dutton Ranch,Drama,Active,,15.04,False,True,46356.88,40,0.12,13.99
SUB00770,02/21/26,Paramount+ with Showtime,AU,Digital,CMP011,02/15/26,04/01/26,Desktop,35,MobLand,Drama,At-Risk,,15.18,False,True,45566.52,49,0.15,13.99
SUB00771,02/12/26,Essential,AU,Digital,CMP011,02/15/26,04/01/26,Desktop,33,SpongeBob,Family,At-Risk,,14.72,False,False,45566.52,49,0.15,13.99
SUB00772,02/25/26,Annual Premium,AU,OOH,CMP012,01/08/26,04/30/26,Fire TV,44,Paw Patrol,Family,New,,12.59,False,False,46356.88,40,0.12,11.67
SUB00773,02/02/26,Annual Premium,US,OOH,CMP013,02/01/26,04/15/26,Smart TV,49,The Offer,Drama,At-Risk,,10.88,True,False,27040.0,25,0.13,11.67
SUB00774,02/06/26,Annual Premium,MX,Radio,CMP005,03/01/26,04/30/26,Fire TV,22,Criminal Minds,Procedural,Active,,10.35,True,False,22144.53,14,0.09,11.67
SUB00775,02/09/26,Annual Essential,CA,Digital,CMP009,01/01/26,04/30/26,Smart TV,44,1923,Drama,New,,7.68,False,False,70866.81,75,0.1475,7.5
SUB00776,02/20/26,Annual Premium,AU,Digital,CMP011,02/15/26,04/01/26,Tablet,47,The Madison,Drama,Active,,11.64,False,False,45566.52,49,0.15,11.67
SUB00777,02/09/26,Annual Essential,US,TV,CMP002,01/10/26,02/15/26,Mobile,47,Tulsa King,Drama,At-Risk,,7.65,False,False,61748.08,36,0.08,7.5
SUB00778,02/18/26,Paramount+ with Showtime,US,Social,CMP015,02/05/26,04/05/26,Fire TV,36,The Offer,Drama,Churned,03/28/26,11.86,True,True,22618.05,24,0.15,13.99
SUB00779,02/03/26,Paramount+ with Showtime,US,Social,CMP015,02/05/26,04/05/26,Fire TV,50,The Offer,Drama,Reactivated,,14.86,False,True,22618.05,24,0.15,13.99
SUB00780,02/27/26,Essential,US,OOH,CMP013,02/01/26,04/15/26,Mobile,38,The Madison,Drama,At-Risk,,13.55,False,False,27040.0,25,0.13,13.99
SUB00781,02/15/26,Essential,US,Streaming,CMP008,01/20/26,02/28/26,Fire TV,47,The Chi,Drama,Churned,04/14/26,13.58,False,False,33297.18,27,0.11,13.99
SUB00782,02/26/26,Paramount+ with Showtime,US,OOH,CMP012,01/08/26,04/30/26,Fire TV,30,1923,Drama,Active,,14.68,False,True,46356.88,40,0.12,13.99
SUB00783,02/13/26,Paramount+ with Showtime,CA,OOH,CMP013,02/01/26,04/15/26,Fire TV,31,Tulsa King,Drama,At-Risk,,13.73,True,True,27040.0,25,0.13,13.99
SUB00784,02/20/26,Annual Essential,US,Social,CMP016,03/01/26,04/30/26,Mobile,32,The Curse,Comedy,At-Risk,,8.28,False,False,13079.15,14,0.15,7.5
SUB00785,02/19/26,Annual Essential,CA,OOH,CMP012,01/08/26,04/30/26,Desktop,47,Paw Patrol,Family,New,,7.87,True,True,46356.88,40,0.12,7.5
SUB00786,02/08/26,Essential,CA,Digital,CMP009,01/01/26,04/30/26,Smart TV,41,Dexter,Thriller,Active,,13.96,False,False,70866.81,75,0.1475,13.99
SUB00787,02/05/26,Essential,US,Social,CMP014,01/10/26,03/10/26,Desktop,18,SpongeBob,Family,New,,12.48,True,False,25458.31,29,0.16,13.99
SUB00788,02/14/26,Annual Essential,US,OOH,CMP012,01/08/26,04/30/26,Smart TV,19,Mission Impossible,Action,New,,7.64,True,False,46356.88,40,0.12,7.5
SUB00789,02/28/26,Annual Premium,CA,Radio,CMP005,03/01/26,04/30/26,Fire TV,29,The Guest,Thriller,Active,,11.14,False,False,22144.53,14,0.09,11.67
SUB00790,02/08/26,Annual Premium,CA,TV,CMP002,01/10/26,02/15/26,Tablet,18,The Curse,Comedy,Active,,12.16,False,False,61748.08,36,0.08,11.67
SUB00791,02/26/26,Annual Essential,CA,TV,CMP002,01/10/26,02/15/26,Smart TV,35,The Guest,Thriller,Active,,7.37,False,False,61748.08,36,0.08,7.5
SUB00792,02/15/26,Essential,US,OOH,CMP013,02/01/26,04/15/26,Tablet,45,SpongeBob,Family,Active,,15.22,True,True,27040.0,25,0.13,13.99
SUB00793,02/11/26,Annual Essential,MX,OOH,CMP012,01/08/26,04/30/26,Fire TV,32,NCIS,Procedural,Active,,4.98,True,False,46356.88,40,0.12,7.5
SUB00794,02/11/26,Essential,US,Radio,CMP004,01/06/26,03/15/26,Tablet,41,The Madison,Drama,Churned,03/06/26,11.98,False,False,41237.74,27,0.09,13.99
SUB00795,02/05/26,Essential,AU,Digital,CMP009,01/01/26,04/30/26,Roku,42,Yellowjackets,Drama,Reactivated,,14.42,False,True,70866.81,75,0.1475,13.99
SUB00796,02/07/26,Essential,US,Streaming,CMP008,01/20/26,02/28/26,Tablet,27,The Chi,Drama,New,,13.11,False,False,33297.18,27,0.11,13.99
SUB00797,02/07/26,Paramount+ with Showtime,US,Radio,CMP005,03/01/26,04/30/26,Fire TV,50,Elsbeth,Procedural,At-Risk,,12.82,False,True,22144.53,14,0.09,13.99
SUB00798,02/12/26,Annual Premium,MX,Social,CMP016,03/01/26,04/30/26,Fire TV,24,South Park,Comedy,Active,,9.29,False,False,13079.15,14,0.15,11.67
SUB00799,02/13/26,Paramount+ with Showtime,US,Streaming,CMP008,01/20/26,02/28/26,Smart TV,36,Boomerang,Comedy,At-Risk,,13.06,False,True,33297.18,27,0.11,13.99
SUB00800,02/14/26,Annual Premium,CA,Radio,CMP005,03/01/26,04/30/26,Roku,23,Coldwater,Drama,Churned,03/20/26,10.19,False,False,22144.53,14,0.09,11.67
SUB00801,02/19/26,Annual Premium,US,Social,CMP014,01/10/26,03/10/26,Fire TV,27,MobLand,Drama,Active,,10.69,True,False,25458.31,29,0.16,11.67
SUB00802,02/09/26,Paramount+ with Showtime,US,TV,CMP002,01/10/26,02/15/26,Desktop,34,Lioness,Thriller,Active,,15.53,False,True,61748.08,36,0.08,13.99
SUB00803,02/21/26,Essential,US,Digital,CMP011,02/15/26,04/01/26,Fire TV,19,MobLand,Drama,Active,,14.21,True,False,45566.52,49,0.15,13.99
SUB00804,02/09/26,Paramount+ with Showtime,US,OOH,CMP013,02/01/26,04/15/26,Fire TV,21,Paw Patrol,Family,Active,,14.9,True,True,27040.0,25,0.13,13.99
SUB00805,02/18/26,Annual Premium,CA,Streaming,CMP008,01/20/26,02/28/26,Roku,22,NFL,Sports,At-Risk,,12.06,False,False,33297.18,27,0.11,11.67
SUB00806,02/28/26,Essential,US,Streaming,CMP006,01/12/26,04/15/26,Desktop,41,Dutton Ranch,Drama,Reactivated,,14.58,False,False,69517.64,55,0.11,13.99
SUB00807,02/11/26,Essential,MX,TV,CMP001,01/05/26,02/28/26,Roku,43,The Curse,Comedy,New,,13.45,False,False,56894.89,36,0.0849999999999999,13.99
SUB00808,02/28/26,Paramount+ with Showtime,UK,TV,CMP003,02/01/26,03/31/26,Roku,54,The Madison,Drama,Active,,14.71,False,True,41503.22,26,0.09,13.99
SUB00809,02/18/26,Annual Premium,US,Digital,CMP011,02/15/26,04/01/26,Tablet,18,Dexter,Thriller,Active,,12.11,False,False,45566.52,49,0.15,11.67
SUB00810,02/13/26,Annual Essential,CA,OOH,CMP013,02/01/26,04/15/26,Roku,37,Tracker,Action,Active,,7.21,False,False,27040.0,25,0.13,7.5
SUB00811,02/03/26,Paramount+ with Showtime,US,Radio,CMP005,03/01/26,04/30/26,Desktop,45,Coldwater,Drama,Active,,14.07,False,True,22144.53,14,0.09,13.99
SUB00812,02/10/26,Annual Essential,US,Digital,CMP010,01/15/26,03/31/26,Smart TV,35,The Agency,Thriller,New,,6.81,True,False,40279.22,40,0.14,7.5
SUB00813,02/13/26,Paramount+ with Showtime,US,TV,CMP002,01/10/26,02/15/26,Fire TV,36,Dutton Ranch,Drama,Active,,13.34,True,True,61748.08,36,0.08,13.99
SUB00814,02/27/26,Essential,US,TV,CMP002,01/10/26,02/15/26,Mobile,18,Mayor of Kingstown,Drama,Active,,14.83,True,False,61748.08,36,0.08,13.99
SUB00815,02/05/26,Paramount+ with Showtime,CA,Streaming,CMP006,01/12/26,04/15/26,Smart TV,19,The Curse,Comedy,Active,,12.71,True,True,69517.64,55,0.11,13.99
SUB00816,02/10/26,Annual Premium,CA,Radio,CMP004,01/06/26,03/15/26,Smart TV,41,Boomerang,Comedy,Active,,11.4,False,False,41237.74,27,0.09,11.67
SUB00817,02/24/26,Annual Premium,US,Digital,CMP011,02/15/26,04/01/26,Tablet,27,The Agency,Thriller,Active,,10.73,False,False,45566.52,49,0.15,11.67
SUB00818,02/09/26,Paramount+ with Showtime,CA,Digital,CMP009,01/01/26,04/30/26,Smart TV,26,Landman,Drama,Active,,12.51,True,True,70866.81,75,0.1475,13.99
SUB00819,02/12/26,Annual Essential,CA,OOH,CMP012,01/08/26,04/30/26,Mobile,47,Mayor of Kingstown,Drama,At-Risk,,7.19,False,False,46356.88,40,0.12,7.5
SUB00820,02/03/26,Essential,MX,Streaming,CMP006,01/12/26,04/15/26,Desktop,41,Watson,Procedural,New,,12.69,True,True,69517.64,55,0.11,13.99
SUB00821,02/23/26,Annual Essential,US,Streaming,CMP006,01/12/26,04/15/26,Mobile,39,Paw Patrol,Family,Active,,8.21,False,True,69517.64,55,0.11,7.5
SUB00822,02/05/26,Paramount+ with Showtime,MX,TV,CMP002,01/10/26,02/15/26,Desktop,20,The Chi,Drama,Active,,13.3,False,True,61748.08,36,0.08,13.99
SUB00823,02/06/26,Paramount+ with Showtime,US,OOH,CMP013,02/01/26,04/15/26,Smart TV,27,NCIS,Procedural,Active,,14.1,True,True,27040.0,25,0.13,13.99
SUB00824,02/15/26,Annual Essential,CA,Radio,CMP004,01/06/26,03/15/26,Desktop,35,Mayor of Kingstown,Drama,Active,,9.6,False,False,41237.74,27,0.09,7.5
SUB00825,02/20/26,Annual Premium,AU,Digital,CMP009,01/01/26,04/30/26,Mobile,26,RuPaul Drag Race All Stars,Reality,At-Risk,,11.9,False,False,70866.81,75,0.1475,11.67
SUB00826,02/11/26,Annual Essential,MX,Radio,CMP004,01/06/26,03/15/26,Tablet,48,Paw Patrol,Family,Churned,03/05/26,5.87,True,False,41237.74,27,0.09,7.5
SUB00827,02/11/26,Essential,UK,OOH,CMP013,02/01/26,04/15/26,Mobile,19,Sonic 3,Family,Active,,13.31,True,False,27040.0,25,0.13,13.99
SUB00828,02/06/26,Essential,US,Social,CMP015,02/05/26,04/05/26,Desktop,62,UFC,Sports,Reactivated,,13.56,True,True,22618.05,24,0.15,13.99
SUB00829,02/07/26,Annual Essential,US,Radio,CMP004,01/06/26,03/15/26,Desktop,30,Elsbeth,Procedural,Active,,7.31,False,False,41237.74,27,0.09,7.5
SUB00830,02/21/26,Annual Essential,US,OOH,CMP013,02/01/26,04/15/26,Mobile,37,Sonic 3,Family,New,,5.41,True,True,27040.0,25,0.13,7.5
SUB00831,02/11/26,Annual Essential,UK,Digital,CMP009,01/01/26,04/30/26,Roku,37,Ghosts,Comedy,Active,,7.49,False,False,70866.81,75,0.1475,7.5
SUB00832,02/01/26,Annual Premium,US,Social,CMP014,01/10/26,03/10/26,Mobile,58,Love & Hip Hop Miami,Reality,At-Risk,,12.66,False,False,25458.31,29,0.16,11.67
SUB00833,02/07/26,Annual Premium,US,Digital,CMP010,01/15/26,03/31/26,Desktop,34,MobLand,Drama,At-Risk,,11.93,True,False,40279.22,40,0.14,11.67
SUB00834,02/11/26,Essential,US,Digital,CMP010,01/15/26,03/31/26,Smart TV,42,Coldwater,Drama,Reactivated,,15.16,False,False,40279.22,40,0.14,13.99
SUB00835,02/08/26,Annual Essential,US,TV,CMP002,01/10/26,02/15/26,Mobile,33,The Madison,Drama,Churned,03/03/26,4.81,True,False,61748.08,36,0.08,7.5
SUB00836,02/06/26,Annual Premium,CA,Radio,CMP005,03/01/26,04/30/26,Mobile,26,The Offer,Drama,At-Risk,,12.71,False,False,22144.53,14,0.09,11.67
SUB00837,02/19/26,Essential,AU,OOH,CMP012,01/08/26,04/30/26,Roku,19,Mission Impossible,Action,Active,,14.29,False,False,46356.88,40,0.12,13.99
SUB00838,02/14/26,Annual Premium,US,Social,CMP014,01/10/26,03/10/26,Fire TV,45,The Curse,Comedy,Active,,11.28,True,False,25458.31,29,0.16,11.67
SUB00839,02/13/26,Essential,US,TV,CMP002,01/10/26,02/15/26,Mobile,36,The Guest,Thriller,Active,,13.74,True,False,61748.08,36,0.08,13.99
SUB00840,02/14/26,Paramount+ with Showtime,US,Digital,CMP010,01/15/26,03/31/26,Desktop,18,The Guest,Thriller,At-Risk,,12.54,True,True,40279.22,40,0.14,13.99
SUB00841,02/10/26,Annual Essential,UK,Social,CMP015,02/05/26,04/05/26,Smart TV,40,The Agency,Thriller,Active,,8.16,True,False,22618.05,24,0.15,7.5
SUB00842,02/16/26,Annual Essential,US,Radio,CMP005,03/01/26,04/30/26,Mobile,33,Mission Impossible,Action,New,,8.15,False,True,22144.53,14,0.09,7.5
SUB00843,02/03/26,Paramount+ with Showtime,US,Digital,CMP011,02/15/26,04/01/26,Tablet,43,Boston Blue,Procedural,Active,,16.16,False,True,45566.52,49,0.15,13.99
SUB00844,02/12/26,Essential,UK,TV,CMP003,02/01/26,03/31/26,Smart TV,22,Yellowjackets,Drama,Active,,13.54,False,False,41503.22,26,0.09,13.99
SUB00845,02/16/26,Paramount+ with Showtime,CA,Digital,CMP009,01/01/26,04/30/26,Fire TV,45,Yellowjackets,Drama,At-Risk,,13.43,False,True,70866.81,75,0.1475,13.99
SUB00846,02/05/26,Annual Premium,CA,Digital,CMP011,02/15/26,04/01/26,Fire TV,33,Mission Impossible,Action,At-Risk,,11.92,True,False,45566.52,49,0.15,11.67
SUB00847,02/23/26,Annual Essential,UK,Radio,CMP005,03/01/26,04/30/26,Fire TV,20,MobLand,Drama,Active,,7.15,False,False,22144.53,14,0.09,7.5
SUB00848,02/19/26,Annual Premium,US,Radio,CMP005,03/01/26,04/30/26,Desktop,20,Yellowjackets,Drama,Active,,10.74,True,False,22144.53,14,0.09,11.67
SUB00849,02/24/26,Paramount+ with Showtime,AU,Digital,CMP010,01/15/26,03/31/26,Fire TV,71,SpongeBob,Family,Active,,13.67,False,True,40279.22,40,0.14,13.99
SUB00850,02/17/26,Annual Essential,CA,OOH,CMP013,02/01/26,04/15/26,Roku,30,Dutton Ranch,Drama,Churned,03/25/26,7.56,True,False,27040.0,25,0.13,7.5
SUB00851,02/15/26,Annual Essential,US,Streaming,CMP006,01/12/26,04/15/26,Roku,18,Paw Patrol,Family,At-Risk,,8.75,False,False,69517.64,55,0.11,7.5
SUB00852,02/15/26,Essential,US,Digital,CMP010,01/15/26,03/31/26,Roku,43,Paw Patrol,Family,Churned,04/06/26,12.86,True,False,40279.22,40,0.14,13.99
SUB00853,02/16/26,Essential,CA,OOH,CMP012,01/08/26,04/30/26,Tablet,18,UFC,Sports,Active,,13.34,True,False,46356.88,40,0.12,13.99
SUB00854,02/13/26,Annual Essential,US,Streaming,CMP006,01/12/26,04/15/26,Fire TV,50,Landman,Drama,At-Risk,,7.25,True,False,69517.64,55,0.11,7.5
SUB00855,02/11/26,Annual Premium,MX,TV,CMP002,01/10/26,02/15/26,Desktop,25,Yellowjackets,Drama,At-Risk,,8.86,True,False,61748.08,36,0.08,11.67
SUB00856,02/15/26,Annual Premium,CA,TV,CMP001,01/05/26,02/28/26,Smart TV,32,SpongeBob,Family,Active,,11.86,False,False,56894.89,36,0.0849999999999999,11.67
SUB00857,02/12/26,Paramount+ with Showtime,AU,Radio,CMP004,01/06/26,03/15/26,Fire TV,50,Elsbeth,Procedural,At-Risk,,14.52,False,True,41237.74,27,0.09,13.99
SUB00858,02/01/26,Annual Essential,AU,Social,CMP015,02/05/26,04/05/26,Desktop,18,Dutton Ranch,Drama,At-Risk,,7.46,False,False,22618.05,24,0.15,7.5
SUB00859,02/26/26,Annual Premium,UK,Digital,CMP011,02/15/26,04/01/26,Tablet,74,The Offer,Drama,At-Risk,,13.91,False,False,45566.52,49,0.15,11.67
SUB00860,02/20/26,Paramount+ with Showtime,UK,TV,CMP002,01/10/26,02/15/26,Mobile,51,RuPaul Drag Race All Stars,Reality,Churned,03/14/26,15.16,False,True,61748.08,36,0.08,13.99
SUB00861,02/18/26,Annual Premium,AU,Digital,CMP011,02/15/26,04/01/26,Smart TV,43,Boomerang,Comedy,Active,,12.11,False,False,45566.52,49,0.15,11.67
SUB00862,02/25/26,Paramount+ with Showtime,AU,OOH,CMP012,01/08/26,04/30/26,Desktop,55,The Chi,Drama,At-Risk,,13.7,True,True,46356.88,40,0.12,13.99
SUB00863,02/24/26,Annual Essential,US,Digital,CMP009,01/01/26,04/30/26,Fire TV,19,Ghosts,Comedy,Active,,6.62,False,False,70866.81,75,0.1475,7.5
SUB00864,02/28/26,Paramount+ with Showtime,AU,OOH,CMP013,02/01/26,04/15/26,Mobile,37,Boomerang,Comedy,Active,,13.6,True,True,27040.0,25,0.13,13.99
SUB00865,02/26/26,Annual Essential,UK,OOH,CMP013,02/01/26,04/15/26,Mobile,37,South Park,Comedy,Active,,8.81,False,False,27040.0,25,0.13,7.5
SUB00866,02/19/26,Paramount+ with Showtime,US,OOH,CMP012,01/08/26,04/30/26,Fire TV,18,Paw Patrol,Family,Active,,13.94,False,True,46356.88,40,0.12,13.99
SUB00867,02/14/26,Annual Premium,UK,Social,CMP015,02/05/26,04/05/26,Mobile,54,Tulsa King,Drama,Active,,10.69,False,False,22618.05,24,0.15,11.67
SUB00868,02/18/26,Paramount+ with Showtime,CA,Radio,CMP004,01/06/26,03/15/26,Smart TV,46,The Offer,Drama,At-Risk,,12.29,True,True,41237.74,27,0.09,13.99
SUB00869,02/05/26,Paramount+ with Showtime,AU,Streaming,CMP007,02/10/26,03/20/26,Roku,29,The Curse,Comedy,New,,13.13,True,True,39937.36,33,0.115,13.99
SUB00870,02/21/26,Annual Premium,AU,OOH,CMP013,02/01/26,04/15/26,Smart TV,18,Love & Hip Hop Miami,Reality,Active,,13.01,False,False,27040.0,25,0.13,11.67
SUB00871,02/07/26,Paramount+ with Showtime,MX,TV,CMP003,02/01/26,03/31/26,Fire TV,47,Tracker,Action,Reactivated,,11.92,True,True,41503.22,26,0.09,13.99
SUB00872,02/27/26,Annual Premium,US,Digital,CMP010,01/15/26,03/31/26,Fire TV,37,The Agency,Thriller,Reactivated,,12.5,False,False,40279.22,40,0.14,11.67
SUB00873,02/03/26,Annual Premium,UK,Social,CMP015,02/05/26,04/05/26,Desktop,27,The Guest,Thriller,Active,,12.48,False,False,22618.05,24,0.15,11.67
SUB00874,02/25/26,Paramount+ with Showtime,CA,Radio,CMP005,03/01/26,04/30/26,Mobile,58,Criminal Minds,Procedural,Churned,04/26/26,13.26,True,True,22144.53,14,0.09,13.99
SUB00875,02/10/26,Annual Premium,AU,Digital,CMP010,01/15/26,03/31/26,Tablet,39,Sonic 3,Family,New,,12.62,False,False,40279.22,40,0.14,11.67
SUB00876,02/13/26,Essential,AU,Radio,CMP004,01/06/26,03/15/26,Mobile,25,Lioness,Thriller,At-Risk,,14.99,False,False,41237.74,27,0.09,13.99
SUB00877,02/04/26,Paramount+ with Showtime,AU,OOH,CMP012,01/08/26,04/30/26,Fire TV,31,The Guest,Thriller,Active,,13.92,True,True,46356.88,40,0.12,13.99
SUB00878,02/10/26,Annual Essential,CA,Radio,CMP005,03/01/26,04/30/26,Mobile,44,The Chi,Drama,At-Risk,,7.25,True,False,22144.53,14,0.09,7.5
SUB00879,02/13/26,Annual Premium,CA,TV,CMP003,02/01/26,03/31/26,Mobile,61,MobLand,Drama,Reactivated,,12.2,False,False,41503.22,26,0.09,11.67
SUB00880,02/01/26,Annual Essential,US,OOH,CMP012,01/08/26,04/30/26,Fire TV,51,Boomerang,Comedy,Active,,8.04,False,False,46356.88,40,0.12,7.5
SUB00881,02/14/26,Annual Premium,US,Digital,CMP011,02/15/26,04/01/26,Mobile,63,The Agency,Thriller,Active,,11.4,False,False,45566.52,49,0.15,11.67
SUB00882,02/16/26,Essential,US,Digital,CMP011,02/15/26,04/01/26,Smart TV,28,The Madison,Drama,Active,,13.12,False,False,45566.52,49,0.15,13.99
SUB00883,02/28/26,Annual Premium,US,Digital,CMP009,01/01/26,04/30/26,Fire TV,32,Mayor of Kingstown,Drama,At-Risk,,11.53,False,False,70866.81,75,0.1475,11.67
SUB00884,02/28/26,Essential,CA,Streaming,CMP007,02/10/26,03/20/26,Fire TV,50,Mayor of Kingstown,Drama,Active,,15.25,False,True,39937.36,33,0.115,13.99
SUB00885,02/08/26,Essential,US,Streaming,CMP006,01/12/26,04/15/26,Tablet,45,Sonic 3,Family,Reactivated,,13.81,False,False,69517.64,55,0.11,13.99
SUB00886,02/12/26,Annual Premium,US,Streaming,CMP008,01/20/26,02/28/26,Mobile,49,NFL,Sports,New,,12.62,False,False,33297.18,27,0.11,11.67
SUB00887,02/05/26,Paramount+ with Showtime,CA,Digital,CMP009,01/01/26,04/30/26,Fire TV,40,Paw Patrol,Family,Active,,12.4,True,True,70866.81,75,0.1475,13.99
SUB00888,02/13/26,Essential,US,Radio,CMP004,01/06/26,03/15/26,Mobile,25,1923,Drama,At-Risk,,13.18,False,False,41237.74,27,0.09,13.99
SUB00889,02/23/26,Annual Premium,CA,Digital,CMP011,02/15/26,04/01/26,Roku,44,1923,Drama,New,,12.16,False,False,45566.52,49,0.15,11.67
SUB00890,02/13/26,Annual Essential,CA,Digital,CMP010,01/15/26,03/31/26,Smart TV,20,Dexter,Thriller,At-Risk,,7.73,False,False,40279.22,40,0.14,7.5
SUB00891,02/11/26,Annual Essential,US,OOH,CMP013,02/01/26,04/15/26,Smart TV,28,Dexter,Thriller,Active,,7.33,True,False,27040.0,25,0.13,7.5
SUB00892,02/06/26,Essential,MX,Streaming,CMP006,01/12/26,04/15/26,Fire TV,30,The Offer,Drama,Active,,10.6,False,True,69517.64,55,0.11,13.99
SUB00893,02/06/26,Annual Premium,CA,TV,CMP001,01/05/26,02/28/26,Fire TV,42,NCIS,Procedural,New,,11.43,False,False,56894.89,36,0.0849999999999999,11.67
SUB00894,02/22/26,Annual Essential,US,Digital,CMP009,01/01/26,04/30/26,Mobile,34,Criminal Minds,Procedural,Reactivated,,7.42,False,False,70866.81,75,0.1475,7.5
SUB00895,02/23/26,Essential,US,TV,CMP002,01/10/26,02/15/26,Smart TV,33,Tulsa King,Drama,At-Risk,,14.48,False,False,61748.08,36,0.08,13.99
SUB00896,02/14/26,Annual Essential,US,TV,CMP002,01/10/26,02/15/26,Roku,42,SpongeBob,Family,Active,,6.4,False,False,61748.08,36,0.08,7.5
SUB00897,02/28/26,Annual Essential,UK,Radio,CMP005,03/01/26,04/30/26,Tablet,48,MobLand,Drama,At-Risk,,7.38,False,False,22144.53,14,0.09,7.5
SUB00898,02/26/26,Essential,MX,OOH,CMP013,02/01/26,04/15/26,Roku,34,MobLand,Drama,New,,12.45,False,False,27040.0,25,0.13,13.99
SUB00899,02/23/26,Annual Premium,US,Social,CMP016,03/01/26,04/30/26,Mobile,42,Boomerang,Comedy,Active,,13.07,False,False,13079.15,14,0.15,11.67
SUB00900,02/22/26,Essential,US,Digital,CMP011,02/15/26,04/01/26,Fire TV,19,SpongeBob,Family,At-Risk,,14.65,True,False,45566.52,49,0.15,13.99
SUB00901,02/12/26,Annual Essential,UK,Digital,CMP011,02/15/26,04/01/26,Smart TV,43,The Agency,Thriller,Churned,02/25/26,8.4,True,False,45566.52,49,0.15,7.5
SUB00902,02/10/26,Paramount+ with Showtime,US,OOH,CMP012,01/08/26,04/30/26,Tablet,52,The Chi,Drama,Churned,03/11/26,14.13,False,True,46356.88,40,0.12,13.99
SUB00903,02/17/26,Paramount+ with Showtime,US,Digital,CMP011,02/15/26,04/01/26,Smart TV,40,Boston Blue,Procedural,Active,,13.86,False,True,45566.52,49,0.15,13.99
SUB00904,02/04/26,Essential,US,Social,CMP015,02/05/26,04/05/26,Desktop,59,Dutton Ranch,Drama,Active,,15.71,False,False,22618.05,24,0.15,13.99
SUB00905,02/14/26,Annual Premium,US,Streaming,CMP006,01/12/26,04/15/26,Fire TV,44,Boomerang,Comedy,Active,,11.52,True,False,69517.64,55,0.11,11.67
SUB00906,02/14/26,Paramount+ with Showtime,US,Digital,CMP010,01/15/26,03/31/26,Tablet,18,Criminal Minds,Procedural,Active,,14.73,False,True,40279.22,40,0.14,13.99
SUB00907,02/12/26,Annual Essential,US,TV,CMP001,01/05/26,02/28/26,Mobile,29,Sonic 3,Family,Churned,04/08/26,7.59,True,False,56894.89,36,0.0849999999999999,7.5
SUB00908,02/22/26,Essential,US,TV,CMP002,01/10/26,02/15/26,Desktop,30,Landman,Drama,At-Risk,,14.69,True,False,61748.08,36,0.08,13.99
SUB00909,02/17/26,Essential,US,TV,CMP002,01/10/26,02/15/26,Mobile,65,Ghosts,Comedy,At-Risk,,15.46,False,False,61748.08,36,0.08,13.99
SUB00910,02/25/26,Annual Essential,AU,Radio,CMP004,01/06/26,03/15/26,Fire TV,56,The Madison,Drama,Reactivated,,7.07,True,False,41237.74,27,0.09,7.5
SUB00911,02/25/26,Essential,AU,TV,CMP001,01/05/26,02/28/26,Smart TV,55,Yellowjackets,Drama,At-Risk,,15.35,False,False,56894.89,36,0.0849999999999999,13.99
SUB00912,02/22/26,Annual Essential,MX,Radio,CMP004,01/06/26,03/15/26,Roku,25,UFC,Sports,Active,,5.72,False,False,41237.74,27,0.09,7.5
SUB00913,02/08/26,Essential,MX,OOH,CMP012,01/08/26,04/30/26,Mobile,33,The Agency,Thriller,At-Risk,,13.52,True,False,46356.88,40,0.12,13.99
SUB00914,02/13/26,Paramount+ with Showtime,US,Radio,CMP004,01/06/26,03/15/26,Roku,49,Paw Patrol,Family,Active,,14.28,True,True,41237.74,27,0.09,13.99
SUB00915,02/21/26,Paramount+ with Showtime,CA,Radio,CMP005,03/01/26,04/30/26,Roku,38,The Guest,Thriller,Active,,11.15,True,True,22144.53,14,0.09,13.99
SUB00916,02/02/26,Essential,US,Streaming,CMP006,01/12/26,04/15/26,Mobile,33,Ghosts,Comedy,Active,,13.06,False,False,69517.64,55,0.11,13.99
SUB00917,02/12/26,Paramount+ with Showtime,US,Streaming,CMP007,02/10/26,03/20/26,Smart TV,43,The Agency,Thriller,Active,,15.27,True,True,39937.36,33,0.115,13.99
SUB00918,02/24/26,Essential,CA,Digital,CMP010,01/15/26,03/31/26,Smart TV,60,NFL,Sports,At-Risk,,13.46,True,False,40279.22,40,0.14,13.99
SUB00919,02/05/26,Paramount+ with Showtime,US,Digital,CMP009,01/01/26,04/30/26,Tablet,36,South Park,Comedy,Active,,13.72,True,True,70866.81,75,0.1475,13.99
SUB00920,02/20/26,Annual Essential,US,Digital,CMP011,02/15/26,04/01/26,Roku,27,Coldwater,Drama,Active,,7.87,False,True,45566.52,49,0.15,7.5
SUB00921,02/25/26,Annual Essential,UK,Radio,CMP005,03/01/26,04/30/26,Smart TV,46,Landman,Drama,At-Risk,,8.35,True,False,22144.53,14,0.09,7.5
SUB00922,02/17/26,Annual Premium,UK,Streaming,CMP007,02/10/26,03/20/26,Desktop,29,UFC,Sports,At-Risk,,12.87,False,True,39937.36,33,0.115,11.67
SUB00923,02/02/26,Paramount+ with Showtime,US,Social,CMP016,03/01/26,04/30/26,Tablet,37,NFL,Sports,At-Risk,,13.23,True,True,13079.15,14,0.15,13.99
SUB00924,02/13/26,Annual Essential,MX,TV,CMP003,02/01/26,03/31/26,Desktop,35,Love & Hip Hop Miami,Reality,At-Risk,,5.4,False,False,41503.22,26,0.09,7.5
SUB00925,02/26/26,Paramount+ with Showtime,CA,Radio,CMP004,01/06/26,03/15/26,Roku,35,Mayor of Kingstown,Drama,Active,,13.11,False,True,41237.74,27,0.09,13.99
SUB00926,02/04/26,Paramount+ with Showtime,MX,Streaming,CMP008,01/20/26,02/28/26,Tablet,34,NCIS,Procedural,Churned,02/24/26,11.12,False,True,33297.18,27,0.11,13.99
SUB00927,02/21/26,Annual Essential,US,Digital,CMP009,01/01/26,04/30/26,Roku,37,Elsbeth,Procedural,Reactivated,,8.5,False,False,70866.81,75,0.1475,7.5
SUB00928,02/24/26,Annual Premium,US,OOH,CMP013,02/01/26,04/15/26,Fire TV,28,Lioness,Thriller,At-Risk,,10.05,True,False,27040.0,25,0.13,11.67
SUB00929,02/09/26,Annual Premium,US,OOH,CMP012,01/08/26,04/30/26,Mobile,31,SpongeBob,Family,Churned,02/20/26,9.27,True,False,46356.88,40,0.12,11.67
SUB00930,02/21/26,Annual Premium,MX,Social,CMP016,03/01/26,04/30/26,Fire TV,19,South Park,Comedy,At-Risk,,10.13,False,False,13079.15,14,0.15,11.67
SUB00931,02/14/26,Essential,US,Streaming,CMP008,01/20/26,02/28/26,Tablet,46,Criminal Minds,Procedural,Active,,13.3,True,False,33297.18,27,0.11,13.99
SUB00932,02/21/26,Annual Premium,US,Radio,CMP004,01/06/26,03/15/26,Desktop,25,The Agency,Thriller,Active,,10.35,True,False,41237.74,27,0.09,11.67
SUB00933,02/08/26,Paramount+ with Showtime,AU,TV,CMP002,01/10/26,02/15/26,Mobile,46,1923,Drama,At-Risk,,13.36,True,True,61748.08,36,0.08,13.99
SUB00934,02/04/26,Annual Essential,US,Digital,CMP009,01/01/26,04/30/26,Smart TV,42,Dutton Ranch,Drama,Active,,10.16,False,False,70866.81,75,0.1475,7.5
SUB00935,02/26/26,Annual Essential,CA,OOH,CMP012,01/08/26,04/30/26,Roku,42,MobLand,Drama,Active,,6.67,True,False,46356.88,40,0.12,7.5
SUB00936,02/15/26,Annual Premium,US,Digital,CMP011,02/15/26,04/01/26,Tablet,18,MobLand,Drama,Churned,03/07/26,9.06,True,False,45566.52,49,0.15,11.67
SUB00937,02/04/26,Paramount+ with Showtime,US,Social,CMP014,01/10/26,03/10/26,Mobile,50,UFC,Sports,Active,,13.63,True,True,25458.31,29,0.16,13.99
SUB00938,02/12/26,Essential,AU,TV,CMP001,01/05/26,02/28/26,Roku,29,The Offer,Drama,Active,,13.66,True,False,56894.89,36,0.0849999999999999,13.99
SUB00939,02/04/26,Essential,AU,TV,CMP001,01/05/26,02/28/26,Mobile,63,UFC,Sports,Churned,03/04/26,14.07,False,False,56894.89,36,0.0849999999999999,13.99
SUB00940,02/22/26,Annual Essential,US,OOH,CMP012,01/08/26,04/30/26,Fire TV,43,The Agency,Thriller,At-Risk,,6.05,False,False,46356.88,40,0.12,7.5
SUB00941,02/09/26,Annual Premium,CA,Social,CMP015,02/05/26,04/05/26,Tablet,34,RuPaul Drag Race All Stars,Reality,Active,,11.05,True,False,22618.05,24,0.15,11.67
SUB00942,02/27/26,Annual Essential,US,OOH,CMP013,02/01/26,04/15/26,Roku,18,Mission Impossible,Action,At-Risk,,8.38,True,False,27040.0,25,0.13,7.5
SUB00943,02/16/26,Annual Essential,UK,Streaming,CMP007,02/10/26,03/20/26,Roku,55,NFL,Sports,Active,,8.65,True,False,39937.36,33,0.115,7.5
SUB00944,02/18/26,Annual Essential,US,Digital,CMP011,02/15/26,04/01/26,Tablet,32,The Chi,Drama,Active,,6.47,False,False,45566.52,49,0.15,7.5
SUB00945,02/07/26,Annual Essential,US,OOH,CMP012,01/08/26,04/30/26,Smart TV,59,The Offer,Drama,At-Risk,,7.7,False,False,46356.88,40,0.12,7.5
SUB00946,02/10/26,Essential,CA,Radio,CMP004,01/06/26,03/15/26,Fire TV,33,SpongeBob,Family,Active,,15.47,False,False,41237.74,27,0.09,13.99
SUB00947,02/23/26,Annual Premium,CA,TV,CMP003,02/01/26,03/31/26,Roku,69,The Offer,Drama,Active,,11.73,True,False,41503.22,26,0.09,11.67
SUB00948,02/28/26,Annual Essential,CA,TV,CMP003,02/01/26,03/31/26,Tablet,18,RuPaul Drag Race All Stars,Reality,Active,,6.22,False,True,41503.22,26,0.09,7.5
SUB00949,02/24/26,Essential,US,Radio,CMP004,01/06/26,03/15/26,Fire TV,41,Dexter,Thriller,Active,,12.99,True,False,41237.74,27,0.09,13.99
SUB00950,02/02/26,Annual Premium,US,Digital,CMP011,02/15/26,04/01/26,Tablet,26,Dutton Ranch,Drama,Active,,10.56,True,False,45566.52,49,0.15,11.67
SUB00951,02/17/26,Essential,US,TV,CMP003,02/01/26,03/31/26,Desktop,30,The Curse,Comedy,At-Risk,,13.15,False,False,41503.22,26,0.09,13.99
SUB00952,02/08/26,Essential,UK,Streaming,CMP006,01/12/26,04/15/26,Fire TV,41,NFL,Sports,New,,14.31,False,False,69517.64,55,0.11,13.99
SUB00953,02/27/26,Annual Premium,UK,Social,CMP015,02/05/26,04/05/26,Fire TV,27,The Curse,Comedy,Churned,04/02/26,11.88,False,False,22618.05,24,0.15,11.67
SUB00954,02/01/26,Annual Premium,CA,Radio,CMP005,03/01/26,04/30/26,Tablet,40,1923,Drama,Active,,11.9,False,False,22144.53,14,0.09,11.67
SUB00955,02/08/26,Essential,US,Radio,CMP004,01/06/26,03/15/26,Smart TV,22,Boston Blue,Procedural,Active,,13.87,True,False,41237.74,27,0.09,13.99
SUB00956,02/25/26,Annual Premium,CA,Social,CMP015,02/05/26,04/05/26,Desktop,33,Ghosts,Comedy,Active,,10.02,True,False,22618.05,24,0.15,11.67
SUB00957,02/11/26,Paramount+ with Showtime,US,TV,CMP001,01/05/26,02/28/26,Mobile,45,NFL,Sports,Active,,13.86,False,True,56894.89,36,0.0849999999999999,13.99
SUB00958,02/10/26,Annual Essential,US,Radio,CMP004,01/06/26,03/15/26,Fire TV,44,South Park,Comedy,New,,6.89,False,False,41237.74,27,0.09,7.5
SUB00959,02/05/26,Annual Essential,US,Digital,CMP011,02/15/26,04/01/26,Fire TV,37,The Offer,Drama,Reactivated,,6.65,False,False,45566.52,49,0.15,7.5
SUB00960,02/12/26,Essential,UK,Social,CMP015,02/05/26,04/05/26,Mobile,28,Tracker,Action,At-Risk,,14.26,False,False,22618.05,24,0.15,13.99
SUB00961,02/19/26,Annual Premium,US,Digital,CMP009,01/01/26,04/30/26,Mobile,18,Mayor of Kingstown,Drama,Active,,10.64,False,False,70866.81,75,0.1475,11.67
SUB00962,02/11/26,Paramount+ with Showtime,AU,Radio,CMP005,03/01/26,04/30/26,Tablet,44,MobLand,Drama,New,,13.56,False,True,22144.53,14,0.09,13.99
SUB00963,02/09/26,Paramount+ with Showtime,US,Social,CMP015,02/05/26,04/05/26,Tablet,30,1923,Drama,Active,,13.39,True,True,22618.05,24,0.15,13.99
SUB00964,02/28/26,Annual Premium,MX,TV,CMP002,01/10/26,02/15/26,Mobile,43,UFC,Sports,Reactivated,,8.5,False,False,61748.08,36,0.08,11.67
SUB00965,02/12/26,Paramount+ with Showtime,CA,Digital,CMP010,01/15/26,03/31/26,Roku,48,Love & Hip Hop Miami,Reality,Active,,14.48,False,True,40279.22,40,0.14,13.99
SUB00966,02/23/26,Paramount+ with Showtime,US,Digital,CMP009,01/01/26,04/30/26,Fire TV,74,Tulsa King,Drama,At-Risk,,15.91,False,True,70866.81,75,0.1475,13.99
SUB00967,02/22/26,Essential,AU,Streaming,CMP007,02/10/26,03/20/26,Desktop,33,Criminal Minds,Procedural,Active,,14.27,False,False,39937.36,33,0.115,13.99
SUB00968,02/25/26,Paramount+ with Showtime,CA,TV,CMP002,01/10/26,02/15/26,Fire TV,32,RuPaul Drag Race All Stars,Reality,Active,,13.96,False,True,61748.08,36,0.08,13.99
SUB00969,02/02/26,Paramount+ with Showtime,US,Streaming,CMP007,02/10/26,03/20/26,Smart TV,18,The Guest,Thriller,New,,13.08,True,True,39937.36,33,0.115,13.99
SUB00970,02/16/26,Annual Premium,US,Radio,CMP005,03/01/26,04/30/26,Tablet,22,South Park,Comedy,New,,12.14,True,False,22144.53,14,0.09,11.67
SUB00971,02/03/26,Essential,US,Digital,CMP010,01/15/26,03/31/26,Desktop,30,The Agency,Thriller,Active,,12.92,True,True,40279.22,40,0.14,13.99
SUB00972,02/11/26,Annual Essential,AU,Social,CMP015,02/05/26,04/05/26,Roku,48,Watson,Procedural,At-Risk,,9.27,True,True,22618.05,24,0.15,7.5
SUB00973,02/12/26,Paramount+ with Showtime,US,TV,CMP002,01/10/26,02/15/26,Desktop,35,Sonic 3,Family,New,,14.29,False,True,61748.08,36,0.08,13.99
SUB00974,02/24/26,Annual Essential,AU,Social,CMP016,03/01/26,04/30/26,Smart TV,56,Mission Impossible,Action,Active,,8.18,True,False,13079.15,14,0.15,7.5
SUB00975,02/09/26,Annual Essential,US,TV,CMP002,01/10/26,02/15/26,Roku,35,Ghosts,Comedy,New,,7.18,True,False,61748.08,36,0.08,7.5
SUB00976,02/14/26,Essential,US,Radio,CMP004,01/06/26,03/15/26,Mobile,41,RuPaul Drag Race All Stars,Reality,Active,,13.86,True,False,41237.74,27,0.09,13.99
SUB00977,02/12/26,Annual Essential,CA,Radio,CMP004,01/06/26,03/15/26,Tablet,60,Paw Patrol,Family,Active,,8.62,False,False,41237.74,27,0.09,7.5
SUB00978,02/14/26,Essential,AU,Social,CMP016,03/01/26,04/30/26,Fire TV,31,The Curse,Comedy,At-Risk,,14.95,False,False,13079.15,14,0.15,13.99
SUB00979,02/13/26,Annual Essential,US,Radio,CMP005,03/01/26,04/30/26,Desktop,50,The Agency,Thriller,Active,,7.51,False,False,22144.53,14,0.09,7.5
SUB00980,02/03/26,Annual Essential,CA,Digital,CMP009,01/01/26,04/30/26,Tablet,34,RuPaul Drag Race All Stars,Reality,At-Risk,,6.68,False,False,70866.81,75,0.1475,7.5
SUB00981,02/22/26,Annual Essential,US,TV,CMP001,01/05/26,02/28/26,Mobile,51,RuPaul Drag Race All Stars,Reality,At-Risk,,8.35,False,False,56894.89,36,0.0849999999999999,7.5
SUB00982,02/12/26,Paramount+ with Showtime,US,TV,CMP001,01/05/26,02/28/26,Smart TV,35,Paw Patrol,Family,Active,,13.11,False,True,56894.89,36,0.0849999999999999,13.99
SUB00983,02/17/26,Annual Premium,US,Digital,CMP009,01/01/26,04/30/26,Mobile,39,Criminal Minds,Procedural,At-Risk,,10.71,True,False,70866.81,75,0.1475,11.67
SUB00984,02/27/26,Annual Premium,US,TV,CMP002,01/10/26,02/15/26,Mobile,18,Dexter,Thriller,Active,,11.91,True,True,61748.08,36,0.08,11.67
SUB00985,02/20/26,Annual Premium,CA,Streaming,CMP006,01/12/26,04/15/26,Roku,44,Yellowjackets,Drama,Reactivated,,10.49,True,False,69517.64,55,0.11,11.67
SUB00986,02/17/26,Annual Premium,AU,Social,CMP015,02/05/26,04/05/26,Desktop,62,South Park,Comedy,Active,,12.31,False,False,22618.05,24,0.15,11.67
SUB00987,02/27/26,Essential,MX,Radio,CMP005,03/01/26,04/30/26,Smart TV,53,Criminal Minds,Procedural,Active,,11.95,False,False,22144.53,14,0.09,13.99
SUB00988,02/19/26,Annual Premium,US,OOH,CMP012,01/08/26,04/30/26,Fire TV,29,Mission Impossible,Action,Active,,10.15,True,False,46356.88,40,0.12,11.67
SUB00989,02/10/26,Annual Essential,US,TV,CMP001,01/05/26,02/28/26,Mobile,55,SpongeBob,Family,At-Risk,,7.68,True,False,56894.89,36,0.0849999999999999,7.5
SUB00990,02/21/26,Annual Premium,MX,TV,CMP001,01/05/26,02/28/26,Tablet,30,Elsbeth,Procedural,At-Risk,,9.66,True,False,56894.89,36,0.0849999999999999,11.67
SUB00991,02/16/26,Annual Premium,US,Social,CMP014,01/10/26,03/10/26,Fire TV,18,NCIS,Procedural,Active,,9.77,True,False,25458.31,29,0.16,11.67
SUB00992,02/07/26,Annual Premium,US,OOH,CMP012,01/08/26,04/30/26,Desktop,65,Dexter,Thriller,At-Risk,,11.96,True,False,46356.88,40,0.12,11.67
SUB00993,02/19/26,Paramount+ with Showtime,US,TV,CMP003,02/01/26,03/31/26,Roku,55,Dutton Ranch,Drama,Active,,14.75,False,True,41503.22,26,0.09,13.99
SUB00994,02/07/26,Annual Premium,US,Streaming,CMP006,01/12/26,04/15/26,Tablet,40,Dutton Ranch,Drama,New,,12.54,True,False,69517.64,55,0.11,11.67
SUB00995,02/08/26,Annual Essential,US,Radio,CMP004,01/06/26,03/15/26,Roku,48,UFC,Sports,Churned,02/23/26,5.15,False,True,41237.74,27,0.09,7.5
SUB00996,02/24/26,Annual Premium,US,TV,CMP002,01/10/26,02/15/26,Roku,24,SpongeBob,Family,Reactivated,,11.67,False,False,61748.08,36,0.08,11.67
SUB00997,02/19/26,Paramount+ with Showtime,UK,Radio,CMP004,01/06/26,03/15/26,Tablet,22,Elsbeth,Procedural,Active,,15.91,False,True,41237.74,27,0.09,13.99
SUB00998,02/20/26,Annual Essential,US,Radio,CMP005,03/01/26,04/30/26,Mobile,46,Coldwater,Drama,New,,7.59,False,False,22144.53,14,0.09,7.5
SUB00999,02/17/26,Paramount+ with Showtime,US,Streaming,CMP006,01/12/26,04/15/26,Tablet,24,1923,Drama,Churned,03/15/26,12.98,False,True,69517.64,55,0.11,13.99
SUB01000,02/14/26,Paramount+ with Showtime,AU,Digital,CMP010,01/15/26,03/31/26,Smart TV,20,The Madison,Drama,Active,,13.48,True,True,40279.22,40,0.14,13.99
SUB01001,02/23/26,Paramount+ with Showtime,US,Digital,CMP010,01/15/26,03/31/26,Tablet,18,Ghosts,Comedy,Active,,12.83,True,True,40279.22,40,0.14,13.99
SUB01002,02/17/26,Paramount+ with Showtime,US,Streaming,CMP006,01/12/26,04/15/26,Roku,64,South Park,Comedy,New,,12.91,True,True,69517.64,55,0.11,13.99
SUB01003,02/07/26,Annual Essential,MX,Digital,CMP010,01/15/26,03/31/26,Fire TV,44,Dexter,Thriller,New,,6.98,False,False,40279.22,40,0.14,7.5
SUB01004,02/08/26,Annual Premium,US,Streaming,CMP007,02/10/26,03/20/26,Desktop,31,Coldwater,Drama,Active,,12.39,True,False,39937.36,33,0.115,11.67
SUB01005,02/02/26,Paramount+ with Showtime,CA,Social,CMP015,02/05/26,04/05/26,Fire TV,19,NCIS,Procedural,Churned,03/18/26,11.11,True,True,22618.05,24,0.15,13.99
SUB01006,02/13/26,Essential,CA,OOH,CMP013,02/01/26,04/15/26,Desktop,52,Dexter,Thriller,Active,,11.27,False,False,27040.0,25,0.13,13.99
SUB01007,02/27/26,Annual Essential,US,OOH,CMP012,01/08/26,04/30/26,Desktop,31,The Curse,Comedy,Active,,8.71,False,False,46356.88,40,0.12,7.5
SUB01008,02/06/26,Annual Essential,US,OOH,CMP012,01/08/26,04/30/26,Fire TV,31,Ghosts,Comedy,Active,,8.52,False,False,46356.88,40,0.12,7.5
SUB01009,02/02/26,Annual Essential,AU,Social,CMP014,01/10/26,03/10/26,Fire TV,18,Tulsa King,Drama,Reactivated,,7.16,True,False,25458.31,29,0.16,7.5
SUB01010,02/05/26,Essential,US,Social,CMP014,01/10/26,03/10/26,Desktop,44,Sonic 3,Family,Active,,14.18,False,False,25458.31,29,0.16,13.99
SUB01011,02/22/26,Essential,CA,TV,CMP002,01/10/26,02/15/26,Mobile,18,UFC,Sports,Active,,13.85,False,False,61748.08,36,0.08,13.99
SUB01012,02/18/26,Paramount+ with Showtime,MX,TV,CMP002,01/10/26,02/15/26,Roku,24,NCIS,Procedural,Active,,12.84,False,True,61748.08,36,0.08,13.99
SUB01013,02/15/26,Essential,CA,Radio,CMP004,01/06/26,03/15/26,Mobile,33,Boomerang,Comedy,Active,,12.43,True,True,41237.74,27,0.09,13.99
SUB01014,02/23/26,Essential,US,Radio,CMP005,03/01/26,04/30/26,Smart TV,35,Love & Hip Hop Miami,Reality,At-Risk,,14.33,False,False,22144.53,14,0.09,13.99
SUB01015,02/25/26,Essential,US,Radio,CMP004,01/06/26,03/15/26,Roku,29,South Park,Comedy,Churned,04/01/26,13.48,False,False,41237.74,27,0.09,13.99
SUB01016,02/24/26,Paramount+ with Showtime,US,Streaming,CMP006,01/12/26,04/15/26,Smart TV,18,Mission Impossible,Action,At-Risk,,13.71,False,True,69517.64,55,0.11,13.99
SUB01017,02/03/26,Essential,US,Streaming,CMP008,01/20/26,02/28/26,Fire TV,43,Coldwater,Drama,New,,13.16,False,True,33297.18,27,0.11,13.99
SUB01018,02/13/26,Essential,US,TV,CMP003,02/01/26,03/31/26,Smart TV,28,Coldwater,Drama,Active,,12.74,True,True,41503.22,26,0.09,13.99
SUB01019,02/22/26,Paramount+ with Showtime,US,TV,CMP001,01/05/26,02/28/26,Roku,62,Boomerang,Comedy,New,,13.87,False,True,56894.89,36,0.0849999999999999,13.99
SUB01020,02/08/26,Essential,US,OOH,CMP013,02/01/26,04/15/26,Fire TV,40,Elsbeth,Procedural,Churned,03/29/26,11.93,True,False,27040.0,25,0.13,13.99
SUB01021,02/26/26,Paramount+ with Showtime,US,Radio,CMP004,01/06/26,03/15/26,Mobile,42,Elsbeth,Procedural,Churned,03/21/26,12.87,False,True,41237.74,27,0.09,13.99
SUB01022,02/16/26,Paramount+ with Showtime,CA,Digital,CMP011,02/15/26,04/01/26,Fire TV,30,Love & Hip Hop Miami,Reality,Active,,13.78,False,True,45566.52,49,0.15,13.99
SUB01023,02/01/26,Annual Premium,CA,Radio,CMP004,01/06/26,03/15/26,Tablet,62,Sonic 3,Family,At-Risk,,11.58,True,False,41237.74,27,0.09,11.67
SUB01024,02/19/26,Paramount+ with Showtime,US,Streaming,CMP007,02/10/26,03/20/26,Fire TV,47,Dutton Ranch,Drama,Active,,15.61,False,True,39937.36,33,0.115,13.99
SUB01025,02/25/26,Annual Premium,US,OOH,CMP012,01/08/26,04/30/26,Fire TV,40,NCIS,Procedural,New,,11.44,False,False,46356.88,40,0.12,11.67
SUB01026,02/09/26,Essential,US,Digital,CMP010,01/15/26,03/31/26,Tablet,63,SpongeBob,Family,New,,15.13,False,False,40279.22,40,0.14,13.99
SUB01027,02/21/26,Essential,US,Digital,CMP011,02/15/26,04/01/26,Tablet,41,The Guest,Thriller,Churned,03/04/26,13.53,True,False,45566.52,49,0.15,13.99
SUB01028,02/12/26,Paramount+ with Showtime,US,Radio,CMP005,03/01/26,04/30/26,Tablet,39,The Chi,Drama,New,,12.85,False,True,22144.53,14,0.09,13.99
SUB01029,02/17/26,Essential,UK,TV,CMP002,01/10/26,02/15/26,Mobile,35,Elsbeth,Procedural,Active,,14.49,False,False,61748.08,36,0.08,13.99
SUB01030,02/23/26,Annual Premium,US,Streaming,CMP008,01/20/26,02/28/26,Desktop,55,Elsbeth,Procedural,New,,11.4,True,True,33297.18,27,0.11,11.67
SUB01031,02/22/26,Annual Essential,US,TV,CMP002,01/10/26,02/15/26,Smart TV,18,SpongeBob,Family,Reactivated,,6.88,True,False,61748.08,36,0.08,7.5
SUB01032,02/01/26,Annual Essential,US,Streaming,CMP007,02/10/26,03/20/26,Smart TV,43,Sonic 3,Family,New,,8.24,True,False,39937.36,33,0.115,7.5
SUB01033,02/02/26,Essential,AU,OOH,CMP012,01/08/26,04/30/26,Fire TV,52,Dutton Ranch,Drama,New,,14.52,False,False,46356.88,40,0.12,13.99
SUB01034,02/09/26,Paramount+ with Showtime,US,Social,CMP016,03/01/26,04/30/26,Mobile,46,Mission Impossible,Action,Reactivated,,14.92,False,True,13079.15,14,0.15,13.99
SUB01035,02/14/26,Annual Essential,US,OOH,CMP013,02/01/26,04/15/26,Tablet,61,The Guest,Thriller,Active,,7.51,False,False,27040.0,25,0.13,7.5
SUB01036,02/05/26,Annual Premium,AU,Streaming,CMP008,01/20/26,02/28/26,Smart TV,43,Yellowjackets,Drama,Active,,12.41,False,False,33297.18,27,0.11,11.67
SUB01037,02/18/26,Essential,US,Social,CMP015,02/05/26,04/05/26,Roku,44,MobLand,Drama,Active,,12.4,True,False,22618.05,24,0.15,13.99
SUB01038,02/15/26,Annual Premium,AU,OOH,CMP013,02/01/26,04/15/26,Roku,34,Ghosts,Comedy,New,,10.82,False,False,27040.0,25,0.13,11.67
SUB01039,02/03/26,Paramount+ with Showtime,UK,TV,CMP002,01/10/26,02/15/26,Fire TV,43,The Madison,Drama,Churned,04/02/26,13.28,False,True,61748.08,36,0.08,13.99
SUB01040,02/13/26,Annual Premium,MX,Social,CMP014,01/10/26,03/10/26,Smart TV,27,NCIS,Procedural,Active,,11.31,True,False,25458.31,29,0.16,11.67
SUB01041,02/04/26,Paramount+ with Showtime,MX,Social,CMP016,03/01/26,04/30/26,Desktop,31,MobLand,Drama,Churned,03/07/26,11.19,True,True,13079.15,14,0.15,13.99
SUB01042,02/23/26,Annual Premium,CA,Digital,CMP011,02/15/26,04/01/26,Tablet,32,UFC,Sports,Churned,03/08/26,10.87,False,False,45566.52,49,0.15,11.67
SUB01043,02/24/26,Paramount+ with Showtime,CA,TV,CMP002,01/10/26,02/15/26,Roku,18,Mission Impossible,Action,Active,,13.31,True,True,61748.08,36,0.08,13.99
SUB01044,02/04/26,Essential,US,Digital,CMP011,02/15/26,04/01/26,Roku,32,Dutton Ranch,Drama,Active,,13.5,True,False,45566.52,49,0.15,13.99
SUB01045,02/27/26,Essential,US,Social,CMP014,01/10/26,03/10/26,Desktop,18,UFC,Sports,Active,,13.61,True,False,25458.31,29,0.16,13.99
SUB01046,02/05/26,Annual Premium,US,Social,CMP014,01/10/26,03/10/26,Mobile,44,UFC,Sports,Active,,11.14,False,False,25458.31,29,0.16,11.67
SUB01047,02/19/26,Annual Essential,US,Digital,CMP009,01/01/26,04/30/26,Mobile,44,The Guest,Thriller,New,,8.46,False,False,70866.81,75,0.1475,7.5
SUB01048,02/19/26,Annual Essential,US,Digital,CMP009,01/01/26,04/30/26,Fire TV,18,Yellowjackets,Drama,New,,6.29,True,False,70866.81,75,0.1475,7.5
SUB01049,02/15/26,Annual Essential,US,Digital,CMP009,01/01/26,04/30/26,Mobile,44,Landman,Drama,At-Risk,,7.17,False,False,70866.81,75,0.1475,7.5
SUB01050,02/17/26,Paramount+ with Showtime,US,Radio,CMP005,03/01/26,04/30/26,Tablet,28,Love & Hip Hop Miami,Reality,New,,12.67,True,True,22144.53,14,0.09,13.99
SUB01051,02/13/26,Annual Essential,US,Digital,CMP010,01/15/26,03/31/26,Smart TV,49,NFL,Sports,Active,,4.64,True,False,40279.22,40,0.14,7.5
SUB01052,02/23/26,Annual Premium,US,TV,CMP001,01/05/26,02/28/26,Smart TV,32,Love & Hip Hop Miami,Reality,At-Risk,,10.1,False,False,56894.89,36,0.0849999999999999,11.67
SUB01053,02/22/26,Annual Premium,US,Social,CMP014,01/10/26,03/10/26,Desktop,20,The Madison,Drama,Active,,12.76,False,False,25458.31,29,0.16,11.67
SUB01054,02/25/26,Annual Premium,US,Radio,CMP005,03/01/26,04/30/26,Mobile,42,RuPaul Drag Race All Stars,Reality,At-Risk,,12.2,False,False,22144.53,14,0.09,11.67
SUB01055,02/27/26,Annual Premium,US,Streaming,CMP008,01/20/26,02/28/26,Fire TV,31,1923,Drama,Active,,10.57,False,False,33297.18,27,0.11,11.67
SUB01056,02/10/26,Essential,US,TV,CMP003,02/01/26,03/31/26,Desktop,18,Paw Patrol,Family,Active,,13.42,True,False,41503.22,26,0.09,13.99
SUB01057,02/02/26,Annual Essential,US,Social,CMP014,01/10/26,03/10/26,Roku,36,The Madison,Drama,Active,,6.71,False,False,25458.31,29,0.16,7.5
SUB01058,02/21/26,Annual Premium,US,TV,CMP003,02/01/26,03/31/26,Smart TV,46,1923,Drama,New,,11.94,True,False,41503.22,26,0.09,11.67
SUB01059,02/13/26,Essential,US,TV,CMP003,02/01/26,03/31/26,Smart TV,23,NFL,Sports,Active,,12.48,False,False,41503.22,26,0.09,13.99
SUB01060,02/01/26,Annual Essential,US,Social,CMP015,02/05/26,04/05/26,Tablet,30,Boomerang,Comedy,Active,,7.64,True,False,22618.05,24,0.15,7.5
SUB01061,02/03/26,Annual Premium,UK,Streaming,CMP007,02/10/26,03/20/26,Desktop,51,1923,Drama,At-Risk,,11.5,False,False,39937.36,33,0.115,11.67
SUB01062,02/16/26,Essential,US,Social,CMP016,03/01/26,04/30/26,Smart TV,33,Tulsa King,Drama,Active,,15.14,False,False,13079.15,14,0.15,13.99
SUB01063,02/07/26,Annual Premium,CA,OOH,CMP012,01/08/26,04/30/26,Tablet,21,Paw Patrol,Family,Active,,11.71,True,False,46356.88,40,0.12,11.67
SUB01064,02/23/26,Annual Essential,UK,Digital,CMP011,02/15/26,04/01/26,Fire TV,63,1923,Drama,Active,,9.0,False,False,45566.52,49,0.15,7.5
SUB01065,02/09/26,Annual Premium,US,OOH,CMP012,01/08/26,04/30/26,Desktop,69,MobLand,Drama,New,,10.81,False,False,46356.88,40,0.12,11.67
SUB01066,02/01/26,Essential,US,Radio,CMP004,01/06/26,03/15/26,Mobile,18,The Guest,Thriller,Active,,11.76,True,False,41237.74,27,0.09,13.99
SUB01067,02/02/26,Essential,MX,Radio,CMP005,03/01/26,04/30/26,Smart TV,32,South Park,Comedy,At-Risk,,12.79,False,False,22144.53,14,0.09,13.99
SUB01068,02/12/26,Paramount+ with Showtime,US,Digital,CMP011,02/15/26,04/01/26,Desktop,43,UFC,Sports,New,,15.4,False,True,45566.52,49,0.15,13.99
SUB01069,02/26/26,Paramount+ with Showtime,UK,Radio,CMP004,01/06/26,03/15/26,Roku,24,Dutton Ranch,Drama,Active,,13.03,True,True,41237.74,27,0.09,13.99
SUB01070,02/10/26,Annual Essential,AU,OOH,CMP012,01/08/26,04/30/26,Fire TV,49,The Agency,Thriller,Active,,8.06,True,False,46356.88,40,0.12,7.5
SUB01071,02/27/26,Paramount+ with Showtime,CA,Digital,CMP011,02/15/26,04/01/26,Fire TV,54,Mayor of Kingstown,Drama,Active,,15.4,False,True,45566.52,49,0.15,13.99
SUB01072,02/11/26,Annual Premium,US,Digital,CMP010,01/15/26,03/31/26,Tablet,59,NCIS,Procedural,Reactivated,,13.85,False,False,40279.22,40,0.14,11.67
SUB01073,02/05/26,Paramount+ with Showtime,US,TV,CMP001,01/05/26,02/28/26,Mobile,18,Boomerang,Comedy,Reactivated,,12.59,True,True,56894.89,36,0.0849999999999999,13.99
SUB01074,02/23/26,Paramount+ with Showtime,US,Social,CMP014,01/10/26,03/10/26,Roku,48,Mission Impossible,Action,Active,,14.31,True,True,25458.31,29,0.16,13.99
SUB01075,02/02/26,Annual Essential,UK,OOH,CMP012,01/08/26,04/30/26,Desktop,57,Elsbeth,Procedural,Churned,03/01/26,7.0,True,False,46356.88,40,0.12,7.5
SUB01076,02/22/26,Paramount+ with Showtime,US,TV,CMP001,01/05/26,02/28/26,Desktop,24,The Offer,Drama,Active,,14.42,True,True,56894.89,36,0.0849999999999999,13.99
SUB01077,02/07/26,Essential,US,Social,CMP016,03/01/26,04/30/26,Tablet,48,Tracker,Action,Reactivated,,13.91,False,False,13079.15,14,0.15,13.99
SUB01078,02/13/26,Paramount+ with Showtime,AU,TV,CMP003,02/01/26,03/31/26,Desktop,18,Tulsa King,Drama,At-Risk,,15.59,False,True,41503.22,26,0.09,13.99
SUB01079,02/08/26,Annual Premium,US,Social,CMP016,03/01/26,04/30/26,Desktop,20,Watson,Procedural,Active,,11.98,True,False,13079.15,14,0.15,11.67
SUB01080,02/09/26,Essential,MX,Streaming,CMP008,01/20/26,02/28/26,Fire TV,20,NCIS,Procedural,Reactivated,,12.74,True,False,33297.18,27,0.11,13.99
SUB01081,02/15/26,Annual Essential,MX,Social,CMP015,02/05/26,04/05/26,Fire TV,38,Ghosts,Comedy,Active,,4.89,False,False,22618.05,24,0.15,7.5
SUB01082,02/09/26,Essential,US,Streaming,CMP006,01/12/26,04/15/26,Desktop,52,Mayor of Kingstown,Drama,At-Risk,,15.02,False,False,69517.64,55,0.11,13.99
SUB01083,02/21/26,Annual Essential,UK,TV,CMP001,01/05/26,02/28/26,Roku,44,Elsbeth,Procedural,Active,,7.73,True,False,56894.89,36,0.0849999999999999,7.5
SUB01084,02/02/26,Annual Premium,CA,Radio,CMP005,03/01/26,04/30/26,Fire TV,18,The Agency,Thriller,At-Risk,,11.58,False,False,22144.53,14,0.09,11.67
SUB01085,02/12/26,Essential,UK,Streaming,CMP006,01/12/26,04/15/26,Tablet,46,SpongeBob,Family,Active,,15.15,False,True,69517.64,55,0.11,13.99
SUB01086,02/03/26,Paramount+ with Showtime,US,OOH,CMP013,02/01/26,04/15/26,Roku,40,Lioness,Thriller,Active,,13.4,False,True,27040.0,25,0.13,13.99
SUB01087,02/16/26,Annual Premium,US,Streaming,CMP007,02/10/26,03/20/26,Smart TV,54,Tracker,Action,At-Risk,,12.07,False,False,39937.36,33,0.115,11.67
SUB01088,02/04/26,Paramount+ with Showtime,US,Streaming,CMP006,01/12/26,04/15/26,Fire TV,38,Mission Impossible,Action,Active,,15.06,False,True,69517.64,55,0.11,13.99
SUB01089,02/02/26,Annual Premium,US,Digital,CMP011,02/15/26,04/01/26,Smart TV,47,SpongeBob,Family,At-Risk,,11.41,False,False,45566.52,49,0.15,11.67
SUB01090,02/18/26,Essential,MX,Digital,CMP011,02/15/26,04/01/26,Fire TV,32,The Offer,Drama,Reactivated,,13.17,False,False,45566.52,49,0.15,13.99
SUB01091,02/10/26,Annual Essential,US,Social,CMP016,03/01/26,04/30/26,Fire TV,34,Coldwater,Drama,At-Risk,,7.75,True,False,13079.15,14,0.15,7.5
SUB01092,02/24/26,Paramount+ with Showtime,MX,Streaming,CMP007,02/10/26,03/20/26,Roku,48,UFC,Sports,New,,13.87,False,True,39937.36,33,0.115,13.99
SUB01093,02/08/26,Paramount+ with Showtime,US,Social,CMP016,03/01/26,04/30/26,Smart TV,54,Lioness,Thriller,Active,,14.47,False,True,13079.15,14,0.15,13.99
SUB01094,02/20/26,Paramount+ with Showtime,CA,Radio,CMP004,01/06/26,03/15/26,Smart TV,45,Dexter,Thriller,Active,,13.84,False,True,41237.74,27,0.09,13.99
SUB01095,02/06/26,Paramount+ with Showtime,US,OOH,CMP012,01/08/26,04/30/26,Desktop,18,Mission Impossible,Action,Active,,12.57,False,True,46356.88,40,0.12,13.99
SUB01096,02/27/26,Essential,US,Streaming,CMP006,01/12/26,04/15/26,Smart TV,59,The Guest,Thriller,At-Risk,,14.22,False,False,69517.64,55,0.11,13.99
SUB01097,02/23/26,Annual Essential,UK,Radio,CMP005,03/01/26,04/30/26,Smart TV,29,South Park,Comedy,Churned,04/09/26,7.95,False,False,22144.53,14,0.09,7.5
SUB01098,02/03/26,Paramount+ with Showtime,US,Streaming,CMP006,01/12/26,04/15/26,Smart TV,18,RuPaul Drag Race All Stars,Reality,At-Risk,,14.34,False,True,69517.64,55,0.11,13.99
SUB01099,02/23/26,Paramount+ with Showtime,US,TV,CMP002,01/10/26,02/15/26,Mobile,21,Yellowjackets,Drama,Active,,14.73,True,True,61748.08,36,0.08,13.99
SUB01100,02/15/26,Essential,MX,Social,CMP016,03/01/26,04/30/26,Fire TV,24,Dutton Ranch,Drama,Active,,13.28,False,False,13079.15,14,0.15,13.99
SUB01101,02/11/26,Paramount+ with Showtime,US,Social,CMP015,02/05/26,04/05/26,Tablet,42,RuPaul Drag Race All Stars,Reality,Reactivated,,13.75,True,True,22618.05,24,0.15,13.99
SUB01102,02/05/26,Paramount+ with Showtime,US,Social,CMP014,01/10/26,03/10/26,Desktop,23,South Park,Comedy,Active,,14.54,True,True,25458.31,29,0.16,13.99
SUB01103,02/12/26,Annual Premium,AU,Digital,CMP009,01/01/26,04/30/26,Roku,45,Elsbeth,Procedural,Active,,13.77,False,False,70866.81,75,0.1475,11.67
SUB01104,02/25/26,Essential,US,TV,CMP003,02/01/26,03/31/26,Roku,37,NCIS,Procedural,Churned,03/13/26,13.15,False,False,41503.22,26,0.09,13.99
SUB01105,02/01/26,Annual Essential,US,Radio,CMP004,01/06/26,03/15/26,Smart TV,67,Sonic 3,Family,Churned,03/14/26,5.91,True,False,41237.74,27,0.09,7.5
SUB01106,02/23/26,Essential,US,Social,CMP014,01/10/26,03/10/26,Desktop,43,NFL,Sports,At-Risk,,13.32,False,False,25458.31,29,0.16,13.99
SUB01107,02/12/26,Annual Premium,US,TV,CMP001,01/05/26,02/28/26,Desktop,53,NFL,Sports,Active,,12.47,False,False,56894.89,36,0.0849999999999999,11.67
SUB01108,02/23/26,Annual Essential,US,OOH,CMP012,01/08/26,04/30/26,Tablet,25,Tracker,Action,Active,,6.95,True,False,46356.88,40,0.12,7.5
SUB01109,02/21/26,Annual Premium,US,OOH,CMP012,01/08/26,04/30/26,Mobile,53,Ghosts,Comedy,At-Risk,,11.61,True,False,46356.88,40,0.12,11.67
SUB01110,02/10/26,Essential,CA,Radio,CMP005,03/01/26,04/30/26,Mobile,29,The Guest,Thriller,Active,,13.79,True,False,22144.53,14,0.09,13.99
SUB01111,02/07/26,Annual Essential,US,Social,CMP016,03/01/26,04/30/26,Mobile,50,Dutton Ranch,Drama,At-Risk,,9.02,False,False,13079.15,14,0.15,7.5
SUB01112,02/06/26,Essential,CA,Social,CMP016,03/01/26,04/30/26,Desktop,46,The Chi,Drama,At-Risk,,12.97,False,False,13079.15,14,0.15,13.99
SUB01113,02/04/26,Annual Premium,AU,Digital,CMP010,01/15/26,03/31/26,Desktop,18,Criminal Minds,Procedural,New,,12.15,False,False,40279.22,40,0.14,11.67
SUB01114,02/15/26,Annual Premium,AU,Streaming,CMP006,01/12/26,04/15/26,Desktop,63,Ghosts,Comedy,Reactivated,,11.79,True,False,69517.64,55,0.11,11.67
SUB01115,02/14/26,Annual Essential,US,TV,CMP003,02/01/26,03/31/26,Mobile,23,The Guest,Thriller,Active,,6.75,False,False,41503.22,26,0.09,7.5
SUB01116,02/26/26,Essential,US,Radio,CMP005,03/01/26,04/30/26,Desktop,60,Ghosts,Comedy,Active,,15.36,True,False,22144.53,14,0.09,13.99
SUB01117,02/10/26,Paramount+ with Showtime,UK,Streaming,CMP006,01/12/26,04/15/26,Desktop,47,Tracker,Action,At-Risk,,14.19,False,True,69517.64,55,0.11,13.99
SUB01118,02/05/26,Essential,AU,Social,CMP015,02/05/26,04/05/26,Roku,33,UFC,Sports,At-Risk,,14.4,False,False,22618.05,24,0.15,13.99
SUB01119,02/03/26,Essential,MX,TV,CMP003,02/01/26,03/31/26,Fire TV,29,Tracker,Action,At-Risk,,12.55,False,False,41503.22,26,0.09,13.99
SUB01120,02/10/26,Paramount+ with Showtime,US,Radio,CMP004,01/06/26,03/15/26,Roku,18,Criminal Minds,Procedural,Churned,03/02/26,11.83,False,True,41237.74,27,0.09,13.99
SUB01121,02/04/26,Paramount+ with Showtime,US,Digital,CMP011,02/15/26,04/01/26,Roku,21,Landman,Drama,Reactivated,,12.01,False,True,45566.52,49,0.15,13.99
SUB01122,02/21/26,Annual Premium,US,Streaming,CMP007,02/10/26,03/20/26,Tablet,19,The Chi,Drama,Active,,12.68,True,False,39937.36,33,0.115,11.67
SUB01123,02/04/26,Annual Premium,AU,OOH,CMP012,01/08/26,04/30/26,Fire TV,30,Dexter,Thriller,Active,,11.79,True,False,46356.88,40,0.12,11.67
SUB01124,02/15/26,Annual Premium,US,Social,CMP015,02/05/26,04/05/26,Tablet,39,Yellowjackets,Drama,At-Risk,,10.75,False,True,22618.05,24,0.15,11.67
SUB01125,02/18/26,Paramount+ with Showtime,CA,TV,CMP002,01/10/26,02/15/26,Desktop,58,MobLand,Drama,Active,,12.37,True,True,61748.08,36,0.08,13.99
SUB01126,02/25/26,Paramount+ with Showtime,MX,Social,CMP015,02/05/26,04/05/26,Roku,23,Boomerang,Comedy,Active,,11.5,False,True,22618.05,24,0.15,13.99
SUB01127,02/11/26,Essential,US,OOH,CMP013,02/01/26,04/15/26,Desktop,45,Coldwater,Drama,At-Risk,,16.08,False,False,27040.0,25,0.13,13.99
SUB01128,02/20/26,Annual Essential,US,Social,CMP015,02/05/26,04/05/26,Roku,54,Boomerang,Comedy,Active,,8.85,False,True,22618.05,24,0.15,7.5
SUB01129,02/27/26,Paramount+ with Showtime,AU,Radio,CMP005,03/01/26,04/30/26,Fire TV,53,Watson,Procedural,At-Risk,,13.75,False,True,22144.53,14,0.09,13.99
SUB01130,02/18/26,Paramount+ with Showtime,CA,TV,CMP002,01/10/26,02/15/26,Fire TV,39,Mayor of Kingstown,Drama,Active,,14.11,False,True,61748.08,36,0.08,13.99
SUB01131,02/13/26,Annual Premium,US,TV,CMP001,01/05/26,02/28/26,Mobile,18,MobLand,Drama,New,,11.33,False,False,56894.89,36,0.0849999999999999,11.67
SUB01132,02/21/26,Essential,US,OOH,CMP012,01/08/26,04/30/26,Roku,36,UFC,Sports,Active,,12.61,True,False,46356.88,40,0.12,13.99
SUB01133,02/24/26,Paramount+ with Showtime,MX,Social,CMP015,02/05/26,04/05/26,Desktop,45,NCIS,Procedural,Active,,14.52,True,True,22618.05,24,0.15,13.99
SUB01134,02/26/26,Annual Essential,US,Social,CMP014,01/10/26,03/10/26,Tablet,32,Sonic 3,Family,New,,7.65,True,False,25458.31,29,0.16,7.5
SUB01135,02/06/26,Annual Essential,US,Streaming,CMP006,01/12/26,04/15/26,Desktop,40,Tracker,Action,New,,8.06,False,False,69517.64,55,0.11,7.5
SUB01136,02/07/26,Annual Premium,US,TV,CMP003,02/01/26,03/31/26,Roku,18,1923,Drama,Active,,11.74,False,True,41503.22,26,0.09,11.67
SUB01137,02/12/26,Essential,US,OOH,CMP012,01/08/26,04/30/26,Fire TV,34,Sonic 3,Family,At-Risk,,13.22,True,False,46356.88,40,0.12,13.99
SUB01138,02/18/26,Annual Premium,US,TV,CMP002,01/10/26,02/15/26,Smart TV,32,Lioness,Thriller,At-Risk,,11.23,False,False,61748.08,36,0.08,11.67
SUB01139,02/26/26,Annual Essential,US,Radio,CMP004,01/06/26,03/15/26,Fire TV,30,Elsbeth,Procedural,At-Risk,,7.77,True,False,41237.74,27,0.09,7.5
SUB01140,02/07/26,Annual Essential,US,Social,CMP014,01/10/26,03/10/26,Smart TV,40,The Guest,Thriller,At-Risk,,6.51,True,True,25458.31,29,0.16,7.5
SUB01141,02/17/26,Annual Premium,US,Radio,CMP004,01/06/26,03/15/26,Desktop,29,Ghosts,Comedy,Churned,03/27/26,10.35,True,False,41237.74,27,0.09,11.67
SUB01142,02/12/26,Paramount+ with Showtime,US,OOH,CMP013,02/01/26,04/15/26,Roku,43,South Park,Comedy,New,,14.9,False,True,27040.0,25,0.13,13.99
SUB01143,02/18/26,Paramount+ with Showtime,US,Social,CMP015,02/05/26,04/05/26,Roku,41,Elsbeth,Procedural,Reactivated,,14.79,False,True,22618.05,24,0.15,13.99
SUB01144,02/25/26,Annual Essential,US,OOH,CMP013,02/01/26,04/15/26,Smart TV,53,SpongeBob,Family,Churned,04/18/26,7.46,True,False,27040.0,25,0.13,7.5
SUB01145,02/17/26,Paramount+ with Showtime,CA,Radio,CMP005,03/01/26,04/30/26,Desktop,45,Dutton Ranch,Drama,Active,,15.48,True,True,22144.53,14,0.09,13.99
SUB01146,02/21/26,Annual Essential,US,Streaming,CMP007,02/10/26,03/20/26,Tablet,50,Dutton Ranch,Drama,New,,6.77,False,True,39937.36,33,0.115,7.5
SUB01147,02/21/26,Essential,CA,Streaming,CMP008,01/20/26,02/28/26,Tablet,19,The Madison,Drama,At-Risk,,13.73,False,False,33297.18,27,0.11,13.99
SUB01148,02/05/26,Essential,MX,Digital,CMP011,02/15/26,04/01/26,Smart TV,29,Landman,Drama,Churned,04/01/26,12.76,False,False,45566.52,49,0.15,13.99
SUB01149,02/28/26,Annual Premium,US,TV,CMP002,01/10/26,02/15/26,Fire TV,47,Tulsa King,Drama,Active,,11.18,True,False,61748.08,36,0.08,11.67
SUB01150,02/17/26,Annual Essential,US,Digital,CMP010,01/15/26,03/31/26,Tablet,26,Sonic 3,Family,Churned,02/27/26,5.83,False,False,40279.22,40,0.14,7.5
SUB01151,02/03/26,Paramount+ with Showtime,AU,Digital,CMP010,01/15/26,03/31/26,Fire TV,31,Love & Hip Hop Miami,Reality,Active,,13.42,True,True,40279.22,40,0.14,13.99
SUB01152,02/11/26,Essential,CA,Digital,CMP009,01/01/26,04/30/26,Smart TV,30,Dutton Ranch,Drama,Active,,14.62,True,False,70866.81,75,0.1475,13.99
SUB01153,02/19/26,Annual Premium,US,TV,CMP002,01/10/26,02/15/26,Fire TV,53,MobLand,Drama,Active,,11.51,True,True,61748.08,36,0.08,11.67
SUB01154,02/10/26,Essential,US,OOH,CMP012,01/08/26,04/30/26,Roku,21,The Curse,Comedy,At-Risk,,15.34,True,False,46356.88,40,0.12,13.99
SUB01155,02/06/26,Annual Essential,UK,Radio,CMP005,03/01/26,04/30/26,Mobile,40,NFL,Sports,At-Risk,,7.9,True,False,22144.53,14,0.09,7.5
SUB01156,02/09/26,Annual Essential,US,Radio,CMP005,03/01/26,04/30/26,Tablet,19,The Agency,Thriller,Churned,02/24/26,6.22,False,False,22144.53,14,0.09,7.5
SUB01157,02/05/26,Annual Essential,US,Digital,CMP010,01/15/26,03/31/26,Smart TV,31,Sonic 3,Family,Active,,6.93,True,False,40279.22,40,0.14,7.5
SUB01158,02/18/26,Essential,MX,Streaming,CMP008,01/20/26,02/28/26,Mobile,36,NCIS,Procedural,Churned,04/16/26,9.96,True,False,33297.18,27,0.11,13.99
SUB01159,02/06/26,Essential,MX,Streaming,CMP008,01/20/26,02/28/26,Roku,27,Landman,Drama,New,,13.16,False,False,33297.18,27,0.11,13.99
SUB01160,02/21/26,Paramount+ with Showtime,US,Social,CMP014,01/10/26,03/10/26,Desktop,18,Landman,Drama,At-Risk,,14.76,True,True,25458.31,29,0.16,13.99
SUB01161,02/15/26,Annual Premium,US,TV,CMP001,01/05/26,02/28/26,Tablet,33,RuPaul Drag Race All Stars,Reality,Active,,10.52,True,False,56894.89,36,0.0849999999999999,11.67
SUB01162,02/09/26,Annual Essential,US,Social,CMP014,01/10/26,03/10/26,Desktop,37,Yellowjackets,Drama,New,,7.02,False,False,25458.31,29,0.16,7.5
SUB01163,02/04/26,Annual Essential,US,TV,CMP003,02/01/26,03/31/26,Tablet,59,The Offer,Drama,Active,,7.24,False,False,41503.22,26,0.09,7.5
SUB01164,02/23/26,Annual Essential,UK,TV,CMP003,02/01/26,03/31/26,Smart TV,18,Love & Hip Hop Miami,Reality,Active,,7.01,True,False,41503.22,26,0.09,7.5
SUB01165,02/26/26,Essential,UK,Radio,CMP004,01/06/26,03/15/26,Roku,44,Tulsa King,Drama,At-Risk,,15.01,False,False,41237.74,27,0.09,13.99
SUB01166,02/06/26,Paramount+ with Showtime,US,Digital,CMP009,01/01/26,04/30/26,Roku,65,The Agency,Thriller,Active,,14.13,True,True,70866.81,75,0.1475,13.99
SUB01167,02/16/26,Essential,US,Radio,CMP004,01/06/26,03/15/26,Roku,35,Lioness,Thriller,At-Risk,,14.6,True,False,41237.74,27,0.09,13.99
SUB01168,02/13/26,Paramount+ with Showtime,US,TV,CMP001,01/05/26,02/28/26,Mobile,29,The Curse,Comedy,Active,,14.06,False,True,56894.89,36,0.0849999999999999,13.99
SUB01169,02/16/26,Annual Essential,US,Streaming,CMP007,02/10/26,03/20/26,Tablet,30,Yellowjackets,Drama,Churned,04/09/26,6.41,False,False,39937.36,33,0.115,7.5
SUB01170,02/20/26,Annual Essential,US,Social,CMP014,01/10/26,03/10/26,Roku,37,Lioness,Thriller,At-Risk,,7.23,False,False,25458.31,29,0.16,7.5
SUB01171,02/03/26,Paramount+ with Showtime,US,Radio,CMP005,03/01/26,04/30/26,Roku,55,Landman,Drama,New,,15.3,True,True,22144.53,14,0.09,13.99
SUB01172,02/06/26,Annual Essential,US,Streaming,CMP007,02/10/26,03/20/26,Tablet,18,The Guest,Thriller,Active,,7.35,True,False,39937.36,33,0.115,7.5
SUB01173,02/06/26,Annual Essential,AU,TV,CMP001,01/05/26,02/28/26,Fire TV,26,RuPaul Drag Race All Stars,Reality,Active,,8.88,False,False,56894.89,36,0.0849999999999999,7.5
SUB01174,02/09/26,Annual Essential,US,TV,CMP002,01/10/26,02/15/26,Fire TV,18,Criminal Minds,Procedural,New,,5.18,False,True,61748.08,36,0.08,7.5
SUB01175,02/04/26,Essential,AU,TV,CMP002,01/10/26,02/15/26,Smart TV,24,The Guest,Thriller,Active,,13.85,False,False,61748.08,36,0.08,13.99
SUB01176,02/09/26,Annual Premium,US,TV,CMP003,02/01/26,03/31/26,Mobile,21,Dutton Ranch,Drama,Active,,12.9,True,False,41503.22,26,0.09,11.67
SUB01177,02/12/26,Annual Premium,MX,TV,CMP002,01/10/26,02/15/26,Desktop,18,NCIS,Procedural,Active,,10.71,True,False,61748.08,36,0.08,11.67
SUB01178,02/14/26,Annual Essential,US,TV,CMP002,01/10/26,02/15/26,Tablet,64,The Madison,Drama,At-Risk,,6.91,False,False,61748.08,36,0.08,7.5
SUB01179,02/08/26,Paramount+ with Showtime,CA,Social,CMP015,02/05/26,04/05/26,Fire TV,67,Landman,Drama,Active,,15.13,False,True,22618.05,24,0.15,13.99
SUB01180,02/27/26,Annual Essential,US,Radio,CMP004,01/06/26,03/15/26,Mobile,26,Elsbeth,Procedural,New,,6.82,True,False,41237.74,27,0.09,7.5
SUB01181,02/21/26,Annual Premium,AU,Social,CMP016,03/01/26,04/30/26,Desktop,42,Ghosts,Comedy,Active,,13.1,False,False,13079.15,14,0.15,11.67
SUB01182,02/09/26,Essential,US,Digital,CMP011,02/15/26,04/01/26,Fire TV,22,Boston Blue,Procedural,Active,,14.39,False,True,45566.52,49,0.15,13.99
SUB01183,02/28/26,Annual Essential,US,TV,CMP003,02/01/26,03/31/26,Fire TV,47,Watson,Procedural,At-Risk,,7.01,False,False,41503.22,26,0.09,7.5
SUB01184,02/09/26,Annual Essential,US,Social,CMP014,01/10/26,03/10/26,Desktop,37,Yellowjackets,Drama,Active,,5.64,True,False,25458.31,29,0.16,7.5
SUB01185,02/22/26,Essential,US,Radio,CMP005,03/01/26,04/30/26,Mobile,42,Dutton Ranch,Drama,Active,,12.79,False,True,22144.53,14,0.09,13.99
SUB01186,02/08/26,Paramount+ with Showtime,CA,Digital,CMP010,01/15/26,03/31/26,Tablet,37,The Offer,Drama,Active,,13.53,True,True,40279.22,40,0.14,13.99
SUB01187,02/18/26,Paramount+ with Showtime,MX,TV,CMP002,01/10/26,02/15/26,Smart TV,36,Tracker,Action,Active,,12.62,False,True,61748.08,36,0.08,13.99
SUB01188,02/06/26,Paramount+ with Showtime,US,TV,CMP003,02/01/26,03/31/26,Roku,27,Boomerang,Comedy,New,,14.21,True,True,41503.22,26,0.09,13.99
SUB01189,02/17/26,Paramount+ with Showtime,US,Social,CMP016,03/01/26,04/30/26,Fire TV,51,SpongeBob,Family,At-Risk,,14.05,True,True,13079.15,14,0.15,13.99
SUB01190,02/14/26,Paramount+ with Showtime,US,Digital,CMP011,02/15/26,04/01/26,Desktop,53,Sonic 3,Family,Active,,15.21,False,True,45566.52,49,0.15,13.99
SUB01191,02/20/26,Annual Essential,MX,Streaming,CMP007,02/10/26,03/20/26,Smart TV,33,The Chi,Drama,At-Risk,,6.57,False,False,39937.36,33,0.115,7.5
SUB01192,02/18/26,Essential,US,Radio,CMP005,03/01/26,04/30/26,Fire TV,40,The Agency,Thriller,New,,14.23,False,False,22144.53,14,0.09,13.99
SUB01193,02/21/26,Annual Essential,US,Social,CMP016,03/01/26,04/30/26,Tablet,26,Lioness,Thriller,Active,,6.64,False,False,13079.15,14,0.15,7.5
SUB01194,02/27/26,Paramount+ with Showtime,US,TV,CMP002,01/10/26,02/15/26,Roku,23,Boomerang,Comedy,Churned,04/06/26,14.16,False,True,61748.08,36,0.08,13.99
SUB01195,02/13/26,Annual Premium,US,OOH,CMP012,01/08/26,04/30/26,Smart TV,64,The Curse,Comedy,Churned,04/01/26,10.89,False,False,46356.88,40,0.12,11.67
SUB01196,02/20/26,Annual Premium,US,Digital,CMP009,01/01/26,04/30/26,Fire TV,19,NFL,Sports,At-Risk,,10.6,False,False,70866.81,75,0.1475,11.67
SUB01197,02/01/26,Paramount+ with Showtime,US,Social,CMP015,02/05/26,04/05/26,Roku,55,The Guest,Thriller,Active,,15.29,False,True,22618.05,24,0.15,13.99
SUB01198,02/06/26,Annual Premium,CA,Social,CMP014,01/10/26,03/10/26,Smart TV,46,Sonic 3,Family,Churned,03/18/26,9.35,False,False,25458.31,29,0.16,11.67
SUB01199,02/20/26,Annual Premium,US,Streaming,CMP008,01/20/26,02/28/26,Fire TV,55,Mayor of Kingstown,Drama,Churned,03/30/26,10.17,False,False,33297.18,27,0.11,11.67
SUB01200,02/15/26,Annual Premium,UK,Social,CMP014,01/10/26,03/10/26,Mobile,52,Tracker,Action,Active,,12.27,False,False,25458.31,29,0.16,11.67
SUB01201,02/09/26,Essential,MX,Digital,CMP010,01/15/26,03/31/26,Mobile,26,The Guest,Thriller,Active,,14.19,False,True,40279.22,40,0.14,13.99
SUB01202,02/10/26,Annual Essential,MX,Social,CMP014,01/10/26,03/10/26,Mobile,38,The Madison,Drama,Reactivated,,5.56,False,False,25458.31,29,0.16,7.5
SUB01203,02/04/26,Annual Premium,MX,OOH,CMP012,01/08/26,04/30/26,Tablet,27,Love & Hip Hop Miami,Reality,Active,,9.11,False,False,46356.88,40,0.12,11.67
SUB01204,02/08/26,Paramount+ with Showtime,AU,OOH,CMP012,01/08/26,04/30/26,Mobile,32,Dexter,Thriller,Active,,14.36,False,True,46356.88,40,0.12,13.99
SUB01205,02/10/26,Essential,US,Digital,CMP010,01/15/26,03/31/26,Mobile,35,Boomerang,Comedy,Active,,14.78,False,False,40279.22,40,0.14,13.99
SUB01206,02/17/26,Paramount+ with Showtime,US,Streaming,CMP006,01/12/26,04/15/26,Smart TV,48,Landman,Drama,Active,,13.88,False,True,69517.64,55,0.11,13.99
SUB01207,02/15/26,Essential,US,Streaming,CMP008,01/20/26,02/28/26,Mobile,54,Sonic 3,Family,Active,,13.28,False,False,33297.18,27,0.11,13.99
SUB01208,02/19/26,Essential,AU,Radio,CMP004,01/06/26,03/15/26,Roku,42,South Park,Comedy,At-Risk,,13.63,True,False,41237.74,27,0.09,13.99
SUB01209,02/21/26,Annual Essential,US,Digital,CMP010,01/15/26,03/31/26,Smart TV,64,Criminal Minds,Procedural,At-Risk,,7.14,False,False,40279.22,40,0.14,7.5
SUB01210,02/06/26,Annual Premium,US,Streaming,CMP007,02/10/26,03/20/26,Desktop,48,Boomerang,Comedy,Churned,03/18/26,9.96,False,False,39937.36,33,0.115,11.67
SUB01211,02/26/26,Essential,UK,Streaming,CMP008,01/20/26,02/28/26,Roku,46,The Offer,Drama,Active,,13.85,True,False,33297.18,27,0.11,13.99
SUB01212,02/13/26,Essential,US,Social,CMP014,01/10/26,03/10/26,Mobile,48,The Offer,Drama,Churned,04/04/26,13.39,False,False,25458.31,29,0.16,13.99
SUB01213,02/15/26,Paramount+ with Showtime,US,Social,CMP014,01/10/26,03/10/26,Smart TV,33,MobLand,Drama,Churned,04/02/26,12.81,False,True,25458.31,29,0.16,13.99
SUB01214,02/02/26,Essential,MX,Radio,CMP004,01/06/26,03/15/26,Mobile,44,The Chi,Drama,Reactivated,,11.99,True,False,41237.74,27,0.09,13.99
SUB01215,02/17/26,Paramount+ with Showtime,US,Digital,CMP009,01/01/26,04/30/26,Roku,24,1923,Drama,At-Risk,,13.19,False,True,70866.81,75,0.1475,13.99
SUB01216,02/16/26,Essential,US,Social,CMP014,01/10/26,03/10/26,Desktop,22,Tulsa King,Drama,New,,13.63,True,False,25458.31,29,0.16,13.99
SUB01217,02/28/26,Essential,US,Social,CMP015,02/05/26,04/05/26,Smart TV,48,Boomerang,Comedy,Active,,14.09,True,True,22618.05,24,0.15,13.99
SUB01218,02/20/26,Annual Essential,US,Digital,CMP010,01/15/26,03/31/26,Roku,45,The Curse,Comedy,New,,7.08,False,False,40279.22,40,0.14,7.5
SUB01219,02/09/26,Annual Essential,US,TV,CMP002,01/10/26,02/15/26,Smart TV,40,Boston Blue,Procedural,Active,,7.24,True,False,61748.08,36,0.08,7.5
SUB01220,02/16/26,Paramount+ with Showtime,CA,OOH,CMP013,02/01/26,04/15/26,Roku,18,Ghosts,Comedy,New,,15.56,False,True,27040.0,25,0.13,13.99
SUB01221,02/07/26,Essential,US,Streaming,CMP006,01/12/26,04/15/26,Fire TV,32,Coldwater,Drama,Reactivated,,13.77,True,False,69517.64,55,0.11,13.99
SUB01222,02/07/26,Annual Essential,US,Social,CMP016,03/01/26,04/30/26,Tablet,42,The Guest,Thriller,Active,,6.26,True,False,13079.15,14,0.15,7.5
SUB01223,02/21/26,Essential,US,TV,CMP002,01/10/26,02/15/26,Roku,48,Sonic 3,Family,Churned,04/10/26,12.55,True,False,61748.08,36,0.08,13.99
SUB01224,02/12/26,Annual Essential,US,Streaming,CMP008,01/20/26,02/28/26,Desktop,42,Boston Blue,Procedural,Reactivated,,8.66,False,False,33297.18,27,0.11,7.5
SUB01225,02/02/26,Paramount+ with Showtime,US,Social,CMP015,02/05/26,04/05/26,Desktop,21,Dutton Ranch,Drama,At-Risk,,13.95,False,True,22618.05,24,0.15,13.99
SUB01226,02/09/26,Paramount+ with Showtime,AU,TV,CMP003,02/01/26,03/31/26,Tablet,39,Paw Patrol,Family,Active,,13.73,True,True,41503.22,26,0.09,13.99
SUB01227,02/17/26,Paramount+ with Showtime,US,TV,CMP003,02/01/26,03/31/26,Tablet,54,Paw Patrol,Family,New,,13.36,False,True,41503.22,26,0.09,13.99
SUB01228,02/25/26,Paramount+ with Showtime,US,Radio,CMP004,01/06/26,03/15/26,Tablet,32,The Guest,Thriller,At-Risk,,15.18,False,True,41237.74,27,0.09,13.99
SUB01229,02/09/26,Annual Essential,UK,TV,CMP002,01/10/26,02/15/26,Roku,46,South Park,Comedy,Active,,9.77,True,True,61748.08,36,0.08,7.5
SUB01230,02/14/26,Paramount+ with Showtime,US,TV,CMP003,02/01/26,03/31/26,Roku,41,1923,Drama,Churned,03/05/26,12.54,True,True,41503.22,26,0.09,13.99
SUB01231,02/18/26,Annual Essential,CA,Social,CMP015,02/05/26,04/05/26,Fire TV,45,Ghosts,Comedy,Active,,8.68,False,False,22618.05,24,0.15,7.5
SUB01232,02/25/26,Paramount+ with Showtime,US,OOH,CMP013,02/01/26,04/15/26,Mobile,52,Ghosts,Comedy,At-Risk,,14.2,False,True,27040.0,25,0.13,13.99
SUB01233,02/09/26,Annual Premium,US,TV,CMP002,01/10/26,02/15/26,Roku,29,Tracker,Action,New,,12.07,True,False,61748.08,36,0.08,11.67
SUB01234,02/17/26,Annual Premium,US,Digital,CMP009,01/01/26,04/30/26,Desktop,34,Boomerang,Comedy,Active,,13.23,False,False,70866.81,75,0.1475,11.67
SUB01235,02/24/26,Annual Essential,UK,Social,CMP014,01/10/26,03/10/26,Tablet,25,Boomerang,Comedy,At-Risk,,7.1,True,False,25458.31,29,0.16,7.5
SUB01236,02/20/26,Essential,CA,OOH,CMP013,02/01/26,04/15/26,Smart TV,42,Love & Hip Hop Miami,Reality,Active,,15.03,False,True,27040.0,25,0.13,13.99
SUB01237,02/05/26,Essential,US,Digital,CMP011,02/15/26,04/01/26,Desktop,43,The Curse,Comedy,Churned,03/28/26,11.73,False,False,45566.52,49,0.15,13.99
SUB01238,02/01/26,Essential,CA,TV,CMP002,01/10/26,02/15/26,Smart TV,19,Yellowjackets,Drama,At-Risk,,11.68,False,False,61748.08,36,0.08,13.99
SUB01239,02/18/26,Paramount+ with Showtime,US,Streaming,CMP007,02/10/26,03/20/26,Desktop,52,The Offer,Drama,Active,,17.25,False,True,39937.36,33,0.115,13.99
SUB01240,02/06/26,Annual Essential,MX,Social,CMP015,02/05/26,04/05/26,Tablet,70,Mission Impossible,Action,Churned,02/22/26,4.81,True,False,22618.05,24,0.15,7.5
SUB01241,02/22/26,Annual Essential,AU,Radio,CMP004,01/06/26,03/15/26,Smart TV,51,1923,Drama,Active,,6.32,True,False,41237.74,27,0.09,7.5
SUB01242,02/05/26,Paramount+ with Showtime,US,Streaming,CMP006,01/12/26,04/15/26,Roku,18,Mayor of Kingstown,Drama,Reactivated,,14.27,False,True,69517.64,55,0.11,13.99
SUB01243,02/07/26,Annual Premium,US,TV,CMP002,01/10/26,02/15/26,Fire TV,44,Mayor of Kingstown,Drama,Active,,11.0,False,False,61748.08,36,0.08,11.67
SUB01244,02/04/26,Paramount+ with Showtime,AU,OOH,CMP012,01/08/26,04/30/26,Roku,18,UFC,Sports,New,,12.93,True,True,46356.88,40,0.12,13.99
SUB01245,02/17/26,Annual Essential,US,Streaming,CMP007,02/10/26,03/20/26,Desktop,18,MobLand,Drama,Active,,8.08,False,False,39937.36,33,0.115,7.5
SUB01246,02/27/26,Paramount+ with Showtime,US,TV,CMP002,01/10/26,02/15/26,Desktop,36,RuPaul Drag Race All Stars,Reality,Reactivated,,13.9,False,True,61748.08,36,0.08,13.99
SUB01247,02/24/26,Annual Premium,CA,Radio,CMP005,03/01/26,04/30/26,Mobile,32,South Park,Comedy,Active,,10.58,False,True,22144.53,14,0.09,11.67
SUB01248,02/23/26,Paramount+ with Showtime,US,Radio,CMP004,01/06/26,03/15/26,Roku,45,NFL,Sports,New,,14.45,False,True,41237.74,27,0.09,13.99
SUB01249,02/06/26,Essential,CA,Radio,CMP005,03/01/26,04/30/26,Mobile,24,Lioness,Thriller,At-Risk,,11.64,False,False,22144.53,14,0.09,13.99
SUB01250,02/16/26,Paramount+ with Showtime,US,Digital,CMP009,01/01/26,04/30/26,Roku,40,UFC,Sports,Active,,13.06,False,True,70866.81,75,0.1475,13.99
SUB01251,02/02/26,Paramount+ with Showtime,US,Streaming,CMP007,02/10/26,03/20/26,Smart TV,29,The Madison,Drama,Active,,14.68,True,True,39937.36,33,0.115,13.99
SUB01252,02/03/26,Essential,US,Social,CMP014,01/10/26,03/10/26,Desktop,31,Sonic 3,Family,At-Risk,,11.66,True,True,25458.31,29,0.16,13.99
SUB01253,02/01/26,Essential,UK,TV,CMP003,02/01/26,03/31/26,Desktop,39,Coldwater,Drama,Churned,03/02/26,13.35,True,False,41503.22,26,0.09,13.99
SUB01254,02/07/26,Annual Premium,US,Streaming,CMP008,01/20/26,02/28/26,Mobile,37,RuPaul Drag Race All Stars,Reality,New,,11.84,False,False,33297.18,27,0.11,11.67
SUB01255,02/20/26,Paramount+ with Showtime,AU,Radio,CMP005,03/01/26,04/30/26,Roku,26,RuPaul Drag Race All Stars,Reality,At-Risk,,14.49,False,True,22144.53,14,0.09,13.99
SUB01256,02/09/26,Essential,US,Digital,CMP011,02/15/26,04/01/26,Tablet,38,The Curse,Comedy,Active,,15.17,False,False,45566.52,49,0.15,13.99
SUB01257,02/02/26,Essential,US,Digital,CMP011,02/15/26,04/01/26,Roku,47,Landman,Drama,New,,15.09,False,False,45566.52,49,0.15,13.99
SUB01258,02/16/26,Annual Premium,US,Digital,CMP011,02/15/26,04/01/26,Fire TV,31,The Chi,Drama,Churned,03/28/26,9.21,True,False,45566.52,49,0.15,11.67
SUB01259,02/04/26,Essential,AU,Social,CMP015,02/05/26,04/05/26,Desktop,18,Mayor of Kingstown,Drama,New,,12.46,False,False,22618.05,24,0.15,13.99
SUB01260,02/25/26,Annual Essential,US,Streaming,CMP007,02/10/26,03/20/26,Tablet,20,The Agency,Thriller,Reactivated,,6.48,True,False,39937.36,33,0.115,7.5
SUB01261,02/05/26,Annual Essential,CA,Streaming,CMP008,01/20/26,02/28/26,Smart TV,35,Lioness,Thriller,Active,,6.32,False,True,33297.18,27,0.11,7.5
SUB01262,02/18/26,Annual Premium,AU,OOH,CMP013,02/01/26,04/15/26,Smart TV,21,NFL,Sports,At-Risk,,11.34,False,False,27040.0,25,0.13,11.67
SUB01263,02/25/26,Essential,AU,Social,CMP014,01/10/26,03/10/26,Roku,42,Love & Hip Hop Miami,Reality,Active,,13.93,True,False,25458.31,29,0.16,13.99
SUB01264,02/23/26,Annual Essential,US,Social,CMP014,01/10/26,03/10/26,Roku,56,Tulsa King,Drama,New,,7.64,False,False,25458.31,29,0.16,7.5
SUB01265,02/18/26,Annual Essential,US,OOH,CMP012,01/08/26,04/30/26,Mobile,41,The Offer,Drama,Active,,7.67,False,False,46356.88,40,0.12,7.5
SUB01266,02/16/26,Annual Essential,AU,Streaming,CMP007,02/10/26,03/20/26,Fire TV,33,Criminal Minds,Procedural,Reactivated,,7.44,True,False,39937.36,33,0.115,7.5
SUB01267,02/02/26,Essential,UK,OOH,CMP012,01/08/26,04/30/26,Fire TV,24,Boston Blue,Procedural,Active,,12.43,True,False,46356.88,40,0.12,13.99
SUB01268,02/08/26,Essential,US,Radio,CMP004,01/06/26,03/15/26,Roku,18,Sonic 3,Family,Active,,13.79,False,False,41237.74,27,0.09,13.99
SUB01269,02/05/26,Essential,UK,Streaming,CMP008,01/20/26,02/28/26,Roku,25,UFC,Sports,Churned,02/28/26,13.25,False,False,33297.18,27,0.11,13.99
SUB01270,02/08/26,Annual Essential,MX,OOH,CMP013,02/01/26,04/15/26,Mobile,18,Boston Blue,Procedural,Active,,6.68,False,False,27040.0,25,0.13,7.5
SUB01271,02/11/26,Paramount+ with Showtime,US,Digital,CMP011,02/15/26,04/01/26,Smart TV,24,1923,Drama,New,,13.22,False,True,45566.52,49,0.15,13.99
SUB01272,02/28/26,Annual Premium,US,Streaming,CMP008,01/20/26,02/28/26,Fire TV,39,Yellowjackets,Drama,At-Risk,,10.03,False,False,33297.18,27,0.11,11.67
SUB01273,02/27/26,Annual Essential,US,OOH,CMP013,02/01/26,04/15/26,Fire TV,32,Lioness,Thriller,Reactivated,,6.68,True,False,27040.0,25,0.13,7.5
SUB01274,02/14/26,Paramount+ with Showtime,US,OOH,CMP013,02/01/26,04/15/26,Tablet,21,Elsbeth,Procedural,Churned,04/07/26,12.86,False,True,27040.0,25,0.13,13.99
SUB01275,02/22/26,Annual Premium,US,OOH,CMP013,02/01/26,04/15/26,Mobile,37,The Chi,Drama,Churned,03/21/26,10.03,False,False,27040.0,25,0.13,11.67
SUB01276,02/13/26,Annual Premium,MX,Social,CMP016,03/01/26,04/30/26,Smart TV,54,South Park,Comedy,Churned,02/25/26,9.62,False,False,13079.15,14,0.15,11.67
SUB01277,02/27/26,Annual Essential,MX,OOH,CMP013,02/01/26,04/15/26,Smart TV,54,The Chi,Drama,Active,,6.28,False,False,27040.0,25,0.13,7.5
SUB01278,02/24/26,Annual Essential,US,TV,CMP003,02/01/26,03/31/26,Desktop,30,Landman,Drama,New,,6.41,False,False,41503.22,26,0.09,7.5
SUB01279,02/24/26,Annual Essential,US,Social,CMP014,01/10/26,03/10/26,Roku,24,Tracker,Action,Active,,7.99,True,False,25458.31,29,0.16,7.5
SUB01280,02/15/26,Annual Premium,US,Digital,CMP010,01/15/26,03/31/26,Tablet,43,The Chi,Drama,Active,,10.97,True,False,40279.22,40,0.14,11.67
SUB01281,02/28/26,Annual Essential,MX,Radio,CMP004,01/06/26,03/15/26,Roku,29,Ghosts,Comedy,New,,6.78,False,False,41237.74,27,0.09,7.5
SUB01282,02/03/26,Essential,US,Social,CMP016,03/01/26,04/30/26,Mobile,18,The Offer,Drama,Churned,03/25/26,13.13,True,False,13079.15,14,0.15,13.99
SUB01283,02/25/26,Annual Essential,CA,TV,CMP002,01/10/26,02/15/26,Roku,53,Boomerang,Comedy,Active,,7.37,False,False,61748.08,36,0.08,7.5
SUB01284,02/13/26,Essential,US,Radio,CMP004,01/06/26,03/15/26,Smart TV,18,Love & Hip Hop Miami,Reality,Active,,14.2,False,False,41237.74,27,0.09,13.99
SUB01285,02/18/26,Essential,US,Digital,CMP010,01/15/26,03/31/26,Smart TV,56,Criminal Minds,Procedural,Churned,03/22/26,12.71,False,False,40279.22,40,0.14,13.99
SUB01286,02/08/26,Annual Premium,US,Digital,CMP009,01/01/26,04/30/26,Tablet,35,MobLand,Drama,At-Risk,,11.59,True,False,70866.81,75,0.1475,11.67
SUB01287,02/26/26,Annual Essential,US,TV,CMP003,02/01/26,03/31/26,Roku,27,The Offer,Drama,Churned,03/21/26,5.35,True,False,41503.22,26,0.09,7.5
SUB01288,02/07/26,Paramount+ with Showtime,UK,Social,CMP016,03/01/26,04/30/26,Desktop,26,Dexter,Thriller,Churned,03/15/26,12.97,False,True,13079.15,14,0.15,13.99
SUB01289,02/14/26,Paramount+ with Showtime,US,Social,CMP015,02/05/26,04/05/26,Desktop,32,Lioness,Thriller,At-Risk,,14.23,False,True,22618.05,24,0.15,13.99
SUB01290,02/08/26,Annual Premium,UK,Streaming,CMP008,01/20/26,02/28/26,Smart TV,61,NFL,Sports,Active,,12.98,True,False,33297.18,27,0.11,11.67
SUB01291,02/24/26,Annual Essential,US,Social,CMP014,01/10/26,03/10/26,Mobile,18,Ghosts,Comedy,New,,5.88,True,False,25458.31,29,0.16,7.5
SUB01292,02/03/26,Annual Essential,UK,Radio,CMP005,03/01/26,04/30/26,Desktop,18,Tulsa King,Drama,Active,,8.71,False,False,22144.53,14,0.09,7.5
SUB01293,02/22/26,Essential,CA,Social,CMP014,01/10/26,03/10/26,Mobile,51,SpongeBob,Family,Active,,12.69,False,False,25458.31,29,0.16,13.99
SUB01294,02/13/26,Annual Premium,US,Streaming,CMP006,01/12/26,04/15/26,Mobile,35,Boomerang,Comedy,Active,,11.98,False,False,69517.64,55,0.11,11.67
SUB01295,02/25/26,Paramount+ with Showtime,US,Digital,CMP009,01/01/26,04/30/26,Tablet,18,Love & Hip Hop Miami,Reality,Active,,13.64,False,True,70866.81,75,0.1475,13.99
SUB01296,02/20/26,Annual Essential,US,OOH,CMP012,01/08/26,04/30/26,Smart TV,45,SpongeBob,Family,Active,,7.27,False,False,46356.88,40,0.12,7.5
SUB01297,02/21/26,Paramount+ with Showtime,US,Radio,CMP004,01/06/26,03/15/26,Roku,40,The Agency,Thriller,Reactivated,,14.93,False,True,41237.74,27,0.09,13.99
SUB01298,02/05/26,Annual Essential,US,OOH,CMP013,02/01/26,04/15/26,Desktop,46,South Park,Comedy,New,,5.93,False,False,27040.0,25,0.13,7.5
SUB01299,02/07/26,Essential,US,Radio,CMP005,03/01/26,04/30/26,Mobile,32,Watson,Procedural,Active,,15.46,False,False,22144.53,14,0.09,13.99
SUB01300,02/02/26,Annual Premium,CA,Streaming,CMP008,01/20/26,02/28/26,Desktop,47,Watson,Procedural,At-Risk,,11.56,True,False,33297.18,27,0.11,11.67
SUB01301,02/19/26,Essential,US,Social,CMP016,03/01/26,04/30/26,Fire TV,30,South Park,Comedy,Active,,15.0,True,False,13079.15,14,0.15,13.99
SUB01302,02/05/26,Essential,US,Digital,CMP011,02/15/26,04/01/26,Smart TV,24,Mayor of Kingstown,Drama,New,,13.89,False,True,45566.52,49,0.15,13.99
SUB01303,02/26/26,Annual Essential,AU,Digital,CMP011,02/15/26,04/01/26,Roku,56,Coldwater,Drama,New,,7.93,True,True,45566.52,49,0.15,7.5
SUB01304,02/16/26,Annual Premium,US,Streaming,CMP006,01/12/26,04/15/26,Fire TV,27,The Agency,Thriller,Active,,11.63,False,False,69517.64,55,0.11,11.67
SUB01305,02/18/26,Essential,CA,Streaming,CMP008,01/20/26,02/28/26,Desktop,52,South Park,Comedy,Reactivated,,12.57,False,False,33297.18,27,0.11,13.99
SUB01306,02/26/26,Essential,US,TV,CMP002,01/10/26,02/15/26,Roku,36,Landman,Drama,At-Risk,,14.59,False,False,61748.08,36,0.08,13.99
SUB01307,02/19/26,Annual Essential,MX,Social,CMP016,03/01/26,04/30/26,Fire TV,51,MobLand,Drama,Churned,04/06/26,6.81,False,False,13079.15,14,0.15,7.5
SUB01308,02/10/26,Paramount+ with Showtime,MX,Digital,CMP009,01/01/26,04/30/26,Roku,41,NFL,Sports,Active,,11.18,False,True,70866.81,75,0.1475,13.99
SUB01309,02/20/26,Paramount+ with Showtime,US,OOH,CMP013,02/01/26,04/15/26,Desktop,34,RuPaul Drag Race All Stars,Reality,Active,,14.4,True,True,27040.0,25,0.13,13.99
SUB01310,02/10/26,Paramount+ with Showtime,MX,Streaming,CMP006,01/12/26,04/15/26,Mobile,44,Landman,Drama,At-Risk,,12.2,True,True,69517.64,55,0.11,13.99
SUB01311,02/13/26,Annual Essential,CA,Radio,CMP005,03/01/26,04/30/26,Mobile,47,Tulsa King,Drama,Active,,8.52,False,True,22144.53,14,0.09,7.5
SUB01312,02/07/26,Annual Premium,US,Digital,CMP009,01/01/26,04/30/26,Desktop,48,The Agency,Thriller,At-Risk,,12.33,False,False,70866.81,75,0.1475,11.67
SUB01313,02/01/26,Annual Premium,AU,Digital,CMP011,02/15/26,04/01/26,Tablet,55,Mayor of Kingstown,Drama,Active,,11.76,False,False,45566.52,49,0.15,11.67
SUB01314,02/06/26,Paramount+ with Showtime,UK,OOH,CMP013,02/01/26,04/15/26,Tablet,27,The Chi,Drama,Active,,15.54,False,True,27040.0,25,0.13,13.99
SUB01315,02/22/26,Annual Premium,US,TV,CMP002,01/10/26,02/15/26,Fire TV,29,The Chi,Drama,Active,,10.94,False,False,61748.08,36,0.08,11.67
SUB01316,02/13/26,Annual Premium,CA,Radio,CMP005,03/01/26,04/30/26,Mobile,50,Elsbeth,Procedural,At-Risk,,12.17,False,True,22144.53,14,0.09,11.67
SUB01317,02/22/26,Annual Premium,AU,TV,CMP001,01/05/26,02/28/26,Tablet,34,Criminal Minds,Procedural,At-Risk,,11.73,True,False,56894.89,36,0.0849999999999999,11.67
SUB01318,02/10/26,Essential,US,Radio,CMP005,03/01/26,04/30/26,Desktop,26,Ghosts,Comedy,Active,,14.22,True,False,22144.53,14,0.09,13.99
SUB01319,02/07/26,Paramount+ with Showtime,CA,OOH,CMP013,02/01/26,04/15/26,Fire TV,29,Paw Patrol,Family,Active,,13.53,False,True,27040.0,25,0.13,13.99
SUB01320,02/08/26,Annual Premium,US,OOH,CMP012,01/08/26,04/30/26,Fire TV,34,South Park,Comedy,Active,,11.6,True,False,46356.88,40,0.12,11.67
SUB01321,02/25/26,Paramount+ with Showtime,MX,TV,CMP001,01/05/26,02/28/26,Smart TV,27,Love & Hip Hop Miami,Reality,At-Risk,,12.76,False,True,56894.89,36,0.0849999999999999,13.99
SUB01322,02/15/26,Paramount+ with Showtime,CA,Radio,CMP005,03/01/26,04/30/26,Tablet,48,Watson,Procedural,Churned,03/09/26,13.03,False,True,22144.53,14,0.09,13.99
SUB01323,02/15/26,Essential,US,Streaming,CMP008,01/20/26,02/28/26,Smart TV,42,The Agency,Thriller,Active,,15.72,False,False,33297.18,27,0.11,13.99
SUB01324,02/02/26,Paramount+ with Showtime,AU,Social,CMP015,02/05/26,04/05/26,Smart TV,56,Sonic 3,Family,Active,,13.05,True,True,22618.05,24,0.15,13.99
SUB01325,02/22/26,Essential,US,OOH,CMP012,01/08/26,04/30/26,Smart TV,42,Ghosts,Comedy,At-Risk,,14.53,False,False,46356.88,40,0.12,13.99
SUB01326,02/19/26,Paramount+ with Showtime,CA,TV,CMP001,01/05/26,02/28/26,Smart TV,40,The Offer,Drama,Active,,15.25,False,True,56894.89,36,0.0849999999999999,13.99
SUB01327,02/08/26,Essential,AU,TV,CMP003,02/01/26,03/31/26,Smart TV,45,NCIS,Procedural,At-Risk,,15.51,False,False,41503.22,26,0.09,13.99
SUB01328,02/05/26,Annual Essential,US,Digital,CMP009,01/01/26,04/30/26,Desktop,60,Mission Impossible,Action,New,,7.21,False,False,70866.81,75,0.1475,7.5
SUB01329,02/05/26,Annual Essential,UK,TV,CMP002,01/10/26,02/15/26,Tablet,41,Lioness,Thriller,Churned,02/17/26,7.07,False,False,61748.08,36,0.08,7.5
SUB01330,02/15/26,Annual Essential,US,Radio,CMP005,03/01/26,04/30/26,Desktop,30,SpongeBob,Family,Active,,6.58,True,False,22144.53,14,0.09,7.5
SUB01331,02/07/26,Paramount+ with Showtime,US,Streaming,CMP008,01/20/26,02/28/26,Tablet,18,Criminal Minds,Procedural,Active,,11.49,True,True,33297.18,27,0.11,13.99
SUB01332,02/12/26,Annual Essential,CA,Digital,CMP010,01/15/26,03/31/26,Mobile,48,Lioness,Thriller,At-Risk,,7.21,False,False,40279.22,40,0.14,7.5
SUB01333,02/02/26,Essential,US,OOH,CMP013,02/01/26,04/15/26,Smart TV,18,Boston Blue,Procedural,At-Risk,,15.27,False,False,27040.0,25,0.13,13.99
SUB01334,02/01/26,Paramount+ with Showtime,AU,Digital,CMP010,01/15/26,03/31/26,Desktop,43,Yellowjackets,Drama,Reactivated,,13.75,True,True,40279.22,40,0.14,13.99
SUB01335,02/26/26,Paramount+ with Showtime,CA,Streaming,CMP008,01/20/26,02/28/26,Mobile,38,Mission Impossible,Action,At-Risk,,12.68,False,True,33297.18,27,0.11,13.99
SUB01336,02/22/26,Essential,US,Radio,CMP004,01/06/26,03/15/26,Mobile,46,Boomerang,Comedy,Active,,12.78,True,False,41237.74,27,0.09,13.99
SUB01337,02/07/26,Essential,US,OOH,CMP012,01/08/26,04/30/26,Tablet,31,Ghosts,Comedy,Churned,03/08/26,12.95,False,False,46356.88,40,0.12,13.99
SUB01338,02/26/26,Paramount+ with Showtime,UK,Social,CMP014,01/10/26,03/10/26,Desktop,18,The Agency,Thriller,New,,13.76,True,True,25458.31,29,0.16,13.99
SUB01339,02/23/26,Annual Premium,US,TV,CMP002,01/10/26,02/15/26,Fire TV,36,Dexter,Thriller,New,,10.77,True,False,61748.08,36,0.08,11.67
SUB01340,02/16/26,Annual Essential,UK,OOH,CMP013,02/01/26,04/15/26,Mobile,47,Coldwater,Drama,Reactivated,,7.53,True,True,27040.0,25,0.13,7.5
SUB01341,02/22/26,Essential,US,Digital,CMP010,01/15/26,03/31/26,Tablet,68,The Agency,Thriller,Reactivated,,12.71,False,True,40279.22,40,0.14,13.99
SUB01342,02/26/26,Annual Premium,UK,Streaming,CMP006,01/12/26,04/15/26,Fire TV,48,Boston Blue,Procedural,Active,,11.98,False,False,69517.64,55,0.11,11.67
SUB01343,02/01/26,Essential,CA,Streaming,CMP007,02/10/26,03/20/26,Mobile,27,MobLand,Drama,At-Risk,,15.07,False,False,39937.36,33,0.115,13.99
SUB01344,02/16/26,Annual Essential,UK,Streaming,CMP006,01/12/26,04/15/26,Tablet,49,Elsbeth,Procedural,Active,,7.07,False,False,69517.64,55,0.11,7.5
SUB01345,02/15/26,Essential,CA,Digital,CMP011,02/15/26,04/01/26,Tablet,21,Yellowjackets,Drama,Active,,11.92,True,False,45566.52,49,0.15,13.99
SUB01346,02/16/26,Paramount+ with Showtime,US,Social,CMP014,01/10/26,03/10/26,Fire TV,51,The Madison,Drama,At-Risk,,13.71,True,True,25458.31,29,0.16,13.99
SUB01347,02/23/26,Essential,CA,Digital,CMP010,01/15/26,03/31/26,Desktop,37,Love & Hip Hop Miami,Reality,Active,,13.9,False,False,40279.22,40,0.14,13.99
SUB01348,02/03/26,Annual Premium,MX,Social,CMP016,03/01/26,04/30/26,Roku,48,Elsbeth,Procedural,New,,9.99,True,False,13079.15,14,0.15,11.67
SUB01349,02/05/26,Annual Premium,AU,OOH,CMP012,01/08/26,04/30/26,Fire TV,51,RuPaul Drag Race All Stars,Reality,Churned,03/23/26,11.08,True,False,46356.88,40,0.12,11.67
SUB01350,02/19/26,Annual Essential,AU,OOH,CMP012,01/08/26,04/30/26,Mobile,74,Tracker,Action,Active,,8.73,False,False,46356.88,40,0.12,7.5
SUB01351,02/03/26,Annual Premium,US,Streaming,CMP008,01/20/26,02/28/26,Mobile,27,UFC,Sports,Active,,11.6,True,False,33297.18,27,0.11,11.67
SUB01352,02/17/26,Annual Essential,US,TV,CMP003,02/01/26,03/31/26,Mobile,40,Tulsa King,Drama,Active,,7.71,False,False,41503.22,26,0.09,7.5
SUB01353,02/15/26,Annual Premium,MX,TV,CMP001,01/05/26,02/28/26,Smart TV,58,The Guest,Thriller,At-Risk,,11.06,True,False,56894.89,36,0.0849999999999999,11.67
SUB01354,02/07/26,Essential,US,Radio,CMP004,01/06/26,03/15/26,Tablet,34,Paw Patrol,Family,Active,,14.44,False,False,41237.74,27,0.09,13.99
SUB01355,02/07/26,Paramount+ with Showtime,UK,Radio,CMP005,03/01/26,04/30/26,Desktop,24,NCIS,Procedural,At-Risk,,13.49,False,True,22144.53,14,0.09,13.99
SUB01356,02/03/26,Annual Premium,MX,Social,CMP014,01/10/26,03/10/26,Fire TV,29,Watson,Procedural,At-Risk,,9.98,True,False,25458.31,29,0.16,11.67
SUB01357,02/11/26,Annual Premium,US,TV,CMP001,01/05/26,02/28/26,Fire TV,21,Coldwater,Drama,At-Risk,,11.74,True,False,56894.89,36,0.0849999999999999,11.67
SUB01358,02/15/26,Annual Premium,US,Digital,CMP010,01/15/26,03/31/26,Smart TV,28,1923,Drama,At-Risk,,11.3,False,False,40279.22,40,0.14,11.67
SUB01359,02/12/26,Annual Premium,US,Streaming,CMP008,01/20/26,02/28/26,Desktop,31,Paw Patrol,Family,Active,,10.9,True,False,33297.18,27,0.11,11.67
SUB01360,02/14/26,Annual Premium,US,TV,CMP002,01/10/26,02/15/26,Desktop,18,The Curse,Comedy,Churned,02/25/26,9.98,False,False,61748.08,36,0.08,11.67
SUB01361,02/05/26,Annual Premium,US,Digital,CMP009,01/01/26,04/30/26,Roku,46,Dutton Ranch,Drama,Active,,13.35,False,False,70866.81,75,0.1475,11.67
SUB01362,02/10/26,Essential,US,TV,CMP001,01/05/26,02/28/26,Desktop,18,Tracker,Action,Active,,13.34,True,False,56894.89,36,0.0849999999999999,13.99
SUB01363,02/16/26,Annual Premium,US,Radio,CMP004,01/06/26,03/15/26,Desktop,50,Boomerang,Comedy,At-Risk,,13.04,False,False,41237.74,27,0.09,11.67
SUB01364,02/26/26,Essential,UK,OOH,CMP013,02/01/26,04/15/26,Tablet,32,NCIS,Procedural,At-Risk,,15.06,True,False,27040.0,25,0.13,13.99
SUB01365,02/20/26,Paramount+ with Showtime,UK,Digital,CMP010,01/15/26,03/31/26,Roku,36,Boston Blue,Procedural,Active,,15.66,False,True,40279.22,40,0.14,13.99
SUB01366,02/01/26,Essential,US,Digital,CMP009,01/01/26,04/30/26,Tablet,23,NFL,Sports,Churned,03/11/26,12.28,False,False,70866.81,75,0.1475,13.99
SUB01367,02/26/26,Essential,UK,Digital,CMP010,01/15/26,03/31/26,Roku,36,Ghosts,Comedy,Churned,03/25/26,11.97,False,False,40279.22,40,0.14,13.99
SUB01368,02/16/26,Annual Essential,US,Radio,CMP004,01/06/26,03/15/26,Roku,27,The Offer,Drama,Reactivated,,8.49,False,False,41237.74,27,0.09,7.5
SUB01369,02/03/26,Annual Premium,US,OOH,CMP013,02/01/26,04/15/26,Desktop,37,Ghosts,Comedy,At-Risk,,11.08,True,False,27040.0,25,0.13,11.67
SUB01370,02/11/26,Annual Essential,MX,Streaming,CMP006,01/12/26,04/15/26,Mobile,56,Tulsa King,Drama,Active,,6.6,False,False,69517.64,55,0.11,7.5
SUB01371,02/07/26,Annual Essential,CA,Streaming,CMP008,01/20/26,02/28/26,Tablet,54,Ghosts,Comedy,New,,8.87,False,False,33297.18,27,0.11,7.5
SUB01372,02/26/26,Annual Essential,US,Digital,CMP009,01/01/26,04/30/26,Fire TV,18,Paw Patrol,Family,At-Risk,,7.26,False,False,70866.81,75,0.1475,7.5
SUB01373,02/03/26,Annual Essential,AU,Streaming,CMP007,02/10/26,03/20/26,Tablet,34,NCIS,Procedural,Active,,6.59,True,False,39937.36,33,0.115,7.5
SUB01374,02/09/26,Annual Essential,UK,TV,CMP001,01/05/26,02/28/26,Mobile,23,Sonic 3,Family,Active,,7.61,False,False,56894.89,36,0.0849999999999999,7.5
SUB01375,02/18/26,Essential,CA,Streaming,CMP007,02/10/26,03/20/26,Roku,51,Ghosts,Comedy,New,,14.35,False,False,39937.36,33,0.115,13.99
SUB01376,02/20/26,Essential,AU,TV,CMP002,01/10/26,02/15/26,Smart TV,22,Yellowjackets,Drama,Active,,15.59,False,False,61748.08,36,0.08,13.99
SUB01377,02/16/26,Essential,US,Social,CMP014,01/10/26,03/10/26,Smart TV,27,Love & Hip Hop Miami,Reality,Active,,13.5,True,False,25458.31,29,0.16,13.99
SUB01378,02/11/26,Essential,US,Social,CMP015,02/05/26,04/05/26,Roku,38,The Chi,Drama,Reactivated,,14.95,True,False,22618.05,24,0.15,13.99
SUB01379,02/23/26,Paramount+ with Showtime,US,TV,CMP002,01/10/26,02/15/26,Smart TV,36,Dexter,Thriller,Active,,14.0,False,True,61748.08,36,0.08,13.99
SUB01380,02/18/26,Annual Premium,AU,TV,CMP003,02/01/26,03/31/26,Roku,42,Watson,Procedural,Active,,11.72,True,True,41503.22,26,0.09,11.67
SUB01381,02/17/26,Annual Essential,CA,TV,CMP001,01/05/26,02/28/26,Fire TV,46,The Offer,Drama,Active,,8.06,False,False,56894.89,36,0.0849999999999999,7.5
SUB01382,02/23/26,Paramount+ with Showtime,CA,TV,CMP003,02/01/26,03/31/26,Fire TV,42,NCIS,Procedural,New,,11.3,False,True,41503.22,26,0.09,13.99
SUB01383,02/12/26,Annual Essential,US,Social,CMP016,03/01/26,04/30/26,Fire TV,43,Boomerang,Comedy,Active,,6.75,True,False,13079.15,14,0.15,7.5
SUB01384,02/06/26,Annual Premium,US,Radio,CMP005,03/01/26,04/30/26,Smart TV,41,NCIS,Procedural,Active,,12.37,True,False,22144.53,14,0.09,11.67
SUB01385,02/15/26,Annual Essential,US,Radio,CMP004,01/06/26,03/15/26,Tablet,39,Criminal Minds,Procedural,Churned,04/04/26,6.74,True,False,41237.74,27,0.09,7.5
SUB01386,02/07/26,Annual Essential,MX,Radio,CMP004,01/06/26,03/15/26,Roku,34,South Park,Comedy,Active,,5.74,False,False,41237.74,27,0.09,7.5
SUB01387,02/08/26,Annual Essential,US,Digital,CMP011,02/15/26,04/01/26,Mobile,28,Boston Blue,Procedural,Active,,7.53,False,True,45566.52,49,0.15,7.5
SUB01388,02/16/26,Annual Premium,US,Social,CMP014,01/10/26,03/10/26,Fire TV,44,Mayor of Kingstown,Drama,Active,,10.22,False,False,25458.31,29,0.16,11.67
SUB01389,02/10/26,Paramount+ with Showtime,US,TV,CMP003,02/01/26,03/31/26,Smart TV,31,Boomerang,Comedy,At-Risk,,13.89,False,True,41503.22,26,0.09,13.99
SUB01390,02/09/26,Annual Essential,UK,OOH,CMP012,01/08/26,04/30/26,Smart TV,34,Dutton Ranch,Drama,Active,,7.5,False,False,46356.88,40,0.12,7.5
SUB01391,02/14/26,Paramount+ with Showtime,US,Social,CMP014,01/10/26,03/10/26,Roku,18,Lioness,Thriller,Active,,12.88,True,True,25458.31,29,0.16,13.99
SUB01392,02/05/26,Paramount+ with Showtime,US,Digital,CMP010,01/15/26,03/31/26,Fire TV,24,Landman,Drama,Active,,14.34,False,True,40279.22,40,0.14,13.99
SUB01393,02/01/26,Annual Premium,AU,Radio,CMP004,01/06/26,03/15/26,Fire TV,37,The Madison,Drama,Churned,02/18/26,12.49,False,False,41237.74,27,0.09,11.67
SUB01394,02/24/26,Essential,AU,Social,CMP014,01/10/26,03/10/26,Mobile,33,Elsbeth,Procedural,New,,13.35,True,False,25458.31,29,0.16,13.99
SUB01395,02/19/26,Essential,US,TV,CMP001,01/05/26,02/28/26,Fire TV,26,Yellowjackets,Drama,Active,,13.44,False,False,56894.89,36,0.0849999999999999,13.99
SUB01396,02/09/26,Annual Essential,UK,Streaming,CMP008,01/20/26,02/28/26,Mobile,43,The Guest,Thriller,Active,,7.23,True,False,33297.18,27,0.11,7.5
SUB01397,02/23/26,Essential,CA,OOH,CMP012,01/08/26,04/30/26,Mobile,32,Yellowjackets,Drama,Active,,14.1,False,False,46356.88,40,0.12,13.99
SUB01398,02/24/26,Essential,US,Social,CMP015,02/05/26,04/05/26,Tablet,41,The Guest,Thriller,New,,12.2,False,False,22618.05,24,0.15,13.99
SUB01399,02/05/26,Essential,MX,Streaming,CMP007,02/10/26,03/20/26,Desktop,18,Criminal Minds,Procedural,Active,,13.25,False,False,39937.36,33,0.115,13.99
SUB01400,02/11/26,Annual Essential,US,Social,CMP014,01/10/26,03/10/26,Desktop,18,Yellowjackets,Drama,Active,,6.91,True,False,25458.31,29,0.16,7.5
SUB01401,02/05/26,Annual Essential,US,Social,CMP016,03/01/26,04/30/26,Mobile,41,Landman,Drama,Active,,6.14,True,False,13079.15,14,0.15,7.5
SUB01402,02/04/26,Annual Essential,AU,Radio,CMP005,03/01/26,04/30/26,Smart TV,24,Mayor of Kingstown,Drama,Active,,7.09,False,False,22144.53,14,0.09,7.5
SUB01403,02/16/26,Annual Essential,US,Social,CMP015,02/05/26,04/05/26,Fire TV,44,Sonic 3,Family,Active,,6.53,False,False,22618.05,24,0.15,7.5
SUB01404,02/23/26,Annual Essential,MX,Social,CMP015,02/05/26,04/05/26,Desktop,22,Criminal Minds,Procedural,New,,4.88,True,False,22618.05,24,0.15,7.5
SUB01405,02/26/26,Essential,CA,TV,CMP003,02/01/26,03/31/26,Roku,49,Paw Patrol,Family,Churned,03/14/26,12.56,False,False,41503.22,26,0.09,13.99
SUB01406,02/27/26,Annual Premium,CA,Streaming,CMP006,01/12/26,04/15/26,Roku,45,Boston Blue,Procedural,At-Risk,,11.44,False,False,69517.64,55,0.11,11.67
SUB01407,02/14/26,Essential,US,Radio,CMP004,01/06/26,03/15/26,Roku,42,1923,Drama,Churned,03/18/26,10.07,True,False,41237.74,27,0.09,13.99
SUB01408,02/21/26,Essential,CA,Streaming,CMP007,02/10/26,03/20/26,Desktop,49,Boston Blue,Procedural,Active,,15.07,False,False,39937.36,33,0.115,13.99
SUB01409,02/25/26,Essential,US,OOH,CMP013,02/01/26,04/15/26,Desktop,18,The Madison,Drama,Active,,15.1,True,False,27040.0,25,0.13,13.99
SUB01410,02/25/26,Essential,CA,Social,CMP015,02/05/26,04/05/26,Tablet,43,Boomerang,Comedy,Reactivated,,13.96,False,False,22618.05,24,0.15,13.99
SUB01411,02/08/26,Paramount+ with Showtime,US,OOH,CMP013,02/01/26,04/15/26,Roku,18,RuPaul Drag Race All Stars,Reality,At-Risk,,13.5,False,True,27040.0,25,0.13,13.99
SUB01412,02/01/26,Paramount+ with Showtime,US,Social,CMP014,01/10/26,03/10/26,Mobile,45,Mayor of Kingstown,Drama,Churned,03/26/26,11.75,False,True,25458.31,29,0.16,13.99
SUB01413,02/26/26,Annual Premium,MX,Social,CMP015,02/05/26,04/05/26,Desktop,58,The Agency,Thriller,Active,,11.87,False,False,22618.05,24,0.15,11.67
SUB01414,02/02/26,Annual Essential,US,Social,CMP014,01/10/26,03/10/26,Fire TV,36,Boomerang,Comedy,At-Risk,,7.64,True,False,25458.31,29,0.16,7.5
SUB01415,02/25/26,Paramount+ with Showtime,US,Radio,CMP005,03/01/26,04/30/26,Fire TV,29,Boomerang,Comedy,Active,,13.63,True,True,22144.53,14,0.09,13.99
SUB01416,02/08/26,Annual Essential,US,TV,CMP002,01/10/26,02/15/26,Fire TV,18,The Offer,Drama,Active,,8.85,True,False,61748.08,36,0.08,7.5
SUB01417,02/15/26,Annual Premium,UK,OOH,CMP012,01/08/26,04/30/26,Fire TV,44,NFL,Sports,Active,,13.27,False,False,46356.88,40,0.12,11.67
SUB01418,02/02/26,Annual Premium,US,Digital,CMP010,01/15/26,03/31/26,Smart TV,40,Lioness,Thriller,Churned,03/01/26,9.7,False,True,40279.22,40,0.14,11.67
SUB01419,02/05/26,Annual Essential,US,OOH,CMP012,01/08/26,04/30/26,Tablet,41,SpongeBob,Family,Churned,02/22/26,5.9,False,False,46356.88,40,0.12,7.5
SUB01420,02/19/26,Essential,US,Radio,CMP004,01/06/26,03/15/26,Desktop,57,Lioness,Thriller,At-Risk,,13.61,False,False,41237.74,27,0.09,13.99
SUB01421,02/04/26,Annual Essential,US,Radio,CMP004,01/06/26,03/15/26,Tablet,51,Criminal Minds,Procedural,Active,,7.99,True,True,41237.74,27,0.09,7.5
SUB01422,02/07/26,Paramount+ with Showtime,US,Streaming,CMP006,01/12/26,04/15/26,Roku,33,The Chi,Drama,Active,,14.5,False,True,69517.64,55,0.11,13.99
SUB01423,02/28/26,Paramount+ with Showtime,US,Radio,CMP004,01/06/26,03/15/26,Desktop,42,1923,Drama,New,,12.38,True,True,41237.74,27,0.09,13.99
SUB01424,02/12/26,Annual Premium,US,Social,CMP016,03/01/26,04/30/26,Fire TV,51,The Chi,Drama,New,,11.52,False,False,13079.15,14,0.15,11.67
SUB01425,02/13/26,Annual Premium,US,TV,CMP002,01/10/26,02/15/26,Fire TV,18,Criminal Minds,Procedural,Churned,03/23/26,7.83,True,False,61748.08,36,0.08,11.67
SUB01426,02/08/26,Annual Premium,MX,Radio,CMP004,01/06/26,03/15/26,Desktop,36,Love & Hip Hop Miami,Reality,At-Risk,,9.33,False,False,41237.74,27,0.09,11.67
SUB01427,02/25/26,Paramount+ with Showtime,MX,TV,CMP003,02/01/26,03/31/26,Smart TV,37,1923,Drama,Active,,14.56,False,True,41503.22,26,0.09,13.99
SUB01428,02/10/26,Annual Essential,US,TV,CMP002,01/10/26,02/15/26,Tablet,18,Tracker,Action,New,,7.91,True,False,61748.08,36,0.08,7.5
SUB01429,02/23/26,Paramount+ with Showtime,US,Digital,CMP009,01/01/26,04/30/26,Smart TV,27,NFL,Sports,At-Risk,,13.59,False,True,70866.81,75,0.1475,13.99
SUB01430,02/20/26,Paramount+ with Showtime,US,Digital,CMP010,01/15/26,03/31/26,Fire TV,40,Elsbeth,Procedural,Active,,14.95,False,True,40279.22,40,0.14,13.99
SUB01431,02/17/26,Paramount+ with Showtime,UK,Radio,CMP005,03/01/26,04/30/26,Smart TV,45,Boston Blue,Procedural,Active,,12.75,True,True,22144.53,14,0.09,13.99
SUB01432,02/10/26,Paramount+ with Showtime,CA,Digital,CMP011,02/15/26,04/01/26,Mobile,35,NFL,Sports,Active,,12.61,False,True,45566.52,49,0.15,13.99
SUB01433,02/24/26,Annual Essential,MX,Social,CMP016,03/01/26,04/30/26,Tablet,23,The Curse,Comedy,Active,,5.06,False,False,13079.15,14,0.15,7.5
SUB01434,02/09/26,Annual Essential,US,Digital,CMP011,02/15/26,04/01/26,Tablet,26,Boomerang,Comedy,Active,,6.18,False,False,45566.52,49,0.15,7.5
SUB01435,02/13/26,Paramount+ with Showtime,US,Streaming,CMP008,01/20/26,02/28/26,Smart TV,24,UFC,Sports,Active,,12.86,False,True,33297.18,27,0.11,13.99
SUB01436,02/02/26,Essential,UK,TV,CMP002,01/10/26,02/15/26,Desktop,18,Elsbeth,Procedural,Reactivated,,14.8,False,False,61748.08,36,0.08,13.99
SUB01437,02/25/26,Annual Essential,US,OOH,CMP013,02/01/26,04/15/26,Desktop,35,Ghosts,Comedy,Active,,7.07,True,False,27040.0,25,0.13,7.5
SUB01438,02/22/26,Essential,AU,Streaming,CMP008,01/20/26,02/28/26,Fire TV,18,Elsbeth,Procedural,New,,13.96,True,True,33297.18,27,0.11,13.99
SUB01439,02/20/26,Essential,CA,OOH,CMP012,01/08/26,04/30/26,Fire TV,32,Elsbeth,Procedural,Active,,12.39,True,False,46356.88,40,0.12,13.99
SUB01440,02/07/26,Annual Essential,UK,Streaming,CMP007,02/10/26,03/20/26,Roku,53,Ghosts,Comedy,Active,,7.99,False,False,39937.36,33,0.115,7.5
SUB01441,02/28/26,Essential,US,Social,CMP014,01/10/26,03/10/26,Mobile,37,Elsbeth,Procedural,At-Risk,,15.21,False,False,25458.31,29,0.16,13.99
SUB01442,02/15/26,Essential,CA,Radio,CMP005,03/01/26,04/30/26,Roku,22,Dutton Ranch,Drama,Active,,13.91,True,False,22144.53,14,0.09,13.99
SUB01443,02/18/26,Essential,US,Digital,CMP009,01/01/26,04/30/26,Desktop,29,South Park,Comedy,Active,,15.67,False,False,70866.81,75,0.1475,13.99
SUB01444,02/20/26,Essential,CA,TV,CMP002,01/10/26,02/15/26,Smart TV,32,The Madison,Drama,Active,,12.82,False,False,61748.08,36,0.08,13.99
SUB01445,02/09/26,Essential,US,Digital,CMP010,01/15/26,03/31/26,Mobile,48,Criminal Minds,Procedural,Active,,14.24,True,False,40279.22,40,0.14,13.99
SUB01446,02/15/26,Paramount+ with Showtime,US,Social,CMP014,01/10/26,03/10/26,Desktop,28,The Chi,Drama,Reactivated,,14.18,False,True,25458.31,29,0.16,13.99
SUB01447,02/14/26,Essential,CA,Streaming,CMP006,01/12/26,04/15/26,Desktop,18,Yellowjackets,Drama,Active,,14.34,False,False,69517.64,55,0.11,13.99
SUB01448,02/17/26,Essential,US,Streaming,CMP008,01/20/26,02/28/26,Desktop,40,The Offer,Drama,Active,,15.34,False,False,33297.18,27,0.11,13.99
SUB01449,02/23/26,Annual Premium,UK,Streaming,CMP008,01/20/26,02/28/26,Fire TV,28,MobLand,Drama,At-Risk,,12.03,False,False,33297.18,27,0.11,11.67
SUB01450,02/28/26,Paramount+ with Showtime,US,Streaming,CMP007,02/10/26,03/20/26,Desktop,18,Mission Impossible,Action,Active,,13.19,False,True,39937.36,33,0.115,13.99
SUB01451,02/06/26,Essential,US,Social,CMP016,03/01/26,04/30/26,Fire TV,18,MobLand,Drama,Active,,13.62,False,False,13079.15,14,0.15,13.99
SUB01452,02/03/26,Paramount+ with Showtime,US,Radio,CMP004,01/06/26,03/15/26,Roku,18,Paw Patrol,Family,Active,,14.55,False,True,41237.74,27,0.09,13.99
SUB01453,02/18/26,Paramount+ with Showtime,MX,Social,CMP014,01/10/26,03/10/26,Fire TV,41,Lioness,Thriller,At-Risk,,13.17,False,True,25458.31,29,0.16,13.99
SUB01454,02/05/26,Essential,US,Radio,CMP005,03/01/26,04/30/26,Tablet,47,The Madison,Drama,New,,13.58,False,False,22144.53,14,0.09,13.99
SUB01455,02/06/26,Paramount+ with Showtime,AU,Radio,CMP005,03/01/26,04/30/26,Smart TV,41,Elsbeth,Procedural,Churned,04/02/26,12.83,False,True,22144.53,14,0.09,13.99
SUB01456,02/22/26,Essential,CA,OOH,CMP013,02/01/26,04/15/26,Fire TV,67,NFL,Sports,Reactivated,,13.72,True,False,27040.0,25,0.13,13.99
SUB01457,02/13/26,Annual Essential,MX,Social,CMP016,03/01/26,04/30/26,Desktop,28,SpongeBob,Family,Reactivated,,4.47,False,False,13079.15,14,0.15,7.5
SUB01458,02/12/26,Paramount+ with Showtime,US,Social,CMP016,03/01/26,04/30/26,Desktop,30,Landman,Drama,Active,,13.47,True,True,13079.15,14,0.15,13.99
SUB01459,02/07/26,Essential,UK,TV,CMP001,01/05/26,02/28/26,Desktop,51,The Madison,Drama,Active,,12.2,True,False,56894.89,36,0.0849999999999999,13.99
SUB01460,02/15/26,Annual Essential,US,Social,CMP014,01/10/26,03/10/26,Mobile,66,Boston Blue,Procedural,Active,,7.41,False,False,25458.31,29,0.16,7.5
SUB01461,02/05/26,Paramount+ with Showtime,MX,Streaming,CMP006,01/12/26,04/15/26,Roku,40,Dexter,Thriller,New,,12.1,False,True,69517.64,55,0.11,13.99
SUB01462,02/20/26,Annual Premium,US,OOH,CMP012,01/08/26,04/30/26,Tablet,40,South Park,Comedy,New,,11.4,False,False,46356.88,40,0.12,11.67
SUB01463,02/01/26,Annual Premium,CA,OOH,CMP012,01/08/26,04/30/26,Desktop,28,Tracker,Action,Active,,10.78,True,False,46356.88,40,0.12,11.67
SUB01464,02/13/26,Essential,MX,Streaming,CMP007,02/10/26,03/20/26,Fire TV,46,Mayor of Kingstown,Drama,Active,,13.57,False,False,39937.36,33,0.115,13.99
SUB01465,02/25/26,Annual Essential,US,Streaming,CMP007,02/10/26,03/20/26,Tablet,42,UFC,Sports,Active,,8.38,False,False,39937.36,33,0.115,7.5
SUB01466,02/23/26,Annual Essential,US,Digital,CMP011,02/15/26,04/01/26,Smart TV,18,Mission Impossible,Action,New,,6.34,False,False,45566.52,49,0.15,7.5
SUB01467,02/10/26,Annual Essential,US,Radio,CMP004,01/06/26,03/15/26,Roku,53,South Park,Comedy,Active,,7.96,True,False,41237.74,27,0.09,7.5
SUB01468,02/01/26,Essential,US,Radio,CMP004,01/06/26,03/15/26,Desktop,53,Mission Impossible,Action,At-Risk,,14.55,False,False,41237.74,27,0.09,13.99
SUB01469,02/16/26,Essential,US,Digital,CMP011,02/15/26,04/01/26,Desktop,36,The Offer,Drama,At-Risk,,14.14,False,False,45566.52,49,0.15,13.99
SUB01470,02/19/26,Annual Essential,AU,Streaming,CMP007,02/10/26,03/20/26,Smart TV,32,Lioness,Thriller,At-Risk,,8.63,False,False,39937.36,33,0.115,7.5
SUB01471,02/17/26,Annual Premium,AU,Streaming,CMP008,01/20/26,02/28/26,Mobile,28,Mission Impossible,Action,At-Risk,,10.91,False,False,33297.18,27,0.11,11.67
SUB01472,02/16/26,Annual Premium,MX,Radio,CMP005,03/01/26,04/30/26,Roku,18,Yellowjackets,Drama,Churned,04/13/26,9.4,False,False,22144.53,14,0.09,11.67
SUB01473,02/15/26,Essential,CA,Streaming,CMP006,01/12/26,04/15/26,Fire TV,41,The Offer,Drama,Churned,03/06/26,12.07,False,False,69517.64,55,0.11,13.99
SUB01474,02/16/26,Annual Essential,US,TV,CMP003,02/01/26,03/31/26,Mobile,18,Tracker,Action,Active,,6.08,True,False,41503.22,26,0.09,7.5
SUB01475,02/11/26,Annual Essential,MX,OOH,CMP012,01/08/26,04/30/26,Desktop,55,Yellowjackets,Drama,Active,,5.24,True,False,46356.88,40,0.12,7.5
SUB01476,02/20/26,Essential,US,TV,CMP001,01/05/26,02/28/26,Desktop,22,Criminal Minds,Procedural,New,,13.2,False,False,56894.89,36,0.0849999999999999,13.99
SUB01477,02/01/26,Paramount+ with Showtime,CA,Social,CMP016,03/01/26,04/30/26,Desktop,39,RuPaul Drag Race All Stars,Reality,Churned,02/20/26,10.47,True,True,13079.15,14,0.15,13.99
SUB01478,02/02/26,Paramount+ with Showtime,US,Digital,CMP009,01/01/26,04/30/26,Mobile,18,Tulsa King,Drama,Active,,12.87,True,True,70866.81,75,0.1475,13.99
SUB01479,02/04/26,Annual Premium,US,Digital,CMP010,01/15/26,03/31/26,Mobile,30,MobLand,Drama,Active,,12.36,True,False,40279.22,40,0.14,11.67
SUB01480,02/04/26,Annual Essential,UK,Social,CMP015,02/05/26,04/05/26,Fire TV,34,Paw Patrol,Family,Churned,03/03/26,7.19,False,False,22618.05,24,0.15,7.5
SUB01481,02/25/26,Annual Essential,US,Social,CMP016,03/01/26,04/30/26,Tablet,19,The Curse,Comedy,Active,,7.9,False,False,13079.15,14,0.15,7.5
SUB01482,02/12/26,Essential,CA,Digital,CMP010,01/15/26,03/31/26,Tablet,47,Tracker,Action,Active,,12.99,False,False,40279.22,40,0.14,13.99
SUB01483,02/22/26,Paramount+ with Showtime,CA,TV,CMP002,01/10/26,02/15/26,Desktop,25,The Chi,Drama,Churned,03/24/26,12.89,False,True,61748.08,36,0.08,13.99
SUB01484,02/05/26,Paramount+ with Showtime,MX,OOH,CMP013,02/01/26,04/15/26,Fire TV,58,UFC,Sports,Active,,11.92,True,True,27040.0,25,0.13,13.99
SUB01485,02/22/26,Essential,MX,Digital,CMP011,02/15/26,04/01/26,Tablet,54,The Guest,Thriller,New,,14.07,False,False,45566.52,49,0.15,13.99
SUB01486,02/03/26,Annual Essential,CA,Digital,CMP010,01/15/26,03/31/26,Roku,42,Landman,Drama,Churned,02/16/26,4.84,False,False,40279.22,40,0.14,7.5
SUB01487,02/05/26,Annual Premium,US,Radio,CMP005,03/01/26,04/30/26,Desktop,18,Criminal Minds,Procedural,New,,12.69,False,False,22144.53,14,0.09,11.67
SUB01488,02/14/26,Annual Essential,MX,Digital,CMP010,01/15/26,03/31/26,Tablet,63,The Agency,Thriller,Reactivated,,7.2,True,False,40279.22,40,0.14,7.5
SUB01489,02/14/26,Annual Premium,US,OOH,CMP012,01/08/26,04/30/26,Roku,29,Boomerang,Comedy,Active,,12.28,False,False,46356.88,40,0.12,11.67
SUB01490,02/07/26,Essential,US,Streaming,CMP008,01/20/26,02/28/26,Smart TV,43,Dutton Ranch,Drama,Active,,14.08,True,False,33297.18,27,0.11,13.99
SUB01491,02/20/26,Paramount+ with Showtime,CA,Digital,CMP011,02/15/26,04/01/26,Mobile,42,Criminal Minds,Procedural,New,,15.26,False,True,45566.52,49,0.15,13.99
SUB01492,02/10/26,Essential,MX,Digital,CMP009,01/01/26,04/30/26,Fire TV,45,NCIS,Procedural,New,,13.34,False,False,70866.81,75,0.1475,13.99
SUB01493,02/11/26,Paramount+ with Showtime,CA,OOH,CMP012,01/08/26,04/30/26,Desktop,31,Dexter,Thriller,Churned,03/30/26,11.4,False,True,46356.88,40,0.12,13.99
SUB01494,02/17/26,Paramount+ with Showtime,AU,OOH,CMP012,01/08/26,04/30/26,Roku,52,Watson,Procedural,At-Risk,,14.63,False,True,46356.88,40,0.12,13.99
SUB01495,02/18/26,Essential,AU,Radio,CMP005,03/01/26,04/30/26,Desktop,26,Tulsa King,Drama,Active,,14.21,False,False,22144.53,14,0.09,13.99
SUB01496,02/19/26,Annual Essential,US,Social,CMP015,02/05/26,04/05/26,Mobile,18,Boston Blue,Procedural,At-Risk,,6.89,False,False,22618.05,24,0.15,7.5
SUB01497,02/01/26,Annual Essential,US,OOH,CMP012,01/08/26,04/30/26,Roku,50,South Park,Comedy,Reactivated,,8.19,False,False,46356.88,40,0.12,7.5
SUB01498,02/14/26,Essential,CA,TV,CMP002,01/10/26,02/15/26,Fire TV,24,Watson,Procedural,Active,,12.63,True,False,61748.08,36,0.08,13.99
SUB01499,02/23/26,Paramount+ with Showtime,MX,Streaming,CMP008,01/20/26,02/28/26,Fire TV,49,NCIS,Procedural,At-Risk,,11.83,True,True,33297.18,27,0.11,13.99
SUB01500,02/06/26,Essential,UK,OOH,CMP013,02/01/26,04/15/26,Fire TV,53,1923,Drama,Reactivated,,13.35,False,False,27040.0,25,0.13,13.99
SUB01501,02/26/26,Paramount+ with Showtime,US,Social,CMP015,02/05/26,04/05/26,Desktop,24,The Guest,Thriller,New,,12.29,False,True,22618.05,24,0.15,13.99
SUB01502,02/26/26,Annual Premium,US,TV,CMP003,02/01/26,03/31/26,Roku,43,Watson,Procedural,New,,12.2,False,False,41503.22,26,0.09,11.67
SUB01503,02/01/26,Annual Essential,UK,Radio,CMP005,03/01/26,04/30/26,Roku,47,Paw Patrol,Family,Active,,8.82,False,False,22144.53,14,0.09,7.5
SUB01504,02/20/26,Paramount+ with Showtime,MX,OOH,CMP012,01/08/26,04/30/26,Smart TV,37,Criminal Minds,Procedural,At-Risk,,12.9,True,True,46356.88,40,0.12,13.99
SUB01505,02/21/26,Annual Essential,MX,OOH,CMP013,02/01/26,04/15/26,Mobile,29,Boomerang,Comedy,Active,,5.71,False,False,27040.0,25,0.13,7.5
SUB01506,02/14/26,Annual Premium,US,Radio,CMP005,03/01/26,04/30/26,Fire TV,25,The Madison,Drama,New,,11.87,False,False,22144.53,14,0.09,11.67
SUB01507,02/19/26,Essential,US,TV,CMP001,01/05/26,02/28/26,Fire TV,42,RuPaul Drag Race All Stars,Reality,Active,,13.62,False,False,56894.89,36,0.0849999999999999,13.99
SUB01508,02/11/26,Paramount+ with Showtime,UK,Digital,CMP011,02/15/26,04/01/26,Tablet,53,Landman,Drama,Active,,16.71,False,True,45566.52,49,0.15,13.99
SUB01509,02/27/26,Annual Essential,US,OOH,CMP013,02/01/26,04/15/26,Fire TV,54,Boston Blue,Procedural,Active,,6.82,False,False,27040.0,25,0.13,7.5
SUB01510,02/14/26,Essential,US,TV,CMP002,01/10/26,02/15/26,Fire TV,48,Lioness,Thriller,Reactivated,,13.29,True,False,61748.08,36,0.08,13.99
SUB01511,02/25/26,Annual Premium,US,Digital,CMP010,01/15/26,03/31/26,Fire TV,40,RuPaul Drag Race All Stars,Reality,Churned,03/28/26,11.25,False,True,40279.22,40,0.14,11.67
SUB01512,02/28/26,Essential,CA,Social,CMP016,03/01/26,04/30/26,Fire TV,25,Elsbeth,Procedural,Active,,12.68,True,False,13079.15,14,0.15,13.99
SUB01513,02/10/26,Annual Essential,UK,Digital,CMP009,01/01/26,04/30/26,Smart TV,41,Boston Blue,Procedural,Active,,7.35,True,False,70866.81,75,0.1475,7.5
SUB01514,02/01/26,Paramount+ with Showtime,CA,Streaming,CMP008,01/20/26,02/28/26,Mobile,48,1923,Drama,Active,,15.08,True,True,33297.18,27,0.11,13.99
SUB01515,02/26/26,Paramount+ with Showtime,US,Streaming,CMP008,01/20/26,02/28/26,Desktop,18,Watson,Procedural,New,,13.58,True,True,33297.18,27,0.11,13.99
SUB01516,02/23/26,Paramount+ with Showtime,US,Social,CMP016,03/01/26,04/30/26,Mobile,46,The Madison,Drama,Churned,03/13/26,12.99,False,True,13079.15,14,0.15,13.99
SUB01517,02/26/26,Annual Premium,AU,Social,CMP016,03/01/26,04/30/26,Roku,43,Dutton Ranch,Drama,Reactivated,,13.31,False,False,13079.15,14,0.15,11.67
SUB01518,02/05/26,Annual Premium,US,Radio,CMP005,03/01/26,04/30/26,Fire TV,49,South Park,Comedy,Active,,10.75,True,False,22144.53,14,0.09,11.67
SUB01519,02/16/26,Annual Essential,UK,Streaming,CMP008,01/20/26,02/28/26,Tablet,36,UFC,Sports,Active,,7.07,False,False,33297.18,27,0.11,7.5
SUB01520,02/08/26,Essential,CA,Digital,CMP011,02/15/26,04/01/26,Tablet,43,The Agency,Thriller,At-Risk,,14.42,False,False,45566.52,49,0.15,13.99
SUB01521,02/19/26,Essential,UK,Digital,CMP009,01/01/26,04/30/26,Fire TV,23,Criminal Minds,Procedural,At-Risk,,13.25,True,False,70866.81,75,0.1475,13.99
SUB01522,02/21/26,Essential,US,Digital,CMP011,02/15/26,04/01/26,Fire TV,41,Tracker,Action,Active,,13.29,True,False,45566.52,49,0.15,13.99
SUB01523,02/05/26,Annual Premium,US,TV,CMP003,02/01/26,03/31/26,Desktop,49,Elsbeth,Procedural,At-Risk,,13.1,False,False,41503.22,26,0.09,11.67
SUB01524,02/01/26,Paramount+ with Showtime,AU,Digital,CMP010,01/15/26,03/31/26,Roku,38,Elsbeth,Procedural,New,,13.98,False,True,40279.22,40,0.14,13.99
SUB01525,02/05/26,Essential,MX,OOH,CMP013,02/01/26,04/15/26,Mobile,49,NCIS,Procedural,New,,11.54,True,True,27040.0,25,0.13,13.99
SUB01526,02/07/26,Essential,MX,TV,CMP002,01/10/26,02/15/26,Smart TV,34,The Curse,Comedy,Active,,13.54,True,False,61748.08,36,0.08,13.99
SUB01527,02/01/26,Paramount+ with Showtime,US,TV,CMP001,01/05/26,02/28/26,Tablet,30,The Offer,Drama,Active,,14.33,False,True,56894.89,36,0.0849999999999999,13.99
SUB01528,02/09/26,Annual Essential,US,Social,CMP016,03/01/26,04/30/26,Smart TV,24,Mission Impossible,Action,At-Risk,,7.65,True,False,13079.15,14,0.15,7.5
SUB01529,02/08/26,Paramount+ with Showtime,CA,Streaming,CMP006,01/12/26,04/15/26,Mobile,35,1923,Drama,Active,,14.9,False,True,69517.64,55,0.11,13.99
SUB01530,02/01/26,Paramount+ with Showtime,US,Digital,CMP011,02/15/26,04/01/26,Smart TV,50,The Agency,Thriller,Churned,02/20/26,12.08,False,True,45566.52,49,0.15,13.99
SUB01531,02/04/26,Paramount+ with Showtime,CA,Social,CMP014,01/10/26,03/10/26,Desktop,29,Dutton Ranch,Drama,New,,14.22,False,True,25458.31,29,0.16,13.99
SUB01532,02/19/26,Annual Essential,US,Digital,CMP011,02/15/26,04/01/26,Tablet,18,Criminal Minds,Procedural,New,,7.49,False,False,45566.52,49,0.15,7.5
SUB01533,02/18/26,Paramount+ with Showtime,CA,Radio,CMP004,01/06/26,03/15/26,Tablet,34,Tracker,Action,Active,,14.36,False,True,41237.74,27,0.09,13.99
SUB01534,02/15/26,Essential,UK,OOH,CMP012,01/08/26,04/30/26,Mobile,56,NFL,Sports,Active,,15.12,True,False,46356.88,40,0.12,13.99
SUB01535,02/04/26,Annual Premium,US,Digital,CMP010,01/15/26,03/31/26,Smart TV,60,NFL,Sports,Active,,10.87,True,False,40279.22,40,0.14,11.67
SUB01536,02/20/26,Essential,CA,OOH,CMP012,01/08/26,04/30/26,Tablet,34,Coldwater,Drama,At-Risk,,14.16,False,True,46356.88,40,0.12,13.99
SUB01537,02/06/26,Annual Premium,MX,Social,CMP016,03/01/26,04/30/26,Mobile,47,The Chi,Drama,At-Risk,,9.89,True,False,13079.15,14,0.15,11.67
SUB01538,02/19/26,Annual Essential,US,TV,CMP001,01/05/26,02/28/26,Roku,18,Tracker,Action,At-Risk,,6.61,True,False,56894.89,36,0.0849999999999999,7.5
SUB01539,02/21/26,Paramount+ with Showtime,US,Streaming,CMP006,01/12/26,04/15/26,Desktop,38,Sonic 3,Family,New,,14.62,True,True,69517.64,55,0.11,13.99
SUB01540,02/10/26,Annual Essential,US,Radio,CMP004,01/06/26,03/15/26,Roku,18,The Agency,Thriller,At-Risk,,6.75,True,False,41237.74,27,0.09,7.5
SUB01541,02/27/26,Annual Essential,US,Radio,CMP005,03/01/26,04/30/26,Fire TV,31,Mayor of Kingstown,Drama,Active,,6.99,False,False,22144.53,14,0.09,7.5
SUB01542,02/04/26,Essential,US,Radio,CMP005,03/01/26,04/30/26,Desktop,48,Sonic 3,Family,Active,,15.48,False,False,22144.53,14,0.09,13.99
SUB01543,02/22/26,Essential,US,TV,CMP003,02/01/26,03/31/26,Fire TV,28,Sonic 3,Family,Active,,14.36,True,False,41503.22,26,0.09,13.99
SUB01544,02/19/26,Annual Premium,CA,Social,CMP016,03/01/26,04/30/26,Tablet,43,Sonic 3,Family,Churned,03/14/26,9.67,False,False,13079.15,14,0.15,11.67
SUB01545,02/07/26,Paramount+ with Showtime,CA,TV,CMP001,01/05/26,02/28/26,Tablet,43,Mayor of Kingstown,Drama,Active,,13.43,False,True,56894.89,36,0.0849999999999999,13.99
SUB01546,02/24/26,Paramount+ with Showtime,US,OOH,CMP012,01/08/26,04/30/26,Smart TV,18,NFL,Sports,Active,,12.83,False,True,46356.88,40,0.12,13.99
SUB01547,02/26/26,Annual Premium,US,TV,CMP001,01/05/26,02/28/26,Desktop,18,NFL,Sports,Churned,03/16/26,10.12,True,False,56894.89,36,0.0849999999999999,11.67
SUB01548,02/09/26,Essential,AU,Social,CMP015,02/05/26,04/05/26,Fire TV,39,MobLand,Drama,Active,,15.07,True,False,22618.05,24,0.15,13.99
SUB01549,02/21/26,Essential,US,TV,CMP003,02/01/26,03/31/26,Desktop,46,Mayor of Kingstown,Drama,Churned,03/08/26,11.55,True,False,41503.22,26,0.09,13.99
SUB01550,02/01/26,Annual Essential,US,Digital,CMP010,01/15/26,03/31/26,Mobile,37,Ghosts,Comedy,New,,7.18,False,False,40279.22,40,0.14,7.5
SUB01551,02/26/26,Essential,US,Digital,CMP011,02/15/26,04/01/26,Mobile,34,The Madison,Drama,Active,,13.72,True,False,45566.52,49,0.15,13.99
SUB01552,02/01/26,Essential,CA,TV,CMP003,02/01/26,03/31/26,Fire TV,46,Lioness,Thriller,Active,,15.5,True,False,41503.22,26,0.09,13.99
SUB01553,02/06/26,Annual Premium,US,Digital,CMP010,01/15/26,03/31/26,Fire TV,33,Love & Hip Hop Miami,Reality,At-Risk,,11.82,False,False,40279.22,40,0.14,11.67
SUB01554,02/06/26,Annual Premium,CA,Social,CMP014,01/10/26,03/10/26,Smart TV,26,Boomerang,Comedy,New,,11.32,False,False,25458.31,29,0.16,11.67
SUB01555,02/01/26,Paramount+ with Showtime,CA,OOH,CMP013,02/01/26,04/15/26,Tablet,30,Landman,Drama,Active,,14.3,False,True,27040.0,25,0.13,13.99
SUB01556,02/17/26,Essential,CA,Radio,CMP005,03/01/26,04/30/26,Desktop,35,Tracker,Action,Active,,14.7,True,False,22144.53,14,0.09,13.99
SUB01557,02/12/26,Paramount+ with Showtime,US,TV,CMP002,01/10/26,02/15/26,Roku,26,Love & Hip Hop Miami,Reality,At-Risk,,14.05,True,True,61748.08,36,0.08,13.99
SUB01558,02/14/26,Paramount+ with Showtime,AU,Social,CMP014,01/10/26,03/10/26,Desktop,18,Landman,Drama,At-Risk,,13.17,False,True,25458.31,29,0.16,13.99
SUB01559,02/28/26,Paramount+ with Showtime,AU,Social,CMP016,03/01/26,04/30/26,Desktop,49,The Madison,Drama,At-Risk,,14.98,False,True,13079.15,14,0.15,13.99
SUB01560,02/17/26,Essential,US,Streaming,CMP008,01/20/26,02/28/26,Fire TV,53,Criminal Minds,Procedural,Reactivated,,14.22,True,False,33297.18,27,0.11,13.99
SUB01561,02/17/26,Paramount+ with Showtime,MX,Digital,CMP009,01/01/26,04/30/26,Roku,34,The Guest,Thriller,New,,13.81,False,True,70866.81,75,0.1475,13.99
SUB01562,02/13/26,Annual Essential,US,Digital,CMP011,02/15/26,04/01/26,Fire TV,28,The Chi,Drama,Active,,7.44,True,True,45566.52,49,0.15,7.5
SUB01563,02/01/26,Paramount+ with Showtime,US,Social,CMP014,01/10/26,03/10/26,Mobile,26,Boston Blue,Procedural,At-Risk,,12.51,False,True,25458.31,29,0.16,13.99
SUB01564,02/25/26,Paramount+ with Showtime,MX,Streaming,CMP007,02/10/26,03/20/26,Mobile,31,Yellowjackets,Drama,At-Risk,,12.24,True,True,39937.36,33,0.115,13.99
SUB01565,02/25/26,Paramount+ with Showtime,US,TV,CMP002,01/10/26,02/15/26,Tablet,51,South Park,Comedy,Reactivated,,13.75,True,True,61748.08,36,0.08,13.99
SUB01566,02/28/26,Annual Premium,US,Radio,CMP004,01/06/26,03/15/26,Mobile,35,Tracker,Action,At-Risk,,13.0,False,False,41237.74,27,0.09,11.67
SUB01567,02/17/26,Essential,US,TV,CMP003,02/01/26,03/31/26,Tablet,39,Elsbeth,Procedural,Active,,13.19,False,False,41503.22,26,0.09,13.99
SUB01568,02/11/26,Essential,US,OOH,CMP013,02/01/26,04/15/26,Tablet,18,Love & Hip Hop Miami,Reality,Active,,14.47,False,False,27040.0,25,0.13,13.99
SUB01569,02/28/26,Essential,CA,Digital,CMP009,01/01/26,04/30/26,Fire TV,46,Tracker,Action,At-Risk,,14.71,True,False,70866.81,75,0.1475,13.99
SUB01570,02/13/26,Essential,US,Streaming,CMP006,01/12/26,04/15/26,Roku,31,Watson,Procedural,Churned,04/10/26,12.95,False,False,69517.64,55,0.11,13.99
SUB01571,02/20/26,Essential,US,OOH,CMP012,01/08/26,04/30/26,Mobile,29,The Curse,Comedy,New,,14.46,False,False,46356.88,40,0.12,13.99
SUB01572,02/02/26,Essential,US,Digital,CMP009,01/01/26,04/30/26,Roku,42,NFL,Sports,New,,14.18,False,False,70866.81,75,0.1475,13.99
SUB01573,02/04/26,Annual Premium,MX,OOH,CMP013,02/01/26,04/15/26,Smart TV,71,Boomerang,Comedy,At-Risk,,11.65,False,False,27040.0,25,0.13,11.67
SUB01574,02/07/26,Paramount+ with Showtime,US,Social,CMP014,01/10/26,03/10/26,Mobile,39,Dutton Ranch,Drama,Churned,02/18/26,13.08,True,True,25458.31,29,0.16,13.99
SUB01575,02/21/26,Essential,US,TV,CMP002,01/10/26,02/15/26,Fire TV,38,Dutton Ranch,Drama,New,,13.52,True,False,61748.08,36,0.08,13.99
SUB01576,02/22/26,Paramount+ with Showtime,US,Social,CMP016,03/01/26,04/30/26,Fire TV,18,Dexter,Thriller,Reactivated,,13.44,False,True,13079.15,14,0.15,13.99
SUB01577,02/04/26,Paramount+ with Showtime,MX,Radio,CMP005,03/01/26,04/30/26,Fire TV,60,1923,Drama,Active,,11.9,False,True,22144.53,14,0.09,13.99
SUB01578,02/27/26,Essential,US,TV,CMP001,01/05/26,02/28/26,Tablet,37,NFL,Sports,Churned,04/24/26,13.19,False,False,56894.89,36,0.0849999999999999,13.99
SUB01579,02/09/26,Essential,CA,Radio,CMP004,01/06/26,03/15/26,Fire TV,42,Elsbeth,Procedural,Active,,12.84,True,False,41237.74,27,0.09,13.99
SUB01580,02/21/26,Annual Essential,AU,Streaming,CMP007,02/10/26,03/20/26,Roku,38,Dexter,Thriller,New,,8.27,False,True,39937.36,33,0.115,7.5
SUB01581,02/05/26,Annual Premium,US,TV,CMP003,02/01/26,03/31/26,Desktop,45,Landman,Drama,Active,,12.0,False,True,41503.22,26,0.09,11.67
SUB01582,02/27/26,Annual Premium,UK,Radio,CMP004,01/06/26,03/15/26,Fire TV,43,Mayor of Kingstown,Drama,New,,12.28,False,False,41237.74,27,0.09,11.67
SUB01583,02/09/26,Essential,US,TV,CMP001,01/05/26,02/28/26,Fire TV,39,Mayor of Kingstown,Drama,Active,,12.71,True,False,56894.89,36,0.0849999999999999,13.99
SUB01584,02/14/26,Paramount+ with Showtime,AU,Social,CMP015,02/05/26,04/05/26,Smart TV,39,RuPaul Drag Race All Stars,Reality,Active,,14.29,False,True,22618.05,24,0.15,13.99
SUB01585,02/10/26,Annual Essential,US,Radio,CMP004,01/06/26,03/15/26,Smart TV,34,NCIS,Procedural,Churned,03/27/26,5.85,False,True,41237.74,27,0.09,7.5
SUB01586,02/14/26,Paramount+ with Showtime,US,Radio,CMP004,01/06/26,03/15/26,Tablet,42,The Guest,Thriller,Active,,15.12,False,True,41237.74,27,0.09,13.99
SUB01587,02/27/26,Essential,US,Digital,CMP011,02/15/26,04/01/26,Fire TV,28,Lioness,Thriller,Active,,12.96,False,False,45566.52,49,0.15,13.99
SUB01588,02/23/26,Paramount+ with Showtime,CA,Digital,CMP009,01/01/26,04/30/26,Fire TV,47,NCIS,Procedural,Churned,04/02/26,13.23,False,True,70866.81,75,0.1475,13.99
SUB01589,02/28/26,Annual Essential,US,Social,CMP015,02/05/26,04/05/26,Mobile,24,Dexter,Thriller,New,,6.41,False,False,22618.05,24,0.15,7.5
SUB01590,02/10/26,Paramount+ with Showtime,CA,Social,CMP016,03/01/26,04/30/26,Smart TV,34,The Curse,Comedy,At-Risk,,14.16,True,True,13079.15,14,0.15,13.99
SUB01591,02/10/26,Annual Premium,CA,Digital,CMP011,02/15/26,04/01/26,Smart TV,38,Tracker,Action,Active,,11.95,False,False,45566.52,49,0.15,11.67
SUB01592,02/13/26,Annual Premium,AU,Radio,CMP005,03/01/26,04/30/26,Roku,38,The Offer,Drama,Active,,11.87,True,False,22144.53,14,0.09,11.67
SUB01593,02/25/26,Annual Premium,US,Social,CMP015,02/05/26,04/05/26,Mobile,37,The Guest,Thriller,Active,,10.5,True,False,22618.05,24,0.15,11.67
SUB01594,02/21/26,Annual Premium,CA,Radio,CMP005,03/01/26,04/30/26,Mobile,18,The Offer,Drama,Active,,11.52,False,False,22144.53,14,0.09,11.67
SUB01595,02/22/26,Annual Premium,US,Social,CMP015,02/05/26,04/05/26,Fire TV,18,NCIS,Procedural,Churned,03/11/26,12.65,False,False,22618.05,24,0.15,11.67
SUB01596,02/22/26,Annual Premium,CA,TV,CMP003,02/01/26,03/31/26,Tablet,33,Mission Impossible,Action,Active,,10.97,False,False,41503.22,26,0.09,11.67
SUB01597,02/01/26,Annual Essential,US,Social,CMP014,01/10/26,03/10/26,Desktop,18,SpongeBob,Family,New,,7.08,False,True,25458.31,29,0.16,7.5
SUB01598,02/09/26,Annual Premium,US,Digital,CMP009,01/01/26,04/30/26,Roku,32,Ghosts,Comedy,At-Risk,,11.95,False,False,70866.81,75,0.1475,11.67
SUB01599,02/28/26,Annual Essential,US,Radio,CMP004,01/06/26,03/15/26,Roku,35,Boston Blue,Procedural,New,,7.85,False,False,41237.74,27,0.09,7.5
SUB01600,02/03/26,Annual Premium,US,Radio,CMP005,03/01/26,04/30/26,Fire TV,18,Love & Hip Hop Miami,Reality,Active,,11.87,False,False,22144.53,14,0.09,11.67
SUB01601,02/27/26,Essential,UK,TV,CMP002,01/10/26,02/15/26,Smart TV,45,MobLand,Drama,Active,,13.38,False,False,61748.08,36,0.08,13.99
SUB01602,02/28/26,Annual Premium,US,OOH,CMP012,01/08/26,04/30/26,Desktop,28,Elsbeth,Procedural,New,,9.69,True,False,46356.88,40,0.12,11.67
SUB01603,02/24/26,Essential,US,Radio,CMP004,01/06/26,03/15/26,Mobile,27,Coldwater,Drama,New,,15.36,False,False,41237.74,27,0.09,13.99
SUB01604,02/05/26,Annual Essential,US,TV,CMP002,01/10/26,02/15/26,Desktop,32,NCIS,Procedural,Active,,5.96,False,True,61748.08,36,0.08,7.5
SUB01605,02/24/26,Annual Essential,US,Radio,CMP005,03/01/26,04/30/26,Smart TV,47,The Madison,Drama,Active,,7.94,False,True,22144.53,14,0.09,7.5
SUB01606,02/01/26,Paramount+ with Showtime,US,OOH,CMP013,02/01/26,04/15/26,Roku,34,1923,Drama,New,,13.5,False,True,27040.0,25,0.13,13.99
SUB01607,02/11/26,Paramount+ with Showtime,US,OOH,CMP012,01/08/26,04/30/26,Roku,46,The Curse,Comedy,Active,,13.58,True,True,46356.88,40,0.12,13.99
SUB01608,02/22/26,Annual Premium,US,TV,CMP001,01/05/26,02/28/26,Fire TV,35,MobLand,Drama,New,,11.63,False,False,56894.89,36,0.0849999999999999,11.67
SUB01609,02/05/26,Annual Essential,US,OOH,CMP013,02/01/26,04/15/26,Roku,37,The Chi,Drama,At-Risk,,7.75,False,False,27040.0,25,0.13,7.5
SUB01610,02/10/26,Annual Essential,UK,TV,CMP002,01/10/26,02/15/26,Fire TV,49,Coldwater,Drama,Active,,6.91,True,False,61748.08,36,0.08,7.5
SUB01611,02/14/26,Essential,UK,Social,CMP014,01/10/26,03/10/26,Tablet,50,Criminal Minds,Procedural,Active,,14.57,True,True,25458.31,29,0.16,13.99
SUB01612,02/15/26,Annual Premium,US,Radio,CMP004,01/06/26,03/15/26,Mobile,46,RuPaul Drag Race All Stars,Reality,Active,,11.73,False,False,41237.74,27,0.09,11.67
SUB01613,02/27/26,Paramount+ with Showtime,US,Radio,CMP005,03/01/26,04/30/26,Fire TV,31,Sonic 3,Family,Active,,15.13,False,True,22144.53,14,0.09,13.99
SUB01614,02/26/26,Annual Premium,US,Radio,CMP005,03/01/26,04/30/26,Tablet,28,Dexter,Thriller,New,,11.11,True,False,22144.53,14,0.09,11.67
SUB01615,02/18/26,Annual Essential,US,TV,CMP001,01/05/26,02/28/26,Roku,47,The Chi,Drama,Churned,04/12/26,7.61,False,False,56894.89,36,0.0849999999999999,7.5
SUB01616,02/19/26,Paramount+ with Showtime,US,Social,CMP016,03/01/26,04/30/26,Desktop,45,The Madison,Drama,Reactivated,,13.43,False,True,13079.15,14,0.15,13.99
SUB01617,02/13/26,Annual Essential,US,OOH,CMP012,01/08/26,04/30/26,Desktop,30,Tulsa King,Drama,New,,5.24,False,False,46356.88,40,0.12,7.5
SUB01618,02/06/26,Annual Premium,AU,OOH,CMP012,01/08/26,04/30/26,Tablet,73,South Park,Comedy,At-Risk,,12.76,False,True,46356.88,40,0.12,11.67
SUB01619,02/18/26,Paramount+ with Showtime,CA,OOH,CMP013,02/01/26,04/15/26,Desktop,54,Lioness,Thriller,At-Risk,,14.61,True,True,27040.0,25,0.13,13.99
SUB01620,02/03/26,Annual Premium,CA,TV,CMP001,01/05/26,02/28/26,Smart TV,51,1923,Drama,Active,,11.61,False,False,56894.89,36,0.0849999999999999,11.67
SUB01621,02/10/26,Essential,CA,TV,CMP003,02/01/26,03/31/26,Smart TV,31,Elsbeth,Procedural,Reactivated,,12.49,True,False,41503.22,26,0.09,13.99
SUB01622,02/22/26,Annual Premium,UK,Radio,CMP004,01/06/26,03/15/26,Fire TV,19,Landman,Drama,Churned,04/07/26,9.2,False,False,41237.74,27,0.09,11.67
SUB01623,02/20/26,Annual Essential,MX,Streaming,CMP008,01/20/26,02/28/26,Smart TV,40,NFL,Sports,Reactivated,,5.81,True,False,33297.18,27,0.11,7.5
SUB01624,02/23/26,Annual Essential,CA,Streaming,CMP006,01/12/26,04/15/26,Tablet,30,Love & Hip Hop Miami,Reality,New,,8.7,False,False,69517.64,55,0.11,7.5
SUB01625,02/01/26,Essential,UK,Radio,CMP004,01/06/26,03/15/26,Smart TV,20,South Park,Comedy,Active,,13.76,False,False,41237.74,27,0.09,13.99
SUB01626,02/13/26,Paramount+ with Showtime,US,OOH,CMP013,02/01/26,04/15/26,Smart TV,23,The Curse,Comedy,Active,,14.1,False,True,27040.0,25,0.13,13.99
SUB01627,02/19/26,Annual Premium,CA,TV,CMP003,02/01/26,03/31/26,Smart TV,28,Mission Impossible,Action,New,,12.41,False,False,41503.22,26,0.09,11.67
SUB01628,02/26/26,Annual Premium,US,Digital,CMP011,02/15/26,04/01/26,Smart TV,57,Dutton Ranch,Drama,Active,,12.4,False,False,45566.52,49,0.15,11.67
SUB01629,02/22/26,Essential,US,OOH,CMP013,02/01/26,04/15/26,Mobile,46,Lioness,Thriller,Churned,04/02/26,12.3,False,False,27040.0,25,0.13,13.99
SUB01630,02/17/26,Essential,US,Streaming,CMP006,01/12/26,04/15/26,Smart TV,60,Tracker,Action,Active,,15.08,False,False,69517.64,55,0.11,13.99
SUB01631,02/24/26,Annual Essential,US,Streaming,CMP008,01/20/26,02/28/26,Smart TV,26,The Chi,Drama,Active,,6.77,False,False,33297.18,27,0.11,7.5
SUB01632,02/09/26,Paramount+ with Showtime,US,Radio,CMP004,01/06/26,03/15/26,Roku,36,RuPaul Drag Race All Stars,Reality,New,,13.44,True,True,41237.74,27,0.09,13.99
SUB01633,02/06/26,Annual Essential,US,Social,CMP015,02/05/26,04/05/26,Tablet,18,The Guest,Thriller,At-Risk,,7.28,True,False,22618.05,24,0.15,7.5
SUB01634,02/18/26,Essential,UK,Radio,CMP004,01/06/26,03/15/26,Mobile,46,Lioness,Thriller,Active,,13.18,True,False,41237.74,27,0.09,13.99
SUB01635,02/11/26,Paramount+ with Showtime,US,Digital,CMP011,02/15/26,04/01/26,Desktop,23,South Park,Comedy,New,,14.44,False,True,45566.52,49,0.15,13.99
SUB01636,02/21/26,Paramount+ with Showtime,US,Digital,CMP010,01/15/26,03/31/26,Tablet,50,The Offer,Drama,Churned,04/11/26,11.5,True,True,40279.22,40,0.14,13.99
SUB01637,02/02/26,Annual Essential,US,Social,CMP014,01/10/26,03/10/26,Fire TV,41,UFC,Sports,Reactivated,,7.1,False,False,25458.31,29,0.16,7.5
SUB01638,02/03/26,Annual Premium,US,Radio,CMP005,03/01/26,04/30/26,Tablet,56,MobLand,Drama,At-Risk,,12.36,False,False,22144.53,14,0.09,11.67
SUB01639,02/27/26,Paramount+ with Showtime,US,Streaming,CMP006,01/12/26,04/15/26,Roku,20,The Agency,Thriller,Active,,14.86,False,True,69517.64,55,0.11,13.99
SUB01640,02/28/26,Annual Essential,UK,OOH,CMP013,02/01/26,04/15/26,Roku,32,Coldwater,Drama,At-Risk,,9.33,False,True,27040.0,25,0.13,7.5
SUB01641,02/04/26,Annual Premium,AU,Streaming,CMP008,01/20/26,02/28/26,Fire TV,61,SpongeBob,Family,Active,,12.44,True,False,33297.18,27,0.11,11.67
SUB01642,02/05/26,Paramount+ with Showtime,CA,Social,CMP015,02/05/26,04/05/26,Mobile,57,The Guest,Thriller,Churned,03/02/26,12.04,True,True,22618.05,24,0.15,13.99
SUB01643,02/26/26,Paramount+ with Showtime,AU,Streaming,CMP008,01/20/26,02/28/26,Desktop,31,NFL,Sports,Active,,13.11,False,True,33297.18,27,0.11,13.99
SUB01644,02/05/26,Annual Essential,US,Streaming,CMP006,01/12/26,04/15/26,Smart TV,35,Coldwater,Drama,New,,5.8,False,False,69517.64,55,0.11,7.5
SUB01645,02/12/26,Paramount+ with Showtime,US,Digital,CMP010,01/15/26,03/31/26,Mobile,59,Tracker,Action,Active,,14.22,False,True,40279.22,40,0.14,13.99
SUB01646,02/04/26,Paramount+ with Showtime,MX,Social,CMP016,03/01/26,04/30/26,Tablet,45,NFL,Sports,Active,,13.35,True,True,13079.15,14,0.15,13.99
SUB01647,02/12/26,Annual Premium,US,Streaming,CMP007,02/10/26,03/20/26,Fire TV,51,Dutton Ranch,Drama,Active,,12.33,False,True,39937.36,33,0.115,11.67
SUB01648,02/07/26,Annual Essential,AU,OOH,CMP012,01/08/26,04/30/26,Roku,35,UFC,Sports,Active,,7.16,False,False,46356.88,40,0.12,7.5
SUB01649,02/10/26,Paramount+ with Showtime,US,Radio,CMP005,03/01/26,04/30/26,Mobile,62,The Agency,Thriller,At-Risk,,14.0,False,True,22144.53,14,0.09,13.99
SUB01650,02/08/26,Paramount+ with Showtime,CA,TV,CMP003,02/01/26,03/31/26,Smart TV,19,Boomerang,Comedy,At-Risk,,13.39,True,True,41503.22,26,0.09,13.99
SUB01651,02/24/26,Annual Premium,MX,Digital,CMP011,02/15/26,04/01/26,Tablet,41,Mission Impossible,Action,At-Risk,,11.27,False,False,45566.52,49,0.15,11.67
SUB01652,02/24/26,Annual Premium,US,OOH,CMP012,01/08/26,04/30/26,Smart TV,51,The Agency,Thriller,Active,,10.81,False,False,46356.88,40,0.12,11.67
SUB01653,02/13/26,Annual Premium,US,Social,CMP014,01/10/26,03/10/26,Roku,35,Dutton Ranch,Drama,Churned,04/11/26,10.69,False,False,25458.31,29,0.16,11.67
SUB01654,02/13/26,Essential,US,Streaming,CMP007,02/10/26,03/20/26,Desktop,45,The Curse,Comedy,Active,,12.77,True,False,39937.36,33,0.115,13.99
SUB01655,02/16/26,Essential,US,Radio,CMP005,03/01/26,04/30/26,Tablet,36,Ghosts,Comedy,New,,13.07,True,False,22144.53,14,0.09,13.99
SUB01656,02/13/26,Essential,CA,OOH,CMP013,02/01/26,04/15/26,Tablet,34,MobLand,Drama,Active,,14.64,False,False,27040.0,25,0.13,13.99
SUB01657,02/16/26,Annual Essential,MX,TV,CMP003,02/01/26,03/31/26,Fire TV,33,The Agency,Thriller,New,,7.67,False,False,41503.22,26,0.09,7.5
SUB01658,02/11/26,Paramount+ with Showtime,US,TV,CMP001,01/05/26,02/28/26,Mobile,36,The Agency,Thriller,At-Risk,,12.08,False,True,56894.89,36,0.0849999999999999,13.99
SUB01659,02/22/26,Essential,UK,Social,CMP015,02/05/26,04/05/26,Roku,18,Sonic 3,Family,At-Risk,,15.27,False,False,22618.05,24,0.15,13.99
SUB01660,02/26/26,Essential,US,Social,CMP014,01/10/26,03/10/26,Smart TV,39,Sonic 3,Family,Active,,11.72,True,False,25458.31,29,0.16,13.99
SUB01661,02/24/26,Annual Premium,US,Social,CMP016,03/01/26,04/30/26,Tablet,21,UFC,Sports,Active,,11.96,False,False,13079.15,14,0.15,11.67
SUB01662,02/20/26,Essential,AU,Streaming,CMP007,02/10/26,03/20/26,Roku,35,Tracker,Action,Reactivated,,15.35,True,False,39937.36,33,0.115,13.99
SUB01663,02/02/26,Essential,AU,Social,CMP014,01/10/26,03/10/26,Smart TV,34,The Agency,Thriller,Active,,14.47,False,False,25458.31,29,0.16,13.99
SUB01664,02/05/26,Annual Essential,CA,Social,CMP015,02/05/26,04/05/26,Desktop,71,Mayor of Kingstown,Drama,At-Risk,,8.14,False,False,22618.05,24,0.15,7.5
SUB01665,02/18/26,Annual Essential,UK,Radio,CMP004,01/06/26,03/15/26,Roku,36,RuPaul Drag Race All Stars,Reality,Active,,7.01,True,False,41237.74,27,0.09,7.5
SUB01666,02/15/26,Essential,US,Social,CMP016,03/01/26,04/30/26,Desktop,37,The Curse,Comedy,At-Risk,,17.04,False,False,13079.15,14,0.15,13.99
SUB01667,02/02/26,Essential,MX,Digital,CMP010,01/15/26,03/31/26,Tablet,49,SpongeBob,Family,At-Risk,,11.79,True,False,40279.22,40,0.14,13.99
SUB01668,02/27/26,Annual Premium,MX,OOH,CMP012,01/08/26,04/30/26,Roku,31,Boston Blue,Procedural,Active,,9.14,True,False,46356.88,40,0.12,11.67
SUB01669,02/28/26,Annual Premium,US,TV,CMP003,02/01/26,03/31/26,Fire TV,48,Sonic 3,Family,Active,,12.72,False,False,41503.22,26,0.09,11.67
SUB01670,02/16/26,Annual Essential,CA,Radio,CMP004,01/06/26,03/15/26,Mobile,44,SpongeBob,Family,Reactivated,,7.2,False,True,41237.74,27,0.09,7.5
SUB01671,02/07/26,Annual Premium,US,OOH,CMP012,01/08/26,04/30/26,Smart TV,60,Dutton Ranch,Drama,Churned,04/01/26,11.07,False,False,46356.88,40,0.12,11.67
SUB01672,02/04/26,Essential,UK,Radio,CMP004,01/06/26,03/15/26,Desktop,34,Mission Impossible,Action,Active,,14.03,False,True,41237.74,27,0.09,13.99
SUB01673,02/22/26,Annual Premium,UK,TV,CMP003,02/01/26,03/31/26,Desktop,18,NFL,Sports,At-Risk,,11.8,True,False,41503.22,26,0.09,11.67
SUB01674,02/08/26,Essential,US,Radio,CMP005,03/01/26,04/30/26,Roku,43,Landman,Drama,Active,,13.55,False,False,22144.53,14,0.09,13.99
SUB01675,02/22/26,Annual Essential,MX,OOH,CMP012,01/08/26,04/30/26,Tablet,35,Yellowjackets,Drama,New,,7.91,False,False,46356.88,40,0.12,7.5
SUB01676,02/26/26,Annual Essential,CA,Streaming,CMP006,01/12/26,04/15/26,Smart TV,20,NCIS,Procedural,Active,,6.02,True,True,69517.64,55,0.11,7.5
SUB01677,02/20/26,Paramount+ with Showtime,US,Streaming,CMP006,01/12/26,04/15/26,Fire TV,56,Ghosts,Comedy,New,,13.3,False,True,69517.64,55,0.11,13.99
SUB01678,02/27/26,Essential,AU,Social,CMP015,02/05/26,04/05/26,Roku,55,Lioness,Thriller,At-Risk,,15.19,False,False,22618.05,24,0.15,13.99
SUB01679,02/27/26,Annual Premium,MX,OOH,CMP013,02/01/26,04/15/26,Roku,48,SpongeBob,Family,At-Risk,,12.18,True,False,27040.0,25,0.13,11.67
SUB01680,02/13/26,Essential,UK,OOH,CMP013,02/01/26,04/15/26,Roku,28,Yellowjackets,Drama,Active,,14.98,False,False,27040.0,25,0.13,13.99
SUB01681,02/14/26,Annual Premium,US,OOH,CMP012,01/08/26,04/30/26,Tablet,44,Mission Impossible,Action,Reactivated,,11.0,True,False,46356.88,40,0.12,11.67
SUB01682,02/24/26,Annual Essential,US,Social,CMP016,03/01/26,04/30/26,Desktop,26,Sonic 3,Family,Active,,8.56,False,True,13079.15,14,0.15,7.5
SUB01683,02/11/26,Paramount+ with Showtime,AU,OOH,CMP012,01/08/26,04/30/26,Desktop,18,NFL,Sports,Active,,15.05,False,True,46356.88,40,0.12,13.99
SUB01684,02/08/26,Annual Premium,US,Digital,CMP009,01/01/26,04/30/26,Mobile,35,The Offer,Drama,At-Risk,,12.2,False,False,70866.81,75,0.1475,11.67
SUB01685,02/20/26,Essential,US,TV,CMP002,01/10/26,02/15/26,Desktop,42,Coldwater,Drama,New,,13.06,False,False,61748.08,36,0.08,13.99
SUB01686,02/16/26,Paramount+ with Showtime,CA,Streaming,CMP007,02/10/26,03/20/26,Tablet,22,The Agency,Thriller,Active,,13.73,False,True,39937.36,33,0.115,13.99
SUB01687,02/04/26,Essential,AU,TV,CMP003,02/01/26,03/31/26,Desktop,36,Landman,Drama,Active,,13.97,False,False,41503.22,26,0.09,13.99
SUB01688,02/16/26,Essential,UK,TV,CMP001,01/05/26,02/28/26,Smart TV,52,Coldwater,Drama,Active,,13.49,False,False,56894.89,36,0.0849999999999999,13.99
SUB01689,02/19/26,Paramount+ with Showtime,US,Social,CMP014,01/10/26,03/10/26,Fire TV,48,Lioness,Thriller,Churned,03/02/26,13.08,False,True,25458.31,29,0.16,13.99
SUB01690,02/02/26,Essential,US,OOH,CMP012,01/08/26,04/30/26,Desktop,60,Love & Hip Hop Miami,Reality,Active,,14.23,True,False,46356.88,40,0.12,13.99
SUB01691,02/06/26,Essential,US,OOH,CMP013,02/01/26,04/15/26,Tablet,21,Elsbeth,Procedural,Active,,14.4,False,False,27040.0,25,0.13,13.99
SUB01692,02/09/26,Essential,US,TV,CMP003,02/01/26,03/31/26,Roku,18,SpongeBob,Family,Active,,13.96,False,False,41503.22,26,0.09,13.99
SUB01693,02/09/26,Essential,CA,Streaming,CMP007,02/10/26,03/20/26,Roku,38,Paw Patrol,Family,Reactivated,,14.3,False,False,39937.36,33,0.115,13.99
SUB01694,02/01/26,Annual Premium,US,Radio,CMP005,03/01/26,04/30/26,Fire TV,58,1923,Drama,Active,,12.09,False,False,22144.53,14,0.09,11.67
SUB01695,02/26/26,Annual Premium,US,TV,CMP001,01/05/26,02/28/26,Fire TV,39,Tracker,Action,Active,,12.53,False,True,56894.89,36,0.0849999999999999,11.67
SUB01696,02/09/26,Paramount+ with Showtime,US,TV,CMP003,02/01/26,03/31/26,Fire TV,70,Landman,Drama,Churned,03/28/26,13.37,True,True,41503.22,26,0.09,13.99
SUB01697,02/23/26,Annual Essential,CA,Digital,CMP011,02/15/26,04/01/26,Smart TV,39,Elsbeth,Procedural,At-Risk,,5.61,False,False,45566.52,49,0.15,7.5
SUB01698,02/13/26,Annual Premium,US,Social,CMP015,02/05/26,04/05/26,Smart TV,28,Boston Blue,Procedural,New,,12.99,False,False,22618.05,24,0.15,11.67
SUB01699,02/27/26,Paramount+ with Showtime,US,Radio,CMP004,01/06/26,03/15/26,Mobile,36,The Curse,Comedy,Active,,14.85,False,True,41237.74,27,0.09,13.99
SUB01700,02/16/26,Annual Essential,MX,OOH,CMP012,01/08/26,04/30/26,Desktop,22,RuPaul Drag Race All Stars,Reality,Churned,03/28/26,4.15,True,False,46356.88,40,0.12,7.5
SUB01701,02/19/26,Essential,AU,Streaming,CMP008,01/20/26,02/28/26,Desktop,52,Love & Hip Hop Miami,Reality,Active,,14.85,False,False,33297.18,27,0.11,13.99
SUB01702,02/01/26,Annual Premium,US,OOH,CMP012,01/08/26,04/30/26,Fire TV,39,Watson,Procedural,At-Risk,,11.58,True,False,46356.88,40,0.12,11.67
SUB01703,02/22/26,Essential,US,Social,CMP016,03/01/26,04/30/26,Roku,23,Dexter,Thriller,Active,,12.46,True,False,13079.15,14,0.15,13.99
SUB01704,02/05/26,Annual Premium,CA,OOH,CMP013,02/01/26,04/15/26,Smart TV,39,MobLand,Drama,Reactivated,,13.24,True,False,27040.0,25,0.13,11.67
SUB01705,02/27/26,Essential,US,OOH,CMP012,01/08/26,04/30/26,Mobile,37,Love & Hip Hop Miami,Reality,Churned,03/13/26,12.59,False,False,46356.88,40,0.12,13.99
SUB01706,02/17/26,Annual Premium,AU,Streaming,CMP007,02/10/26,03/20/26,Smart TV,45,UFC,Sports,Active,,11.84,False,False,39937.36,33,0.115,11.67
SUB01707,02/09/26,Annual Premium,CA,TV,CMP001,01/05/26,02/28/26,Smart TV,18,Dutton Ranch,Drama,Active,,10.1,False,True,56894.89,36,0.0849999999999999,11.67
SUB01708,02/19/26,Paramount+ with Showtime,US,Digital,CMP010,01/15/26,03/31/26,Fire TV,31,The Agency,Thriller,Churned,03/06/26,12.73,False,True,40279.22,40,0.14,13.99
SUB01709,02/27/26,Paramount+ with Showtime,MX,Digital,CMP011,02/15/26,04/01/26,Fire TV,47,Love & Hip Hop Miami,Reality,Reactivated,,12.42,False,True,45566.52,49,0.15,13.99
SUB01710,02/22/26,Annual Premium,CA,TV,CMP003,02/01/26,03/31/26,Smart TV,37,Mission Impossible,Action,Churned,04/03/26,10.41,False,False,41503.22,26,0.09,11.67
SUB01711,02/14/26,Essential,US,Streaming,CMP008,01/20/26,02/28/26,Roku,44,Watson,Procedural,At-Risk,,14.72,False,True,33297.18,27,0.11,13.99
SUB01712,02/18/26,Paramount+ with Showtime,US,Social,CMP016,03/01/26,04/30/26,Mobile,44,Boomerang,Comedy,Active,,13.53,True,True,13079.15,14,0.15,13.99
SUB01713,02/20/26,Paramount+ with Showtime,US,OOH,CMP012,01/08/26,04/30/26,Desktop,44,Criminal Minds,Procedural,New,,13.22,True,True,46356.88,40,0.12,13.99
SUB01714,02/01/26,Annual Essential,US,Social,CMP015,02/05/26,04/05/26,Desktop,28,The Chi,Drama,Active,,7.89,False,False,22618.05,24,0.15,7.5
SUB01715,02/06/26,Paramount+ with Showtime,US,TV,CMP001,01/05/26,02/28/26,Fire TV,52,Tracker,Action,Active,,14.6,True,True,56894.89,36,0.0849999999999999,13.99
SUB01716,02/26/26,Paramount+ with Showtime,MX,Digital,CMP011,02/15/26,04/01/26,Desktop,39,NFL,Sports,Active,,11.94,True,True,45566.52,49,0.15,13.99
SUB01717,02/09/26,Paramount+ with Showtime,US,Digital,CMP009,01/01/26,04/30/26,Smart TV,48,Landman,Drama,Active,,16.39,False,True,70866.81,75,0.1475,13.99
SUB01718,02/03/26,Essential,UK,Social,CMP014,01/10/26,03/10/26,Desktop,26,1923,Drama,At-Risk,,13.96,False,False,25458.31,29,0.16,13.99
SUB01719,02/14/26,Essential,AU,Social,CMP016,03/01/26,04/30/26,Mobile,25,Sonic 3,Family,Active,,14.27,False,False,13079.15,14,0.15,13.99
SUB01720,02/13/26,Essential,MX,OOH,CMP012,01/08/26,04/30/26,Tablet,74,The Chi,Drama,Active,,11.63,True,False,46356.88,40,0.12,13.99
SUB01721,02/04/26,Annual Premium,US,Radio,CMP005,03/01/26,04/30/26,Tablet,41,Elsbeth,Procedural,Churned,03/25/26,10.26,False,False,22144.53,14,0.09,11.67
SUB01722,02/13/26,Paramount+ with Showtime,US,Radio,CMP005,03/01/26,04/30/26,Mobile,38,The Madison,Drama,Active,,15.14,False,True,22144.53,14,0.09,13.99
SUB01723,02/18/26,Paramount+ with Showtime,MX,Digital,CMP011,02/15/26,04/01/26,Fire TV,30,NFL,Sports,At-Risk,,11.81,False,True,45566.52,49,0.15,13.99
SUB01724,02/09/26,Annual Essential,US,Social,CMP014,01/10/26,03/10/26,Mobile,22,Criminal Minds,Procedural,Active,,6.31,False,False,25458.31,29,0.16,7.5
SUB01725,02/09/26,Paramount+ with Showtime,US,OOH,CMP013,02/01/26,04/15/26,Roku,32,The Agency,Thriller,Churned,03/25/26,13.19,False,True,27040.0,25,0.13,13.99
SUB01726,02/17/26,Annual Essential,CA,Radio,CMP005,03/01/26,04/30/26,Mobile,63,Criminal Minds,Procedural,Reactivated,,5.85,False,False,22144.53,14,0.09,7.5
SUB01727,02/04/26,Paramount+ with Showtime,AU,OOH,CMP012,01/08/26,04/30/26,Tablet,36,Watson,Procedural,Active,,14.51,False,True,46356.88,40,0.12,13.99
SUB01728,02/23/26,Essential,CA,Radio,CMP005,03/01/26,04/30/26,Fire TV,31,The Guest,Thriller,Churned,03/07/26,12.84,False,False,22144.53,14,0.09,13.99
SUB01729,02/23/26,Essential,US,Digital,CMP010,01/15/26,03/31/26,Mobile,52,Criminal Minds,Procedural,Active,,13.22,True,False,40279.22,40,0.14,13.99
SUB01730,02/21/26,Essential,CA,Streaming,CMP008,01/20/26,02/28/26,Tablet,40,South Park,Comedy,New,,15.29,False,True,33297.18,27,0.11,13.99
SUB01731,02/13/26,Paramount+ with Showtime,US,Social,CMP015,02/05/26,04/05/26,Smart TV,29,Tulsa King,Drama,Active,,14.0,True,True,22618.05,24,0.15,13.99
SUB01732,02/26/26,Paramount+ with Showtime,UK,Social,CMP015,02/05/26,04/05/26,Smart TV,29,Boomerang,Comedy,Active,,13.73,False,True,22618.05,24,0.15,13.99
SUB01733,02/01/26,Essential,AU,Streaming,CMP008,01/20/26,02/28/26,Tablet,52,Lioness,Thriller,Active,,13.74,False,False,33297.18,27,0.11,13.99
SUB01734,02/08/26,Annual Premium,US,Streaming,CMP006,01/12/26,04/15/26,Roku,50,Love & Hip Hop Miami,Reality,Active,,11.49,False,True,69517.64,55,0.11,11.67
SUB01735,02/23/26,Paramount+ with Showtime,MX,TV,CMP002,01/10/26,02/15/26,Roku,40,The Agency,Thriller,Churned,03/23/26,13.73,False,True,61748.08,36,0.08,13.99
SUB01736,02/14/26,Paramount+ with Showtime,US,Social,CMP016,03/01/26,04/30/26,Tablet,49,Tulsa King,Drama,Active,,13.53,True,True,13079.15,14,0.15,13.99
SUB01737,02/22/26,Essential,US,Streaming,CMP008,01/20/26,02/28/26,Roku,23,Coldwater,Drama,Reactivated,,14.02,False,False,33297.18,27,0.11,13.99
SUB01738,02/23/26,Paramount+ with Showtime,MX,Social,CMP015,02/05/26,04/05/26,Fire TV,22,RuPaul Drag Race All Stars,Reality,Active,,12.23,True,True,22618.05,24,0.15,13.99
SUB01739,02/01/26,Essential,UK,Social,CMP016,03/01/26,04/30/26,Tablet,43,South Park,Comedy,New,,14.95,False,True,13079.15,14,0.15,13.99
SUB01740,02/20/26,Annual Essential,UK,TV,CMP003,02/01/26,03/31/26,Mobile,30,NFL,Sports,New,,6.27,True,True,41503.22,26,0.09,7.5
SUB01741,02/21/26,Paramount+ with Showtime,UK,OOH,CMP012,01/08/26,04/30/26,Tablet,62,Dexter,Thriller,Active,,14.7,False,True,46356.88,40,0.12,13.99
SUB01742,02/11/26,Essential,MX,Radio,CMP005,03/01/26,04/30/26,Fire TV,24,Watson,Procedural,Active,,11.21,True,False,22144.53,14,0.09,13.99
SUB01743,02/06/26,Paramount+ with Showtime,CA,TV,CMP003,02/01/26,03/31/26,Smart TV,31,SpongeBob,Family,Active,,14.34,False,True,41503.22,26,0.09,13.99
SUB01744,02/12/26,Paramount+ with Showtime,US,Streaming,CMP007,02/10/26,03/20/26,Roku,51,The Offer,Drama,Active,,15.04,False,True,39937.36,33,0.115,13.99
SUB01745,02/11/26,Annual Premium,US,OOH,CMP013,02/01/26,04/15/26,Mobile,23,Watson,Procedural,Reactivated,,11.33,True,False,27040.0,25,0.13,11.67
SUB01746,02/10/26,Annual Premium,AU,OOH,CMP013,02/01/26,04/15/26,Fire TV,66,Paw Patrol,Family,Active,,12.81,True,False,27040.0,25,0.13,11.67
SUB01747,02/25/26,Annual Essential,MX,TV,CMP002,01/10/26,02/15/26,Mobile,40,MobLand,Drama,Reactivated,,6.21,False,False,61748.08,36,0.08,7.5
SUB01748,02/18/26,Annual Essential,CA,Digital,CMP011,02/15/26,04/01/26,Mobile,26,Sonic 3,Family,Active,,7.38,True,False,45566.52,49,0.15,7.5
SUB01749,02/08/26,Essential,US,TV,CMP002,01/10/26,02/15/26,Tablet,51,Tulsa King,Drama,At-Risk,,13.8,False,True,61748.08,36,0.08,13.99
SUB01750,02/09/26,Paramount+ with Showtime,MX,Radio,CMP004,01/06/26,03/15/26,Fire TV,18,The Offer,Drama,Active,,12.35,True,True,41237.74,27,0.09,13.99
SUB01751,02/15/26,Essential,AU,Streaming,CMP007,02/10/26,03/20/26,Fire TV,24,RuPaul Drag Race All Stars,Reality,Active,,13.63,False,False,39937.36,33,0.115,13.99
SUB01752,02/12/26,Paramount+ with Showtime,UK,TV,CMP003,02/01/26,03/31/26,Tablet,18,Elsbeth,Procedural,Reactivated,,12.59,True,True,41503.22,26,0.09,13.99
SUB01753,02/15/26,Paramount+ with Showtime,AU,Radio,CMP004,01/06/26,03/15/26,Smart TV,32,1923,Drama,Churned,04/11/26,11.47,False,True,41237.74,27,0.09,13.99
SUB01754,02/15/26,Essential,CA,Digital,CMP011,02/15/26,04/01/26,Mobile,66,The Chi,Drama,At-Risk,,13.75,False,False,45566.52,49,0.15,13.99
SUB01755,02/17/26,Paramount+ with Showtime,US,Social,CMP016,03/01/26,04/30/26,Mobile,41,Yellowjackets,Drama,Active,,15.32,False,True,13079.15,14,0.15,13.99
SUB01756,02/04/26,Annual Premium,MX,Social,CMP015,02/05/26,04/05/26,Fire TV,26,Ghosts,Comedy,Active,,9.81,False,False,22618.05,24,0.15,11.67
SUB01757,02/18/26,Paramount+ with Showtime,US,TV,CMP003,02/01/26,03/31/26,Roku,19,MobLand,Drama,Active,,15.13,False,True,41503.22,26,0.09,13.99
SUB01758,02/17/26,Paramount+ with Showtime,US,Streaming,CMP006,01/12/26,04/15/26,Roku,74,The Offer,Drama,Churned,03/14/26,13.93,False,True,69517.64,55,0.11,13.99
SUB01759,02/19/26,Annual Premium,US,OOH,CMP012,01/08/26,04/30/26,Mobile,32,Boomerang,Comedy,At-Risk,,10.03,True,False,46356.88,40,0.12,11.67
SUB01760,02/01/26,Essential,AU,OOH,CMP012,01/08/26,04/30/26,Mobile,20,Mayor of Kingstown,Drama,New,,13.52,True,False,46356.88,40,0.12,13.99
SUB01761,02/17/26,Essential,US,OOH,CMP012,01/08/26,04/30/26,Mobile,29,The Curse,Comedy,New,,15.03,False,True,46356.88,40,0.12,13.99
SUB01762,02/07/26,Annual Essential,AU,Digital,CMP010,01/15/26,03/31/26,Desktop,46,UFC,Sports,At-Risk,,8.09,True,True,40279.22,40,0.14,7.5
SUB01763,02/03/26,Annual Premium,US,Digital,CMP011,02/15/26,04/01/26,Roku,20,NCIS,Procedural,Churned,03/22/26,10.02,False,False,45566.52,49,0.15,11.67
SUB01764,02/11/26,Essential,US,TV,CMP003,02/01/26,03/31/26,Smart TV,50,Paw Patrol,Family,At-Risk,,14.48,True,False,41503.22,26,0.09,13.99
SUB01765,02/01/26,Annual Premium,US,Radio,CMP004,01/06/26,03/15/26,Mobile,18,The Madison,Drama,At-Risk,,12.57,False,False,41237.74,27,0.09,11.67
SUB01766,02/14/26,Annual Premium,UK,Digital,CMP009,01/01/26,04/30/26,Smart TV,35,1923,Drama,Active,,12.37,True,False,70866.81,75,0.1475,11.67
SUB01767,02/23/26,Annual Premium,US,Streaming,CMP006,01/12/26,04/15/26,Fire TV,47,Criminal Minds,Procedural,Active,,11.81,False,False,69517.64,55,0.11,11.67
SUB01768,02/25/26,Annual Premium,UK,Radio,CMP005,03/01/26,04/30/26,Tablet,33,Coldwater,Drama,Active,,12.78,False,True,22144.53,14,0.09,11.67
SUB01769,02/05/26,Essential,CA,Streaming,CMP008,01/20/26,02/28/26,Smart TV,34,Yellowjackets,Drama,At-Risk,,13.83,False,False,33297.18,27,0.11,13.99
SUB01770,02/14/26,Annual Essential,CA,TV,CMP003,02/01/26,03/31/26,Roku,26,The Curse,Comedy,Active,,6.17,False,False,41503.22,26,0.09,7.5
SUB01771,02/12/26,Paramount+ with Showtime,CA,OOH,CMP012,01/08/26,04/30/26,Desktop,34,Boomerang,Comedy,New,,13.24,False,True,46356.88,40,0.12,13.99
SUB01772,02/08/26,Annual Premium,US,Streaming,CMP008,01/20/26,02/28/26,Desktop,40,The Curse,Comedy,Churned,02/26/26,10.32,False,True,33297.18,27,0.11,11.67
SUB01773,02/18/26,Essential,US,Digital,CMP009,01/01/26,04/30/26,Tablet,18,The Agency,Thriller,New,,13.63,False,False,70866.81,75,0.1475,13.99
SUB01774,02/11/26,Annual Essential,UK,Social,CMP016,03/01/26,04/30/26,Tablet,45,1923,Drama,Reactivated,,7.11,False,False,13079.15,14,0.15,7.5
SUB01775,02/26/26,Essential,US,Streaming,CMP006,01/12/26,04/15/26,Mobile,53,NFL,Sports,Active,,14.58,False,False,69517.64,55,0.11,13.99
SUB01776,02/14/26,Annual Essential,MX,Digital,CMP009,01/01/26,04/30/26,Smart TV,37,MobLand,Drama,Active,,6.25,False,False,70866.81,75,0.1475,7.5
SUB01777,02/24/26,Essential,CA,TV,CMP002,01/10/26,02/15/26,Tablet,44,1923,Drama,New,,13.18,False,False,61748.08,36,0.08,13.99
SUB01778,02/11/26,Paramount+ with Showtime,US,Social,CMP014,01/10/26,03/10/26,Tablet,34,Lioness,Thriller,At-Risk,,15.2,False,True,25458.31,29,0.16,13.99
SUB01779,02/23/26,Paramount+ with Showtime,US,Social,CMP014,01/10/26,03/10/26,Roku,27,Lioness,Thriller,Active,,13.44,False,True,25458.31,29,0.16,13.99
SUB01780,02/06/26,Annual Premium,US,Digital,CMP010,01/15/26,03/31/26,Desktop,26,Tracker,Action,Active,,12.28,False,False,40279.22,40,0.14,11.67
SUB01781,02/01/26,Essential,AU,TV,CMP002,01/10/26,02/15/26,Roku,23,Ghosts,Comedy,New,,12.65,False,False,61748.08,36,0.08,13.99
SUB01782,02/03/26,Paramount+ with Showtime,CA,Social,CMP014,01/10/26,03/10/26,Roku,30,Watson,Procedural,Active,,15.18,False,True,25458.31,29,0.16,13.99
SUB01783,02/18/26,Paramount+ with Showtime,US,Social,CMP015,02/05/26,04/05/26,Tablet,34,1923,Drama,Active,,11.44,True,True,22618.05,24,0.15,13.99
SUB01784,02/27/26,Annual Essential,US,OOH,CMP012,01/08/26,04/30/26,Smart TV,38,Dutton Ranch,Drama,Active,,8.09,False,False,46356.88,40,0.12,7.5
SUB01785,02/02/26,Paramount+ with Showtime,US,Digital,CMP010,01/15/26,03/31/26,Fire TV,40,The Offer,Drama,At-Risk,,13.87,False,True,40279.22,40,0.14,13.99
SUB01786,02/09/26,Essential,US,TV,CMP002,01/10/26,02/15/26,Fire TV,50,Ghosts,Comedy,Churned,04/04/26,12.05,False,True,61748.08,36,0.08,13.99
SUB01787,02/05/26,Annual Essential,AU,Social,CMP016,03/01/26,04/30/26,Tablet,18,Ghosts,Comedy,New,,7.47,False,False,13079.15,14,0.15,7.5
SUB01788,02/09/26,Paramount+ with Showtime,US,Social,CMP016,03/01/26,04/30/26,Smart TV,39,Dexter,Thriller,Active,,12.83,True,True,13079.15,14,0.15,13.99
SUB01789,02/07/26,Paramount+ with Showtime,US,Digital,CMP010,01/15/26,03/31/26,Fire TV,35,Love & Hip Hop Miami,Reality,Reactivated,,15.09,False,True,40279.22,40,0.14,13.99
SUB01790,02/22/26,Annual Premium,US,Digital,CMP011,02/15/26,04/01/26,Fire TV,33,Tracker,Action,Active,,12.6,True,False,45566.52,49,0.15,11.67
SUB01791,02/11/26,Essential,US,TV,CMP001,01/05/26,02/28/26,Tablet,20,Lioness,Thriller,Active,,12.71,False,False,56894.89,36,0.0849999999999999,13.99
SUB01792,02/19/26,Essential,US,TV,CMP001,01/05/26,02/28/26,Tablet,37,Yellowjackets,Drama,Reactivated,,14.35,True,False,56894.89,36,0.0849999999999999,13.99
SUB01793,02/13/26,Annual Premium,UK,Streaming,CMP006,01/12/26,04/15/26,Smart TV,74,Boston Blue,Procedural,New,,12.96,False,False,69517.64,55,0.11,11.67
SUB01794,02/09/26,Annual Premium,CA,Streaming,CMP007,02/10/26,03/20/26,Desktop,30,Tulsa King,Drama,Churned,04/05/26,9.05,True,True,39937.36,33,0.115,11.67
SUB01795,02/06/26,Paramount+ with Showtime,CA,Streaming,CMP008,01/20/26,02/28/26,Fire TV,25,Criminal Minds,Procedural,Active,,14.15,True,True,33297.18,27,0.11,13.99
SUB01796,02/22/26,Essential,US,Streaming,CMP006,01/12/26,04/15/26,Tablet,38,Boomerang,Comedy,Active,,12.99,False,False,69517.64,55,0.11,13.99
SUB01797,02/05/26,Essential,US,OOH,CMP012,01/08/26,04/30/26,Fire TV,19,Love & Hip Hop Miami,Reality,New,,12.89,False,True,46356.88,40,0.12,13.99
SUB01798,02/13/26,Paramount+ with Showtime,UK,Digital,CMP009,01/01/26,04/30/26,Desktop,40,The Agency,Thriller,Active,,14.22,True,True,70866.81,75,0.1475,13.99
SUB01799,02/22/26,Paramount+ with Showtime,US,Streaming,CMP006,01/12/26,04/15/26,Mobile,18,The Agency,Thriller,Reactivated,,14.18,False,True,69517.64,55,0.11,13.99
SUB01800,02/25/26,Paramount+ with Showtime,US,Social,CMP015,02/05/26,04/05/26,Tablet,48,Tulsa King,Drama,Churned,04/20/26,12.58,True,True,22618.05,24,0.15,13.99
SUB01801,02/15/26,Essential,US,Radio,CMP005,03/01/26,04/30/26,Mobile,21,SpongeBob,Family,Reactivated,,14.3,False,False,22144.53,14,0.09,13.99
SUB01802,02/28/26,Annual Essential,US,Streaming,CMP006,01/12/26,04/15/26,Fire TV,39,Boomerang,Comedy,Reactivated,,7.04,True,False,69517.64,55,0.11,7.5
SUB01803,02/25/26,Annual Essential,US,Streaming,CMP008,01/20/26,02/28/26,Mobile,18,Lioness,Thriller,At-Risk,,7.34,False,False,33297.18,27,0.11,7.5
SUB01804,02/19/26,Essential,UK,Streaming,CMP008,01/20/26,02/28/26,Mobile,53,Boston Blue,Procedural,At-Risk,,14.21,False,True,33297.18,27,0.11,13.99
SUB01805,02/03/26,Paramount+ with Showtime,US,OOH,CMP013,02/01/26,04/15/26,Roku,27,Love & Hip Hop Miami,Reality,Active,,13.47,False,True,27040.0,25,0.13,13.99
SUB01806,02/18/26,Paramount+ with Showtime,CA,OOH,CMP012,01/08/26,04/30/26,Roku,47,Tracker,Action,Reactivated,,12.14,False,True,46356.88,40,0.12,13.99
SUB01807,02/02/26,Annual Essential,US,Streaming,CMP006,01/12/26,04/15/26,Mobile,30,Mission Impossible,Action,New,,6.88,True,False,69517.64,55,0.11,7.5
SUB01808,02/03/26,Paramount+ with Showtime,UK,OOH,CMP012,01/08/26,04/30/26,Mobile,21,Yellowjackets,Drama,Active,,14.34,False,True,46356.88,40,0.12,13.99
SUB01809,02/23/26,Annual Essential,US,OOH,CMP012,01/08/26,04/30/26,Mobile,35,The Guest,Thriller,Churned,03/18/26,7.37,False,False,46356.88,40,0.12,7.5
SUB01810,02/16/26,Annual Essential,US,Social,CMP015,02/05/26,04/05/26,Mobile,37,Lioness,Thriller,Reactivated,,5.92,False,True,22618.05,24,0.15,7.5
SUB01811,02/16/26,Annual Essential,AU,Streaming,CMP006,01/12/26,04/15/26,Tablet,28,Sonic 3,Family,Active,,7.7,False,False,69517.64,55,0.11,7.5
SUB01812,02/19/26,Paramount+ with Showtime,US,TV,CMP001,01/05/26,02/28/26,Roku,33,The Curse,Comedy,Active,,13.62,False,True,56894.89,36,0.0849999999999999,13.99
SUB01813,02/01/26,Essential,UK,Digital,CMP009,01/01/26,04/30/26,Roku,37,The Offer,Drama,Active,,14.51,True,False,70866.81,75,0.1475,13.99
SUB01814,02/18/26,Essential,US,TV,CMP003,02/01/26,03/31/26,Mobile,37,The Chi,Drama,Active,,12.96,True,False,41503.22,26,0.09,13.99
SUB01815,02/20/26,Paramount+ with Showtime,US,Radio,CMP004,01/06/26,03/15/26,Fire TV,26,Criminal Minds,Procedural,Active,,14.56,False,True,41237.74,27,0.09,13.99
SUB01816,02/28/26,Paramount+ with Showtime,CA,TV,CMP003,02/01/26,03/31/26,Tablet,34,Coldwater,Drama,At-Risk,,14.66,True,True,41503.22,26,0.09,13.99
SUB01817,02/22/26,Essential,MX,TV,CMP002,01/10/26,02/15/26,Tablet,42,Landman,Drama,Active,,11.59,True,False,61748.08,36,0.08,13.99
SUB01818,02/15/26,Essential,US,Digital,CMP010,01/15/26,03/31/26,Roku,39,SpongeBob,Family,New,,13.4,False,True,40279.22,40,0.14,13.99
SUB01819,02/01/26,Annual Essential,US,TV,CMP003,02/01/26,03/31/26,Fire TV,51,SpongeBob,Family,Active,,7.5,False,False,41503.22,26,0.09,7.5
SUB01820,02/17/26,Paramount+ with Showtime,UK,OOH,CMP012,01/08/26,04/30/26,Mobile,34,Sonic 3,Family,At-Risk,,13.64,True,True,46356.88,40,0.12,13.99
SUB01821,02/14/26,Paramount+ with Showtime,US,Streaming,CMP008,01/20/26,02/28/26,Smart TV,37,RuPaul Drag Race All Stars,Reality,Active,,15.21,False,True,33297.18,27,0.11,13.99
SUB01822,02/23/26,Paramount+ with Showtime,CA,OOH,CMP013,02/01/26,04/15/26,Mobile,27,Ghosts,Comedy,New,,13.35,False,True,27040.0,25,0.13,13.99
SUB01823,02/16/26,Essential,CA,TV,CMP001,01/05/26,02/28/26,Smart TV,42,Tulsa King,Drama,New,,13.64,False,False,56894.89,36,0.0849999999999999,13.99
SUB01824,02/06/26,Annual Premium,CA,Radio,CMP005,03/01/26,04/30/26,Fire TV,39,South Park,Comedy,New,,12.11,False,False,22144.53,14,0.09,11.67
SUB01825,02/25/26,Paramount+ with Showtime,UK,Streaming,CMP008,01/20/26,02/28/26,Fire TV,32,Love & Hip Hop Miami,Reality,At-Risk,,13.72,True,True,33297.18,27,0.11,13.99
SUB01826,02/05/26,Essential,US,Radio,CMP004,01/06/26,03/15/26,Smart TV,60,NFL,Sports,Active,,14.42,False,False,41237.74,27,0.09,13.99
SUB01827,02/28/26,Essential,US,Streaming,CMP008,01/20/26,02/28/26,Tablet,31,Elsbeth,Procedural,New,,15.97,False,False,33297.18,27,0.11,13.99
SUB01828,02/21/26,Essential,US,Streaming,CMP008,01/20/26,02/28/26,Smart TV,44,Paw Patrol,Family,At-Risk,,14.28,False,False,33297.18,27,0.11,13.99
SUB01829,02/16/26,Essential,CA,OOH,CMP013,02/01/26,04/15/26,Tablet,18,Mission Impossible,Action,Reactivated,,13.27,True,False,27040.0,25,0.13,13.99
SUB01830,02/17/26,Annual Premium,CA,OOH,CMP012,01/08/26,04/30/26,Roku,43,Paw Patrol,Family,Active,,10.64,True,False,46356.88,40,0.12,11.67
SUB01831,02/08/26,Paramount+ with Showtime,US,Streaming,CMP008,01/20/26,02/28/26,Desktop,32,Tulsa King,Drama,Active,,13.36,True,True,33297.18,27,0.11,13.99
SUB01832,02/22/26,Paramount+ with Showtime,US,TV,CMP001,01/05/26,02/28/26,Smart TV,67,The Offer,Drama,Active,,12.99,True,True,56894.89,36,0.0849999999999999,13.99
SUB01833,02/02/26,Essential,CA,TV,CMP003,02/01/26,03/31/26,Mobile,36,1923,Drama,Churned,02/22/26,10.54,False,False,41503.22,26,0.09,13.99
SUB01834,02/05/26,Annual Premium,US,OOH,CMP012,01/08/26,04/30/26,Tablet,60,Elsbeth,Procedural,Active,,12.23,True,False,46356.88,40,0.12,11.67
SUB01835,02/27/26,Annual Premium,US,OOH,CMP013,02/01/26,04/15/26,Desktop,40,Love & Hip Hop Miami,Reality,New,,10.7,True,False,27040.0,25,0.13,11.67
SUB01836,02/12/26,Annual Premium,US,OOH,CMP013,02/01/26,04/15/26,Desktop,49,Criminal Minds,Procedural,Active,,9.55,False,True,27040.0,25,0.13,11.67
SUB01837,02/07/26,Paramount+ with Showtime,US,Streaming,CMP007,02/10/26,03/20/26,Tablet,34,Coldwater,Drama,At-Risk,,14.18,False,True,39937.36,33,0.115,13.99
SUB01838,02/15/26,Annual Essential,US,Radio,CMP004,01/06/26,03/15/26,Smart TV,48,Dutton Ranch,Drama,Active,,7.63,True,False,41237.74,27,0.09,7.5
SUB01839,02/05/26,Annual Premium,US,TV,CMP003,02/01/26,03/31/26,Fire TV,54,Mission Impossible,Action,Active,,11.78,True,False,41503.22,26,0.09,11.67
SUB01840,02/21/26,Annual Essential,UK,Social,CMP016,03/01/26,04/30/26,Mobile,46,Mission Impossible,Action,Active,,6.13,True,False,13079.15,14,0.15,7.5
SUB01841,02/27/26,Essential,MX,Social,CMP015,02/05/26,04/05/26,Mobile,27,Dexter,Thriller,At-Risk,,12.55,True,False,22618.05,24,0.15,13.99
SUB01842,02/10/26,Annual Essential,CA,TV,CMP003,02/01/26,03/31/26,Tablet,29,Tracker,Action,Active,,6.53,False,False,41503.22,26,0.09,7.5
SUB01843,02/27/26,Annual Premium,US,Streaming,CMP006,01/12/26,04/15/26,Mobile,53,The Chi,Drama,Active,,11.38,True,False,69517.64,55,0.11,11.67
SUB01844,02/09/26,Annual Essential,US,Digital,CMP011,02/15/26,04/01/26,Tablet,36,Boomerang,Comedy,Churned,03/14/26,5.94,False,False,45566.52,49,0.15,7.5
SUB01845,02/23/26,Annual Essential,US,Digital,CMP011,02/15/26,04/01/26,Smart TV,56,Boomerang,Comedy,At-Risk,,7.31,True,False,45566.52,49,0.15,7.5
SUB01846,02/16/26,Annual Premium,US,Digital,CMP011,02/15/26,04/01/26,Tablet,73,Lioness,Thriller,Reactivated,,11.87,False,False,45566.52,49,0.15,11.67
SUB01847,02/14/26,Paramount+ with Showtime,US,Digital,CMP009,01/01/26,04/30/26,Smart TV,20,South Park,Comedy,At-Risk,,15.54,False,True,70866.81,75,0.1475,13.99
SUB01848,02/10/26,Paramount+ with Showtime,US,Streaming,CMP008,01/20/26,02/28/26,Tablet,61,Dutton Ranch,Drama,Active,,14.5,False,True,33297.18,27,0.11,13.99
SUB01849,02/06/26,Annual Premium,US,TV,CMP002,01/10/26,02/15/26,Smart TV,32,Lioness,Thriller,Active,,13.3,False,False,61748.08,36,0.08,11.67
SUB01850,02/02/26,Annual Premium,US,Streaming,CMP007,02/10/26,03/20/26,Roku,44,UFC,Sports,Active,,12.53,True,False,39937.36,33,0.115,11.67
SUB01851,02/25/26,Annual Premium,CA,Social,CMP015,02/05/26,04/05/26,Roku,24,Sonic 3,Family,Active,,11.22,False,False,22618.05,24,0.15,11.67
SUB01852,02/08/26,Paramount+ with Showtime,MX,OOH,CMP013,02/01/26,04/15/26,Desktop,46,The Offer,Drama,New,,11.45,False,True,27040.0,25,0.13,13.99
SUB01853,02/06/26,Annual Premium,UK,OOH,CMP013,02/01/26,04/15/26,Smart TV,39,UFC,Sports,At-Risk,,12.37,False,False,27040.0,25,0.13,11.67
SUB01854,02/09/26,Essential,US,Social,CMP016,03/01/26,04/30/26,Desktop,48,Elsbeth,Procedural,Active,,13.61,True,False,13079.15,14,0.15,13.99
SUB01855,02/06/26,Essential,AU,Social,CMP016,03/01/26,04/30/26,Desktop,29,Boomerang,Comedy,Active,,13.85,True,False,13079.15,14,0.15,13.99
SUB01856,02/15/26,Annual Premium,CA,Digital,CMP009,01/01/26,04/30/26,Smart TV,47,Tracker,Action,Active,,12.45,False,False,70866.81,75,0.1475,11.67
SUB01857,02/21/26,Essential,US,Digital,CMP009,01/01/26,04/30/26,Tablet,41,Paw Patrol,Family,Active,,14.03,False,True,70866.81,75,0.1475,13.99
SUB01858,02/21/26,Annual Premium,CA,Streaming,CMP007,02/10/26,03/20/26,Roku,30,1923,Drama,Churned,04/05/26,9.31,True,False,39937.36,33,0.115,11.67
SUB01859,02/11/26,Essential,US,Radio,CMP004,01/06/26,03/15/26,Desktop,24,The Agency,Thriller,Churned,03/22/26,11.83,False,True,41237.74,27,0.09,13.99
SUB01860,02/17/26,Annual Premium,US,OOH,CMP013,02/01/26,04/15/26,Smart TV,40,UFC,Sports,Active,,11.65,False,False,27040.0,25,0.13,11.67
SUB01861,02/17/26,Annual Essential,US,Radio,CMP004,01/06/26,03/15/26,Fire TV,64,Paw Patrol,Family,Active,,9.68,False,False,41237.74,27,0.09,7.5
SUB01862,02/12/26,Essential,MX,Social,CMP016,03/01/26,04/30/26,Mobile,43,Boomerang,Comedy,Active,,12.25,False,False,13079.15,14,0.15,13.99
SUB01863,02/21/26,Paramount+ with Showtime,AU,Digital,CMP009,01/01/26,04/30/26,Mobile,28,The Chi,Drama,Active,,14.34,True,True,70866.81,75,0.1475,13.99
SUB01864,02/23/26,Annual Premium,US,Social,CMP015,02/05/26,04/05/26,Roku,59,The Agency,Thriller,Churned,04/18/26,10.12,True,False,22618.05,24,0.15,11.67
SUB01865,02/16/26,Annual Premium,US,Streaming,CMP006,01/12/26,04/15/26,Roku,27,Yellowjackets,Drama,Active,,12.72,False,False,69517.64,55,0.11,11.67
SUB01866,02/25/26,Annual Premium,CA,TV,CMP001,01/05/26,02/28/26,Fire TV,18,South Park,Comedy,New,,11.03,False,False,56894.89,36,0.0849999999999999,11.67
SUB01867,02/21/26,Essential,AU,TV,CMP002,01/10/26,02/15/26,Fire TV,39,Boomerang,Comedy,Active,,13.76,True,False,61748.08,36,0.08,13.99
SUB01868,02/22/26,Annual Premium,CA,Social,CMP015,02/05/26,04/05/26,Mobile,36,The Agency,Thriller,New,,12.33,False,False,22618.05,24,0.15,11.67
SUB01869,02/05/26,Annual Essential,UK,Streaming,CMP007,02/10/26,03/20/26,Smart TV,43,Criminal Minds,Procedural,Churned,02/24/26,5.82,False,False,39937.36,33,0.115,7.5
SUB01870,02/04/26,Annual Premium,US,Digital,CMP011,02/15/26,04/01/26,Roku,32,Sonic 3,Family,Active,,11.9,False,False,45566.52,49,0.15,11.67
SUB01871,02/22/26,Paramount+ with Showtime,UK,Streaming,CMP008,01/20/26,02/28/26,Smart TV,47,Mission Impossible,Action,Reactivated,,15.85,False,True,33297.18,27,0.11,13.99
SUB01872,02/07/26,Essential,MX,Streaming,CMP007,02/10/26,03/20/26,Desktop,39,The Agency,Thriller,Active,,10.28,False,False,39937.36,33,0.115,13.99
SUB01873,02/02/26,Essential,US,Digital,CMP011,02/15/26,04/01/26,Mobile,35,The Chi,Drama,New,,13.9,True,False,45566.52,49,0.15,13.99
SUB01874,02/25/26,Annual Essential,US,OOH,CMP013,02/01/26,04/15/26,Roku,35,Ghosts,Comedy,Active,,5.45,True,False,27040.0,25,0.13,7.5
SUB01875,02/26/26,Annual Essential,US,Digital,CMP011,02/15/26,04/01/26,Fire TV,24,South Park,Comedy,Active,,8.55,True,False,45566.52,49,0.15,7.5
SUB01876,02/09/26,Paramount+ with Showtime,CA,Digital,CMP011,02/15/26,04/01/26,Desktop,36,South Park,Comedy,At-Risk,,14.22,True,True,45566.52,49,0.15,13.99
SUB01877,02/09/26,Essential,US,Social,CMP016,03/01/26,04/30/26,Fire TV,26,1923,Drama,At-Risk,,13.35,False,False,13079.15,14,0.15,13.99
SUB01878,02/24/26,Annual Essential,UK,Streaming,CMP008,01/20/26,02/28/26,Tablet,50,The Madison,Drama,Active,,8.52,False,False,33297.18,27,0.11,7.5
SUB01879,02/01/26,Annual Premium,CA,TV,CMP001,01/05/26,02/28/26,Smart TV,27,The Agency,Thriller,New,,12.84,True,False,56894.89,36,0.0849999999999999,11.67
SUB01880,02/05/26,Paramount+ with Showtime,US,OOH,CMP012,01/08/26,04/30/26,Fire TV,23,Boomerang,Comedy,At-Risk,,13.57,True,True,46356.88,40,0.12,13.99
SUB01881,02/13/26,Annual Premium,CA,Digital,CMP010,01/15/26,03/31/26,Desktop,49,Criminal Minds,Procedural,Churned,02/25/26,7.85,False,False,40279.22,40,0.14,11.67
SUB01882,02/05/26,Paramount+ with Showtime,US,Radio,CMP004,01/06/26,03/15/26,Desktop,57,The Guest,Thriller,New,,12.48,True,True,41237.74,27,0.09,13.99
SUB01883,02/12/26,Paramount+ with Showtime,MX,TV,CMP002,01/10/26,02/15/26,Tablet,29,The Guest,Thriller,At-Risk,,14.05,False,True,61748.08,36,0.08,13.99
SUB01884,02/25/26,Annual Essential,US,Digital,CMP011,02/15/26,04/01/26,Mobile,51,Boston Blue,Procedural,New,,7.39,True,False,45566.52,49,0.15,7.5
SUB01885,02/05/26,Paramount+ with Showtime,US,Social,CMP014,01/10/26,03/10/26,Mobile,36,Tracker,Action,At-Risk,,13.0,True,True,25458.31,29,0.16,13.99
SUB01886,02/26/26,Essential,US,OOH,CMP013,02/01/26,04/15/26,Tablet,26,South Park,Comedy,New,,13.57,True,False,27040.0,25,0.13,13.99
SUB01887,02/18/26,Paramount+ with Showtime,MX,OOH,CMP013,02/01/26,04/15/26,Roku,57,The Curse,Comedy,Active,,12.77,False,True,27040.0,25,0.13,13.99
SUB01888,02/14/26,Paramount+ with Showtime,US,Social,CMP014,01/10/26,03/10/26,Desktop,25,Boston Blue,Procedural,New,,12.61,False,True,25458.31,29,0.16,13.99
SUB01889,02/08/26,Paramount+ with Showtime,US,Digital,CMP010,01/15/26,03/31/26,Fire TV,31,Tracker,Action,Active,,13.94,True,True,40279.22,40,0.14,13.99
SUB01890,02/15/26,Annual Essential,US,OOH,CMP013,02/01/26,04/15/26,Smart TV,48,Elsbeth,Procedural,At-Risk,,8.73,False,False,27040.0,25,0.13,7.5
SUB01891,02/12/26,Annual Premium,CA,Streaming,CMP008,01/20/26,02/28/26,Roku,72,South Park,Comedy,New,,10.96,True,False,33297.18,27,0.11,11.67
SUB01892,02/10/26,Annual Essential,US,Streaming,CMP007,02/10/26,03/20/26,Fire TV,74,Sonic 3,Family,Active,,8.01,False,False,39937.36,33,0.115,7.5
SUB01893,02/14/26,Essential,US,Streaming,CMP007,02/10/26,03/20/26,Smart TV,40,Tracker,Action,At-Risk,,14.7,False,False,39937.36,33,0.115,13.99
SUB01894,02/20/26,Essential,UK,Streaming,CMP007,02/10/26,03/20/26,Tablet,31,Boston Blue,Procedural,At-Risk,,13.98,False,False,39937.36,33,0.115,13.99
SUB01895,02/19/26,Annual Essential,CA,Radio,CMP004,01/06/26,03/15/26,Smart TV,23,Watson,Procedural,Active,,6.12,True,False,41237.74,27,0.09,7.5
SUB01896,02/17/26,Annual Premium,US,Social,CMP015,02/05/26,04/05/26,Mobile,18,Sonic 3,Family,Churned,03/25/26,9.57,True,True,22618.05,24,0.15,11.67
SUB01897,02/25/26,Annual Essential,MX,Radio,CMP004,01/06/26,03/15/26,Smart TV,20,Elsbeth,Procedural,At-Risk,,5.41,True,False,41237.74,27,0.09,7.5
SUB01898,02/07/26,Essential,CA,OOH,CMP013,02/01/26,04/15/26,Desktop,18,The Guest,Thriller,At-Risk,,12.15,True,False,27040.0,25,0.13,13.99
SUB01899,02/01/26,Annual Essential,US,Streaming,CMP006,01/12/26,04/15/26,Desktop,61,NFL,Sports,Churned,02/13/26,6.52,False,False,69517.64,55,0.11,7.5
SUB01900,02/24/26,Annual Essential,AU,TV,CMP001,01/05/26,02/28/26,Fire TV,27,The Offer,Drama,Active,,8.22,False,False,56894.89,36,0.0849999999999999,7.5
SUB01901,02/07/26,Essential,MX,Radio,CMP005,03/01/26,04/30/26,Mobile,37,Tracker,Action,Churned,03/10/26,11.44,False,False,22144.53,14,0.09,13.99
SUB01902,02/09/26,Annual Essential,AU,OOH,CMP012,01/08/26,04/30/26,Smart TV,29,MobLand,Drama,Reactivated,,5.78,False,False,46356.88,40,0.12,7.5
SUB01903,02/18/26,Annual Essential,US,Digital,CMP011,02/15/26,04/01/26,Tablet,51,The Offer,Drama,Active,,6.7,True,False,45566.52,49,0.15,7.5
SUB01904,02/28/26,Annual Premium,US,Radio,CMP004,01/06/26,03/15/26,Roku,64,Sonic 3,Family,Churned,03/25/26,10.09,False,False,41237.74,27,0.09,11.67
SUB01905,02/15/26,Paramount+ with Showtime,US,TV,CMP003,02/01/26,03/31/26,Roku,49,The Madison,Drama,At-Risk,,14.22,True,True,41503.22,26,0.09,13.99
SUB01906,02/11/26,Paramount+ with Showtime,MX,Digital,CMP011,02/15/26,04/01/26,Mobile,32,The Madison,Drama,Active,,11.88,True,True,45566.52,49,0.15,13.99
SUB01907,02/21/26,Annual Premium,CA,Streaming,CMP006,01/12/26,04/15/26,Desktop,45,Tulsa King,Drama,At-Risk,,10.44,True,False,69517.64,55,0.11,11.67
SUB01908,02/02/26,Paramount+ with Showtime,AU,OOH,CMP013,02/01/26,04/15/26,Desktop,62,Landman,Drama,Active,,13.54,True,True,27040.0,25,0.13,13.99
SUB01909,02/25/26,Annual Essential,MX,Streaming,CMP007,02/10/26,03/20/26,Fire TV,31,Elsbeth,Procedural,Active,,3.99,False,False,39937.36,33,0.115,7.5
SUB01910,02/01/26,Annual Premium,UK,Radio,CMP004,01/06/26,03/15/26,Roku,34,Mission Impossible,Action,Active,,12.13,False,False,41237.74,27,0.09,11.67
SUB01911,02/09/26,Paramount+ with Showtime,UK,Radio,CMP004,01/06/26,03/15/26,Roku,35,The Offer,Drama,Churned,03/17/26,13.72,True,True,41237.74,27,0.09,13.99
SUB01912,02/05/26,Essential,CA,Digital,CMP010,01/15/26,03/31/26,Desktop,35,Lioness,Thriller,At-Risk,,13.45,False,True,40279.22,40,0.14,13.99
SUB01913,02/02/26,Annual Essential,US,Streaming,CMP006,01/12/26,04/15/26,Roku,46,Tulsa King,Drama,Churned,02/17/26,5.72,True,False,69517.64,55,0.11,7.5
SUB01914,02/23/26,Essential,US,Social,CMP015,02/05/26,04/05/26,Smart TV,39,Boomerang,Comedy,At-Risk,,12.81,True,True,22618.05,24,0.15,13.99
SUB01915,02/22/26,Annual Premium,US,Social,CMP014,01/10/26,03/10/26,Tablet,38,The Madison,Drama,New,,9.5,True,False,25458.31,29,0.16,11.67
SUB01916,02/22/26,Paramount+ with Showtime,AU,OOH,CMP013,02/01/26,04/15/26,Desktop,43,Dexter,Thriller,Churned,04/07/26,13.34,False,True,27040.0,25,0.13,13.99
SUB01917,02/20/26,Annual Essential,US,TV,CMP001,01/05/26,02/28/26,Mobile,37,Boomerang,Comedy,At-Risk,,6.95,True,False,56894.89,36,0.0849999999999999,7.5
SUB01918,02/26/26,Annual Essential,AU,Streaming,CMP006,01/12/26,04/15/26,Fire TV,20,The Offer,Drama,Active,,6.58,False,False,69517.64,55,0.11,7.5
SUB01919,02/13/26,Annual Essential,US,OOH,CMP013,02/01/26,04/15/26,Roku,35,Landman,Drama,Active,,7.96,False,False,27040.0,25,0.13,7.5
SUB01920,02/19/26,Annual Essential,MX,Social,CMP015,02/05/26,04/05/26,Mobile,33,The Chi,Drama,At-Risk,,6.77,False,False,22618.05,24,0.15,7.5
SUB01921,02/08/26,Essential,US,Radio,CMP004,01/06/26,03/15/26,Fire TV,38,Tulsa King,Drama,Active,,12.83,True,False,41237.74,27,0.09,13.99
SUB01922,02/10/26,Annual Premium,CA,Digital,CMP010,01/15/26,03/31/26,Smart TV,18,1923,Drama,Active,,10.95,False,True,40279.22,40,0.14,11.67
SUB01923,02/24/26,Annual Premium,UK,Social,CMP015,02/05/26,04/05/26,Roku,46,Watson,Procedural,Active,,12.51,False,False,22618.05,24,0.15,11.67
SUB01924,02/08/26,Annual Essential,US,Radio,CMP004,01/06/26,03/15/26,Roku,18,Boomerang,Comedy,Active,,7.45,False,False,41237.74,27,0.09,7.5
SUB01925,02/26/26,Essential,US,Streaming,CMP008,01/20/26,02/28/26,Roku,47,South Park,Comedy,Active,,13.93,True,False,33297.18,27,0.11,13.99
SUB01926,02/10/26,Annual Premium,US,Radio,CMP004,01/06/26,03/15/26,Roku,19,Dutton Ranch,Drama,At-Risk,,11.28,False,False,41237.74,27,0.09,11.67
SUB01927,02/01/26,Paramount+ with Showtime,UK,OOH,CMP013,02/01/26,04/15/26,Tablet,38,Boomerang,Comedy,New,,13.54,False,True,27040.0,25,0.13,13.99
SUB01928,02/07/26,Essential,US,Streaming,CMP007,02/10/26,03/20/26,Smart TV,28,Love & Hip Hop Miami,Reality,At-Risk,,15.95,False,True,39937.36,33,0.115,13.99
SUB01929,02/24/26,Paramount+ with Showtime,US,Digital,CMP011,02/15/26,04/01/26,Roku,36,Mayor of Kingstown,Drama,Active,,13.6,True,True,45566.52,49,0.15,13.99
SUB01930,02/01/26,Essential,US,TV,CMP001,01/05/26,02/28/26,Desktop,65,Sonic 3,Family,Active,,13.86,True,False,56894.89,36,0.0849999999999999,13.99
SUB01931,02/05/26,Annual Premium,US,OOH,CMP012,01/08/26,04/30/26,Roku,18,NFL,Sports,Churned,03/24/26,9.7,True,False,46356.88,40,0.12,11.67
SUB01932,02/13/26,Essential,UK,TV,CMP003,02/01/26,03/31/26,Roku,39,Ghosts,Comedy,Active,,13.92,True,False,41503.22,26,0.09,13.99
SUB01933,02/14/26,Essential,CA,Radio,CMP004,01/06/26,03/15/26,Mobile,74,NCIS,Procedural,Active,,14.8,False,False,41237.74,27,0.09,13.99
SUB01934,02/24/26,Paramount+ with Showtime,US,Social,CMP014,01/10/26,03/10/26,Fire TV,28,Tracker,Action,At-Risk,,13.32,True,True,25458.31,29,0.16,13.99
SUB01935,02/06/26,Annual Essential,MX,OOH,CMP012,01/08/26,04/30/26,Fire TV,32,The Offer,Drama,Active,,7.36,False,False,46356.88,40,0.12,7.5
SUB01936,02/18/26,Essential,AU,OOH,CMP013,02/01/26,04/15/26,Tablet,39,Love & Hip Hop Miami,Reality,At-Risk,,13.67,False,False,27040.0,25,0.13,13.99
SUB01937,02/04/26,Paramount+ with Showtime,US,TV,CMP003,02/01/26,03/31/26,Desktop,74,Dutton Ranch,Drama,Active,,15.14,True,True,41503.22,26,0.09,13.99
SUB01938,02/01/26,Paramount+ with Showtime,US,TV,CMP003,02/01/26,03/31/26,Tablet,58,NFL,Sports,Reactivated,,13.72,False,True,41503.22,26,0.09,13.99
SUB01939,02/17/26,Paramount+ with Showtime,CA,Social,CMP015,02/05/26,04/05/26,Desktop,18,The Guest,Thriller,Active,,12.41,True,True,22618.05,24,0.15,13.99
SUB01940,02/20/26,Annual Essential,US,TV,CMP001,01/05/26,02/28/26,Tablet,40,Criminal Minds,Procedural,Reactivated,,7.25,False,False,56894.89,36,0.0849999999999999,7.5
SUB01941,02/06/26,Essential,US,Radio,CMP004,01/06/26,03/15/26,Fire TV,38,Yellowjackets,Drama,At-Risk,,13.18,False,False,41237.74,27,0.09,13.99
SUB01942,02/17/26,Annual Essential,US,Radio,CMP005,03/01/26,04/30/26,Smart TV,54,Mayor of Kingstown,Drama,Active,,6.29,False,True,22144.53,14,0.09,7.5
SUB01943,02/19/26,Annual Essential,AU,OOH,CMP013,02/01/26,04/15/26,Fire TV,36,Coldwater,Drama,New,,7.47,True,False,27040.0,25,0.13,7.5
SUB01944,02/14/26,Essential,US,Digital,CMP010,01/15/26,03/31/26,Roku,57,The Madison,Drama,Active,,13.78,True,False,40279.22,40,0.14,13.99
SUB01945,02/18/26,Annual Essential,US,OOH,CMP012,01/08/26,04/30/26,Fire TV,22,Paw Patrol,Family,Active,,7.7,False,False,46356.88,40,0.12,7.5
SUB01946,02/18/26,Annual Premium,US,Digital,CMP009,01/01/26,04/30/26,Fire TV,32,The Agency,Thriller,Active,,12.24,True,False,70866.81,75,0.1475,11.67
SUB01947,02/02/26,Annual Premium,CA,Radio,CMP004,01/06/26,03/15/26,Desktop,20,Sonic 3,Family,Churned,03/12/26,10.28,False,False,41237.74,27,0.09,11.67
SUB01948,02/28/26,Annual Essential,US,TV,CMP001,01/05/26,02/28/26,Desktop,21,The Offer,Drama,Reactivated,,4.75,True,False,56894.89,36,0.0849999999999999,7.5
SUB01949,02/21/26,Annual Premium,CA,Radio,CMP005,03/01/26,04/30/26,Roku,48,Dexter,Thriller,Churned,03/10/26,13.02,False,True,22144.53,14,0.09,11.67
SUB01950,02/01/26,Annual Premium,UK,TV,CMP001,01/05/26,02/28/26,Roku,24,RuPaul Drag Race All Stars,Reality,Active,,10.86,True,False,56894.89,36,0.0849999999999999,11.67
SUB01951,02/12/26,Essential,CA,Radio,CMP004,01/06/26,03/15/26,Roku,41,Mission Impossible,Action,Churned,03/05/26,12.67,True,False,41237.74,27,0.09,13.99
SUB01952,02/13/26,Annual Essential,AU,Social,CMP015,02/05/26,04/05/26,Desktop,24,The Madison,Drama,Active,,5.81,False,False,22618.05,24,0.15,7.5
SUB01953,02/17/26,Essential,MX,Digital,CMP011,02/15/26,04/01/26,Tablet,18,Sonic 3,Family,Churned,03/05/26,10.29,True,False,45566.52,49,0.15,13.99
SUB01954,02/12/26,Annual Premium,US,OOH,CMP012,01/08/26,04/30/26,Smart TV,29,Coldwater,Drama,Active,,12.98,False,True,46356.88,40,0.12,11.67
SUB01955,02/06/26,Paramount+ with Showtime,AU,Digital,CMP010,01/15/26,03/31/26,Roku,33,Boston Blue,Procedural,New,,12.98,True,True,40279.22,40,0.14,13.99
SUB01956,02/18/26,Essential,MX,Digital,CMP010,01/15/26,03/31/26,Roku,29,South Park,Comedy,At-Risk,,11.78,False,False,40279.22,40,0.14,13.99
SUB01957,02/19/26,Essential,AU,Social,CMP016,03/01/26,04/30/26,Fire TV,28,Coldwater,Drama,Active,,13.06,True,False,13079.15,14,0.15,13.99
SUB01958,02/19/26,Essential,US,Social,CMP014,01/10/26,03/10/26,Tablet,40,Dutton Ranch,Drama,At-Risk,,13.41,False,False,25458.31,29,0.16,13.99
SUB01959,02/03/26,Essential,US,TV,CMP002,01/10/26,02/15/26,Roku,55,Dexter,Thriller,At-Risk,,12.78,False,False,61748.08,36,0.08,13.99
SUB01960,02/18/26,Annual Essential,US,OOH,CMP013,02/01/26,04/15/26,Smart TV,43,The Curse,Comedy,Active,,7.39,True,False,27040.0,25,0.13,7.5
SUB01961,02/28/26,Annual Essential,CA,TV,CMP003,02/01/26,03/31/26,Tablet,18,Love & Hip Hop Miami,Reality,Active,,7.37,True,False,41503.22,26,0.09,7.5
SUB01962,02/19/26,Paramount+ with Showtime,US,TV,CMP003,02/01/26,03/31/26,Smart TV,18,Tracker,Action,Reactivated,,14.61,True,True,41503.22,26,0.09,13.99
SUB01963,02/06/26,Annual Essential,UK,Streaming,CMP008,01/20/26,02/28/26,Smart TV,27,Watson,Procedural,New,,5.22,True,True,33297.18,27,0.11,7.5
SUB01964,02/06/26,Paramount+ with Showtime,US,OOH,CMP012,01/08/26,04/30/26,Tablet,33,UFC,Sports,Reactivated,,14.67,False,True,46356.88,40,0.12,13.99
SUB01965,02/18/26,Annual Premium,US,TV,CMP002,01/10/26,02/15/26,Tablet,18,Tulsa King,Drama,New,,11.19,True,False,61748.08,36,0.08,11.67
SUB01966,02/11/26,Paramount+ with Showtime,US,Radio,CMP004,01/06/26,03/15/26,Fire TV,52,Paw Patrol,Family,New,,15.08,False,True,41237.74,27,0.09,13.99
SUB01967,02/18/26,Annual Essential,US,Radio,CMP004,01/06/26,03/15/26,Smart TV,38,The Guest,Thriller,New,,7.25,True,False,41237.74,27,0.09,7.5
SUB01968,02/24/26,Annual Premium,US,Radio,CMP005,03/01/26,04/30/26,Desktop,18,Dutton Ranch,Drama,At-Risk,,11.95,True,False,22144.53,14,0.09,11.67
SUB01969,02/10/26,Annual Essential,US,Social,CMP015,02/05/26,04/05/26,Tablet,25,The Madison,Drama,At-Risk,,7.23,False,False,22618.05,24,0.15,7.5
SUB01970,02/02/26,Paramount+ with Showtime,CA,TV,CMP003,02/01/26,03/31/26,Smart TV,18,NCIS,Procedural,At-Risk,,12.97,False,True,41503.22,26,0.09,13.99
SUB01971,02/01/26,Paramount+ with Showtime,MX,OOH,CMP012,01/08/26,04/30/26,Mobile,45,The Guest,Thriller,Active,,13.36,True,True,46356.88,40,0.12,13.99
SUB01972,02/05/26,Annual Essential,US,Digital,CMP010,01/15/26,03/31/26,Fire TV,43,Elsbeth,Procedural,Active,,6.89,False,False,40279.22,40,0.14,7.5
SUB01973,02/06/26,Annual Premium,US,Streaming,CMP007,02/10/26,03/20/26,Mobile,49,Yellowjackets,Drama,Active,,12.28,False,False,39937.36,33,0.115,11.67
SUB01974,02/05/26,Essential,US,Radio,CMP005,03/01/26,04/30/26,Fire TV,22,SpongeBob,Family,Active,,14.24,False,False,22144.53,14,0.09,13.99
SUB01975,02/15/26,Paramount+ with Showtime,US,Radio,CMP005,03/01/26,04/30/26,Fire TV,47,Tracker,Action,At-Risk,,12.21,True,True,22144.53,14,0.09,13.99
SUB01976,02/20/26,Paramount+ with Showtime,US,TV,CMP001,01/05/26,02/28/26,Tablet,25,Ghosts,Comedy,New,,14.2,False,True,56894.89,36,0.0849999999999999,13.99
SUB01977,02/10/26,Essential,AU,Radio,CMP004,01/06/26,03/15/26,Smart TV,54,Dutton Ranch,Drama,Active,,13.77,False,True,41237.74,27,0.09,13.99
SUB01978,02/06/26,Paramount+ with Showtime,US,Digital,CMP011,02/15/26,04/01/26,Smart TV,26,The Chi,Drama,Active,,11.89,False,True,45566.52,49,0.15,13.99
SUB01979,02/14/26,Annual Premium,US,Digital,CMP009,01/01/26,04/30/26,Desktop,61,Mission Impossible,Action,Active,,13.34,False,False,70866.81,75,0.1475,11.67
SUB01980,02/06/26,Annual Essential,US,Radio,CMP005,03/01/26,04/30/26,Smart TV,18,Ghosts,Comedy,Active,,9.55,False,False,22144.53,14,0.09,7.5
SUB01981,02/11/26,Annual Essential,US,Streaming,CMP008,01/20/26,02/28/26,Roku,19,Ghosts,Comedy,At-Risk,,6.98,True,True,33297.18,27,0.11,7.5
SUB01982,02/15/26,Annual Essential,US,OOH,CMP013,02/01/26,04/15/26,Tablet,18,Tulsa King,Drama,Churned,03/26/26,6.98,False,False,27040.0,25,0.13,7.5
SUB01983,02/24/26,Paramount+ with Showtime,MX,Digital,CMP011,02/15/26,04/01/26,Roku,29,Mission Impossible,Action,Active,,10.69,True,True,45566.52,49,0.15,13.99
SUB01984,02/07/26,Annual Essential,US,TV,CMP002,01/10/26,02/15/26,Fire TV,18,Boston Blue,Procedural,Active,,7.39,False,False,61748.08,36,0.08,7.5
SUB01985,02/17/26,Annual Premium,CA,OOH,CMP012,01/08/26,04/30/26,Tablet,27,Love & Hip Hop Miami,Reality,Active,,11.96,False,False,46356.88,40,0.12,11.67
SUB01986,02/17/26,Essential,MX,Digital,CMP010,01/15/26,03/31/26,Roku,50,The Agency,Thriller,Active,,13.34,False,True,40279.22,40,0.14,13.99
SUB01987,02/27/26,Essential,UK,OOH,CMP013,02/01/26,04/15/26,Tablet,31,The Guest,Thriller,At-Risk,,13.95,False,False,27040.0,25,0.13,13.99
SUB01988,02/11/26,Essential,CA,Streaming,CMP006,01/12/26,04/15/26,Roku,67,Boston Blue,Procedural,Active,,13.04,False,False,69517.64,55,0.11,13.99
SUB01989,02/16/26,Paramount+ with Showtime,AU,Social,CMP016,03/01/26,04/30/26,Fire TV,57,RuPaul Drag Race All Stars,Reality,Active,,15.41,False,True,13079.15,14,0.15,13.99
SUB01990,02/19/26,Paramount+ with Showtime,US,OOH,CMP013,02/01/26,04/15/26,Mobile,55,South Park,Comedy,New,,13.91,False,True,27040.0,25,0.13,13.99
SUB01991,02/09/26,Annual Premium,US,TV,CMP002,01/10/26,02/15/26,Roku,51,Watson,Procedural,New,,12.63,False,False,61748.08,36,0.08,11.67
SUB01992,02/20/26,Paramount+ with Showtime,CA,Social,CMP016,03/01/26,04/30/26,Smart TV,18,Landman,Drama,At-Risk,,12.54,True,True,13079.15,14,0.15,13.99
SUB01993,02/03/26,Paramount+ with Showtime,CA,Social,CMP016,03/01/26,04/30/26,Roku,61,Tracker,Action,Churned,03/19/26,12.8,True,True,13079.15,14,0.15,13.99
SUB01994,02/10/26,Annual Essential,US,Streaming,CMP008,01/20/26,02/28/26,Roku,44,South Park,Comedy,At-Risk,,8.55,True,False,33297.18,27,0.11,7.5
SUB01995,02/27/26,Annual Premium,AU,Social,CMP015,02/05/26,04/05/26,Mobile,65,Lioness,Thriller,New,,13.92,False,False,22618.05,24,0.15,11.67
SUB01996,02/04/26,Paramount+ with Showtime,CA,Social,CMP016,03/01/26,04/30/26,Tablet,30,NFL,Sports,At-Risk,,13.63,False,True,13079.15,14,0.15,13.99
SUB01997,02/07/26,Essential,US,TV,CMP003,02/01/26,03/31/26,Mobile,44,1923,Drama,New,,14.65,False,False,41503.22,26,0.09,13.99
SUB01998,02/11/26,Annual Premium,US,OOH,CMP013,02/01/26,04/15/26,Desktop,42,Tracker,Action,Active,,12.19,False,False,27040.0,25,0.13,11.67
SUB01999,02/03/26,Annual Premium,MX,Radio,CMP004,01/06/26,03/15/26,Desktop,50,Sonic 3,Family,New,,11.57,False,False,41237.74,27,0.09,11.67
SUB02000,02/19/26,Essential,US,Social,CMP014,01/10/26,03/10/26,Smart TV,20,Yellowjackets,Drama,Active,,12.89,False,True,25458.31,29,0.16,13.99
SUB02001,02/24/26,Annual Premium,US,Social,CMP014,01/10/26,03/10/26,Fire TV,22,Tracker,Action,Active,,10.63,False,False,25458.31,29,0.16,11.67
SUB02002,02/02/26,Annual Essential,AU,Digital,CMP011,02/15/26,04/01/26,Smart TV,30,Sonic 3,Family,At-Risk,,8.45,False,False,45566.52,49,0.15,7.5
SUB02003,02/24/26,Essential,AU,TV,CMP002,01/10/26,02/15/26,Smart TV,33,Lioness,Thriller,Active,,14.55,True,False,61748.08,36,0.08,13.99
SUB02004,02/24/26,Annual Essential,MX,TV,CMP001,01/05/26,02/28/26,Mobile,26,Ghosts,Comedy,Active,,5.86,True,False,56894.89,36,0.0849999999999999,7.5
SUB02005,02/05/26,Essential,US,Social,CMP015,02/05/26,04/05/26,Fire TV,40,NFL,Sports,Active,,14.77,False,False,22618.05,24,0.15,13.99
SUB02006,02/27/26,Paramount+ with Showtime,US,Digital,CMP010,01/15/26,03/31/26,Desktop,25,Tulsa King,Drama,Active,,14.36,False,True,40279.22,40,0.14,13.99
SUB02007,02/07/26,Essential,US,OOH,CMP013,02/01/26,04/15/26,Fire TV,35,Tulsa King,Drama,Active,,14.47,False,False,27040.0,25,0.13,13.99
SUB02008,02/23/26,Annual Premium,UK,Social,CMP014,01/10/26,03/10/26,Desktop,43,Criminal Minds,Procedural,Active,,11.79,True,False,25458.31,29,0.16,11.67
SUB02009,02/28/26,Annual Essential,US,Radio,CMP005,03/01/26,04/30/26,Roku,33,Tulsa King,Drama,Active,,8.56,False,False,22144.53,14,0.09,7.5
SUB02010,02/28/26,Annual Premium,US,Streaming,CMP007,02/10/26,03/20/26,Mobile,18,Coldwater,Drama,Reactivated,,10.69,False,True,39937.36,33,0.115,11.67
SUB02011,02/08/26,Paramount+ with Showtime,CA,Social,CMP015,02/05/26,04/05/26,Roku,18,UFC,Sports,Active,,13.43,True,True,22618.05,24,0.15,13.99
SUB02012,02/18/26,Annual Essential,US,Radio,CMP004,01/06/26,03/15/26,Smart TV,25,The Guest,Thriller,Churned,04/07/26,6.1,False,False,41237.74,27,0.09,7.5
SUB02013,02/09/26,Annual Essential,US,OOH,CMP013,02/01/26,04/15/26,Tablet,50,NCIS,Procedural,Churned,02/23/26,6.61,True,True,27040.0,25,0.13,7.5
SUB02014,02/11/26,Annual Essential,US,OOH,CMP012,01/08/26,04/30/26,Smart TV,49,The Curse,Comedy,Reactivated,,9.06,False,False,46356.88,40,0.12,7.5
SUB02015,02/18/26,Annual Premium,UK,TV,CMP003,02/01/26,03/31/26,Tablet,68,Lioness,Thriller,Active,,12.71,False,True,41503.22,26,0.09,11.67
SUB02016,02/09/26,Essential,UK,OOH,CMP012,01/08/26,04/30/26,Tablet,32,Dexter,Thriller,Active,,15.33,True,False,46356.88,40,0.12,13.99
SUB02017,02/14/26,Annual Essential,US,Social,CMP016,03/01/26,04/30/26,Smart TV,19,Ghosts,Comedy,Active,,8.47,False,False,13079.15,14,0.15,7.5
SUB02018,02/25/26,Essential,US,Streaming,CMP008,01/20/26,02/28/26,Mobile,52,Dutton Ranch,Drama,At-Risk,,15.06,False,False,33297.18,27,0.11,13.99
SUB02019,02/18/26,Annual Premium,US,Streaming,CMP007,02/10/26,03/20/26,Tablet,42,SpongeBob,Family,At-Risk,,11.68,True,False,39937.36,33,0.115,11.67
SUB02020,02/26/26,Paramount+ with Showtime,AU,OOH,CMP013,02/01/26,04/15/26,Desktop,52,Paw Patrol,Family,Active,,14.83,True,True,27040.0,25,0.13,13.99
SUB02021,02/07/26,Annual Essential,US,OOH,CMP012,01/08/26,04/30/26,Desktop,38,Elsbeth,Procedural,Churned,03/08/26,6.23,False,False,46356.88,40,0.12,7.5
SUB02022,02/24/26,Annual Essential,MX,OOH,CMP012,01/08/26,04/30/26,Smart TV,71,The Guest,Thriller,New,,6.43,False,False,46356.88,40,0.12,7.5
SUB02023,02/20/26,Paramount+ with Showtime,MX,TV,CMP001,01/05/26,02/28/26,Fire TV,26,RuPaul Drag Race All Stars,Reality,Churned,03/02/26,11.71,True,True,56894.89,36,0.0849999999999999,13.99
SUB02024,02/13/26,Essential,UK,Radio,CMP004,01/06/26,03/15/26,Smart TV,31,Dexter,Thriller,Churned,03/03/26,11.97,False,False,41237.74,27,0.09,13.99
SUB02025,02/20/26,Annual Premium,UK,Streaming,CMP006,01/12/26,04/15/26,Fire TV,40,Sonic 3,Family,At-Risk,,13.86,False,False,69517.64,55,0.11,11.67
SUB02026,02/23/26,Annual Essential,US,Radio,CMP005,03/01/26,04/30/26,Fire TV,27,Elsbeth,Procedural,Active,,5.98,True,True,22144.53,14,0.09,7.5
SUB02027,02/20/26,Annual Essential,US,Radio,CMP004,01/06/26,03/15/26,Roku,19,The Chi,Drama,Active,,8.96,False,False,41237.74,27,0.09,7.5
SUB02028,02/24/26,Annual Essential,US,Digital,CMP011,02/15/26,04/01/26,Roku,42,Elsbeth,Procedural,Active,,8.02,False,False,45566.52,49,0.15,7.5
SUB02029,02/16/26,Paramount+ with Showtime,MX,Streaming,CMP006,01/12/26,04/15/26,Smart TV,36,The Agency,Thriller,Active,,11.78,True,True,69517.64,55,0.11,13.99
SUB02030,02/02/26,Annual Premium,US,OOH,CMP012,01/08/26,04/30/26,Tablet,18,Mayor of Kingstown,Drama,Churned,02/24/26,9.83,True,True,46356.88,40,0.12,11.67
SUB02031,02/15/26,Paramount+ with Showtime,US,TV,CMP002,01/10/26,02/15/26,Roku,48,Dutton Ranch,Drama,Active,,13.66,True,True,61748.08,36,0.08,13.99
SUB02032,02/24/26,Essential,UK,Radio,CMP005,03/01/26,04/30/26,Fire TV,25,Tracker,Action,Active,,15.02,False,False,22144.53,14,0.09,13.99
SUB02033,02/02/26,Annual Essential,US,Social,CMP014,01/10/26,03/10/26,Smart TV,21,Tracker,Action,Active,,7.62,False,False,25458.31,29,0.16,7.5
SUB02034,02/25/26,Essential,US,Social,CMP014,01/10/26,03/10/26,Fire TV,27,The Curse,Comedy,Active,,13.59,True,False,25458.31,29,0.16,13.99
SUB02035,02/03/26,Annual Essential,US,OOH,CMP013,02/01/26,04/15/26,Fire TV,22,South Park,Comedy,Active,,6.66,False,False,27040.0,25,0.13,7.5
SUB02036,02/16/26,Paramount+ with Showtime,US,OOH,CMP012,01/08/26,04/30/26,Tablet,52,Elsbeth,Procedural,Active,,13.82,False,True,46356.88,40,0.12,13.99
SUB02037,02/05/26,Essential,AU,OOH,CMP012,01/08/26,04/30/26,Desktop,45,The Curse,Comedy,Churned,03/01/26,13.57,True,False,46356.88,40,0.12,13.99
SUB02038,02/05/26,Paramount+ with Showtime,MX,Radio,CMP004,01/06/26,03/15/26,Roku,20,MobLand,Drama,Active,,11.66,False,True,41237.74,27,0.09,13.99
SUB02039,02/26/26,Essential,CA,OOH,CMP013,02/01/26,04/15/26,Roku,35,The Madison,Drama,Reactivated,,14.37,False,False,27040.0,25,0.13,13.99
SUB02040,02/08/26,Annual Premium,US,OOH,CMP012,01/08/26,04/30/26,Roku,26,Dexter,Thriller,At-Risk,,11.41,False,False,46356.88,40,0.12,11.67
SUB02041,02/05/26,Paramount+ with Showtime,US,TV,CMP003,02/01/26,03/31/26,Smart TV,36,The Madison,Drama,Churned,03/04/26,12.25,False,True,41503.22,26,0.09,13.99
SUB02042,02/04/26,Annual Premium,US,Social,CMP016,03/01/26,04/30/26,Tablet,40,Landman,Drama,Active,,10.89,True,True,13079.15,14,0.15,11.67
SUB02043,02/09/26,Annual Premium,CA,OOH,CMP013,02/01/26,04/15/26,Roku,54,Criminal Minds,Procedural,Churned,03/21/26,10.06,False,False,27040.0,25,0.13,11.67
SUB02044,02/17/26,Annual Premium,UK,Social,CMP014,01/10/26,03/10/26,Mobile,18,Mayor of Kingstown,Drama,Active,,11.48,False,False,25458.31,29,0.16,11.67
SUB02045,02/19/26,Paramount+ with Showtime,US,Social,CMP014,01/10/26,03/10/26,Mobile,64,MobLand,Drama,Active,,13.82,False,True,25458.31,29,0.16,13.99
SUB02046,02/13/26,Paramount+ with Showtime,AU,Radio,CMP004,01/06/26,03/15/26,Fire TV,21,Landman,Drama,Active,,13.24,True,True,41237.74,27,0.09,13.99
SUB02047,02/15/26,Annual Essential,US,Radio,CMP005,03/01/26,04/30/26,Tablet,38,Elsbeth,Procedural,Reactivated,,7.36,False,False,22144.53,14,0.09,7.5
SUB02048,02/23/26,Essential,US,Radio,CMP004,01/06/26,03/15/26,Smart TV,37,Dexter,Thriller,Reactivated,,14.24,True,False,41237.74,27,0.09,13.99
SUB02049,02/01/26,Essential,UK,Radio,CMP005,03/01/26,04/30/26,Mobile,46,Mission Impossible,Action,At-Risk,,14.68,False,False,22144.53,14,0.09,13.99
SUB02050,02/15/26,Annual Essential,US,OOH,CMP013,02/01/26,04/15/26,Fire TV,32,South Park,Comedy,New,,7.06,True,False,27040.0,25,0.13,7.5
SUB02051,02/01/26,Essential,US,Social,CMP014,01/10/26,03/10/26,Smart TV,64,MobLand,Drama,New,,13.2,True,True,25458.31,29,0.16,13.99
SUB02052,02/24/26,Annual Premium,US,Social,CMP015,02/05/26,04/05/26,Mobile,25,The Chi,Drama,At-Risk,,11.64,True,False,22618.05,24,0.15,11.67
SUB02053,02/11/26,Annual Essential,UK,Social,CMP016,03/01/26,04/30/26,Mobile,35,Landman,Drama,New,,7.95,False,False,13079.15,14,0.15,7.5
SUB02054,02/20/26,Annual Premium,UK,Social,CMP014,01/10/26,03/10/26,Desktop,18,Watson,Procedural,New,,12.73,False,True,25458.31,29,0.16,11.67
SUB02055,02/15/26,Annual Premium,US,Digital,CMP009,01/01/26,04/30/26,Roku,20,UFC,Sports,Active,,12.73,False,False,70866.81,75,0.1475,11.67
SUB02056,02/25/26,Essential,AU,Streaming,CMP006,01/12/26,04/15/26,Fire TV,29,Lioness,Thriller,At-Risk,,14.24,False,False,69517.64,55,0.11,13.99
SUB02057,02/09/26,Annual Premium,US,OOH,CMP012,01/08/26,04/30/26,Roku,35,Dutton Ranch,Drama,At-Risk,,10.55,True,False,46356.88,40,0.12,11.67
SUB02058,02/14/26,Essential,US,Social,CMP015,02/05/26,04/05/26,Smart TV,39,NCIS,Procedural,New,,12.91,False,False,22618.05,24,0.15,13.99
SUB02059,02/03/26,Annual Essential,US,Social,CMP016,03/01/26,04/30/26,Roku,42,The Madison,Drama,Active,,7.53,False,False,13079.15,14,0.15,7.5
SUB02060,02/05/26,Essential,US,Radio,CMP005,03/01/26,04/30/26,Smart TV,21,NCIS,Procedural,Active,,14.92,False,False,22144.53,14,0.09,13.99
SUB02061,02/21/26,Paramount+ with Showtime,AU,TV,CMP002,01/10/26,02/15/26,Tablet,51,NFL,Sports,At-Risk,,12.93,False,True,61748.08,36,0.08,13.99
SUB02062,02/06/26,Paramount+ with Showtime,US,Radio,CMP004,01/06/26,03/15/26,Tablet,65,The Madison,Drama,Reactivated,,13.36,True,True,41237.74,27,0.09,13.99
SUB02063,02/21/26,Annual Premium,CA,Radio,CMP004,01/06/26,03/15/26,Smart TV,43,RuPaul Drag Race All Stars,Reality,At-Risk,,11.76,False,False,41237.74,27,0.09,11.67
SUB02064,02/20/26,Annual Essential,US,Social,CMP015,02/05/26,04/05/26,Fire TV,55,Criminal Minds,Procedural,Active,,6.6,True,True,22618.05,24,0.15,7.5
SUB02065,02/03/26,Essential,US,OOH,CMP012,01/08/26,04/30/26,Fire TV,28,The Chi,Drama,Active,,11.7,False,False,46356.88,40,0.12,13.99
SUB02066,02/21/26,Annual Essential,US,Radio,CMP004,01/06/26,03/15/26,Smart TV,35,Yellowjackets,Drama,At-Risk,,6.46,True,True,41237.74,27,0.09,7.5
SUB02067,02/10/26,Annual Premium,MX,OOH,CMP013,02/01/26,04/15/26,Desktop,33,Yellowjackets,Drama,At-Risk,,9.69,False,False,27040.0,25,0.13,11.67
SUB02068,02/10/26,Essential,AU,Digital,CMP011,02/15/26,04/01/26,Roku,22,Coldwater,Drama,Churned,03/16/26,14.83,False,False,45566.52,49,0.15,13.99
SUB02069,02/24/26,Essential,CA,Streaming,CMP006,01/12/26,04/15/26,Roku,21,Boomerang,Comedy,Active,,13.47,False,False,69517.64,55,0.11,13.99
SUB02070,02/06/26,Annual Premium,US,Streaming,CMP006,01/12/26,04/15/26,Smart TV,39,MobLand,Drama,Reactivated,,11.23,False,False,69517.64,55,0.11,11.67
SUB02071,02/28/26,Annual Essential,MX,Radio,CMP005,03/01/26,04/30/26,Desktop,51,The Agency,Thriller,At-Risk,,5.94,False,False,22144.53,14,0.09,7.5
SUB02072,02/15/26,Annual Premium,UK,Digital,CMP011,02/15/26,04/01/26,Desktop,19,NFL,Sports,Reactivated,,9.82,True,True,45566.52,49,0.15,11.67
SUB02073,02/22/26,Paramount+ with Showtime,US,Social,CMP014,01/10/26,03/10/26,Tablet,38,NCIS,Procedural,At-Risk,,13.72,False,True,25458.31,29,0.16,13.99
SUB02074,02/10/26,Essential,US,OOH,CMP013,02/01/26,04/15/26,Fire TV,57,RuPaul Drag Race All Stars,Reality,Active,,14.58,False,False,27040.0,25,0.13,13.99
SUB02075,02/18/26,Essential,US,Streaming,CMP007,02/10/26,03/20/26,Roku,36,Boston Blue,Procedural,Active,,14.82,False,False,39937.36,33,0.115,13.99
SUB02076,02/01/26,Essential,US,Digital,CMP009,01/01/26,04/30/26,Desktop,33,SpongeBob,Family,Churned,03/08/26,12.5,True,False,70866.81,75,0.1475,13.99
SUB02077,02/17/26,Paramount+ with Showtime,US,OOH,CMP012,01/08/26,04/30/26,Fire TV,49,Boomerang,Comedy,Active,,14.47,False,True,46356.88,40,0.12,13.99
SUB02078,02/28/26,Essential,AU,TV,CMP003,02/01/26,03/31/26,Roku,32,Tracker,Action,Active,,11.98,False,False,41503.22,26,0.09,13.99
SUB02079,02/09/26,Annual Premium,MX,Social,CMP015,02/05/26,04/05/26,Smart TV,34,Dexter,Thriller,Active,,9.84,False,False,22618.05,24,0.15,11.67
SUB02080,02/22/26,Essential,AU,OOH,CMP012,01/08/26,04/30/26,Fire TV,38,Sonic 3,Family,Active,,14.55,False,False,46356.88,40,0.12,13.99
SUB02081,02/01/26,Essential,MX,Radio,CMP005,03/01/26,04/30/26,Fire TV,34,Criminal Minds,Procedural,Active,,13.13,True,False,22144.53,14,0.09,13.99
SUB02082,02/06/26,Essential,US,Digital,CMP009,01/01/26,04/30/26,Mobile,51,Love & Hip Hop Miami,Reality,At-Risk,,14.69,False,False,70866.81,75,0.1475,13.99
SUB02083,02/01/26,Annual Essential,US,TV,CMP001,01/05/26,02/28/26,Smart TV,45,Tulsa King,Drama,Churned,02/24/26,4.63,True,False,56894.89,36,0.0849999999999999,7.5
SUB02084,02/25/26,Annual Premium,AU,Radio,CMP005,03/01/26,04/30/26,Fire TV,52,Boomerang,Comedy,At-Risk,,11.82,False,False,22144.53,14,0.09,11.67
SUB02085,02/22/26,Paramount+ with Showtime,MX,OOH,CMP013,02/01/26,04/15/26,Mobile,74,Mission Impossible,Action,At-Risk,,12.88,False,True,27040.0,25,0.13,13.99
SUB02086,02/11/26,Annual Premium,UK,Digital,CMP011,02/15/26,04/01/26,Smart TV,18,NCIS,Procedural,Active,,10.93,False,False,45566.52,49,0.15,11.67
SUB02087,02/01/26,Annual Premium,CA,OOH,CMP012,01/08/26,04/30/26,Roku,23,Tracker,Action,Reactivated,,12.02,True,False,46356.88,40,0.12,11.67
SUB02088,02/23/26,Essential,US,TV,CMP001,01/05/26,02/28/26,Smart TV,48,The Guest,Thriller,At-Risk,,14.05,True,False,56894.89,36,0.0849999999999999,13.99
SUB02089,02/05/26,Essential,US,TV,CMP001,01/05/26,02/28/26,Fire TV,29,Love & Hip Hop Miami,Reality,New,,13.59,True,False,56894.89,36,0.0849999999999999,13.99
SUB02090,02/07/26,Annual Essential,AU,Social,CMP016,03/01/26,04/30/26,Mobile,51,Watson,Procedural,Reactivated,,8.64,False,False,13079.15,14,0.15,7.5
SUB02091,02/22/26,Annual Premium,US,TV,CMP001,01/05/26,02/28/26,Smart TV,32,Dutton Ranch,Drama,Churned,04/19/26,10.06,True,False,56894.89,36,0.0849999999999999,11.67
SUB02092,02/07/26,Paramount+ with Showtime,US,Social,CMP015,02/05/26,04/05/26,Fire TV,22,Watson,Procedural,Active,,13.91,False,True,22618.05,24,0.15,13.99
SUB02093,02/20/26,Essential,AU,Radio,CMP005,03/01/26,04/30/26,Roku,50,UFC,Sports,Reactivated,,13.4,False,True,22144.53,14,0.09,13.99
SUB02094,02/22/26,Paramount+ with Showtime,US,TV,CMP002,01/10/26,02/15/26,Tablet,38,The Guest,Thriller,Active,,13.82,True,True,61748.08,36,0.08,13.99
SUB02095,02/03/26,Essential,CA,OOH,CMP012,01/08/26,04/30/26,Roku,50,Lioness,Thriller,New,,13.64,False,False,46356.88,40,0.12,13.99
SUB02096,02/12/26,Annual Essential,AU,Streaming,CMP006,01/12/26,04/15/26,Roku,29,Dutton Ranch,Drama,Active,,8.18,False,True,69517.64,55,0.11,7.5
SUB02097,02/23/26,Annual Premium,AU,Social,CMP016,03/01/26,04/30/26,Tablet,58,Sonic 3,Family,Churned,03/12/26,10.35,True,False,13079.15,14,0.15,11.67
SUB02098,02/04/26,Annual Premium,CA,Streaming,CMP007,02/10/26,03/20/26,Smart TV,58,Love & Hip Hop Miami,Reality,Churned,04/02/26,10.59,True,True,39937.36,33,0.115,11.67
SUB02099,02/13/26,Annual Premium,US,OOH,CMP012,01/08/26,04/30/26,Tablet,21,Landman,Drama,Churned,03/25/26,9.13,True,False,46356.88,40,0.12,11.67
SUB02100,02/28/26,Annual Essential,MX,TV,CMP003,02/01/26,03/31/26,Mobile,22,The Chi,Drama,Active,,4.83,True,False,41503.22,26,0.09,7.5
SUB02101,02/16/26,Paramount+ with Showtime,US,OOH,CMP013,02/01/26,04/15/26,Tablet,34,UFC,Sports,Active,,14.72,False,True,27040.0,25,0.13,13.99
SUB02102,02/11/26,Annual Essential,US,Social,CMP015,02/05/26,04/05/26,Smart TV,53,UFC,Sports,At-Risk,,7.95,True,False,22618.05,24,0.15,7.5
SUB02103,02/19/26,Annual Premium,US,Social,CMP014,01/10/26,03/10/26,Fire TV,26,Boomerang,Comedy,Churned,03/24/26,10.01,True,True,25458.31,29,0.16,11.67
SUB02104,02/15/26,Paramount+ with Showtime,US,Streaming,CMP008,01/20/26,02/28/26,Tablet,38,Landman,Drama,Active,,15.2,False,True,33297.18,27,0.11,13.99
SUB02105,02/15/26,Annual Essential,US,Streaming,CMP007,02/10/26,03/20/26,Tablet,20,Lioness,Thriller,Active,,8.46,False,False,39937.36,33,0.115,7.5
SUB02106,02/13/26,Paramount+ with Showtime,US,OOH,CMP013,02/01/26,04/15/26,Desktop,48,Love & Hip Hop Miami,Reality,Active,,14.06,False,True,27040.0,25,0.13,13.99
SUB02107,02/08/26,Annual Essential,US,Digital,CMP010,01/15/26,03/31/26,Roku,51,Tulsa King,Drama,New,,8.44,True,False,40279.22,40,0.14,7.5
SUB02108,02/06/26,Annual Essential,AU,Streaming,CMP008,01/20/26,02/28/26,Fire TV,37,Love & Hip Hop Miami,Reality,Churned,03/12/26,7.75,False,False,33297.18,27,0.11,7.5
SUB02109,02/27/26,Annual Essential,US,TV,CMP003,02/01/26,03/31/26,Mobile,31,Mission Impossible,Action,New,,6.86,False,False,41503.22,26,0.09,7.5
SUB02110,02/28/26,Essential,US,Streaming,CMP006,01/12/26,04/15/26,Roku,46,South Park,Comedy,Active,,14.58,False,False,69517.64,55,0.11,13.99
SUB02111,02/20/26,Essential,US,Digital,CMP010,01/15/26,03/31/26,Smart TV,56,Criminal Minds,Procedural,Reactivated,,13.8,False,False,40279.22,40,0.14,13.99
SUB02112,02/17/26,Annual Premium,US,Social,CMP015,02/05/26,04/05/26,Desktop,33,Dexter,Thriller,At-Risk,,11.8,False,False,22618.05,24,0.15,11.67
SUB02113,02/09/26,Paramount+ with Showtime,US,Digital,CMP009,01/01/26,04/30/26,Roku,47,Tracker,Action,Active,,14.33,False,True,70866.81,75,0.1475,13.99
SUB02114,02/20/26,Annual Premium,CA,Social,CMP015,02/05/26,04/05/26,Roku,37,Dexter,Thriller,New,,11.26,False,False,22618.05,24,0.15,11.67
SUB02115,02/24/26,Paramount+ with Showtime,US,OOH,CMP012,01/08/26,04/30/26,Tablet,35,Ghosts,Comedy,Active,,14.1,False,True,46356.88,40,0.12,13.99
SUB02116,02/28/26,Annual Essential,US,Digital,CMP011,02/15/26,04/01/26,Tablet,39,Sonic 3,Family,Active,,8.74,False,True,45566.52,49,0.15,7.5
SUB02117,02/06/26,Annual Premium,US,Radio,CMP004,01/06/26,03/15/26,Roku,21,Criminal Minds,Procedural,New,,13.95,False,False,41237.74,27,0.09,11.67
SUB02118,02/14/26,Essential,UK,Radio,CMP005,03/01/26,04/30/26,Desktop,23,1923,Drama,Active,,14.77,False,False,22144.53,14,0.09,13.99
SUB02119,02/10/26,Annual Premium,US,Radio,CMP004,01/06/26,03/15/26,Fire TV,18,Sonic 3,Family,At-Risk,,13.42,False,False,41237.74,27,0.09,11.67
SUB02120,02/07/26,Annual Essential,CA,Radio,CMP004,01/06/26,03/15/26,Fire TV,18,RuPaul Drag Race All Stars,Reality,Active,,5.39,False,False,41237.74,27,0.09,7.5
SUB02121,02/06/26,Annual Premium,US,Radio,CMP005,03/01/26,04/30/26,Mobile,50,Dutton Ranch,Drama,Active,,11.21,True,False,22144.53,14,0.09,11.67
SUB02122,02/07/26,Paramount+ with Showtime,AU,OOH,CMP012,01/08/26,04/30/26,Desktop,47,1923,Drama,New,,16.3,False,True,46356.88,40,0.12,13.99
SUB02123,02/07/26,Essential,UK,TV,CMP001,01/05/26,02/28/26,Fire TV,34,Dutton Ranch,Drama,Churned,02/28/26,12.18,False,False,56894.89,36,0.0849999999999999,13.99
SUB02124,02/06/26,Paramount+ with Showtime,US,Streaming,CMP007,02/10/26,03/20/26,Desktop,32,UFC,Sports,New,,13.84,False,True,39937.36,33,0.115,13.99
SUB02125,02/25/26,Annual Premium,US,Radio,CMP005,03/01/26,04/30/26,Smart TV,53,The Offer,Drama,Active,,12.09,False,True,22144.53,14,0.09,11.67
SUB02126,02/08/26,Paramount+ with Showtime,US,Streaming,CMP008,01/20/26,02/28/26,Smart TV,53,Ghosts,Comedy,At-Risk,,13.98,True,True,33297.18,27,0.11,13.99
SUB02127,02/08/26,Essential,US,Radio,CMP005,03/01/26,04/30/26,Desktop,50,MobLand,Drama,Active,,15.69,True,False,22144.53,14,0.09,13.99
SUB02128,02/11/26,Essential,UK,Social,CMP016,03/01/26,04/30/26,Desktop,18,Yellowjackets,Drama,Active,,14.05,False,False,13079.15,14,0.15,13.99
SUB02129,02/20/26,Paramount+ with Showtime,US,Digital,CMP010,01/15/26,03/31/26,Tablet,44,Mayor of Kingstown,Drama,Active,,14.4,False,True,40279.22,40,0.14,13.99
SUB02130,02/16/26,Annual Essential,US,Digital,CMP011,02/15/26,04/01/26,Fire TV,18,Yellowjackets,Drama,New,,7.66,True,True,45566.52,49,0.15,7.5
SUB02131,02/20/26,Annual Essential,AU,OOH,CMP012,01/08/26,04/30/26,Roku,18,Dutton Ranch,Drama,Active,,6.12,False,False,46356.88,40,0.12,7.5
SUB02132,02/19/26,Essential,US,Streaming,CMP008,01/20/26,02/28/26,Tablet,28,The Chi,Drama,Churned,03/03/26,13.38,False,False,33297.18,27,0.11,13.99
SUB02133,02/02/26,Essential,US,Radio,CMP004,01/06/26,03/15/26,Roku,39,Dutton Ranch,Drama,Active,,14.75,False,False,41237.74,27,0.09,13.99
SUB02134,02/08/26,Paramount+ with Showtime,CA,Streaming,CMP008,01/20/26,02/28/26,Tablet,18,Tulsa King,Drama,Churned,03/11/26,11.16,True,True,33297.18,27,0.11,13.99
SUB02135,02/23/26,Annual Premium,CA,OOH,CMP013,02/01/26,04/15/26,Roku,32,Love & Hip Hop Miami,Reality,Churned,04/24/26,10.78,False,False,27040.0,25,0.13,11.67
SUB02136,02/05/26,Essential,MX,Radio,CMP005,03/01/26,04/30/26,Roku,56,The Chi,Drama,Active,,13.17,False,False,22144.53,14,0.09,13.99
SUB02137,02/25/26,Annual Essential,US,Digital,CMP010,01/15/26,03/31/26,Mobile,31,The Offer,Drama,New,,7.47,True,False,40279.22,40,0.14,7.5
SUB02138,02/20/26,Essential,CA,TV,CMP003,02/01/26,03/31/26,Tablet,36,Criminal Minds,Procedural,At-Risk,,13.33,True,False,41503.22,26,0.09,13.99
SUB02139,02/06/26,Essential,US,TV,CMP002,01/10/26,02/15/26,Desktop,43,The Guest,Thriller,Active,,12.95,False,False,61748.08,36,0.08,13.99
SUB02140,02/19/26,Essential,US,Streaming,CMP006,01/12/26,04/15/26,Mobile,58,Mayor of Kingstown,Drama,Active,,14.31,False,False,69517.64,55,0.11,13.99
SUB02141,02/14/26,Paramount+ with Showtime,US,Radio,CMP004,01/06/26,03/15/26,Fire TV,22,The Offer,Drama,New,,14.95,False,True,41237.74,27,0.09,13.99
SUB02142,02/05/26,Paramount+ with Showtime,US,Digital,CMP009,01/01/26,04/30/26,Smart TV,39,Criminal Minds,Procedural,At-Risk,,14.03,True,True,70866.81,75,0.1475,13.99
SUB02143,02/11/26,Annual Premium,US,TV,CMP002,01/10/26,02/15/26,Roku,26,Sonic 3,Family,Active,,13.09,False,False,61748.08,36,0.08,11.67
SUB02144,02/01/26,Paramount+ with Showtime,US,Digital,CMP010,01/15/26,03/31/26,Fire TV,31,The Offer,Drama,Active,,11.58,False,True,40279.22,40,0.14,13.99
SUB02145,02/17/26,Paramount+ with Showtime,MX,Radio,CMP004,01/06/26,03/15/26,Fire TV,18,RuPaul Drag Race All Stars,Reality,New,,11.76,True,True,41237.74,27,0.09,13.99
SUB02146,02/09/26,Paramount+ with Showtime,CA,Digital,CMP011,02/15/26,04/01/26,Roku,33,NFL,Sports,Active,,13.3,False,True,45566.52,49,0.15,13.99
SUB02147,02/18/26,Essential,US,Social,CMP016,03/01/26,04/30/26,Roku,45,Watson,Procedural,At-Risk,,12.62,False,False,13079.15,14,0.15,13.99
SUB02148,02/27/26,Annual Essential,MX,OOH,CMP013,02/01/26,04/15/26,Tablet,36,The Guest,Thriller,At-Risk,,6.72,False,False,27040.0,25,0.13,7.5
SUB02149,02/06/26,Annual Premium,AU,Radio,CMP004,01/06/26,03/15/26,Smart TV,48,Yellowjackets,Drama,New,,11.34,False,False,41237.74,27,0.09,11.67
SUB02150,02/24/26,Annual Essential,CA,TV,CMP002,01/10/26,02/15/26,Tablet,31,Tracker,Action,Active,,7.2,False,False,61748.08,36,0.08,7.5
SUB02151,02/24/26,Essential,MX,Radio,CMP004,01/06/26,03/15/26,Tablet,34,The Guest,Thriller,At-Risk,,11.24,True,False,41237.74,27,0.09,13.99
SUB02152,02/28/26,Paramount+ with Showtime,US,Social,CMP016,03/01/26,04/30/26,Roku,29,Mayor of Kingstown,Drama,Active,,12.87,False,True,13079.15,14,0.15,13.99
SUB02153,02/01/26,Paramount+ with Showtime,MX,TV,CMP002,01/10/26,02/15/26,Roku,21,The Agency,Thriller,New,,11.41,True,True,61748.08,36,0.08,13.99
SUB02154,02/19/26,Annual Essential,US,Digital,CMP009,01/01/26,04/30/26,Mobile,39,Boston Blue,Procedural,Active,,6.47,False,False,70866.81,75,0.1475,7.5
SUB02155,02/20/26,Annual Premium,CA,OOH,CMP012,01/08/26,04/30/26,Roku,35,The Chi,Drama,At-Risk,,10.48,False,True,46356.88,40,0.12,11.67
SUB02156,02/09/26,Essential,MX,TV,CMP001,01/05/26,02/28/26,Desktop,49,Coldwater,Drama,Active,,11.74,True,False,56894.89,36,0.0849999999999999,13.99
SUB02157,02/21/26,Annual Premium,AU,OOH,CMP013,02/01/26,04/15/26,Smart TV,45,Paw Patrol,Family,Active,,11.55,True,False,27040.0,25,0.13,11.67
SUB02158,02/05/26,Annual Essential,CA,OOH,CMP012,01/08/26,04/30/26,Mobile,33,The Offer,Drama,At-Risk,,4.65,True,False,46356.88,40,0.12,7.5
SUB02159,02/17/26,Annual Premium,US,Social,CMP014,01/10/26,03/10/26,Roku,18,Dutton Ranch,Drama,Active,,12.55,False,False,25458.31,29,0.16,11.67
SUB02160,02/16/26,Paramount+ with Showtime,US,TV,CMP001,01/05/26,02/28/26,Tablet,25,Dexter,Thriller,Active,,14.18,False,True,56894.89,36,0.0849999999999999,13.99
SUB02161,02/15/26,Annual Premium,US,Radio,CMP004,01/06/26,03/15/26,Mobile,47,SpongeBob,Family,New,,10.34,True,False,41237.74,27,0.09,11.67
SUB02162,02/28/26,Paramount+ with Showtime,US,TV,CMP001,01/05/26,02/28/26,Mobile,33,The Offer,Drama,Active,,16.42,False,True,56894.89,36,0.0849999999999999,13.99
SUB02163,02/23/26,Annual Premium,US,Digital,CMP009,01/01/26,04/30/26,Smart TV,34,MobLand,Drama,Active,,11.91,False,False,70866.81,75,0.1475,11.67
SUB02164,02/16/26,Paramount+ with Showtime,AU,Streaming,CMP007,02/10/26,03/20/26,Fire TV,56,Paw Patrol,Family,Churned,04/09/26,12.61,False,True,39937.36,33,0.115,13.99
SUB02165,02/10/26,Paramount+ with Showtime,US,TV,CMP003,02/01/26,03/31/26,Fire TV,51,Mayor of Kingstown,Drama,Active,,13.52,False,True,41503.22,26,0.09,13.99
SUB02166,02/03/26,Annual Premium,AU,TV,CMP001,01/05/26,02/28/26,Fire TV,43,Tracker,Action,New,,12.81,True,False,56894.89,36,0.0849999999999999,11.67
SUB02167,02/10/26,Paramount+ with Showtime,CA,Radio,CMP004,01/06/26,03/15/26,Roku,37,The Agency,Thriller,Active,,14.37,True,True,41237.74,27,0.09,13.99
SUB02168,02/14/26,Paramount+ with Showtime,US,Streaming,CMP007,02/10/26,03/20/26,Fire TV,21,Sonic 3,Family,At-Risk,,12.22,True,True,39937.36,33,0.115,13.99
SUB02169,02/12/26,Annual Premium,US,TV,CMP003,02/01/26,03/31/26,Smart TV,52,Dutton Ranch,Drama,Active,,12.63,True,False,41503.22,26,0.09,11.67
SUB02170,02/07/26,Paramount+ with Showtime,MX,TV,CMP001,01/05/26,02/28/26,Smart TV,44,Elsbeth,Procedural,New,,13.82,False,True,56894.89,36,0.0849999999999999,13.99
SUB02171,02/21/26,Annual Essential,US,Digital,CMP010,01/15/26,03/31/26,Fire TV,59,Dutton Ranch,Drama,Reactivated,,7.41,False,False,40279.22,40,0.14,7.5
SUB02172,02/27/26,Paramount+ with Showtime,UK,Radio,CMP004,01/06/26,03/15/26,Fire TV,33,Elsbeth,Procedural,Active,,13.35,True,True,41237.74,27,0.09,13.99
SUB02173,02/21/26,Annual Essential,US,Social,CMP016,03/01/26,04/30/26,Fire TV,61,Yellowjackets,Drama,Active,,5.08,True,False,13079.15,14,0.15,7.5
SUB02174,02/03/26,Essential,US,Social,CMP015,02/05/26,04/05/26,Smart TV,42,Mayor of Kingstown,Drama,Active,,14.08,False,False,22618.05,24,0.15,13.99
SUB02175,02/22/26,Paramount+ with Showtime,CA,Streaming,CMP006,01/12/26,04/15/26,Desktop,32,Dexter,Thriller,Active,,14.88,False,True,69517.64,55,0.11,13.99
SUB02176,02/02/26,Annual Essential,US,OOH,CMP012,01/08/26,04/30/26,Tablet,41,MobLand,Drama,At-Risk,,7.61,False,False,46356.88,40,0.12,7.5
SUB02177,02/15/26,Paramount+ with Showtime,CA,Social,CMP016,03/01/26,04/30/26,Fire TV,38,Boston Blue,Procedural,Active,,13.74,True,True,13079.15,14,0.15,13.99
SUB02178,02/23/26,Annual Premium,US,Streaming,CMP006,01/12/26,04/15/26,Roku,44,Yellowjackets,Drama,Active,,12.78,True,False,69517.64,55,0.11,11.67
SUB02179,02/22/26,Paramount+ with Showtime,US,Social,CMP015,02/05/26,04/05/26,Roku,28,Criminal Minds,Procedural,Active,,13.26,False,True,22618.05,24,0.15,13.99
SUB02180,02/19/26,Annual Premium,US,OOH,CMP013,02/01/26,04/15/26,Smart TV,47,The Agency,Thriller,Reactivated,,10.96,False,False,27040.0,25,0.13,11.67
SUB02181,02/22/26,Annual Essential,CA,Social,CMP015,02/05/26,04/05/26,Desktop,41,Love & Hip Hop Miami,Reality,New,,5.41,False,False,22618.05,24,0.15,7.5
SUB02182,02/13/26,Annual Premium,US,Radio,CMP005,03/01/26,04/30/26,Smart TV,35,Boston Blue,Procedural,Active,,11.46,False,False,22144.53,14,0.09,11.67
SUB02183,02/23/26,Annual Premium,MX,Digital,CMP009,01/01/26,04/30/26,Tablet,18,Boston Blue,Procedural,Churned,04/03/26,9.05,False,False,70866.81,75,0.1475,11.67
SUB02184,02/13/26,Annual Essential,CA,Digital,CMP010,01/15/26,03/31/26,Fire TV,46,Criminal Minds,Procedural,New,,8.51,False,False,40279.22,40,0.14,7.5
SUB02185,02/19/26,Annual Premium,MX,TV,CMP003,02/01/26,03/31/26,Roku,43,Dutton Ranch,Drama,New,,10.03,False,False,41503.22,26,0.09,11.67
SUB02186,02/23/26,Annual Premium,AU,OOH,CMP013,02/01/26,04/15/26,Mobile,18,Sonic 3,Family,Reactivated,,12.71,False,False,27040.0,25,0.13,11.67
SUB02187,02/20/26,Annual Premium,US,Radio,CMP005,03/01/26,04/30/26,Desktop,47,Dutton Ranch,Drama,Active,,11.9,False,False,22144.53,14,0.09,11.67
SUB02188,02/22/26,Paramount+ with Showtime,US,OOH,CMP012,01/08/26,04/30/26,Roku,56,The Chi,Drama,At-Risk,,15.71,False,True,46356.88,40,0.12,13.99
SUB02189,02/14/26,Annual Premium,US,Digital,CMP011,02/15/26,04/01/26,Smart TV,37,UFC,Sports,At-Risk,,12.74,True,False,45566.52,49,0.15,11.67
SUB02190,02/09/26,Annual Premium,CA,OOH,CMP012,01/08/26,04/30/26,Smart TV,35,Coldwater,Drama,Active,,12.17,True,False,46356.88,40,0.12,11.67
SUB02191,02/22/26,Annual Premium,MX,Streaming,CMP008,01/20/26,02/28/26,Mobile,36,Tulsa King,Drama,At-Risk,,12.02,False,False,33297.18,27,0.11,11.67
SUB02192,02/22/26,Essential,MX,OOH,CMP013,02/01/26,04/15/26,Desktop,31,Dutton Ranch,Drama,New,,13.6,False,False,27040.0,25,0.13,13.99
SUB02193,02/25/26,Essential,AU,Social,CMP015,02/05/26,04/05/26,Smart TV,29,Tulsa King,Drama,Churned,04/13/26,12.58,True,False,22618.05,24,0.15,13.99
SUB02194,02/04/26,Annual Essential,UK,Digital,CMP009,01/01/26,04/30/26,Smart TV,18,Dutton Ranch,Drama,Active,,7.43,True,False,70866.81,75,0.1475,7.5
SUB02195,02/21/26,Annual Premium,UK,TV,CMP003,02/01/26,03/31/26,Mobile,34,Coldwater,Drama,Active,,13.36,False,False,41503.22,26,0.09,11.67
SUB02196,02/18/26,Paramount+ with Showtime,AU,OOH,CMP013,02/01/26,04/15/26,Desktop,39,Mission Impossible,Action,Active,,14.34,False,True,27040.0,25,0.13,13.99
SUB02197,02/17/26,Annual Premium,US,Streaming,CMP006,01/12/26,04/15/26,Smart TV,25,The Madison,Drama,Active,,11.47,False,True,69517.64,55,0.11,11.67
SUB02198,02/18/26,Annual Essential,US,Social,CMP015,02/05/26,04/05/26,Roku,21,The Curse,Comedy,At-Risk,,7.06,False,True,22618.05,24,0.15,7.5
SUB02199,02/13/26,Annual Premium,CA,Digital,CMP010,01/15/26,03/31/26,Smart TV,18,South Park,Comedy,Churned,03/20/26,9.77,False,False,40279.22,40,0.14,11.67
SUB02200,02/14/26,Annual Essential,US,OOH,CMP012,01/08/26,04/30/26,Roku,29,The Curse,Comedy,At-Risk,,8.31,True,False,46356.88,40,0.12,7.5
SUB02201,02/11/26,Annual Premium,US,Streaming,CMP007,02/10/26,03/20/26,Roku,19,South Park,Comedy,Active,,12.36,False,False,39937.36,33,0.115,11.67
SUB02202,02/10/26,Annual Essential,AU,OOH,CMP012,01/08/26,04/30/26,Fire TV,43,NCIS,Procedural,Active,,6.39,False,False,46356.88,40,0.12,7.5
SUB02203,02/01/26,Annual Premium,US,Social,CMP014,01/10/26,03/10/26,Fire TV,26,Mission Impossible,Action,New,,10.96,False,False,25458.31,29,0.16,11.67
SUB02204,02/25/26,Annual Premium,CA,TV,CMP001,01/05/26,02/28/26,Mobile,40,South Park,Comedy,Active,,12.52,False,False,56894.89,36,0.0849999999999999,11.67
SUB02205,02/09/26,Paramount+ with Showtime,US,Digital,CMP010,01/15/26,03/31/26,Tablet,20,SpongeBob,Family,Active,,14.31,True,True,40279.22,40,0.14,13.99
SUB02206,02/27/26,Essential,US,TV,CMP002,01/10/26,02/15/26,Tablet,37,Elsbeth,Procedural,At-Risk,,16.42,False,False,61748.08,36,0.08,13.99
SUB02207,02/09/26,Annual Premium,AU,Social,CMP015,02/05/26,04/05/26,Roku,18,Coldwater,Drama,Active,,9.54,False,False,22618.05,24,0.15,11.67
SUB02208,02/20/26,Paramount+ with Showtime,US,Radio,CMP005,03/01/26,04/30/26,Roku,40,Landman,Drama,Active,,14.19,False,True,22144.53,14,0.09,13.99
SUB02209,02/06/26,Annual Premium,US,Social,CMP016,03/01/26,04/30/26,Fire TV,28,Boston Blue,Procedural,Active,,11.69,False,False,13079.15,14,0.15,11.67
SUB02210,02/01/26,Essential,US,Social,CMP014,01/10/26,03/10/26,Smart TV,58,Sonic 3,Family,Active,,14.75,False,False,25458.31,29,0.16,13.99
SUB02211,02/20/26,Paramount+ with Showtime,UK,Social,CMP015,02/05/26,04/05/26,Smart TV,18,Paw Patrol,Family,Active,,13.96,False,True,22618.05,24,0.15,13.99
SUB02212,02/16/26,Annual Premium,UK,Digital,CMP011,02/15/26,04/01/26,Roku,27,The Chi,Drama,New,,11.08,True,False,45566.52,49,0.15,11.67
SUB02213,02/01/26,Paramount+ with Showtime,US,Digital,CMP010,01/15/26,03/31/26,Desktop,43,The Agency,Thriller,New,,13.65,False,True,40279.22,40,0.14,13.99
SUB02214,02/11/26,Essential,US,OOH,CMP012,01/08/26,04/30/26,Smart TV,37,Watson,Procedural,Reactivated,,15.57,False,False,46356.88,40,0.12,13.99
SUB02215,02/01/26,Paramount+ with Showtime,US,Social,CMP014,01/10/26,03/10/26,Fire TV,26,NFL,Sports,Active,,12.97,False,True,25458.31,29,0.16,13.99
SUB02216,02/24/26,Paramount+ with Showtime,US,Digital,CMP011,02/15/26,04/01/26,Mobile,63,Criminal Minds,Procedural,New,,13.26,True,True,45566.52,49,0.15,13.99
SUB02217,02/03/26,Essential,MX,Digital,CMP011,02/15/26,04/01/26,Mobile,53,Landman,Drama,At-Risk,,13.12,False,False,45566.52,49,0.15,13.99
SUB02218,02/14/26,Essential,US,Social,CMP016,03/01/26,04/30/26,Desktop,33,The Guest,Thriller,Active,,13.76,True,False,13079.15,14,0.15,13.99
SUB02219,02/02/26,Annual Premium,US,Radio,CMP004,01/06/26,03/15/26,Mobile,30,NFL,Sports,At-Risk,,10.3,True,True,41237.74,27,0.09,11.67
SUB02220,02/20/26,Essential,AU,OOH,CMP012,01/08/26,04/30/26,Smart TV,59,Yellowjackets,Drama,Reactivated,,14.91,False,False,46356.88,40,0.12,13.99
SUB02221,02/18/26,Annual Essential,CA,Radio,CMP005,03/01/26,04/30/26,Smart TV,49,Landman,Drama,Reactivated,,8.19,False,False,22144.53,14,0.09,7.5
SUB02222,02/17/26,Essential,US,Streaming,CMP006,01/12/26,04/15/26,Roku,18,Dutton Ranch,Drama,At-Risk,,12.9,False,False,69517.64,55,0.11,13.99
SUB02223,02/10/26,Paramount+ with Showtime,US,Digital,CMP009,01/01/26,04/30/26,Mobile,20,NCIS,Procedural,At-Risk,,14.18,False,True,70866.81,75,0.1475,13.99
SUB02224,02/22/26,Annual Premium,US,OOH,CMP013,02/01/26,04/15/26,Mobile,47,The Offer,Drama,Active,,11.39,False,False,27040.0,25,0.13,11.67
SUB02225,02/02/26,Annual Premium,US,OOH,CMP013,02/01/26,04/15/26,Desktop,43,Paw Patrol,Family,New,,12.76,False,True,27040.0,25,0.13,11.67
SUB02226,02/27/26,Essential,CA,Digital,CMP011,02/15/26,04/01/26,Roku,48,Mission Impossible,Action,Reactivated,,13.19,False,False,45566.52,49,0.15,13.99
SUB02227,02/26/26,Annual Essential,CA,Social,CMP014,01/10/26,03/10/26,Desktop,28,The Curse,Comedy,Active,,6.33,True,False,25458.31,29,0.16,7.5
SUB02228,02/15/26,Annual Premium,US,TV,CMP001,01/05/26,02/28/26,Tablet,41,Dutton Ranch,Drama,New,,11.93,False,False,56894.89,36,0.0849999999999999,11.67
SUB02229,02/03/26,Annual Essential,AU,Radio,CMP005,03/01/26,04/30/26,Tablet,38,Dutton Ranch,Drama,Reactivated,,7.41,False,False,22144.53,14,0.09,7.5
SUB02230,02/06/26,Annual Essential,MX,Digital,CMP011,02/15/26,04/01/26,Fire TV,25,SpongeBob,Family,Reactivated,,4.56,True,False,45566.52,49,0.15,7.5
SUB02231,02/26/26,Annual Essential,US,Streaming,CMP008,01/20/26,02/28/26,Desktop,44,Watson,Procedural,Active,,6.92,True,False,33297.18,27,0.11,7.5
SUB02232,02/09/26,Essential,US,Digital,CMP010,01/15/26,03/31/26,Fire TV,44,RuPaul Drag Race All Stars,Reality,At-Risk,,12.84,True,False,40279.22,40,0.14,13.99
SUB02233,02/01/26,Annual Essential,CA,Radio,CMP005,03/01/26,04/30/26,Smart TV,51,Criminal Minds,Procedural,At-Risk,,6.2,True,False,22144.53,14,0.09,7.5
SUB02234,02/25/26,Essential,US,OOH,CMP012,01/08/26,04/30/26,Mobile,26,Boston Blue,Procedural,Active,,13.51,True,False,46356.88,40,0.12,13.99
SUB02235,02/25/26,Annual Premium,MX,Radio,CMP005,03/01/26,04/30/26,Roku,18,The Madison,Drama,Active,,9.58,False,False,22144.53,14,0.09,11.67
SUB02236,02/22/26,Annual Premium,MX,Radio,CMP004,01/06/26,03/15/26,Smart TV,21,Criminal Minds,Procedural,Active,,10.03,False,False,41237.74,27,0.09,11.67
SUB02237,02/23/26,Annual Essential,US,Streaming,CMP007,02/10/26,03/20/26,Roku,58,Tracker,Action,At-Risk,,8.37,True,False,39937.36,33,0.115,7.5
SUB02238,02/20/26,Annual Essential,AU,Digital,CMP009,01/01/26,04/30/26,Roku,58,Dexter,Thriller,Active,,8.13,True,True,70866.81,75,0.1475,7.5
SUB02239,02/24/26,Paramount+ with Showtime,AU,Social,CMP016,03/01/26,04/30/26,Smart TV,18,Yellowjackets,Drama,Churned,04/13/26,13.85,False,True,13079.15,14,0.15,13.99
SUB02240,02/28/26,Annual Premium,US,Radio,CMP005,03/01/26,04/30/26,Fire TV,36,UFC,Sports,Reactivated,,12.81,False,False,22144.53,14,0.09,11.67
SUB02241,02/18/26,Essential,CA,Radio,CMP005,03/01/26,04/30/26,Desktop,45,RuPaul Drag Race All Stars,Reality,Active,,13.91,True,False,22144.53,14,0.09,13.99
SUB02242,02/05/26,Essential,US,Radio,CMP004,01/06/26,03/15/26,Mobile,18,Criminal Minds,Procedural,Active,,14.34,True,False,41237.74,27,0.09,13.99
SUB02243,02/24/26,Essential,UK,Digital,CMP010,01/15/26,03/31/26,Fire TV,26,Elsbeth,Procedural,New,,13.38,False,False,40279.22,40,0.14,13.99
SUB02244,02/13/26,Annual Premium,AU,Digital,CMP010,01/15/26,03/31/26,Mobile,62,Paw Patrol,Family,At-Risk,,11.33,True,False,40279.22,40,0.14,11.67
SUB02245,02/14/26,Annual Premium,CA,Digital,CMP010,01/15/26,03/31/26,Roku,40,Dexter,Thriller,New,,12.0,False,False,40279.22,40,0.14,11.67
SUB02246,02/05/26,Paramount+ with Showtime,US,Digital,CMP009,01/01/26,04/30/26,Smart TV,45,Dutton Ranch,Drama,Active,,14.67,False,True,70866.81,75,0.1475,13.99
SUB02247,02/02/26,Essential,US,OOH,CMP013,02/01/26,04/15/26,Roku,74,Coldwater,Drama,Active,,12.48,True,False,27040.0,25,0.13,13.99
SUB02248,02/24/26,Annual Premium,US,OOH,CMP012,01/08/26,04/30/26,Desktop,32,Yellowjackets,Drama,Active,,10.15,False,False,46356.88,40,0.12,11.67
SUB02249,02/19/26,Annual Essential,CA,TV,CMP001,01/05/26,02/28/26,Tablet,23,UFC,Sports,Churned,03/08/26,4.43,True,False,56894.89,36,0.0849999999999999,7.5
SUB02250,02/23/26,Essential,MX,Digital,CMP009,01/01/26,04/30/26,Fire TV,45,NFL,Sports,Active,,12.01,True,False,70866.81,75,0.1475,13.99
SUB02251,02/27/26,Annual Premium,MX,Social,CMP016,03/01/26,04/30/26,Desktop,50,Lioness,Thriller,At-Risk,,9.64,True,True,13079.15,14,0.15,11.67
SUB02252,02/12/26,Paramount+ with Showtime,US,Digital,CMP010,01/15/26,03/31/26,Smart TV,43,NFL,Sports,Active,,11.77,False,True,40279.22,40,0.14,13.99
SUB02253,02/02/26,Annual Premium,UK,Digital,CMP009,01/01/26,04/30/26,Tablet,42,Elsbeth,Procedural,Active,,14.21,False,False,70866.81,75,0.1475,11.67
SUB02254,02/01/26,Annual Essential,UK,Streaming,CMP008,01/20/26,02/28/26,Mobile,40,Tracker,Action,Active,,7.53,True,True,33297.18,27,0.11,7.5
SUB02255,02/25/26,Essential,US,TV,CMP002,01/10/26,02/15/26,Tablet,42,Mayor of Kingstown,Drama,At-Risk,,12.03,True,False,61748.08,36,0.08,13.99
SUB02256,02/02/26,Annual Premium,US,Radio,CMP005,03/01/26,04/30/26,Smart TV,43,Lioness,Thriller,At-Risk,,11.89,True,False,22144.53,14,0.09,11.67
SUB02257,02/01/26,Paramount+ with Showtime,US,TV,CMP002,01/10/26,02/15/26,Fire TV,61,NFL,Sports,Churned,03/11/26,12.66,True,True,61748.08,36,0.08,13.99
SUB02258,02/12/26,Paramount+ with Showtime,CA,TV,CMP001,01/05/26,02/28/26,Desktop,38,Paw Patrol,Family,Active,,12.45,False,True,56894.89,36,0.0849999999999999,13.99
SUB02259,02/14/26,Essential,US,Radio,CMP004,01/06/26,03/15/26,Mobile,22,Coldwater,Drama,Active,,14.31,True,False,41237.74,27,0.09,13.99
SUB02260,02/03/26,Essential,US,Streaming,CMP007,02/10/26,03/20/26,Smart TV,42,Tulsa King,Drama,Active,,14.18,False,False,39937.36,33,0.115,13.99
SUB02261,02/07/26,Annual Essential,US,Social,CMP015,02/05/26,04/05/26,Tablet,54,South Park,Comedy,Active,,7.94,False,False,22618.05,24,0.15,7.5
SUB02262,02/25/26,Annual Premium,CA,TV,CMP001,01/05/26,02/28/26,Smart TV,34,The Curse,Comedy,Active,,10.69,True,False,56894.89,36,0.0849999999999999,11.67
SUB02263,02/19/26,Paramount+ with Showtime,CA,TV,CMP002,01/10/26,02/15/26,Desktop,51,Boston Blue,Procedural,Reactivated,,12.87,False,True,61748.08,36,0.08,13.99
SUB02264,02/09/26,Paramount+ with Showtime,AU,Social,CMP015,02/05/26,04/05/26,Roku,47,Ghosts,Comedy,Active,,14.05,False,True,22618.05,24,0.15,13.99
SUB02265,02/28/26,Annual Essential,US,OOH,CMP013,02/01/26,04/15/26,Tablet,50,Tulsa King,Drama,At-Risk,,7.56,False,False,27040.0,25,0.13,7.5
SUB02266,02/14/26,Annual Essential,US,Radio,CMP005,03/01/26,04/30/26,Fire TV,57,RuPaul Drag Race All Stars,Reality,Churned,03/27/26,8.39,False,False,22144.53,14,0.09,7.5
SUB02267,02/19/26,Essential,AU,Digital,CMP009,01/01/26,04/30/26,Mobile,34,The Guest,Thriller,At-Risk,,13.11,True,False,70866.81,75,0.1475,13.99
SUB02268,02/27/26,Paramount+ with Showtime,US,Radio,CMP004,01/06/26,03/15/26,Smart TV,25,Ghosts,Comedy,Reactivated,,14.59,True,True,41237.74,27,0.09,13.99
SUB02269,02/20/26,Annual Premium,UK,TV,CMP001,01/05/26,02/28/26,Smart TV,25,The Agency,Thriller,Churned,04/16/26,9.48,True,False,56894.89,36,0.0849999999999999,11.67
SUB02270,02/09/26,Annual Essential,AU,Digital,CMP009,01/01/26,04/30/26,Roku,47,The Chi,Drama,Active,,6.75,False,True,70866.81,75,0.1475,7.5
SUB02271,02/10/26,Essential,US,Radio,CMP004,01/06/26,03/15/26,Roku,44,The Agency,Thriller,At-Risk,,13.25,False,False,41237.74,27,0.09,13.99
SUB02272,02/11/26,Essential,CA,Radio,CMP004,01/06/26,03/15/26,Smart TV,18,The Guest,Thriller,Active,,12.98,True,False,41237.74,27,0.09,13.99
SUB02273,02/20/26,Annual Essential,US,TV,CMP003,02/01/26,03/31/26,Fire TV,18,Coldwater,Drama,Churned,03/06/26,5.42,True,False,41503.22,26,0.09,7.5
SUB02274,02/06/26,Annual Premium,US,OOH,CMP012,01/08/26,04/30/26,Mobile,30,NCIS,Procedural,Churned,04/06/26,12.4,False,False,46356.88,40,0.12,11.67
SUB02275,02/14/26,Annual Premium,MX,Radio,CMP004,01/06/26,03/15/26,Roku,25,The Curse,Comedy,New,,10.88,False,False,41237.74,27,0.09,11.67
SUB02276,02/01/26,Paramount+ with Showtime,UK,TV,CMP002,01/10/26,02/15/26,Desktop,29,The Guest,Thriller,Reactivated,,13.66,True,True,61748.08,36,0.08,13.99
SUB02277,02/05/26,Paramount+ with Showtime,US,OOH,CMP013,02/01/26,04/15/26,Tablet,35,Sonic 3,Family,At-Risk,,14.42,False,True,27040.0,25,0.13,13.99
SUB02278,02/09/26,Essential,AU,Digital,CMP010,01/15/26,03/31/26,Desktop,27,Boston Blue,Procedural,At-Risk,,14.1,False,False,40279.22,40,0.14,13.99
SUB02279,02/27/26,Annual Essential,US,Streaming,CMP006,01/12/26,04/15/26,Smart TV,43,The Curse,Comedy,Active,,8.38,False,False,69517.64,55,0.11,7.5
SUB02280,02/21/26,Annual Premium,US,OOH,CMP013,02/01/26,04/15/26,Roku,18,Paw Patrol,Family,At-Risk,,11.2,False,False,27040.0,25,0.13,11.67
SUB02281,02/16/26,Annual Premium,US,Streaming,CMP008,01/20/26,02/28/26,Desktop,29,NCIS,Procedural,At-Risk,,13.28,False,False,33297.18,27,0.11,11.67
SUB02282,02/27/26,Essential,US,Radio,CMP005,03/01/26,04/30/26,Smart TV,26,Boomerang,Comedy,At-Risk,,14.6,False,False,22144.53,14,0.09,13.99
SUB02283,02/20/26,Annual Premium,US,Digital,CMP010,01/15/26,03/31/26,Smart TV,39,Ghosts,Comedy,Active,,14.18,False,True,40279.22,40,0.14,11.67
SUB02284,02/09/26,Annual Essential,US,TV,CMP003,02/01/26,03/31/26,Desktop,24,NFL,Sports,Active,,6.09,True,False,41503.22,26,0.09,7.5
SUB02285,02/20/26,Essential,US,Digital,CMP010,01/15/26,03/31/26,Smart TV,38,1923,Drama,New,,13.89,False,False,40279.22,40,0.14,13.99
SUB02286,02/05/26,Annual Premium,US,OOH,CMP012,01/08/26,04/30/26,Fire TV,61,The Agency,Thriller,At-Risk,,11.92,False,False,46356.88,40,0.12,11.67
SUB02287,02/06/26,Annual Premium,UK,Digital,CMP011,02/15/26,04/01/26,Tablet,29,Boston Blue,Procedural,Reactivated,,10.98,True,False,45566.52,49,0.15,11.67
SUB02288,02/07/26,Annual Essential,MX,Digital,CMP009,01/01/26,04/30/26,Desktop,63,Love & Hip Hop Miami,Reality,Active,,7.0,False,False,70866.81,75,0.1475,7.5
SUB02289,02/23/26,Annual Essential,CA,OOH,CMP013,02/01/26,04/15/26,Tablet,37,NCIS,Procedural,At-Risk,,7.98,True,False,27040.0,25,0.13,7.5
SUB02290,02/20/26,Annual Essential,CA,Streaming,CMP008,01/20/26,02/28/26,Smart TV,26,Criminal Minds,Procedural,At-Risk,,5.4,True,False,33297.18,27,0.11,7.5
SUB02291,02/07/26,Annual Premium,US,OOH,CMP013,02/01/26,04/15/26,Mobile,43,Yellowjackets,Drama,Active,,10.79,False,False,27040.0,25,0.13,11.67
SUB02292,02/02/26,Annual Essential,UK,Social,CMP016,03/01/26,04/30/26,Desktop,31,Criminal Minds,Procedural,Active,,6.93,False,True,13079.15,14,0.15,7.5
SUB02293,02/15/26,Essential,US,TV,CMP003,02/01/26,03/31/26,Roku,45,Dexter,Thriller,Active,,13.36,True,False,41503.22,26,0.09,13.99
SUB02294,02/16/26,Paramount+ with Showtime,US,TV,CMP002,01/10/26,02/15/26,Mobile,18,Criminal Minds,Procedural,Reactivated,,13.33,True,True,61748.08,36,0.08,13.99
SUB02295,02/17/26,Annual Premium,US,TV,CMP002,01/10/26,02/15/26,Desktop,27,Dutton Ranch,Drama,Active,,11.29,True,False,61748.08,36,0.08,11.67
SUB02296,02/12/26,Paramount+ with Showtime,US,Radio,CMP005,03/01/26,04/30/26,Tablet,26,SpongeBob,Family,At-Risk,,14.86,True,True,22144.53,14,0.09,13.99
SUB02297,02/01/26,Essential,US,Streaming,CMP007,02/10/26,03/20/26,Tablet,29,Love & Hip Hop Miami,Reality,Active,,14.9,False,False,39937.36,33,0.115,13.99
SUB02298,02/27/26,Annual Premium,US,Social,CMP015,02/05/26,04/05/26,Desktop,74,Yellowjackets,Drama,Churned,04/08/26,10.88,True,False,22618.05,24,0.15,11.67
SUB02299,02/17/26,Annual Essential,US,Radio,CMP004,01/06/26,03/15/26,Desktop,28,Boston Blue,Procedural,Active,,6.77,False,False,41237.74,27,0.09,7.5
SUB02300,02/24/26,Essential,US,Digital,CMP010,01/15/26,03/31/26,Tablet,22,The Offer,Drama,At-Risk,,12.07,True,False,40279.22,40,0.14,13.99
SUB02301,02/16/26,Paramount+ with Showtime,CA,Social,CMP016,03/01/26,04/30/26,Desktop,51,The Guest,Thriller,At-Risk,,14.42,False,True,13079.15,14,0.15,13.99
SUB02302,02/17/26,Paramount+ with Showtime,UK,Social,CMP015,02/05/26,04/05/26,Tablet,31,Lioness,Thriller,Active,,14.64,False,True,22618.05,24,0.15,13.99
SUB02303,02/10/26,Paramount+ with Showtime,US,Radio,CMP005,03/01/26,04/30/26,Tablet,21,South Park,Comedy,At-Risk,,13.06,False,True,22144.53,14,0.09,13.99
SUB02304,02/19/26,Annual Premium,US,Streaming,CMP007,02/10/26,03/20/26,Desktop,25,The Offer,Drama,At-Risk,,12.51,False,False,39937.36,33,0.115,11.67
SUB02305,02/26/26,Annual Essential,US,Digital,CMP009,01/01/26,04/30/26,Desktop,28,Watson,Procedural,Active,,8.14,True,False,70866.81,75,0.1475,7.5
SUB02306,02/07/26,Essential,UK,Social,CMP015,02/05/26,04/05/26,Roku,19,Elsbeth,Procedural,Active,,16.39,False,False,22618.05,24,0.15,13.99
SUB02307,02/12/26,Essential,US,Social,CMP015,02/05/26,04/05/26,Mobile,62,The Curse,Comedy,Active,,14.72,False,False,22618.05,24,0.15,13.99
SUB02308,02/17/26,Annual Premium,US,Streaming,CMP008,01/20/26,02/28/26,Fire TV,29,Yellowjackets,Drama,New,,11.11,False,False,33297.18,27,0.11,11.67
SUB02309,02/23/26,Essential,US,Digital,CMP010,01/15/26,03/31/26,Roku,18,Ghosts,Comedy,Churned,04/06/26,12.46,False,False,40279.22,40,0.14,13.99
SUB02310,02/01/26,Paramount+ with Showtime,CA,Radio,CMP005,03/01/26,04/30/26,Roku,22,The Offer,Drama,At-Risk,,12.13,True,True,22144.53,14,0.09,13.99
SUB02311,02/10/26,Paramount+ with Showtime,US,Digital,CMP010,01/15/26,03/31/26,Smart TV,27,Sonic 3,Family,At-Risk,,14.33,False,True,40279.22,40,0.14,13.99
SUB02312,02/22/26,Essential,AU,TV,CMP001,01/05/26,02/28/26,Roku,37,South Park,Comedy,At-Risk,,14.89,False,False,56894.89,36,0.0849999999999999,13.99
SUB02313,02/25/26,Annual Premium,US,OOH,CMP013,02/01/26,04/15/26,Smart TV,58,MobLand,Drama,Reactivated,,11.66,False,False,27040.0,25,0.13,11.67
SUB02314,02/08/26,Paramount+ with Showtime,US,Streaming,CMP006,01/12/26,04/15/26,Smart TV,19,The Madison,Drama,Active,,14.66,False,True,69517.64,55,0.11,13.99
SUB02315,02/06/26,Annual Essential,US,TV,CMP001,01/05/26,02/28/26,Fire TV,56,Love & Hip Hop Miami,Reality,New,,6.45,False,True,56894.89,36,0.0849999999999999,7.5
SUB02316,02/02/26,Annual Essential,CA,OOH,CMP013,02/01/26,04/15/26,Mobile,53,Yellowjackets,Drama,Churned,03/26/26,6.4,True,False,27040.0,25,0.13,7.5
SUB02317,02/14/26,Paramount+ with Showtime,US,TV,CMP002,01/10/26,02/15/26,Smart TV,32,Watson,Procedural,Active,,12.46,True,True,61748.08,36,0.08,13.99
SUB02318,02/15/26,Paramount+ with Showtime,CA,OOH,CMP012,01/08/26,04/30/26,Smart TV,54,Landman,Drama,New,,13.25,False,True,46356.88,40,0.12,13.99
SUB02319,02/25/26,Paramount+ with Showtime,US,TV,CMP003,02/01/26,03/31/26,Smart TV,24,Boston Blue,Procedural,Active,,13.74,False,True,41503.22,26,0.09,13.99
SUB02320,02/17/26,Paramount+ with Showtime,US,Social,CMP014,01/10/26,03/10/26,Roku,63,Love & Hip Hop Miami,Reality,New,,14.85,False,True,25458.31,29,0.16,13.99
SUB02321,02/04/26,Essential,US,TV,CMP001,01/05/26,02/28/26,Desktop,53,The Chi,Drama,Active,,14.85,False,False,56894.89,36,0.0849999999999999,13.99
SUB02322,02/17/26,Annual Premium,CA,Digital,CMP011,02/15/26,04/01/26,Tablet,33,RuPaul Drag Race All Stars,Reality,At-Risk,,11.46,True,False,45566.52,49,0.15,11.67
SUB02323,02/13/26,Annual Premium,MX,OOH,CMP013,02/01/26,04/15/26,Smart TV,29,The Madison,Drama,At-Risk,,10.12,False,False,27040.0,25,0.13,11.67
SUB02324,02/13/26,Annual Premium,CA,OOH,CMP012,01/08/26,04/30/26,Fire TV,49,NFL,Sports,New,,10.98,True,False,46356.88,40,0.12,11.67
SUB02325,02/02/26,Annual Premium,US,Digital,CMP010,01/15/26,03/31/26,Smart TV,64,Yellowjackets,Drama,At-Risk,,13.61,False,False,40279.22,40,0.14,11.67
SUB02326,02/28/26,Paramount+ with Showtime,US,Streaming,CMP008,01/20/26,02/28/26,Desktop,38,Dexter,Thriller,New,,15.09,False,True,33297.18,27,0.11,13.99
SUB02327,02/27/26,Annual Premium,US,Digital,CMP009,01/01/26,04/30/26,Desktop,59,Boomerang,Comedy,Active,,10.65,False,False,70866.81,75,0.1475,11.67
SUB02328,02/22/26,Annual Premium,US,Streaming,CMP007,02/10/26,03/20/26,Tablet,56,Landman,Drama,Active,,11.44,False,False,39937.36,33,0.115,11.67
SUB02329,02/27/26,Paramount+ with Showtime,CA,Social,CMP016,03/01/26,04/30/26,Desktop,20,The Offer,Drama,At-Risk,,12.22,False,True,13079.15,14,0.15,13.99
SUB02330,02/02/26,Essential,US,Social,CMP015,02/05/26,04/05/26,Smart TV,67,1923,Drama,Active,,14.02,True,False,22618.05,24,0.15,13.99
SUB02331,02/04/26,Annual Essential,MX,Radio,CMP005,03/01/26,04/30/26,Mobile,46,Tulsa King,Drama,At-Risk,,6.77,True,False,22144.53,14,0.09,7.5
SUB02332,02/20/26,Annual Essential,AU,Social,CMP015,02/05/26,04/05/26,Smart TV,53,Landman,Drama,Active,,7.71,False,False,22618.05,24,0.15,7.5
SUB02333,02/14/26,Essential,AU,Radio,CMP005,03/01/26,04/30/26,Mobile,48,Elsbeth,Procedural,Reactivated,,14.4,False,False,22144.53,14,0.09,13.99
SUB02334,02/14/26,Annual Essential,US,Radio,CMP004,01/06/26,03/15/26,Desktop,43,Yellowjackets,Drama,At-Risk,,6.24,False,False,41237.74,27,0.09,7.5
SUB02335,02/12/26,Essential,US,Radio,CMP005,03/01/26,04/30/26,Desktop,48,Mayor of Kingstown,Drama,New,,14.89,False,False,22144.53,14,0.09,13.99
SUB02336,02/25/26,Annual Premium,CA,Digital,CMP011,02/15/26,04/01/26,Mobile,48,Coldwater,Drama,Active,,12.63,True,False,45566.52,49,0.15,11.67
SUB02337,02/08/26,Annual Essential,US,OOH,CMP012,01/08/26,04/30/26,Tablet,56,Boston Blue,Procedural,New,,8.41,False,False,46356.88,40,0.12,7.5
SUB02338,02/19/26,Essential,AU,Digital,CMP009,01/01/26,04/30/26,Tablet,38,SpongeBob,Family,Active,,15.13,False,False,70866.81,75,0.1475,13.99
SUB02339,02/13/26,Paramount+ with Showtime,UK,Radio,CMP005,03/01/26,04/30/26,Tablet,33,South Park,Comedy,Active,,14.5,False,True,22144.53,14,0.09,13.99
SUB02340,02/20/26,Essential,MX,Social,CMP016,03/01/26,04/30/26,Tablet,26,MobLand,Drama,New,,12.71,False,False,13079.15,14,0.15,13.99
SUB02341,02/21/26,Essential,US,OOH,CMP012,01/08/26,04/30/26,Roku,66,1923,Drama,Churned,03/21/26,12.61,False,True,46356.88,40,0.12,13.99
SUB02342,02/09/26,Essential,MX,Streaming,CMP008,01/20/26,02/28/26,Tablet,38,South Park,Comedy,At-Risk,,13.17,False,True,33297.18,27,0.11,13.99
SUB02343,02/18/26,Essential,US,TV,CMP001,01/05/26,02/28/26,Tablet,42,NFL,Sports,Active,,12.98,False,False,56894.89,36,0.0849999999999999,13.99
SUB02344,02/19/26,Annual Essential,UK,Radio,CMP004,01/06/26,03/15/26,Fire TV,42,Yellowjackets,Drama,Churned,04/16/26,6.22,False,False,41237.74,27,0.09,7.5
SUB02345,02/04/26,Paramount+ with Showtime,AU,OOH,CMP013,02/01/26,04/15/26,Smart TV,45,Dexter,Thriller,Churned,03/24/26,14.54,False,True,27040.0,25,0.13,13.99
SUB02346,02/06/26,Annual Premium,US,OOH,CMP013,02/01/26,04/15/26,Fire TV,55,Ghosts,Comedy,Active,,10.99,False,False,27040.0,25,0.13,11.67
SUB02347,02/03/26,Annual Premium,US,Radio,CMP004,01/06/26,03/15/26,Roku,18,The Offer,Drama,At-Risk,,11.59,True,False,41237.74,27,0.09,11.67
SUB02348,02/04/26,Essential,US,TV,CMP001,01/05/26,02/28/26,Smart TV,32,Dexter,Thriller,Active,,12.75,False,False,56894.89,36,0.0849999999999999,13.99
SUB02349,02/01/26,Paramount+ with Showtime,US,Radio,CMP005,03/01/26,04/30/26,Mobile,49,Criminal Minds,Procedural,Active,,13.73,True,True,22144.53,14,0.09,13.99
SUB02350,02/05/26,Essential,MX,Streaming,CMP007,02/10/26,03/20/26,Fire TV,36,Criminal Minds,Procedural,New,,11.38,False,False,39937.36,33,0.115,13.99
SUB02351,02/19/26,Paramount+ with Showtime,US,Social,CMP014,01/10/26,03/10/26,Desktop,51,NFL,Sports,Active,,15.34,False,True,25458.31,29,0.16,13.99
SUB02352,02/06/26,Annual Essential,MX,Digital,CMP011,02/15/26,04/01/26,Desktop,42,Tracker,Action,Churned,03/19/26,3.99,False,False,45566.52,49,0.15,7.5
SUB02353,02/01/26,Paramount+ with Showtime,AU,OOH,CMP013,02/01/26,04/15/26,Tablet,34,The Madison,Drama,At-Risk,,15.53,True,True,27040.0,25,0.13,13.99
SUB02354,02/25/26,Annual Essential,US,OOH,CMP013,02/01/26,04/15/26,Mobile,47,Mayor of Kingstown,Drama,At-Risk,,8.56,False,False,27040.0,25,0.13,7.5
SUB02355,02/08/26,Annual Essential,AU,TV,CMP001,01/05/26,02/28/26,Desktop,28,The Offer,Drama,Active,,7.93,False,False,56894.89,36,0.0849999999999999,7.5
SUB02356,02/05/26,Annual Premium,US,Digital,CMP009,01/01/26,04/30/26,Mobile,24,Lioness,Thriller,At-Risk,,11.37,False,False,70866.81,75,0.1475,11.67
SUB02357,02/05/26,Essential,CA,Social,CMP014,01/10/26,03/10/26,Desktop,60,The Curse,Comedy,New,,14.93,False,False,25458.31,29,0.16,13.99
SUB02358,02/07/26,Essential,US,Streaming,CMP008,01/20/26,02/28/26,Tablet,24,Boomerang,Comedy,Active,,14.78,False,False,33297.18,27,0.11,13.99
SUB02359,02/10/26,Paramount+ with Showtime,US,OOH,CMP012,01/08/26,04/30/26,Fire TV,48,The Guest,Thriller,Active,,15.21,False,True,46356.88,40,0.12,13.99
SUB02360,02/26/26,Essential,US,OOH,CMP012,01/08/26,04/30/26,Tablet,66,The Guest,Thriller,Active,,14.5,False,False,46356.88,40,0.12,13.99
SUB02361,02/05/26,Annual Premium,US,TV,CMP002,01/10/26,02/15/26,Fire TV,42,Criminal Minds,Procedural,Active,,11.37,False,False,61748.08,36,0.08,11.67
SUB02362,02/27/26,Paramount+ with Showtime,US,Digital,CMP010,01/15/26,03/31/26,Smart TV,28,Dutton Ranch,Drama,At-Risk,,11.55,True,True,40279.22,40,0.14,13.99
SUB02363,02/13/26,Essential,UK,Digital,CMP009,01/01/26,04/30/26,Fire TV,39,Watson,Procedural,Active,,13.82,True,False,70866.81,75,0.1475,13.99
SUB02364,02/27/26,Essential,US,Social,CMP015,02/05/26,04/05/26,Desktop,50,Tracker,Action,Churned,03/17/26,14.56,False,True,22618.05,24,0.15,13.99
SUB02365,02/11/26,Annual Essential,US,Radio,CMP005,03/01/26,04/30/26,Fire TV,18,The Guest,Thriller,Active,,7.64,True,False,22144.53,14,0.09,7.5
SUB02366,02/05/26,Annual Essential,US,TV,CMP001,01/05/26,02/28/26,Desktop,18,Mayor of Kingstown,Drama,Churned,02/23/26,6.34,False,False,56894.89,36,0.0849999999999999,7.5
SUB02367,02/01/26,Essential,US,Social,CMP016,03/01/26,04/30/26,Roku,25,The Agency,Thriller,Active,,13.03,True,False,13079.15,14,0.15,13.99
SUB02368,02/19/26,Annual Essential,CA,OOH,CMP012,01/08/26,04/30/26,Fire TV,36,Mayor of Kingstown,Drama,Active,,6.57,True,False,46356.88,40,0.12,7.5
SUB02369,02/11/26,Essential,US,Radio,CMP005,03/01/26,04/30/26,Smart TV,46,UFC,Sports,Active,,12.46,False,False,22144.53,14,0.09,13.99
SUB02370,02/20/26,Paramount+ with Showtime,US,Radio,CMP005,03/01/26,04/30/26,Roku,35,Love & Hip Hop Miami,Reality,Active,,14.05,False,True,22144.53,14,0.09,13.99
SUB02371,02/26/26,Annual Premium,US,Social,CMP016,03/01/26,04/30/26,Smart TV,24,Paw Patrol,Family,Active,,12.32,True,False,13079.15,14,0.15,11.67
SUB02372,02/18/26,Paramount+ with Showtime,US,TV,CMP003,02/01/26,03/31/26,Mobile,24,The Chi,Drama,At-Risk,,13.2,True,True,41503.22,26,0.09,13.99
SUB02373,02/13/26,Paramount+ with Showtime,CA,Radio,CMP004,01/06/26,03/15/26,Tablet,62,MobLand,Drama,Active,,12.89,True,True,41237.74,27,0.09,13.99
SUB02374,02/26/26,Paramount+ with Showtime,AU,Social,CMP015,02/05/26,04/05/26,Fire TV,47,South Park,Comedy,Active,,13.65,False,True,22618.05,24,0.15,13.99
SUB02375,02/08/26,Annual Essential,US,TV,CMP001,01/05/26,02/28/26,Desktop,31,Elsbeth,Procedural,Active,,8.75,False,False,56894.89,36,0.0849999999999999,7.5
SUB02376,02/11/26,Annual Essential,US,Streaming,CMP008,01/20/26,02/28/26,Desktop,18,Elsbeth,Procedural,At-Risk,,7.92,False,False,33297.18,27,0.11,7.5
SUB02377,02/25/26,Paramount+ with Showtime,CA,Digital,CMP011,02/15/26,04/01/26,Mobile,40,Dexter,Thriller,At-Risk,,13.51,True,True,45566.52,49,0.15,13.99
SUB02378,02/04/26,Annual Premium,MX,Radio,CMP005,03/01/26,04/30/26,Tablet,35,South Park,Comedy,Active,,10.46,False,False,22144.53,14,0.09,11.67
SUB02379,02/11/26,Essential,CA,Digital,CMP009,01/01/26,04/30/26,Mobile,32,Paw Patrol,Family,Reactivated,,13.24,False,False,70866.81,75,0.1475,13.99
SUB02380,02/26/26,Annual Premium,US,Social,CMP015,02/05/26,04/05/26,Tablet,29,Yellowjackets,Drama,New,,12.32,True,False,22618.05,24,0.15,11.67
SUB02381,02/26/26,Annual Essential,US,Social,CMP016,03/01/26,04/30/26,Desktop,18,The Chi,Drama,New,,7.44,False,False,13079.15,14,0.15,7.5
SUB02382,02/23/26,Paramount+ with Showtime,US,Radio,CMP004,01/06/26,03/15/26,Mobile,18,MobLand,Drama,Reactivated,,13.82,True,True,41237.74,27,0.09,13.99
SUB02383,02/04/26,Essential,US,Radio,CMP004,01/06/26,03/15/26,Desktop,46,Tulsa King,Drama,Active,,15.08,False,False,41237.74,27,0.09,13.99
SUB02384,02/04/26,Annual Essential,AU,Social,CMP014,01/10/26,03/10/26,Mobile,27,NFL,Sports,Active,,8.46,False,False,25458.31,29,0.16,7.5
SUB02385,02/27/26,Essential,US,Radio,CMP005,03/01/26,04/30/26,Smart TV,25,Coldwater,Drama,At-Risk,,13.7,False,False,22144.53,14,0.09,13.99
SUB02386,02/20/26,Annual Essential,AU,Radio,CMP004,01/06/26,03/15/26,Desktop,18,NCIS,Procedural,Churned,03/08/26,5.33,True,False,41237.74,27,0.09,7.5
SUB02387,02/17/26,Annual Essential,CA,Social,CMP015,02/05/26,04/05/26,Mobile,26,Dutton Ranch,Drama,Churned,04/10/26,5.65,True,False,22618.05,24,0.15,7.5
SUB02388,02/15/26,Annual Essential,US,TV,CMP002,01/10/26,02/15/26,Mobile,37,NCIS,Procedural,Churned,04/09/26,5.31,False,True,61748.08,36,0.08,7.5
SUB02389,02/06/26,Annual Essential,CA,Radio,CMP004,01/06/26,03/15/26,Tablet,27,UFC,Sports,Active,,8.37,True,False,41237.74,27,0.09,7.5
SUB02390,02/07/26,Annual Essential,US,TV,CMP001,01/05/26,02/28/26,Mobile,36,Elsbeth,Procedural,Active,,7.82,False,True,56894.89,36,0.0849999999999999,7.5
SUB02391,02/22/26,Paramount+ with Showtime,US,TV,CMP001,01/05/26,02/28/26,Mobile,31,The Guest,Thriller,Active,,13.85,False,True,56894.89,36,0.0849999999999999,13.99
SUB02392,02/28/26,Annual Premium,US,Social,CMP014,01/10/26,03/10/26,Smart TV,46,Watson,Procedural,At-Risk,,11.97,True,True,25458.31,29,0.16,11.67
SUB02393,02/23/26,Annual Essential,US,Streaming,CMP008,01/20/26,02/28/26,Smart TV,54,Criminal Minds,Procedural,Active,,6.87,True,False,33297.18,27,0.11,7.5
SUB02394,02/28/26,Annual Essential,MX,OOH,CMP013,02/01/26,04/15/26,Tablet,27,Sonic 3,Family,At-Risk,,5.71,False,True,27040.0,25,0.13,7.5
SUB02395,02/09/26,Essential,UK,OOH,CMP012,01/08/26,04/30/26,Mobile,48,Landman,Drama,Reactivated,,14.09,True,False,46356.88,40,0.12,13.99
SUB02396,02/02/26,Annual Essential,US,Social,CMP015,02/05/26,04/05/26,Tablet,47,Tulsa King,Drama,Churned,03/28/26,7.68,True,False,22618.05,24,0.15,7.5
SUB02397,02/04/26,Annual Premium,US,Social,CMP015,02/05/26,04/05/26,Fire TV,34,South Park,Comedy,Active,,11.09,True,False,22618.05,24,0.15,11.67
SUB02398,02/05/26,Annual Premium,MX,OOH,CMP012,01/08/26,04/30/26,Roku,38,RuPaul Drag Race All Stars,Reality,Churned,03/06/26,10.0,False,False,46356.88,40,0.12,11.67
SUB02399,02/15/26,Annual Essential,US,Social,CMP016,03/01/26,04/30/26,Smart TV,48,MobLand,Drama,Churned,04/06/26,6.55,True,True,13079.15,14,0.15,7.5
SUB02400,02/12/26,Essential,US,Digital,CMP011,02/15/26,04/01/26,Fire TV,36,Mayor of Kingstown,Drama,At-Risk,,13.02,False,False,45566.52,49,0.15,13.99
SUB02401,02/16/26,Paramount+ with Showtime,US,Social,CMP016,03/01/26,04/30/26,Fire TV,39,MobLand,Drama,Active,,14.39,True,True,13079.15,14,0.15,13.99
SUB02402,02/12/26,Annual Premium,CA,TV,CMP001,01/05/26,02/28/26,Fire TV,26,NCIS,Procedural,At-Risk,,10.72,True,False,56894.89,36,0.0849999999999999,11.67
SUB02403,02/13/26,Essential,MX,OOH,CMP012,01/08/26,04/30/26,Tablet,41,Tulsa King,Drama,Active,,11.77,False,False,46356.88,40,0.12,13.99
SUB02404,02/03/26,Annual Essential,AU,Streaming,CMP007,02/10/26,03/20/26,Roku,54,The Agency,Thriller,Reactivated,,8.0,False,False,39937.36,33,0.115,7.5
SUB02405,02/09/26,Annual Essential,US,Digital,CMP011,02/15/26,04/01/26,Fire TV,19,The Curse,Comedy,Reactivated,,7.31,False,False,45566.52,49,0.15,7.5
SUB02406,02/19/26,Annual Premium,US,TV,CMP001,01/05/26,02/28/26,Smart TV,45,The Offer,Drama,Active,,13.23,False,True,56894.89,36,0.0849999999999999,11.67
SUB02407,02/10/26,Annual Essential,US,TV,CMP003,02/01/26,03/31/26,Tablet,22,Criminal Minds,Procedural,Reactivated,,7.64,True,False,41503.22,26,0.09,7.5
SUB02408,02/12/26,Annual Premium,US,Digital,CMP011,02/15/26,04/01/26,Mobile,18,Mission Impossible,Action,Active,,14.3,False,False,45566.52,49,0.15,11.67
SUB02409,02/04/26,Essential,US,OOH,CMP013,02/01/26,04/15/26,Desktop,37,Landman,Drama,Active,,13.4,True,False,27040.0,25,0.13,13.99
SUB02410,02/17/26,Essential,AU,Social,CMP016,03/01/26,04/30/26,Mobile,37,Dexter,Thriller,Reactivated,,14.95,False,False,13079.15,14,0.15,13.99
SUB02411,02/26/26,Annual Premium,AU,OOH,CMP013,02/01/26,04/15/26,Mobile,23,Dexter,Thriller,Reactivated,,12.26,False,False,27040.0,25,0.13,11.67
SUB02412,02/04/26,Paramount+ with Showtime,US,OOH,CMP012,01/08/26,04/30/26,Desktop,48,Paw Patrol,Family,Active,,15.35,False,True,46356.88,40,0.12,13.99
SUB02413,02/18/26,Annual Premium,US,Radio,CMP004,01/06/26,03/15/26,Roku,34,The Agency,Thriller,New,,10.46,True,False,41237.74,27,0.09,11.67
SUB02414,02/03/26,Paramount+ with Showtime,US,Radio,CMP005,03/01/26,04/30/26,Tablet,24,Boston Blue,Procedural,Reactivated,,13.14,True,True,22144.53,14,0.09,13.99
SUB02415,02/22/26,Annual Essential,US,Social,CMP015,02/05/26,04/05/26,Fire TV,26,RuPaul Drag Race All Stars,Reality,Active,,8.0,False,False,22618.05,24,0.15,7.5
SUB02416,02/27/26,Annual Premium,MX,Radio,CMP004,01/06/26,03/15/26,Tablet,29,Coldwater,Drama,Reactivated,,10.18,False,False,41237.74,27,0.09,11.67
SUB02417,02/20/26,Annual Premium,US,Digital,CMP009,01/01/26,04/30/26,Mobile,18,Lioness,Thriller,Reactivated,,11.6,False,False,70866.81,75,0.1475,11.67
SUB02418,02/20/26,Paramount+ with Showtime,US,Social,CMP014,01/10/26,03/10/26,Fire TV,27,The Madison,Drama,Churned,03/20/26,13.81,False,True,25458.31,29,0.16,13.99
SUB02419,02/21/26,Annual Essential,US,Streaming,CMP006,01/12/26,04/15/26,Fire TV,48,NFL,Sports,At-Risk,,7.97,False,False,69517.64,55,0.11,7.5
SUB02420,02/03/26,Paramount+ with Showtime,US,TV,CMP001,01/05/26,02/28/26,Tablet,47,NFL,Sports,At-Risk,,16.39,False,True,56894.89,36,0.0849999999999999,13.99
SUB02421,02/22/26,Annual Essential,UK,Radio,CMP004,01/06/26,03/15/26,Fire TV,65,SpongeBob,Family,Active,,8.8,False,False,41237.74,27,0.09,7.5
SUB02422,02/09/26,Paramount+ with Showtime,CA,OOH,CMP013,02/01/26,04/15/26,Mobile,57,The Offer,Drama,Active,,13.51,False,True,27040.0,25,0.13,13.99
SUB02423,02/16/26,Annual Premium,AU,TV,CMP002,01/10/26,02/15/26,Smart TV,50,Ghosts,Comedy,New,,12.38,False,False,61748.08,36,0.08,11.67
SUB02424,02/20/26,Annual Essential,US,OOH,CMP013,02/01/26,04/15/26,Smart TV,26,The Agency,Thriller,At-Risk,,7.42,False,False,27040.0,25,0.13,7.5
SUB02425,02/13/26,Annual Essential,US,Streaming,CMP006,01/12/26,04/15/26,Tablet,50,Yellowjackets,Drama,Churned,03/16/26,7.39,True,True,69517.64,55,0.11,7.5
SUB02426,02/14/26,Essential,US,Streaming,CMP007,02/10/26,03/20/26,Tablet,28,Landman,Drama,Active,,13.27,True,False,39937.36,33,0.115,13.99
SUB02427,02/17/26,Essential,CA,OOH,CMP012,01/08/26,04/30/26,Tablet,36,Tulsa King,Drama,New,,12.73,True,False,46356.88,40,0.12,13.99
SUB02428,02/15/26,Paramount+ with Showtime,US,Social,CMP015,02/05/26,04/05/26,Roku,57,Criminal Minds,Procedural,At-Risk,,14.13,True,True,22618.05,24,0.15,13.99
SUB02429,02/09/26,Paramount+ with Showtime,UK,Streaming,CMP006,01/12/26,04/15/26,Fire TV,55,The Agency,Thriller,New,,15.1,True,True,69517.64,55,0.11,13.99
SUB02430,02/11/26,Paramount+ with Showtime,US,OOH,CMP013,02/01/26,04/15/26,Tablet,52,NFL,Sports,Active,,13.97,True,True,27040.0,25,0.13,13.99
SUB02431,02/13/26,Annual Premium,CA,Streaming,CMP006,01/12/26,04/15/26,Smart TV,18,The Curse,Comedy,Active,,10.06,True,False,69517.64,55,0.11,11.67
SUB02432,02/25/26,Paramount+ with Showtime,AU,OOH,CMP012,01/08/26,04/30/26,Roku,24,Lioness,Thriller,Active,,13.77,False,True,46356.88,40,0.12,13.99
SUB02433,02/11/26,Annual Essential,CA,Streaming,CMP006,01/12/26,04/15/26,Mobile,26,SpongeBob,Family,New,,5.87,True,False,69517.64,55,0.11,7.5
SUB02434,02/13/26,Annual Premium,US,TV,CMP002,01/10/26,02/15/26,Roku,53,The Madison,Drama,Active,,11.48,False,False,61748.08,36,0.08,11.67
SUB02435,02/27/26,Annual Premium,CA,OOH,CMP012,01/08/26,04/30/26,Desktop,31,Boomerang,Comedy,Active,,11.37,True,False,46356.88,40,0.12,11.67
SUB02436,02/06/26,Paramount+ with Showtime,US,Social,CMP016,03/01/26,04/30/26,Roku,18,SpongeBob,Family,Churned,03/13/26,14.09,False,True,13079.15,14,0.15,13.99
SUB02437,02/04/26,Essential,AU,OOH,CMP012,01/08/26,04/30/26,Desktop,23,NFL,Sports,Active,,13.56,False,False,46356.88,40,0.12,13.99
SUB02438,02/04/26,Annual Essential,US,Streaming,CMP007,02/10/26,03/20/26,Smart TV,27,SpongeBob,Family,At-Risk,,5.27,True,False,39937.36,33,0.115,7.5
SUB02439,02/02/26,Essential,CA,Digital,CMP011,02/15/26,04/01/26,Roku,22,The Offer,Drama,Active,,13.0,False,False,45566.52,49,0.15,13.99
SUB02440,02/13/26,Annual Essential,US,Social,CMP015,02/05/26,04/05/26,Mobile,55,RuPaul Drag Race All Stars,Reality,Active,,6.33,False,False,22618.05,24,0.15,7.5
SUB02441,02/19/26,Annual Essential,MX,OOH,CMP013,02/01/26,04/15/26,Smart TV,46,SpongeBob,Family,At-Risk,,5.84,False,False,27040.0,25,0.13,7.5
SUB02442,02/24/26,Annual Premium,US,OOH,CMP012,01/08/26,04/30/26,Tablet,41,SpongeBob,Family,At-Risk,,12.57,False,False,46356.88,40,0.12,11.67
SUB02443,02/24/26,Annual Premium,CA,TV,CMP002,01/10/26,02/15/26,Desktop,54,1923,Drama,Churned,03/24/26,8.88,True,False,61748.08,36,0.08,11.67
SUB02444,02/03/26,Paramount+ with Showtime,MX,OOH,CMP012,01/08/26,04/30/26,Smart TV,31,SpongeBob,Family,Active,,12.93,True,True,46356.88,40,0.12,13.99
SUB02445,02/25/26,Annual Premium,US,TV,CMP003,02/01/26,03/31/26,Mobile,71,Tulsa King,Drama,Active,,12.25,True,False,41503.22,26,0.09,11.67
SUB02446,02/26/26,Essential,MX,Radio,CMP004,01/06/26,03/15/26,Smart TV,42,Ghosts,Comedy,Active,,11.13,False,True,41237.74,27,0.09,13.99
SUB02447,02/01/26,Essential,US,OOH,CMP013,02/01/26,04/15/26,Mobile,38,The Guest,Thriller,Active,,13.79,False,False,27040.0,25,0.13,13.99
SUB02448,02/19/26,Annual Premium,CA,Radio,CMP005,03/01/26,04/30/26,Tablet,43,Mission Impossible,Action,Active,,10.41,True,False,22144.53,14,0.09,11.67
SUB02449,02/03/26,Annual Premium,US,Digital,CMP010,01/15/26,03/31/26,Smart TV,31,Love & Hip Hop Miami,Reality,At-Risk,,10.82,False,False,40279.22,40,0.14,11.67
SUB02450,02/19/26,Annual Premium,CA,Radio,CMP004,01/06/26,03/15/26,Fire TV,19,The Chi,Drama,Active,,12.37,False,False,41237.74,27,0.09,11.67
SUB02451,02/13/26,Annual Essential,CA,Radio,CMP005,03/01/26,04/30/26,Mobile,25,Mayor of Kingstown,Drama,At-Risk,,6.22,True,False,22144.53,14,0.09,7.5
SUB02452,02/16/26,Essential,US,Social,CMP016,03/01/26,04/30/26,Mobile,54,Boomerang,Comedy,Active,,15.36,False,False,13079.15,14,0.15,13.99
SUB02453,02/22/26,Annual Essential,AU,Streaming,CMP007,02/10/26,03/20/26,Roku,42,NFL,Sports,Churned,03/05/26,5.1,True,True,39937.36,33,0.115,7.5
SUB02454,02/28/26,Annual Premium,US,TV,CMP001,01/05/26,02/28/26,Desktop,65,Yellowjackets,Drama,Active,,12.7,False,False,56894.89,36,0.0849999999999999,11.67
SUB02455,02/16/26,Essential,US,Radio,CMP004,01/06/26,03/15/26,Tablet,52,SpongeBob,Family,Active,,14.7,True,False,41237.74,27,0.09,13.99
SUB02456,02/17/26,Paramount+ with Showtime,US,TV,CMP002,01/10/26,02/15/26,Smart TV,48,Dexter,Thriller,New,,13.61,True,True,61748.08,36,0.08,13.99
SUB02457,02/21/26,Paramount+ with Showtime,US,Social,CMP015,02/05/26,04/05/26,Tablet,19,UFC,Sports,At-Risk,,13.47,True,True,22618.05,24,0.15,13.99
SUB02458,02/05/26,Essential,US,Radio,CMP004,01/06/26,03/15/26,Smart TV,38,South Park,Comedy,Active,,12.36,False,False,41237.74,27,0.09,13.99
SUB02459,02/23/26,Essential,US,Radio,CMP005,03/01/26,04/30/26,Desktop,44,Boomerang,Comedy,Churned,03/06/26,13.19,True,False,22144.53,14,0.09,13.99
SUB02460,02/28/26,Annual Essential,US,Digital,CMP010,01/15/26,03/31/26,Tablet,46,1923,Drama,Churned,04/29/26,6.52,True,True,40279.22,40,0.14,7.5
SUB02461,02/10/26,Annual Premium,US,Radio,CMP004,01/06/26,03/15/26,Tablet,51,The Curse,Comedy,Churned,03/14/26,10.6,False,False,41237.74,27,0.09,11.67
SUB02462,02/07/26,Annual Essential,US,Radio,CMP004,01/06/26,03/15/26,Tablet,26,NCIS,Procedural,Active,,7.72,False,True,41237.74,27,0.09,7.5
SUB02463,02/24/26,Annual Essential,US,Streaming,CMP008,01/20/26,02/28/26,Desktop,33,Mission Impossible,Action,New,,8.02,False,False,33297.18,27,0.11,7.5
SUB02464,02/25/26,Annual Essential,UK,Digital,CMP010,01/15/26,03/31/26,Mobile,49,1923,Drama,Active,,8.48,False,False,40279.22,40,0.14,7.5
SUB02465,02/26/26,Essential,US,Digital,CMP009,01/01/26,04/30/26,Roku,19,Yellowjackets,Drama,At-Risk,,13.34,True,True,70866.81,75,0.1475,13.99
SUB02466,02/27/26,Essential,UK,OOH,CMP013,02/01/26,04/15/26,Mobile,18,NCIS,Procedural,At-Risk,,14.59,False,False,27040.0,25,0.13,13.99
SUB02467,02/23/26,Annual Premium,US,Radio,CMP004,01/06/26,03/15/26,Roku,43,Coldwater,Drama,Active,,11.54,False,False,41237.74,27,0.09,11.67
SUB02468,02/21/26,Paramount+ with Showtime,MX,Digital,CMP010,01/15/26,03/31/26,Fire TV,46,South Park,Comedy,At-Risk,,12.08,True,True,40279.22,40,0.14,13.99
SUB02469,02/27/26,Annual Essential,US,TV,CMP003,02/01/26,03/31/26,Smart TV,27,Lioness,Thriller,Active,,7.39,False,False,41503.22,26,0.09,7.5
SUB02470,02/02/26,Annual Premium,US,Social,CMP015,02/05/26,04/05/26,Tablet,47,MobLand,Drama,At-Risk,,12.73,False,False,22618.05,24,0.15,11.67
SUB02471,02/18/26,Annual Premium,AU,OOH,CMP012,01/08/26,04/30/26,Fire TV,52,NCIS,Procedural,Churned,03/03/26,10.84,False,False,46356.88,40,0.12,11.67
SUB02472,02/02/26,Paramount+ with Showtime,US,Digital,CMP009,01/01/26,04/30/26,Mobile,43,NCIS,Procedural,At-Risk,,12.37,True,True,70866.81,75,0.1475,13.99
SUB02473,02/27/26,Paramount+ with Showtime,US,TV,CMP001,01/05/26,02/28/26,Desktop,48,Tracker,Action,Churned,03/30/26,12.43,True,True,56894.89,36,0.0849999999999999,13.99
SUB02474,02/07/26,Annual Essential,US,Social,CMP014,01/10/26,03/10/26,Mobile,34,Boston Blue,Procedural,Active,,7.52,False,False,25458.31,29,0.16,7.5
SUB02475,02/18/26,Annual Essential,US,TV,CMP002,01/10/26,02/15/26,Smart TV,22,South Park,Comedy,Reactivated,,5.46,True,True,61748.08,36,0.08,7.5
SUB02476,02/16/26,Essential,UK,OOH,CMP012,01/08/26,04/30/26,Roku,45,RuPaul Drag Race All Stars,Reality,Churned,04/11/26,12.34,False,False,46356.88,40,0.12,13.99
SUB02477,02/27/26,Essential,US,TV,CMP002,01/10/26,02/15/26,Desktop,40,Yellowjackets,Drama,Reactivated,,13.47,True,False,61748.08,36,0.08,13.99
SUB02478,02/16/26,Paramount+ with Showtime,CA,Digital,CMP009,01/01/26,04/30/26,Smart TV,18,Paw Patrol,Family,Active,,12.28,True,True,70866.81,75,0.1475,13.99
SUB02479,02/19/26,Annual Essential,AU,Streaming,CMP006,01/12/26,04/15/26,Smart TV,31,Paw Patrol,Family,Active,,6.59,True,False,69517.64,55,0.11,7.5
SUB02480,02/21/26,Paramount+ with Showtime,MX,Social,CMP016,03/01/26,04/30/26,Tablet,37,The Chi,Drama,Active,,12.96,False,True,13079.15,14,0.15,13.99
SUB02481,02/11/26,Annual Essential,US,Radio,CMP005,03/01/26,04/30/26,Desktop,62,Mission Impossible,Action,Active,,7.84,True,False,22144.53,14,0.09,7.5
SUB02482,02/01/26,Essential,US,Streaming,CMP006,01/12/26,04/15/26,Desktop,49,Boomerang,Comedy,Active,,15.38,False,False,69517.64,55,0.11,13.99
SUB02483,02/26/26,Paramount+ with Showtime,US,TV,CMP003,02/01/26,03/31/26,Roku,48,South Park,Comedy,New,,15.33,False,True,41503.22,26,0.09,13.99
SUB02484,02/12/26,Paramount+ with Showtime,US,Streaming,CMP008,01/20/26,02/28/26,Mobile,34,Sonic 3,Family,At-Risk,,13.94,True,True,33297.18,27,0.11,13.99
SUB02485,02/18/26,Paramount+ with Showtime,UK,OOH,CMP012,01/08/26,04/30/26,Smart TV,23,Paw Patrol,Family,New,,13.52,False,True,46356.88,40,0.12,13.99
SUB02486,02/16/26,Annual Premium,US,Digital,CMP009,01/01/26,04/30/26,Fire TV,23,The Offer,Drama,At-Risk,,12.14,False,False,70866.81,75,0.1475,11.67
SUB02487,02/05/26,Paramount+ with Showtime,UK,OOH,CMP013,02/01/26,04/15/26,Fire TV,29,Love & Hip Hop Miami,Reality,Churned,03/31/26,11.95,True,True,27040.0,25,0.13,13.99
SUB02488,02/03/26,Annual Essential,UK,Radio,CMP004,01/06/26,03/15/26,Fire TV,37,Tulsa King,Drama,At-Risk,,6.32,True,False,41237.74,27,0.09,7.5
SUB02489,02/12/26,Essential,AU,Radio,CMP004,01/06/26,03/15/26,Roku,67,NCIS,Procedural,Active,,14.35,False,False,41237.74,27,0.09,13.99
SUB02490,02/14/26,Paramount+ with Showtime,AU,Digital,CMP011,02/15/26,04/01/26,Desktop,32,RuPaul Drag Race All Stars,Reality,Reactivated,,14.75,False,True,45566.52,49,0.15,13.99
SUB02491,02/14/26,Annual Essential,CA,TV,CMP002,01/10/26,02/15/26,Fire TV,51,Yellowjackets,Drama,Active,,5.88,True,False,61748.08,36,0.08,7.5
SUB02492,02/20/26,Annual Essential,MX,TV,CMP001,01/05/26,02/28/26,Smart TV,55,Paw Patrol,Family,Churned,04/16/26,6.25,True,False,56894.89,36,0.0849999999999999,7.5
SUB02493,02/20/26,Essential,AU,Streaming,CMP007,02/10/26,03/20/26,Roku,18,South Park,Comedy,Reactivated,,15.79,False,False,39937.36,33,0.115,13.99
SUB02494,02/15/26,Annual Essential,US,OOH,CMP012,01/08/26,04/30/26,Smart TV,33,Watson,Procedural,Active,,7.31,True,False,46356.88,40,0.12,7.5
SUB02495,02/03/26,Annual Essential,US,Radio,CMP004,01/06/26,03/15/26,Desktop,30,UFC,Sports,Active,,6.68,True,False,41237.74,27,0.09,7.5
SUB02496,02/17/26,Paramount+ with Showtime,MX,OOH,CMP012,01/08/26,04/30/26,Fire TV,29,Mission Impossible,Action,Active,,13.11,False,True,46356.88,40,0.12,13.99
SUB02497,02/15/26,Paramount+ with Showtime,CA,Digital,CMP011,02/15/26,04/01/26,Roku,41,The Curse,Comedy,At-Risk,,13.77,False,True,45566.52,49,0.15,13.99
SUB02498,02/06/26,Annual Premium,US,Streaming,CMP008,01/20/26,02/28/26,Tablet,27,Mayor of Kingstown,Drama,New,,11.57,False,False,33297.18,27,0.11,11.67
SUB02499,02/28/26,Annual Essential,US,OOH,CMP013,02/01/26,04/15/26,Tablet,23,Love & Hip Hop Miami,Reality,Active,,6.88,False,False,27040.0,25,0.13,7.5
SUB02500,02/14/26,Annual Premium,AU,OOH,CMP013,02/01/26,04/15/26,Roku,67,Boomerang,Comedy,Active,,11.87,False,False,27040.0,25,0.13,11.67
SUB02501,02/10/26,Annual Essential,US,TV,CMP001,01/05/26,02/28/26,Smart TV,62,Sonic 3,Family,Active,,8.71,False,False,56894.89,36,0.0849999999999999,7.5
SUB02502,02/10/26,Annual Premium,CA,Digital,CMP009,01/01/26,04/30/26,Mobile,39,The Madison,Drama,At-Risk,,9.41,False,False,70866.81,75,0.1475,11.67
SUB02503,02/16/26,Paramount+ with Showtime,US,OOH,CMP012,01/08/26,04/30/26,Smart TV,40,Tracker,Action,Active,,12.83,True,True,46356.88,40,0.12,13.99
SUB02504,02/14/26,Paramount+ with Showtime,CA,Digital,CMP010,01/15/26,03/31/26,Fire TV,31,Paw Patrol,Family,Churned,04/06/26,14.94,False,True,40279.22,40,0.14,13.99
SUB02505,02/19/26,Paramount+ with Showtime,MX,Radio,CMP004,01/06/26,03/15/26,Fire TV,41,Tulsa King,Drama,Active,,11.06,True,True,41237.74,27,0.09,13.99
SUB02506,02/28/26,Annual Premium,CA,OOH,CMP013,02/01/26,04/15/26,Smart TV,44,UFC,Sports,Active,,11.63,False,False,27040.0,25,0.13,11.67
SUB02507,02/25/26,Annual Premium,US,Digital,CMP011,02/15/26,04/01/26,Roku,18,Elsbeth,Procedural,Active,,12.01,True,False,45566.52,49,0.15,11.67
SUB02508,02/08/26,Annual Essential,CA,Radio,CMP004,01/06/26,03/15/26,Fire TV,18,The Offer,Drama,Reactivated,,7.48,False,False,41237.74,27,0.09,7.5
SUB02509,02/22/26,Paramount+ with Showtime,US,Digital,CMP009,01/01/26,04/30/26,Fire TV,36,MobLand,Drama,New,,14.41,True,True,70866.81,75,0.1475,13.99
SUB02510,02/28/26,Paramount+ with Showtime,US,Social,CMP014,01/10/26,03/10/26,Tablet,32,Watson,Procedural,At-Risk,,11.97,False,True,25458.31,29,0.16,13.99
SUB02511,02/28/26,Annual Essential,US,OOH,CMP012,01/08/26,04/30/26,Fire TV,55,Mayor of Kingstown,Drama,Reactivated,,8.08,False,False,46356.88,40,0.12,7.5
SUB02512,02/04/26,Paramount+ with Showtime,US,TV,CMP003,02/01/26,03/31/26,Smart TV,31,NFL,Sports,New,,12.48,True,True,41503.22,26,0.09,13.99
SUB02513,02/13/26,Essential,US,Radio,CMP004,01/06/26,03/15/26,Desktop,31,SpongeBob,Family,Reactivated,,13.04,False,False,41237.74,27,0.09,13.99
SUB02514,02/22/26,Paramount+ with Showtime,CA,OOH,CMP012,01/08/26,04/30/26,Smart TV,33,Criminal Minds,Procedural,New,,13.82,False,True,46356.88,40,0.12,13.99
SUB02515,02/25/26,Annual Premium,US,Radio,CMP005,03/01/26,04/30/26,Desktop,49,SpongeBob,Family,New,,12.65,True,False,22144.53,14,0.09,11.67
SUB02516,02/19/26,Essential,UK,Radio,CMP004,01/06/26,03/15/26,Smart TV,44,Yellowjackets,Drama,Active,,13.75,False,False,41237.74,27,0.09,13.99
SUB02517,02/15/26,Essential,CA,OOH,CMP012,01/08/26,04/30/26,Desktop,48,Ghosts,Comedy,Reactivated,,14.04,True,False,46356.88,40,0.12,13.99
SUB02518,02/05/26,Annual Essential,AU,Social,CMP015,02/05/26,04/05/26,Smart TV,64,Ghosts,Comedy,Active,,6.46,True,False,22618.05,24,0.15,7.5
SUB02519,02/18/26,Annual Premium,AU,TV,CMP003,02/01/26,03/31/26,Tablet,49,Paw Patrol,Family,Active,,13.41,False,False,41503.22,26,0.09,11.67
SUB02520,02/11/26,Essential,US,Digital,CMP010,01/15/26,03/31/26,Tablet,37,Coldwater,Drama,Active,,13.3,True,False,40279.22,40,0.14,13.99
SUB02521,02/18/26,Annual Essential,CA,Radio,CMP004,01/06/26,03/15/26,Smart TV,18,SpongeBob,Family,Reactivated,,7.75,False,False,41237.74,27,0.09,7.5
SUB02522,02/01/26,Essential,US,Streaming,CMP006,01/12/26,04/15/26,Smart TV,50,Tulsa King,Drama,Active,,12.83,False,False,69517.64,55,0.11,13.99
SUB02523,02/21/26,Essential,US,Digital,CMP010,01/15/26,03/31/26,Mobile,32,Coldwater,Drama,Active,,14.92,False,False,40279.22,40,0.14,13.99
SUB02524,02/11/26,Essential,US,OOH,CMP012,01/08/26,04/30/26,Roku,29,The Madison,Drama,New,,13.36,True,False,46356.88,40,0.12,13.99
SUB02525,02/22/26,Essential,US,Digital,CMP010,01/15/26,03/31/26,Fire TV,29,Sonic 3,Family,New,,13.57,False,False,40279.22,40,0.14,13.99
SUB02526,02/21/26,Paramount+ with Showtime,UK,Radio,CMP004,01/06/26,03/15/26,Roku,18,Dexter,Thriller,Churned,04/07/26,12.68,False,True,41237.74,27,0.09,13.99
SUB02527,02/21/26,Essential,US,TV,CMP002,01/10/26,02/15/26,Mobile,30,NFL,Sports,Active,,14.87,False,False,61748.08,36,0.08,13.99
SUB02528,02/01/26,Essential,MX,Social,CMP015,02/05/26,04/05/26,Desktop,47,The Guest,Thriller,Active,,14.0,False,False,22618.05,24,0.15,13.99
SUB02529,02/20/26,Paramount+ with Showtime,AU,Digital,CMP011,02/15/26,04/01/26,Fire TV,47,Elsbeth,Procedural,Churned,03/25/26,11.71,True,True,45566.52,49,0.15,13.99
SUB02530,02/09/26,Annual Essential,UK,Streaming,CMP007,02/10/26,03/20/26,Fire TV,49,Boomerang,Comedy,At-Risk,,8.43,False,False,39937.36,33,0.115,7.5
SUB02531,02/12/26,Essential,US,OOH,CMP013,02/01/26,04/15/26,Tablet,26,Yellowjackets,Drama,Active,,13.37,False,False,27040.0,25,0.13,13.99
SUB02532,02/22/26,Paramount+ with Showtime,CA,Streaming,CMP006,01/12/26,04/15/26,Smart TV,36,NCIS,Procedural,Active,,13.44,False,True,69517.64,55,0.11,13.99
SUB02533,02/14/26,Paramount+ with Showtime,US,TV,CMP001,01/05/26,02/28/26,Mobile,18,Dexter,Thriller,Active,,14.57,False,True,56894.89,36,0.0849999999999999,13.99
SUB02534,02/17/26,Annual Premium,US,Radio,CMP004,01/06/26,03/15/26,Roku,41,The Curse,Comedy,Active,,11.39,False,False,41237.74,27,0.09,11.67
SUB02535,02/09/26,Paramount+ with Showtime,US,Digital,CMP011,02/15/26,04/01/26,Desktop,44,Mayor of Kingstown,Drama,At-Risk,,14.37,False,True,45566.52,49,0.15,13.99
SUB02536,02/11/26,Annual Premium,MX,Social,CMP015,02/05/26,04/05/26,Mobile,27,Landman,Drama,Active,,9.44,False,False,22618.05,24,0.15,11.67
SUB02537,02/27/26,Paramount+ with Showtime,MX,Social,CMP016,03/01/26,04/30/26,Roku,32,Criminal Minds,Procedural,New,,12.75,False,True,13079.15,14,0.15,13.99
SUB02538,02/16/26,Paramount+ with Showtime,US,Social,CMP016,03/01/26,04/30/26,Roku,18,The Curse,Comedy,New,,13.36,False,True,13079.15,14,0.15,13.99
SUB02539,02/08/26,Annual Premium,CA,Streaming,CMP006,01/12/26,04/15/26,Mobile,59,SpongeBob,Family,At-Risk,,11.81,False,False,69517.64,55,0.11,11.67
SUB02540,02/23/26,Essential,US,Streaming,CMP008,01/20/26,02/28/26,Smart TV,58,UFC,Sports,Reactivated,,14.59,False,False,33297.18,27,0.11,13.99
SUB02541,02/08/26,Paramount+ with Showtime,US,Digital,CMP010,01/15/26,03/31/26,Roku,26,RuPaul Drag Race All Stars,Reality,Reactivated,,12.66,True,True,40279.22,40,0.14,13.99
SUB02542,02/28/26,Essential,US,Streaming,CMP008,01/20/26,02/28/26,Mobile,27,The Offer,Drama,At-Risk,,14.98,False,False,33297.18,27,0.11,13.99
SUB02543,02/12/26,Paramount+ with Showtime,US,Digital,CMP011,02/15/26,04/01/26,Mobile,53,UFC,Sports,Churned,03/30/26,11.3,True,True,45566.52,49,0.15,13.99
SUB02544,02/13/26,Annual Premium,US,Streaming,CMP008,01/20/26,02/28/26,Roku,43,Watson,Procedural,Churned,03/06/26,9.59,True,False,33297.18,27,0.11,11.67
SUB02545,02/12/26,Paramount+ with Showtime,CA,Social,CMP016,03/01/26,04/30/26,Tablet,51,Paw Patrol,Family,New,,15.81,False,True,13079.15,14,0.15,13.99
SUB02546,02/04/26,Paramount+ with Showtime,US,Digital,CMP010,01/15/26,03/31/26,Desktop,32,MobLand,Drama,Reactivated,,13.56,False,True,40279.22,40,0.14,13.99
SUB02547,02/05/26,Annual Essential,UK,Streaming,CMP007,02/10/26,03/20/26,Tablet,58,The Offer,Drama,Active,,6.21,False,False,39937.36,33,0.115,7.5
SUB02548,02/28/26,Annual Essential,US,TV,CMP001,01/05/26,02/28/26,Roku,39,Watson,Procedural,Active,,7.6,False,False,56894.89,36,0.0849999999999999,7.5
SUB02549,02/04/26,Paramount+ with Showtime,US,TV,CMP002,01/10/26,02/15/26,Mobile,51,Sonic 3,Family,At-Risk,,12.57,False,True,61748.08,36,0.08,13.99
SUB02550,02/19/26,Paramount+ with Showtime,US,Social,CMP014,01/10/26,03/10/26,Fire TV,66,Coldwater,Drama,New,,13.45,False,True,25458.31,29,0.16,13.99
SUB02551,02/03/26,Essential,CA,OOH,CMP013,02/01/26,04/15/26,Smart TV,53,The Chi,Drama,Churned,03/12/26,12.25,True,False,27040.0,25,0.13,13.99
SUB02552,02/15/26,Annual Premium,US,OOH,CMP013,02/01/26,04/15/26,Mobile,44,Mission Impossible,Action,Active,,11.78,False,False,27040.0,25,0.13,11.67
SUB02553,02/22/26,Annual Premium,UK,Radio,CMP004,01/06/26,03/15/26,Tablet,59,Landman,Drama,At-Risk,,12.39,True,False,41237.74,27,0.09,11.67
SUB02554,02/06/26,Essential,US,Social,CMP016,03/01/26,04/30/26,Roku,26,Lioness,Thriller,Active,,13.8,True,False,13079.15,14,0.15,13.99
SUB02555,02/04/26,Essential,US,Radio,CMP004,01/06/26,03/15/26,Desktop,28,Lioness,Thriller,Active,,14.9,False,False,41237.74,27,0.09,13.99
SUB02556,02/07/26,Paramount+ with Showtime,US,Streaming,CMP008,01/20/26,02/28/26,Mobile,46,MobLand,Drama,Active,,13.66,False,True,33297.18,27,0.11,13.99
SUB02557,02/22/26,Essential,AU,Streaming,CMP006,01/12/26,04/15/26,Roku,37,MobLand,Drama,Churned,04/10/26,13.79,False,False,69517.64,55,0.11,13.99
SUB02558,02/05/26,Essential,CA,Streaming,CMP008,01/20/26,02/28/26,Fire TV,18,UFC,Sports,Active,,13.33,False,False,33297.18,27,0.11,13.99
SUB02559,02/22/26,Annual Premium,US,OOH,CMP012,01/08/26,04/30/26,Desktop,26,Sonic 3,Family,Active,,11.33,False,False,46356.88,40,0.12,11.67
SUB02560,02/13/26,Annual Essential,MX,TV,CMP001,01/05/26,02/28/26,Roku,18,Mission Impossible,Action,Churned,03/31/26,3.99,True,False,56894.89,36,0.0849999999999999,7.5
SUB02561,02/19/26,Annual Premium,US,Digital,CMP009,01/01/26,04/30/26,Desktop,45,The Guest,Thriller,Active,,11.11,True,True,70866.81,75,0.1475,11.67
SUB02562,02/02/26,Paramount+ with Showtime,US,Digital,CMP009,01/01/26,04/30/26,Tablet,59,MobLand,Drama,Active,,15.42,False,True,70866.81,75,0.1475,13.99
SUB02563,02/18/26,Paramount+ with Showtime,US,Radio,CMP004,01/06/26,03/15/26,Fire TV,31,South Park,Comedy,Active,,13.91,False,True,41237.74,27,0.09,13.99
SUB02564,02/15/26,Annual Essential,AU,Digital,CMP010,01/15/26,03/31/26,Tablet,35,Tulsa King,Drama,At-Risk,,6.83,True,False,40279.22,40,0.14,7.5
SUB02565,02/22/26,Essential,CA,OOH,CMP013,02/01/26,04/15/26,Tablet,58,Mayor of Kingstown,Drama,Active,,14.17,True,False,27040.0,25,0.13,13.99
SUB02566,02/08/26,Annual Essential,US,Digital,CMP009,01/01/26,04/30/26,Roku,58,Yellowjackets,Drama,Active,,6.84,False,True,70866.81,75,0.1475,7.5
SUB02567,02/02/26,Annual Essential,US,OOH,CMP013,02/01/26,04/15/26,Fire TV,44,Ghosts,Comedy,Churned,02/18/26,6.98,True,False,27040.0,25,0.13,7.5
SUB02568,02/25/26,Essential,US,Radio,CMP004,01/06/26,03/15/26,Smart TV,22,Sonic 3,Family,At-Risk,,14.7,False,False,41237.74,27,0.09,13.99
SUB02569,02/18/26,Essential,MX,Digital,CMP009,01/01/26,04/30/26,Desktop,27,Dexter,Thriller,New,,13.34,True,False,70866.81,75,0.1475,13.99
SUB02570,02/19/26,Annual Essential,US,Digital,CMP011,02/15/26,04/01/26,Desktop,37,South Park,Comedy,Reactivated,,6.73,False,False,45566.52,49,0.15,7.5
SUB02571,02/25/26,Annual Essential,US,Radio,CMP004,01/06/26,03/15/26,Fire TV,42,SpongeBob,Family,Active,,6.78,True,False,41237.74,27,0.09,7.5
SUB02572,02/26/26,Paramount+ with Showtime,US,OOH,CMP012,01/08/26,04/30/26,Desktop,42,Lioness,Thriller,Active,,15.0,False,True,46356.88,40,0.12,13.99
SUB02573,02/25/26,Annual Essential,CA,OOH,CMP012,01/08/26,04/30/26,Roku,28,Dutton Ranch,Drama,Active,,7.11,False,True,46356.88,40,0.12,7.5
SUB02574,02/13/26,Essential,US,Digital,CMP011,02/15/26,04/01/26,Tablet,20,Lioness,Thriller,Active,,15.14,False,False,45566.52,49,0.15,13.99
SUB02575,02/24/26,Paramount+ with Showtime,US,Radio,CMP005,03/01/26,04/30/26,Desktop,40,MobLand,Drama,Active,,15.14,True,True,22144.53,14,0.09,13.99
SUB02576,02/13/26,Essential,MX,Social,CMP015,02/05/26,04/05/26,Smart TV,18,Mission Impossible,Action,Active,,10.69,False,False,22618.05,24,0.15,13.99
SUB02577,02/04/26,Annual Essential,MX,TV,CMP002,01/10/26,02/15/26,Desktop,43,The Madison,Drama,New,,7.64,False,False,61748.08,36,0.08,7.5
SUB02578,02/21/26,Annual Premium,US,Digital,CMP011,02/15/26,04/01/26,Tablet,41,Landman,Drama,Churned,04/17/26,10.1,True,False,45566.52,49,0.15,11.67
SUB02579,02/16/26,Paramount+ with Showtime,US,OOH,CMP012,01/08/26,04/30/26,Tablet,39,Criminal Minds,Procedural,Active,,16.34,False,True,46356.88,40,0.12,13.99
SUB02580,02/06/26,Annual Essential,US,Digital,CMP010,01/15/26,03/31/26,Fire TV,45,The Curse,Comedy,Active,,8.34,False,True,40279.22,40,0.14,7.5
SUB02581,02/14/26,Essential,US,Social,CMP014,01/10/26,03/10/26,Roku,47,Criminal Minds,Procedural,Active,,13.69,False,False,25458.31,29,0.16,13.99
SUB02582,02/07/26,Essential,US,Streaming,CMP006,01/12/26,04/15/26,Desktop,46,South Park,Comedy,New,,13.59,False,False,69517.64,55,0.11,13.99
SUB02583,02/13/26,Annual Essential,UK,OOH,CMP012,01/08/26,04/30/26,Fire TV,57,The Offer,Drama,Active,,9.03,False,False,46356.88,40,0.12,7.5
SUB02584,02/04/26,Annual Essential,US,Streaming,CMP008,01/20/26,02/28/26,Smart TV,57,Mission Impossible,Action,Reactivated,,8.22,False,False,33297.18,27,0.11,7.5
SUB02585,02/13/26,Essential,UK,TV,CMP001,01/05/26,02/28/26,Tablet,49,Elsbeth,Procedural,New,,14.14,True,False,56894.89,36,0.0849999999999999,13.99
SUB02586,02/17/26,Annual Essential,CA,OOH,CMP012,01/08/26,04/30/26,Smart TV,39,NFL,Sports,New,,9.3,False,False,46356.88,40,0.12,7.5
SUB02587,02/11/26,Essential,US,Digital,CMP010,01/15/26,03/31/26,Smart TV,18,Criminal Minds,Procedural,At-Risk,,14.82,False,False,40279.22,40,0.14,13.99
SUB02588,02/20/26,Paramount+ with Showtime,MX,Digital,CMP011,02/15/26,04/01/26,Smart TV,47,The Guest,Thriller,At-Risk,,13.16,False,True,45566.52,49,0.15,13.99
SUB02589,02/14/26,Annual Essential,US,Radio,CMP005,03/01/26,04/30/26,Fire TV,58,UFC,Sports,New,,9.78,True,False,22144.53,14,0.09,7.5
SUB02590,02/26/26,Annual Essential,CA,Social,CMP016,03/01/26,04/30/26,Mobile,18,Dutton Ranch,Drama,Active,,8.2,False,False,13079.15,14,0.15,7.5
SUB02591,02/15/26,Annual Premium,MX,TV,CMP003,02/01/26,03/31/26,Roku,50,Dexter,Thriller,Active,,9.71,True,True,41503.22,26,0.09,11.67
SUB02592,02/20/26,Paramount+ with Showtime,US,Radio,CMP005,03/01/26,04/30/26,Mobile,44,Dexter,Thriller,Churned,03/28/26,13.2,True,True,22144.53,14,0.09,13.99
SUB02593,02/13/26,Annual Premium,US,OOH,CMP012,01/08/26,04/30/26,Smart TV,52,Mayor of Kingstown,Drama,Churned,03/28/26,10.47,False,False,46356.88,40,0.12,11.67
SUB02594,02/07/26,Essential,US,Radio,CMP005,03/01/26,04/30/26,Mobile,24,Boomerang,Comedy,Churned,04/08/26,13.09,True,False,22144.53,14,0.09,13.99
SUB02595,02/20/26,Essential,US,Digital,CMP010,01/15/26,03/31/26,Roku,39,UFC,Sports,Active,,14.57,False,False,40279.22,40,0.14,13.99
SUB02596,02/20/26,Paramount+ with Showtime,CA,OOH,CMP012,01/08/26,04/30/26,Tablet,38,Tulsa King,Drama,At-Risk,,12.78,True,True,46356.88,40,0.12,13.99
SUB02597,02/22/26,Paramount+ with Showtime,US,Streaming,CMP006,01/12/26,04/15/26,Smart TV,37,Dexter,Thriller,Active,,14.4,False,True,69517.64,55,0.11,13.99
SUB02598,02/05/26,Annual Essential,MX,OOH,CMP012,01/08/26,04/30/26,Roku,26,Elsbeth,Procedural,New,,5.42,False,False,46356.88,40,0.12,7.5
SUB02599,02/11/26,Annual Essential,AU,OOH,CMP012,01/08/26,04/30/26,Desktop,39,1923,Drama,Churned,03/28/26,5.64,False,False,46356.88,40,0.12,7.5
SUB02600,02/06/26,Essential,MX,Streaming,CMP008,01/20/26,02/28/26,Desktop,33,The Agency,Thriller,Churned,04/02/26,9.74,False,True,33297.18,27,0.11,13.99
SUB02601,02/24/26,Annual Premium,US,Social,CMP014,01/10/26,03/10/26,Desktop,26,Watson,Procedural,Active,,10.82,False,True,25458.31,29,0.16,11.67
SUB02602,02/25/26,Paramount+ with Showtime,US,Streaming,CMP006,01/12/26,04/15/26,Desktop,40,Tulsa King,Drama,Active,,13.64,False,True,69517.64,55,0.11,13.99
SUB02603,02/10/26,Annual Essential,US,Digital,CMP011,02/15/26,04/01/26,Tablet,43,Landman,Drama,At-Risk,,9.45,False,False,45566.52,49,0.15,7.5
SUB02604,02/23/26,Annual Premium,US,Radio,CMP004,01/06/26,03/15/26,Mobile,18,Landman,Drama,Active,,11.45,False,False,41237.74,27,0.09,11.67
SUB02605,02/03/26,Paramount+ with Showtime,MX,Radio,CMP004,01/06/26,03/15/26,Tablet,40,MobLand,Drama,At-Risk,,12.71,False,True,41237.74,27,0.09,13.99
SUB02606,02/23/26,Essential,CA,Radio,CMP004,01/06/26,03/15/26,Desktop,40,The Guest,Thriller,New,,12.97,False,False,41237.74,27,0.09,13.99
SUB02607,02/23/26,Essential,UK,Streaming,CMP006,01/12/26,04/15/26,Roku,31,Sonic 3,Family,At-Risk,,15.01,False,False,69517.64,55,0.11,13.99
SUB02608,02/10/26,Annual Premium,AU,Radio,CMP005,03/01/26,04/30/26,Fire TV,49,The Chi,Drama,Active,,11.86,True,False,22144.53,14,0.09,11.67
SUB02609,02/05/26,Essential,US,Digital,CMP010,01/15/26,03/31/26,Tablet,51,Sonic 3,Family,Active,,13.96,True,False,40279.22,40,0.14,13.99
SUB02610,02/14/26,Annual Essential,US,Streaming,CMP007,02/10/26,03/20/26,Roku,34,Lioness,Thriller,Churned,03/18/26,4.88,True,False,39937.36,33,0.115,7.5
SUB02611,02/01/26,Annual Premium,US,Digital,CMP010,01/15/26,03/31/26,Smart TV,35,1923,Drama,Active,,12.46,False,False,40279.22,40,0.14,11.67
SUB02612,02/10/26,Annual Essential,US,TV,CMP002,01/10/26,02/15/26,Tablet,34,1923,Drama,Active,,6.88,False,False,61748.08,36,0.08,7.5
SUB02613,02/28/26,Essential,AU,OOH,CMP013,02/01/26,04/15/26,Mobile,47,Tulsa King,Drama,At-Risk,,14.21,False,False,27040.0,25,0.13,13.99
SUB02614,02/02/26,Annual Premium,MX,OOH,CMP012,01/08/26,04/30/26,Mobile,32,South Park,Comedy,Active,,9.32,True,False,46356.88,40,0.12,11.67
SUB02615,02/12/26,Essential,US,Digital,CMP011,02/15/26,04/01/26,Desktop,47,Yellowjackets,Drama,Active,,15.65,False,False,45566.52,49,0.15,13.99
SUB02616,02/26/26,Annual Essential,US,Streaming,CMP008,01/20/26,02/28/26,Fire TV,58,Paw Patrol,Family,Churned,03/22/26,6.67,False,True,33297.18,27,0.11,7.5
SUB02617,02/17/26,Paramount+ with Showtime,US,Digital,CMP009,01/01/26,04/30/26,Roku,28,South Park,Comedy,Active,,15.74,False,True,70866.81,75,0.1475,13.99
SUB02618,02/07/26,Paramount+ with Showtime,US,Streaming,CMP007,02/10/26,03/20/26,Mobile,33,The Offer,Drama,New,,14.61,False,True,39937.36,33,0.115,13.99
SUB02619,02/26/26,Essential,UK,Social,CMP015,02/05/26,04/05/26,Desktop,23,Watson,Procedural,Active,,13.1,False,False,22618.05,24,0.15,13.99
SUB02620,02/01/26,Paramount+ with Showtime,MX,Radio,CMP005,03/01/26,04/30/26,Desktop,25,NFL,Sports,Reactivated,,12.49,False,True,22144.53,14,0.09,13.99
SUB02621,02/20/26,Essential,AU,OOH,CMP013,02/01/26,04/15/26,Smart TV,66,Sonic 3,Family,Churned,03/19/26,12.31,False,False,27040.0,25,0.13,13.99
SUB02622,02/27/26,Annual Premium,AU,OOH,CMP012,01/08/26,04/30/26,Roku,29,Yellowjackets,Drama,New,,10.4,True,False,46356.88,40,0.12,11.67
SUB02623,02/26/26,Paramount+ with Showtime,US,TV,CMP003,02/01/26,03/31/26,Fire TV,50,Paw Patrol,Family,Churned,04/14/26,11.71,True,True,41503.22,26,0.09,13.99
SUB02624,02/22/26,Essential,US,TV,CMP002,01/10/26,02/15/26,Roku,48,NCIS,Procedural,Reactivated,,16.24,False,False,61748.08,36,0.08,13.99
SUB02625,02/15/26,Annual Premium,US,Social,CMP014,01/10/26,03/10/26,Smart TV,74,Watson,Procedural,At-Risk,,14.76,False,False,25458.31,29,0.16,11.67
SUB02626,02/01/26,Annual Premium,US,TV,CMP001,01/05/26,02/28/26,Smart TV,33,Watson,Procedural,Active,,11.95,False,False,56894.89,36,0.0849999999999999,11.67
SUB02627,02/24/26,Essential,US,Digital,CMP010,01/15/26,03/31/26,Desktop,29,Criminal Minds,Procedural,Active,,12.88,False,False,40279.22,40,0.14,13.99
SUB02628,02/10/26,Annual Essential,US,Digital,CMP011,02/15/26,04/01/26,Smart TV,34,The Madison,Drama,Active,,7.73,False,False,45566.52,49,0.15,7.5
SUB02629,02/19/26,Annual Premium,CA,Radio,CMP005,03/01/26,04/30/26,Tablet,39,Lioness,Thriller,At-Risk,,12.66,False,False,22144.53,14,0.09,11.67
SUB02630,02/28/26,Essential,UK,Streaming,CMP007,02/10/26,03/20/26,Tablet,18,The Madison,Drama,At-Risk,,14.09,False,False,39937.36,33,0.115,13.99
SUB02631,02/03/26,Annual Premium,US,Streaming,CMP007,02/10/26,03/20/26,Tablet,40,Watson,Procedural,Active,,10.94,False,False,39937.36,33,0.115,11.67
SUB02632,02/28/26,Annual Essential,CA,Streaming,CMP008,01/20/26,02/28/26,Desktop,23,Landman,Drama,Active,,6.33,False,False,33297.18,27,0.11,7.5
SUB02633,02/17/26,Paramount+ with Showtime,MX,TV,CMP002,01/10/26,02/15/26,Desktop,56,South Park,Comedy,At-Risk,,11.68,False,True,61748.08,36,0.08,13.99
SUB02634,02/22/26,Essential,US,Radio,CMP004,01/06/26,03/15/26,Smart TV,31,The Chi,Drama,At-Risk,,12.79,False,False,41237.74,27,0.09,13.99
SUB02635,02/15/26,Paramount+ with Showtime,US,OOH,CMP012,01/08/26,04/30/26,Mobile,43,The Madison,Drama,Churned,04/01/26,13.83,False,True,46356.88,40,0.12,13.99
SUB02636,02/05/26,Annual Essential,US,Social,CMP015,02/05/26,04/05/26,Mobile,37,NCIS,Procedural,Active,,7.4,False,False,22618.05,24,0.15,7.5
SUB02637,02/14/26,Annual Premium,US,Streaming,CMP007,02/10/26,03/20/26,Smart TV,48,The Guest,Thriller,Active,,11.89,True,False,39937.36,33,0.115,11.67
SUB02638,02/17/26,Annual Premium,MX,Radio,CMP005,03/01/26,04/30/26,Tablet,45,NCIS,Procedural,Active,,10.38,True,False,22144.53,14,0.09,11.67
SUB02639,02/07/26,Paramount+ with Showtime,MX,Radio,CMP004,01/06/26,03/15/26,Roku,33,1923,Drama,Active,,12.32,False,True,41237.74,27,0.09,13.99
SUB02640,02/27/26,Paramount+ with Showtime,US,TV,CMP001,01/05/26,02/28/26,Mobile,31,Tulsa King,Drama,Churned,03/16/26,13.15,False,True,56894.89,36,0.0849999999999999,13.99
SUB02641,02/13/26,Paramount+ with Showtime,AU,TV,CMP001,01/05/26,02/28/26,Desktop,56,The Agency,Thriller,Churned,03/10/26,12.46,False,True,56894.89,36,0.0849999999999999,13.99
SUB02642,02/26/26,Paramount+ with Showtime,US,OOH,CMP013,02/01/26,04/15/26,Smart TV,56,Boomerang,Comedy,At-Risk,,14.9,False,True,27040.0,25,0.13,13.99
SUB02643,02/11/26,Annual Essential,US,Streaming,CMP008,01/20/26,02/28/26,Mobile,25,The Chi,Drama,Active,,7.76,False,False,33297.18,27,0.11,7.5
SUB02644,02/16/26,Paramount+ with Showtime,US,Digital,CMP009,01/01/26,04/30/26,Desktop,18,The Madison,Drama,At-Risk,,15.14,False,True,70866.81,75,0.1475,13.99
SUB02645,02/14/26,Paramount+ with Showtime,US,OOH,CMP013,02/01/26,04/15/26,Tablet,35,The Madison,Drama,Churned,03/25/26,12.93,False,True,27040.0,25,0.13,13.99
SUB02646,02/21/26,Paramount+ with Showtime,US,Radio,CMP004,01/06/26,03/15/26,Tablet,49,Ghosts,Comedy,Active,,16.14,False,True,41237.74,27,0.09,13.99
SUB02647,02/13/26,Essential,CA,OOH,CMP013,02/01/26,04/15/26,Mobile,58,Elsbeth,Procedural,At-Risk,,12.32,False,False,27040.0,25,0.13,13.99
SUB02648,02/21/26,Paramount+ with Showtime,US,Streaming,CMP007,02/10/26,03/20/26,Mobile,42,The Chi,Drama,Active,,14.38,False,True,39937.36,33,0.115,13.99
SUB02649,02/02/26,Paramount+ with Showtime,US,Radio,CMP005,03/01/26,04/30/26,Roku,43,NFL,Sports,Churned,03/24/26,13.88,False,True,22144.53,14,0.09,13.99
SUB02650,02/19/26,Annual Premium,MX,OOH,CMP013,02/01/26,04/15/26,Tablet,49,MobLand,Drama,New,,10.14,True,False,27040.0,25,0.13,11.67
SUB02651,02/03/26,Annual Essential,AU,OOH,CMP013,02/01/26,04/15/26,Fire TV,18,Love & Hip Hop Miami,Reality,At-Risk,,7.46,False,False,27040.0,25,0.13,7.5
SUB02652,02/03/26,Essential,AU,Social,CMP015,02/05/26,04/05/26,Roku,18,Coldwater,Drama,At-Risk,,16.14,False,False,22618.05,24,0.15,13.99
SUB02653,02/09/26,Paramount+ with Showtime,US,OOH,CMP012,01/08/26,04/30/26,Smart TV,37,Dexter,Thriller,At-Risk,,14.45,False,True,46356.88,40,0.12,13.99
SUB02654,02/01/26,Annual Essential,US,Digital,CMP011,02/15/26,04/01/26,Mobile,32,South Park,Comedy,Churned,03/30/26,7.74,False,False,45566.52,49,0.15,7.5
SUB02655,02/23/26,Essential,US,Social,CMP014,01/10/26,03/10/26,Smart TV,27,1923,Drama,Active,,13.08,True,False,25458.31,29,0.16,13.99
SUB02656,02/22/26,Annual Essential,CA,Radio,CMP005,03/01/26,04/30/26,Desktop,31,NCIS,Procedural,Active,,7.06,False,False,22144.53,14,0.09,7.5
SUB02657,02/13/26,Annual Essential,US,Radio,CMP005,03/01/26,04/30/26,Fire TV,32,SpongeBob,Family,Active,,8.67,True,False,22144.53,14,0.09,7.5
SUB02658,02/06/26,Paramount+ with Showtime,US,Radio,CMP005,03/01/26,04/30/26,Roku,47,MobLand,Drama,New,,13.22,True,True,22144.53,14,0.09,13.99
SUB02659,02/24/26,Paramount+ with Showtime,US,Radio,CMP004,01/06/26,03/15/26,Fire TV,39,Watson,Procedural,Active,,12.81,True,True,41237.74,27,0.09,13.99
SUB02660,02/22/26,Essential,MX,Social,CMP016,03/01/26,04/30/26,Desktop,48,SpongeBob,Family,At-Risk,,11.26,False,False,13079.15,14,0.15,13.99
SUB02661,02/03/26,Annual Premium,US,TV,CMP002,01/10/26,02/15/26,Desktop,24,Mayor of Kingstown,Drama,Active,,10.97,True,False,61748.08,36,0.08,11.67
SUB02662,02/12/26,Essential,US,Social,CMP014,01/10/26,03/10/26,Tablet,64,Dexter,Thriller,Active,,13.81,False,False,25458.31,29,0.16,13.99
SUB02663,02/20/26,Annual Essential,US,Social,CMP015,02/05/26,04/05/26,Tablet,41,UFC,Sports,At-Risk,,7.93,False,False,22618.05,24,0.15,7.5
SUB02664,02/13/26,Essential,CA,Streaming,CMP008,01/20/26,02/28/26,Mobile,46,1923,Drama,Churned,03/16/26,12.93,False,False,33297.18,27,0.11,13.99
SUB02665,02/28/26,Paramount+ with Showtime,AU,OOH,CMP012,01/08/26,04/30/26,Desktop,60,The Agency,Thriller,New,,13.67,True,True,46356.88,40,0.12,13.99
SUB02666,02/03/26,Essential,US,Social,CMP016,03/01/26,04/30/26,Fire TV,68,Landman,Drama,New,,13.89,False,False,13079.15,14,0.15,13.99
SUB02667,02/19/26,Annual Premium,US,Radio,CMP005,03/01/26,04/30/26,Mobile,61,The Agency,Thriller,At-Risk,,11.88,True,False,22144.53,14,0.09,11.67
SUB02668,02/16/26,Annual Premium,UK,OOH,CMP012,01/08/26,04/30/26,Smart TV,30,RuPaul Drag Race All Stars,Reality,At-Risk,,12.22,True,False,46356.88,40,0.12,11.67
SUB02669,02/21/26,Paramount+ with Showtime,UK,Streaming,CMP007,02/10/26,03/20/26,Mobile,55,Paw Patrol,Family,Active,,14.48,True,True,39937.36,33,0.115,13.99
SUB02670,02/15/26,Essential,US,OOH,CMP012,01/08/26,04/30/26,Tablet,58,Paw Patrol,Family,Active,,14.82,True,False,46356.88,40,0.12,13.99
SUB02671,02/11/26,Essential,MX,OOH,CMP013,02/01/26,04/15/26,Smart TV,33,Dexter,Thriller,Reactivated,,12.53,False,False,27040.0,25,0.13,13.99
SUB02672,02/20/26,Annual Essential,MX,Radio,CMP004,01/06/26,03/15/26,Mobile,37,Ghosts,Comedy,Churned,04/08/26,6.09,False,False,41237.74,27,0.09,7.5
SUB02673,02/03/26,Paramount+ with Showtime,CA,Social,CMP016,03/01/26,04/30/26,Tablet,27,Tulsa King,Drama,Active,,15.47,False,True,13079.15,14,0.15,13.99
SUB02674,02/01/26,Annual Premium,AU,OOH,CMP012,01/08/26,04/30/26,Desktop,51,South Park,Comedy,Reactivated,,11.34,False,False,46356.88,40,0.12,11.67
SUB02675,02/04/26,Annual Essential,AU,Digital,CMP011,02/15/26,04/01/26,Mobile,18,NFL,Sports,New,,4.08,True,False,45566.52,49,0.15,7.5
SUB02676,02/21/26,Essential,AU,Radio,CMP004,01/06/26,03/15/26,Roku,36,Boomerang,Comedy,At-Risk,,14.19,False,False,41237.74,27,0.09,13.99
SUB02677,02/03/26,Annual Premium,CA,TV,CMP003,02/01/26,03/31/26,Roku,18,Paw Patrol,Family,Active,,10.86,False,False,41503.22,26,0.09,11.67
SUB02678,02/02/26,Essential,CA,Radio,CMP005,03/01/26,04/30/26,Mobile,59,SpongeBob,Family,At-Risk,,15.08,False,False,22144.53,14,0.09,13.99
SUB02679,02/05/26,Essential,US,Digital,CMP011,02/15/26,04/01/26,Mobile,33,Elsbeth,Procedural,New,,12.91,False,False,45566.52,49,0.15,13.99
SUB02680,02/11/26,Essential,US,OOH,CMP012,01/08/26,04/30/26,Roku,18,MobLand,Drama,At-Risk,,15.35,True,False,46356.88,40,0.12,13.99
SUB02681,02/13/26,Paramount+ with Showtime,UK,Digital,CMP011,02/15/26,04/01/26,Fire TV,35,Mission Impossible,Action,At-Risk,,13.17,False,True,45566.52,49,0.15,13.99
SUB02682,02/26/26,Paramount+ with Showtime,US,OOH,CMP013,02/01/26,04/15/26,Roku,51,The Agency,Thriller,At-Risk,,14.69,True,True,27040.0,25,0.13,13.99
SUB02683,02/01/26,Paramount+ with Showtime,US,TV,CMP003,02/01/26,03/31/26,Desktop,29,Tracker,Action,At-Risk,,12.23,True,True,41503.22,26,0.09,13.99
SUB02684,02/02/26,Essential,US,Digital,CMP009,01/01/26,04/30/26,Smart TV,39,Yellowjackets,Drama,New,,12.93,False,False,70866.81,75,0.1475,13.99
SUB02685,02/17/26,Paramount+ with Showtime,CA,Streaming,CMP007,02/10/26,03/20/26,Desktop,32,The Offer,Drama,Churned,03/31/26,11.99,False,True,39937.36,33,0.115,13.99
SUB02686,02/22/26,Paramount+ with Showtime,AU,Streaming,CMP007,02/10/26,03/20/26,Desktop,44,The Chi,Drama,At-Risk,,13.68,True,True,39937.36,33,0.115,13.99
SUB02687,02/18/26,Paramount+ with Showtime,US,Radio,CMP004,01/06/26,03/15/26,Smart TV,40,MobLand,Drama,Active,,14.11,False,True,41237.74,27,0.09,13.99
SUB02688,02/20/26,Annual Premium,US,Social,CMP016,03/01/26,04/30/26,Tablet,40,Coldwater,Drama,At-Risk,,12.52,False,True,13079.15,14,0.15,11.67
SUB02689,02/23/26,Paramount+ with Showtime,US,OOH,CMP012,01/08/26,04/30/26,Mobile,25,Ghosts,Comedy,At-Risk,,15.01,False,True,46356.88,40,0.12,13.99
SUB02690,02/10/26,Paramount+ with Showtime,CA,OOH,CMP012,01/08/26,04/30/26,Tablet,50,Tulsa King,Drama,New,,13.7,False,True,46356.88,40,0.12,13.99
SUB02691,02/24/26,Annual Essential,CA,OOH,CMP013,02/01/26,04/15/26,Mobile,51,Mayor of Kingstown,Drama,Active,,7.09,False,False,27040.0,25,0.13,7.5
SUB02692,02/27/26,Annual Essential,US,OOH,CMP013,02/01/26,04/15/26,Smart TV,26,Love & Hip Hop Miami,Reality,Active,,7.29,False,False,27040.0,25,0.13,7.5
SUB02693,02/17/26,Paramount+ with Showtime,CA,Social,CMP014,01/10/26,03/10/26,Roku,36,The Agency,Thriller,Active,,14.31,False,True,25458.31,29,0.16,13.99
SUB02694,02/14/26,Annual Essential,UK,OOH,CMP013,02/01/26,04/15/26,Smart TV,56,The Chi,Drama,Active,,9.24,False,True,27040.0,25,0.13,7.5
SUB02695,02/13/26,Paramount+ with Showtime,UK,TV,CMP003,02/01/26,03/31/26,Desktop,30,Boomerang,Comedy,Churned,03/12/26,12.03,False,True,41503.22,26,0.09,13.99
SUB02696,02/03/26,Annual Essential,US,Streaming,CMP006,01/12/26,04/15/26,Mobile,41,Ghosts,Comedy,Active,,7.15,False,False,69517.64,55,0.11,7.5
SUB02697,02/23/26,Annual Essential,US,TV,CMP003,02/01/26,03/31/26,Tablet,44,Tracker,Action,Churned,04/13/26,5.52,False,False,41503.22,26,0.09,7.5
SUB02698,02/13/26,Annual Essential,US,Streaming,CMP008,01/20/26,02/28/26,Fire TV,49,1923,Drama,Reactivated,,7.36,False,False,33297.18,27,0.11,7.5
SUB02699,02/09/26,Annual Premium,US,TV,CMP002,01/10/26,02/15/26,Tablet,38,UFC,Sports,At-Risk,,13.1,False,False,61748.08,36,0.08,11.67
SUB02700,02/20/26,Paramount+ with Showtime,US,Streaming,CMP006,01/12/26,04/15/26,Fire TV,54,Yellowjackets,Drama,At-Risk,,14.1,True,True,69517.64,55,0.11,13.99
SUB02701,02/12/26,Paramount+ with Showtime,US,Digital,CMP009,01/01/26,04/30/26,Fire TV,18,Tulsa King,Drama,Churned,04/10/26,12.1,False,True,70866.81,75,0.1475,13.99
SUB02702,02/21/26,Essential,AU,TV,CMP002,01/10/26,02/15/26,Roku,18,MobLand,Drama,Churned,04/12/26,10.88,False,False,61748.08,36,0.08,13.99
SUB02703,02/16/26,Annual Premium,US,Social,CMP014,01/10/26,03/10/26,Tablet,37,Mayor of Kingstown,Drama,At-Risk,,12.43,True,False,25458.31,29,0.16,11.67
SUB02704,02/02/26,Annual Essential,CA,Social,CMP016,03/01/26,04/30/26,Tablet,43,Tulsa King,Drama,Active,,5.54,False,False,13079.15,14,0.15,7.5
SUB02705,02/12/26,Annual Premium,US,Streaming,CMP006,01/12/26,04/15/26,Smart TV,18,Tracker,Action,Active,,10.52,False,False,69517.64,55,0.11,11.67
SUB02706,02/14/26,Paramount+ with Showtime,US,Digital,CMP010,01/15/26,03/31/26,Desktop,35,SpongeBob,Family,Active,,13.75,True,True,40279.22,40,0.14,13.99
SUB02707,02/24/26,Paramount+ with Showtime,CA,TV,CMP002,01/10/26,02/15/26,Fire TV,34,Yellowjackets,Drama,At-Risk,,14.81,False,True,61748.08,36,0.08,13.99
SUB02708,02/23/26,Paramount+ with Showtime,MX,TV,CMP002,01/10/26,02/15/26,Roku,21,Tracker,Action,Active,,12.44,False,True,61748.08,36,0.08,13.99
SUB02709,02/26/26,Paramount+ with Showtime,CA,OOH,CMP012,01/08/26,04/30/26,Smart TV,33,SpongeBob,Family,At-Risk,,14.69,False,True,46356.88,40,0.12,13.99
SUB02710,02/15/26,Annual Essential,US,OOH,CMP013,02/01/26,04/15/26,Tablet,24,Mayor of Kingstown,Drama,Reactivated,,7.67,False,False,27040.0,25,0.13,7.5
SUB02711,02/13/26,Paramount+ with Showtime,US,Radio,CMP005,03/01/26,04/30/26,Desktop,34,Watson,Procedural,Active,,13.92,True,True,22144.53,14,0.09,13.99
SUB02712,02/03/26,Paramount+ with Showtime,US,TV,CMP002,01/10/26,02/15/26,Fire TV,63,The Madison,Drama,Active,,14.17,False,True,61748.08,36,0.08,13.99
SUB02713,02/19/26,Annual Premium,CA,OOH,CMP012,01/08/26,04/30/26,Smart TV,25,The Curse,Comedy,New,,9.96,False,False,46356.88,40,0.12,11.67
SUB02714,02/14/26,Paramount+ with Showtime,US,Streaming,CMP006,01/12/26,04/15/26,Smart TV,42,Tracker,Action,At-Risk,,12.94,True,True,69517.64,55,0.11,13.99
SUB02715,02/15/26,Annual Essential,US,Digital,CMP010,01/15/26,03/31/26,Roku,18,Tracker,Action,New,,8.26,False,False,40279.22,40,0.14,7.5
SUB02716,02/21/26,Paramount+ with Showtime,US,OOH,CMP013,02/01/26,04/15/26,Desktop,37,Ghosts,Comedy,Active,,15.22,True,True,27040.0,25,0.13,13.99
SUB02717,02/05/26,Essential,AU,Radio,CMP004,01/06/26,03/15/26,Desktop,41,Boomerang,Comedy,New,,14.22,True,False,41237.74,27,0.09,13.99
SUB02718,02/12/26,Annual Premium,US,Social,CMP014,01/10/26,03/10/26,Fire TV,30,The Chi,Drama,New,,9.76,True,True,25458.31,29,0.16,11.67
SUB02719,02/15/26,Paramount+ with Showtime,UK,Digital,CMP010,01/15/26,03/31/26,Fire TV,50,Tracker,Action,Active,,14.83,False,True,40279.22,40,0.14,13.99
SUB02720,02/12/26,Annual Essential,CA,Streaming,CMP006,01/12/26,04/15/26,Roku,23,Watson,Procedural,At-Risk,,6.51,False,False,69517.64,55,0.11,7.5
SUB02721,02/21/26,Paramount+ with Showtime,US,TV,CMP003,02/01/26,03/31/26,Tablet,36,Tracker,Action,Active,,14.45,True,True,41503.22,26,0.09,13.99
SUB02722,02/12/26,Essential,US,Digital,CMP011,02/15/26,04/01/26,Tablet,37,Ghosts,Comedy,New,,16.05,True,False,45566.52,49,0.15,13.99
SUB02723,02/10/26,Paramount+ with Showtime,US,Digital,CMP011,02/15/26,04/01/26,Mobile,62,SpongeBob,Family,New,,13.93,False,True,45566.52,49,0.15,13.99
SUB02724,02/25/26,Paramount+ with Showtime,US,Digital,CMP011,02/15/26,04/01/26,Desktop,36,Mission Impossible,Action,Active,,15.16,False,True,45566.52,49,0.15,13.99
SUB02725,02/15/26,Annual Essential,US,Radio,CMP005,03/01/26,04/30/26,Desktop,41,Mayor of Kingstown,Drama,Active,,7.15,False,False,22144.53,14,0.09,7.5
SUB02726,02/16/26,Essential,US,TV,CMP003,02/01/26,03/31/26,Smart TV,53,Coldwater,Drama,Reactivated,,15.99,False,True,41503.22,26,0.09,13.99
SUB02727,02/11/26,Paramount+ with Showtime,AU,Digital,CMP011,02/15/26,04/01/26,Roku,48,UFC,Sports,Reactivated,,11.53,False,True,45566.52,49,0.15,13.99
SUB02728,02/15/26,Annual Premium,US,Radio,CMP004,01/06/26,03/15/26,Desktop,42,Lioness,Thriller,Reactivated,,12.01,False,False,41237.74,27,0.09,11.67
SUB02729,02/15/26,Annual Essential,US,OOH,CMP012,01/08/26,04/30/26,Fire TV,38,The Madison,Drama,New,,7.95,False,True,46356.88,40,0.12,7.5
SUB02730,02/17/26,Annual Premium,US,Digital,CMP009,01/01/26,04/30/26,Tablet,46,Boomerang,Comedy,New,,12.9,False,False,70866.81,75,0.1475,11.67
SUB02731,02/18/26,Annual Essential,US,Digital,CMP011,02/15/26,04/01/26,Roku,46,Lioness,Thriller,Active,,7.64,False,False,45566.52,49,0.15,7.5
SUB02732,02/12/26,Annual Premium,US,TV,CMP001,01/05/26,02/28/26,Mobile,39,Paw Patrol,Family,Active,,12.75,False,False,56894.89,36,0.0849999999999999,11.67
SUB02733,02/07/26,Annual Premium,MX,Social,CMP016,03/01/26,04/30/26,Desktop,47,Tulsa King,Drama,Active,,12.69,False,False,13079.15,14,0.15,11.67
SUB02734,02/15/26,Essential,US,Streaming,CMP008,01/20/26,02/28/26,Fire TV,39,Dutton Ranch,Drama,At-Risk,,14.31,True,False,33297.18,27,0.11,13.99
SUB02735,02/11/26,Paramount+ with Showtime,US,Streaming,CMP006,01/12/26,04/15/26,Smart TV,30,Criminal Minds,Procedural,Active,,13.54,False,True,69517.64,55,0.11,13.99
SUB02736,02/25/26,Annual Essential,CA,TV,CMP003,02/01/26,03/31/26,Fire TV,31,Elsbeth,Procedural,Reactivated,,5.93,False,True,41503.22,26,0.09,7.5
SUB02737,02/27/26,Annual Premium,US,OOH,CMP013,02/01/26,04/15/26,Desktop,22,The Offer,Drama,At-Risk,,12.2,False,False,27040.0,25,0.13,11.67
SUB02738,02/08/26,Annual Premium,US,OOH,CMP013,02/01/26,04/15/26,Smart TV,46,Tracker,Action,Active,,10.44,True,False,27040.0,25,0.13,11.67
SUB02739,02/28/26,Paramount+ with Showtime,CA,Streaming,CMP008,01/20/26,02/28/26,Mobile,30,1923,Drama,At-Risk,,14.59,True,True,33297.18,27,0.11,13.99
SUB02740,02/03/26,Paramount+ with Showtime,UK,OOH,CMP012,01/08/26,04/30/26,Fire TV,18,NFL,Sports,Churned,03/01/26,11.81,False,True,46356.88,40,0.12,13.99
SUB02741,02/27/26,Essential,AU,TV,CMP001,01/05/26,02/28/26,Fire TV,18,Boomerang,Comedy,Reactivated,,14.68,False,False,56894.89,36,0.0849999999999999,13.99
SUB02742,02/06/26,Annual Essential,US,Streaming,CMP006,01/12/26,04/15/26,Desktop,44,Elsbeth,Procedural,Reactivated,,7.45,False,False,69517.64,55,0.11,7.5
SUB02743,02/07/26,Annual Premium,US,OOH,CMP013,02/01/26,04/15/26,Fire TV,31,Tracker,Action,New,,11.24,True,False,27040.0,25,0.13,11.67
SUB02744,02/17/26,Essential,US,OOH,CMP013,02/01/26,04/15/26,Roku,48,RuPaul Drag Race All Stars,Reality,New,,12.63,False,False,27040.0,25,0.13,13.99
SUB02745,02/03/26,Essential,MX,Streaming,CMP006,01/12/26,04/15/26,Desktop,18,Watson,Procedural,Reactivated,,13.2,False,False,69517.64,55,0.11,13.99
SUB02746,02/06/26,Paramount+ with Showtime,US,Streaming,CMP007,02/10/26,03/20/26,Tablet,49,RuPaul Drag Race All Stars,Reality,Reactivated,,13.06,True,True,39937.36,33,0.115,13.99
SUB02747,02/02/26,Annual Premium,US,OOH,CMP013,02/01/26,04/15/26,Smart TV,60,Criminal Minds,Procedural,New,,12.19,False,False,27040.0,25,0.13,11.67
SUB02748,02/20/26,Essential,US,Digital,CMP011,02/15/26,04/01/26,Desktop,37,The Chi,Drama,Active,,15.3,False,False,45566.52,49,0.15,13.99
SUB02749,02/05/26,Paramount+ with Showtime,CA,Digital,CMP010,01/15/26,03/31/26,Fire TV,28,The Agency,Thriller,At-Risk,,13.5,False,True,40279.22,40,0.14,13.99
SUB02750,02/08/26,Annual Essential,AU,TV,CMP003,02/01/26,03/31/26,Smart TV,32,Boston Blue,Procedural,Active,,8.11,True,False,41503.22,26,0.09,7.5
SUB02751,02/04/26,Annual Premium,CA,TV,CMP002,01/10/26,02/15/26,Tablet,32,Criminal Minds,Procedural,At-Risk,,9.08,True,False,61748.08,36,0.08,11.67
SUB02752,02/02/26,Essential,US,Digital,CMP011,02/15/26,04/01/26,Mobile,23,The Madison,Drama,At-Risk,,15.22,False,False,45566.52,49,0.15,13.99
SUB02753,02/23/26,Annual Essential,MX,Digital,CMP009,01/01/26,04/30/26,Fire TV,53,NFL,Sports,Active,,5.62,True,False,70866.81,75,0.1475,7.5
SUB02754,02/07/26,Paramount+ with Showtime,US,Social,CMP014,01/10/26,03/10/26,Fire TV,41,Lioness,Thriller,At-Risk,,15.65,False,True,25458.31,29,0.16,13.99
SUB02755,02/03/26,Annual Essential,CA,TV,CMP001,01/05/26,02/28/26,Fire TV,35,The Agency,Thriller,New,,4.8,True,False,56894.89,36,0.0849999999999999,7.5
SUB02756,02/14/26,Annual Essential,US,Radio,CMP004,01/06/26,03/15/26,Tablet,35,Criminal Minds,Procedural,Reactivated,,6.77,False,False,41237.74,27,0.09,7.5
SUB02757,02/08/26,Annual Premium,US,Digital,CMP011,02/15/26,04/01/26,Smart TV,27,Elsbeth,Procedural,New,,10.45,False,False,45566.52,49,0.15,11.67
SUB02758,02/26/26,Annual Premium,US,Social,CMP014,01/10/26,03/10/26,Tablet,52,MobLand,Drama,Active,,11.1,True,False,25458.31,29,0.16,11.67
SUB02759,02/03/26,Essential,US,Streaming,CMP008,01/20/26,02/28/26,Desktop,22,SpongeBob,Family,New,,15.67,True,False,33297.18,27,0.11,13.99
SUB02760,02/19/26,Annual Premium,MX,Radio,CMP005,03/01/26,04/30/26,Smart TV,48,MobLand,Drama,Active,,11.36,False,False,22144.53,14,0.09,11.67
SUB02761,02/07/26,Annual Premium,US,Social,CMP014,01/10/26,03/10/26,Desktop,33,Boomerang,Comedy,Active,,12.18,True,False,25458.31,29,0.16,11.67
SUB02762,02/01/26,Paramount+ with Showtime,US,OOH,CMP013,02/01/26,04/15/26,Smart TV,18,NFL,Sports,Active,,14.04,True,True,27040.0,25,0.13,13.99
SUB02763,02/04/26,Annual Premium,US,Radio,CMP005,03/01/26,04/30/26,Mobile,40,Ghosts,Comedy,At-Risk,,10.62,True,False,22144.53,14,0.09,11.67
SUB02764,02/13/26,Paramount+ with Showtime,AU,TV,CMP001,01/05/26,02/28/26,Desktop,18,Yellowjackets,Drama,Churned,03/12/26,14.82,False,True,56894.89,36,0.0849999999999999,13.99
SUB02765,02/27/26,Paramount+ with Showtime,UK,Digital,CMP011,02/15/26,04/01/26,Smart TV,49,The Curse,Comedy,At-Risk,,15.74,False,True,45566.52,49,0.15,13.99
SUB02766,02/11/26,Essential,MX,Radio,CMP005,03/01/26,04/30/26,Fire TV,52,The Agency,Thriller,Active,,12.93,True,False,22144.53,14,0.09,13.99
SUB02767,02/28/26,Annual Premium,AU,Streaming,CMP008,01/20/26,02/28/26,Tablet,35,Dutton Ranch,Drama,Active,,12.94,True,False,33297.18,27,0.11,11.67
SUB02768,02/13/26,Paramount+ with Showtime,AU,TV,CMP002,01/10/26,02/15/26,Mobile,31,UFC,Sports,Churned,02/24/26,13.05,False,True,61748.08,36,0.08,13.99
SUB02769,02/26/26,Annual Premium,US,OOH,CMP013,02/01/26,04/15/26,Desktop,49,Lioness,Thriller,New,,10.83,False,False,27040.0,25,0.13,11.67
SUB02770,02/10/26,Annual Premium,US,OOH,CMP013,02/01/26,04/15/26,Desktop,64,The Guest,Thriller,Reactivated,,11.87,False,False,27040.0,25,0.13,11.67
SUB02771,02/22/26,Paramount+ with Showtime,US,Radio,CMP005,03/01/26,04/30/26,Smart TV,25,The Curse,Comedy,New,,13.91,True,True,22144.53,14,0.09,13.99
SUB02772,02/22/26,Paramount+ with Showtime,US,Digital,CMP010,01/15/26,03/31/26,Fire TV,26,Dutton Ranch,Drama,At-Risk,,14.79,False,True,40279.22,40,0.14,13.99
SUB02773,02/03/26,Annual Premium,MX,OOH,CMP013,02/01/26,04/15/26,Desktop,35,The Agency,Thriller,Active,,9.66,False,False,27040.0,25,0.13,11.67
SUB02774,02/20/26,Essential,US,Social,CMP015,02/05/26,04/05/26,Desktop,31,Coldwater,Drama,Active,,12.54,False,False,22618.05,24,0.15,13.99
SUB02775,02/19/26,Essential,CA,Social,CMP015,02/05/26,04/05/26,Smart TV,63,Dexter,Thriller,Churned,03/12/26,12.82,True,False,22618.05,24,0.15,13.99
SUB02776,02/04/26,Annual Premium,UK,OOH,CMP013,02/01/26,04/15/26,Mobile,61,Tulsa King,Drama,At-Risk,,12.32,False,False,27040.0,25,0.13,11.67
SUB02777,02/22/26,Annual Essential,US,Digital,CMP009,01/01/26,04/30/26,Fire TV,38,Sonic 3,Family,Active,,6.94,True,False,70866.81,75,0.1475,7.5
SUB02778,02/27/26,Essential,MX,Radio,CMP005,03/01/26,04/30/26,Smart TV,54,The Offer,Drama,New,,13.04,True,False,22144.53,14,0.09,13.99
SUB02779,02/13/26,Essential,AU,TV,CMP001,01/05/26,02/28/26,Smart TV,52,Watson,Procedural,Reactivated,,13.74,False,False,56894.89,36,0.0849999999999999,13.99
SUB02780,02/05/26,Annual Essential,US,TV,CMP001,01/05/26,02/28/26,Smart TV,19,Ghosts,Comedy,Churned,03/19/26,6.03,False,False,56894.89,36,0.0849999999999999,7.5
SUB02781,02/10/26,Paramount+ with Showtime,AU,OOH,CMP013,02/01/26,04/15/26,Desktop,39,Watson,Procedural,Churned,03/26/26,14.98,True,True,27040.0,25,0.13,13.99
SUB02782,02/05/26,Annual Premium,US,OOH,CMP013,02/01/26,04/15/26,Smart TV,19,Dutton Ranch,Drama,At-Risk,,11.03,True,False,27040.0,25,0.13,11.67
SUB02783,02/16/26,Essential,US,TV,CMP001,01/05/26,02/28/26,Desktop,32,Boston Blue,Procedural,At-Risk,,14.62,False,False,56894.89,36,0.0849999999999999,13.99
SUB02784,02/24/26,Annual Premium,US,Social,CMP014,01/10/26,03/10/26,Mobile,55,Criminal Minds,Procedural,Reactivated,,10.84,True,False,25458.31,29,0.16,11.67
SUB02785,02/18/26,Essential,US,OOH,CMP013,02/01/26,04/15/26,Desktop,44,MobLand,Drama,Active,,16.32,False,False,27040.0,25,0.13,13.99
SUB02786,02/06/26,Paramount+ with Showtime,US,Social,CMP015,02/05/26,04/05/26,Smart TV,51,The Guest,Thriller,At-Risk,,13.53,False,True,22618.05,24,0.15,13.99
SUB02787,02/12/26,Paramount+ with Showtime,US,Digital,CMP011,02/15/26,04/01/26,Fire TV,30,Sonic 3,Family,Active,,14.52,False,True,45566.52,49,0.15,13.99
SUB02788,02/07/26,Essential,AU,TV,CMP001,01/05/26,02/28/26,Mobile,41,Boston Blue,Procedural,New,,13.29,True,False,56894.89,36,0.0849999999999999,13.99
SUB02789,02/10/26,Annual Essential,US,TV,CMP002,01/10/26,02/15/26,Fire TV,50,MobLand,Drama,Active,,8.4,False,False,61748.08,36,0.08,7.5
SUB02790,02/10/26,Essential,UK,Radio,CMP005,03/01/26,04/30/26,Mobile,43,Dutton Ranch,Drama,Active,,14.57,True,False,22144.53,14,0.09,13.99
SUB02791,02/13/26,Paramount+ with Showtime,US,Social,CMP015,02/05/26,04/05/26,Desktop,32,1923,Drama,At-Risk,,13.63,True,True,22618.05,24,0.15,13.99
SUB02792,02/15/26,Annual Premium,US,Digital,CMP011,02/15/26,04/01/26,Fire TV,18,SpongeBob,Family,At-Risk,,10.81,True,False,45566.52,49,0.15,11.67
SUB02793,02/07/26,Essential,US,Digital,CMP009,01/01/26,04/30/26,Desktop,18,Tracker,Action,Active,,13.93,True,False,70866.81,75,0.1475,13.99
SUB02794,02/14/26,Annual Premium,US,TV,CMP001,01/05/26,02/28/26,Roku,41,Mayor of Kingstown,Drama,Churned,02/27/26,10.95,False,False,56894.89,36,0.0849999999999999,11.67
SUB02795,02/18/26,Annual Premium,US,Social,CMP016,03/01/26,04/30/26,Roku,39,Criminal Minds,Procedural,Active,,12.14,False,False,13079.15,14,0.15,11.67
SUB02796,02/20/26,Annual Essential,CA,TV,CMP002,01/10/26,02/15/26,Fire TV,18,Landman,Drama,Active,,7.63,False,False,61748.08,36,0.08,7.5
SUB02797,02/18/26,Annual Premium,CA,OOH,CMP012,01/08/26,04/30/26,Smart TV,29,1923,Drama,Active,,11.55,False,True,46356.88,40,0.12,11.67
SUB02798,02/19/26,Paramount+ with Showtime,US,Digital,CMP010,01/15/26,03/31/26,Roku,36,Coldwater,Drama,Reactivated,,14.04,False,True,40279.22,40,0.14,13.99
SUB02799,02/12/26,Essential,US,Streaming,CMP008,01/20/26,02/28/26,Smart TV,26,RuPaul Drag Race All Stars,Reality,Active,,14.43,True,False,33297.18,27,0.11,13.99
SUB02800,02/26/26,Annual Premium,US,Radio,CMP004,01/06/26,03/15/26,Smart TV,40,MobLand,Drama,At-Risk,,11.42,True,False,41237.74,27,0.09,11.67
SUB02801,02/27/26,Annual Premium,US,Digital,CMP010,01/15/26,03/31/26,Fire TV,41,Boston Blue,Procedural,Reactivated,,12.61,False,False,40279.22,40,0.14,11.67
SUB02802,02/10/26,Paramount+ with Showtime,US,Streaming,CMP006,01/12/26,04/15/26,Smart TV,35,The Chi,Drama,Active,,12.18,False,True,69517.64,55,0.11,13.99
SUB02803,02/25/26,Annual Premium,UK,TV,CMP001,01/05/26,02/28/26,Mobile,66,Yellowjackets,Drama,Active,,11.81,False,False,56894.89,36,0.0849999999999999,11.67
SUB02804,02/12/26,Essential,US,Digital,CMP010,01/15/26,03/31/26,Tablet,37,The Curse,Comedy,Churned,03/24/26,13.81,False,False,40279.22,40,0.14,13.99
SUB02805,02/02/26,Annual Premium,MX,Streaming,CMP008,01/20/26,02/28/26,Roku,23,Landman,Drama,Churned,04/01/26,8.42,False,False,33297.18,27,0.11,11.67
SUB02806,02/02/26,Paramount+ with Showtime,US,OOH,CMP013,02/01/26,04/15/26,Mobile,42,NCIS,Procedural,Active,,14.28,False,True,27040.0,25,0.13,13.99
SUB02807,02/10/26,Annual Essential,CA,OOH,CMP012,01/08/26,04/30/26,Smart TV,30,SpongeBob,Family,Active,,7.41,False,False,46356.88,40,0.12,7.5
SUB02808,02/08/26,Paramount+ with Showtime,CA,Digital,CMP009,01/01/26,04/30/26,Roku,51,Watson,Procedural,Active,,13.16,False,True,70866.81,75,0.1475,13.99
SUB02809,02/15/26,Annual Essential,US,OOH,CMP012,01/08/26,04/30/26,Mobile,46,Tulsa King,Drama,Reactivated,,8.51,False,False,46356.88,40,0.12,7.5
SUB02810,02/28/26,Annual Premium,US,TV,CMP002,01/10/26,02/15/26,Roku,25,Criminal Minds,Procedural,Churned,03/31/26,9.17,True,True,61748.08,36,0.08,11.67
SUB02811,02/07/26,Annual Premium,US,OOH,CMP012,01/08/26,04/30/26,Mobile,27,Elsbeth,Procedural,Active,,10.57,True,False,46356.88,40,0.12,11.67
SUB02812,02/27/26,Annual Essential,UK,Streaming,CMP006,01/12/26,04/15/26,Desktop,48,Sonic 3,Family,Churned,04/28/26,6.59,True,False,69517.64,55,0.11,7.5
SUB02813,02/12/26,Annual Essential,US,TV,CMP001,01/05/26,02/28/26,Mobile,40,The Guest,Thriller,Active,,7.69,False,False,56894.89,36,0.0849999999999999,7.5
SUB02814,02/13/26,Annual Essential,MX,Radio,CMP004,01/06/26,03/15/26,Desktop,45,Sonic 3,Family,At-Risk,,7.39,False,False,41237.74,27,0.09,7.5
SUB02815,02/10/26,Essential,US,Social,CMP015,02/05/26,04/05/26,Smart TV,34,Landman,Drama,Active,,14.05,False,False,22618.05,24,0.15,13.99
SUB02816,02/27/26,Paramount+ with Showtime,AU,Digital,CMP009,01/01/26,04/30/26,Tablet,26,Coldwater,Drama,Active,,16.25,False,True,70866.81,75,0.1475,13.99
SUB02817,02/13/26,Paramount+ with Showtime,US,OOH,CMP012,01/08/26,04/30/26,Mobile,26,The Agency,Thriller,Reactivated,,12.43,False,True,46356.88,40,0.12,13.99
SUB02818,02/19/26,Annual Essential,MX,Digital,CMP010,01/15/26,03/31/26,Fire TV,44,Coldwater,Drama,At-Risk,,5.54,False,False,40279.22,40,0.14,7.5
SUB02819,02/25/26,Essential,UK,Digital,CMP011,02/15/26,04/01/26,Smart TV,22,The Madison,Drama,Active,,14.82,True,False,45566.52,49,0.15,13.99
SUB02820,02/07/26,Annual Premium,MX,Digital,CMP010,01/15/26,03/31/26,Tablet,38,The Guest,Thriller,Active,,11.62,False,False,40279.22,40,0.14,11.67
SUB02821,02/02/26,Annual Premium,US,Radio,CMP004,01/06/26,03/15/26,Roku,27,The Guest,Thriller,Active,,11.23,True,False,41237.74,27,0.09,11.67
SUB02822,02/07/26,Essential,US,Radio,CMP005,03/01/26,04/30/26,Roku,22,The Guest,Thriller,Active,,13.71,False,True,22144.53,14,0.09,13.99
SUB02823,02/08/26,Paramount+ with Showtime,US,Radio,CMP004,01/06/26,03/15/26,Tablet,46,1923,Drama,Active,,13.39,False,True,41237.74,27,0.09,13.99
SUB02824,02/02/26,Paramount+ with Showtime,AU,TV,CMP002,01/10/26,02/15/26,Mobile,30,SpongeBob,Family,Active,,15.09,True,True,61748.08,36,0.08,13.99
SUB02825,02/10/26,Annual Premium,US,Digital,CMP011,02/15/26,04/01/26,Fire TV,28,Mission Impossible,Action,Active,,12.01,False,False,45566.52,49,0.15,11.67
SUB02826,02/11/26,Paramount+ with Showtime,US,Social,CMP014,01/10/26,03/10/26,Smart TV,29,Lioness,Thriller,Active,,12.63,False,True,25458.31,29,0.16,13.99
SUB02827,02/12/26,Annual Premium,US,TV,CMP003,02/01/26,03/31/26,Smart TV,69,MobLand,Drama,Active,,11.79,False,False,41503.22,26,0.09,11.67
SUB02828,02/20/26,Paramount+ with Showtime,MX,Digital,CMP009,01/01/26,04/30/26,Mobile,37,Watson,Procedural,Active,,11.68,False,True,70866.81,75,0.1475,13.99
SUB02829,02/14/26,Paramount+ with Showtime,US,TV,CMP002,01/10/26,02/15/26,Tablet,65,UFC,Sports,Active,,15.04,False,True,61748.08,36,0.08,13.99
SUB02830,02/04/26,Essential,US,Digital,CMP010,01/15/26,03/31/26,Roku,24,Dexter,Thriller,Reactivated,,12.87,True,False,40279.22,40,0.14,13.99
SUB02831,02/11/26,Essential,AU,Digital,CMP009,01/01/26,04/30/26,Mobile,55,Lioness,Thriller,Churned,03/01/26,13.15,False,False,70866.81,75,0.1475,13.99
SUB02832,02/17/26,Annual Essential,US,OOH,CMP013,02/01/26,04/15/26,Tablet,30,Mission Impossible,Action,Active,,7.54,True,False,27040.0,25,0.13,7.5
SUB02833,02/01/26,Annual Essential,US,TV,CMP002,01/10/26,02/15/26,Desktop,45,Boston Blue,Procedural,Churned,03/15/26,4.64,True,False,61748.08,36,0.08,7.5
SUB02834,02/20/26,Annual Essential,US,OOH,CMP012,01/08/26,04/30/26,Fire TV,52,Dexter,Thriller,Churned,03/11/26,6.5,False,False,46356.88,40,0.12,7.5
SUB02835,02/22/26,Paramount+ with Showtime,US,OOH,CMP013,02/01/26,04/15/26,Smart TV,64,Landman,Drama,New,,12.75,True,True,27040.0,25,0.13,13.99
SUB02836,02/17/26,Annual Premium,CA,OOH,CMP012,01/08/26,04/30/26,Desktop,33,The Guest,Thriller,Reactivated,,10.85,False,False,46356.88,40,0.12,11.67
SUB02837,02/11/26,Paramount+ with Showtime,US,Social,CMP015,02/05/26,04/05/26,Fire TV,29,Landman,Drama,Reactivated,,14.1,False,True,22618.05,24,0.15,13.99
SUB02838,02/06/26,Annual Essential,US,Radio,CMP005,03/01/26,04/30/26,Desktop,46,Landman,Drama,New,,7.74,True,False,22144.53,14,0.09,7.5
SUB02839,02/07/26,Annual Essential,UK,OOH,CMP013,02/01/26,04/15/26,Mobile,31,NCIS,Procedural,At-Risk,,7.15,False,False,27040.0,25,0.13,7.5
SUB02840,02/02/26,Paramount+ with Showtime,US,Radio,CMP004,01/06/26,03/15/26,Mobile,56,The Madison,Drama,At-Risk,,15.33,False,True,41237.74,27,0.09,13.99
SUB02841,02/20/26,Annual Essential,UK,Social,CMP015,02/05/26,04/05/26,Smart TV,34,Lioness,Thriller,New,,7.07,True,False,22618.05,24,0.15,7.5
SUB02842,02/17/26,Paramount+ with Showtime,AU,Streaming,CMP007,02/10/26,03/20/26,Desktop,23,Landman,Drama,New,,12.9,False,True,39937.36,33,0.115,13.99
SUB02843,02/12/26,Paramount+ with Showtime,US,Social,CMP015,02/05/26,04/05/26,Tablet,33,RuPaul Drag Race All Stars,Reality,At-Risk,,14.51,True,True,22618.05,24,0.15,13.99
SUB02844,02/17/26,Paramount+ with Showtime,CA,Streaming,CMP006,01/12/26,04/15/26,Desktop,31,Boston Blue,Procedural,Active,,11.8,True,True,69517.64,55,0.11,13.99
SUB02845,02/14/26,Annual Essential,US,Social,CMP015,02/05/26,04/05/26,Roku,44,Landman,Drama,Active,,8.59,True,False,22618.05,24,0.15,7.5
SUB02846,02/16/26,Annual Premium,US,TV,CMP002,01/10/26,02/15/26,Mobile,47,The Chi,Drama,New,,13.08,True,False,61748.08,36,0.08,11.67
SUB02847,02/01/26,Paramount+ with Showtime,CA,Radio,CMP004,01/06/26,03/15/26,Desktop,42,NCIS,Procedural,Active,,13.71,False,True,41237.74,27,0.09,13.99
SUB02848,02/11/26,Essential,CA,Radio,CMP004,01/06/26,03/15/26,Tablet,18,NCIS,Procedural,Reactivated,,12.93,True,True,41237.74,27,0.09,13.99
SUB02849,02/15/26,Annual Premium,US,Digital,CMP011,02/15/26,04/01/26,Mobile,38,Mayor of Kingstown,Drama,Active,,12.14,False,False,45566.52,49,0.15,11.67
SUB02850,02/08/26,Paramount+ with Showtime,US,TV,CMP002,01/10/26,02/15/26,Fire TV,54,Dutton Ranch,Drama,Active,,13.53,True,True,61748.08,36,0.08,13.99
SUB02851,02/01/26,Annual Essential,US,OOH,CMP012,01/08/26,04/30/26,Smart TV,19,The Offer,Drama,Active,,7.23,True,False,46356.88,40,0.12,7.5
SUB02852,02/05/26,Annual Premium,US,TV,CMP002,01/10/26,02/15/26,Smart TV,38,Dexter,Thriller,New,,11.63,True,False,61748.08,36,0.08,11.67
SUB02853,02/05/26,Paramount+ with Showtime,US,OOH,CMP013,02/01/26,04/15/26,Smart TV,33,South Park,Comedy,At-Risk,,13.73,True,True,27040.0,25,0.13,13.99
SUB02854,02/02/26,Paramount+ with Showtime,US,OOH,CMP013,02/01/26,04/15/26,Roku,54,Landman,Drama,Active,,14.46,True,True,27040.0,25,0.13,13.99
SUB02855,02/04/26,Annual Essential,US,OOH,CMP013,02/01/26,04/15/26,Roku,50,Lioness,Thriller,Active,,5.75,False,False,27040.0,25,0.13,7.5
SUB02856,02/26/26,Annual Premium,US,Social,CMP016,03/01/26,04/30/26,Fire TV,38,Dexter,Thriller,Active,,12.48,False,True,13079.15,14,0.15,11.67
SUB02857,02/18/26,Essential,CA,TV,CMP003,02/01/26,03/31/26,Smart TV,44,Elsbeth,Procedural,New,,13.02,False,False,41503.22,26,0.09,13.99
SUB02858,02/10/26,Essential,US,Radio,CMP005,03/01/26,04/30/26,Desktop,43,Ghosts,Comedy,Active,,15.37,False,False,22144.53,14,0.09,13.99
SUB02859,02/24/26,Essential,US,Streaming,CMP006,01/12/26,04/15/26,Mobile,35,Watson,Procedural,New,,14.17,False,False,69517.64,55,0.11,13.99
SUB02860,02/18/26,Annual Premium,US,OOH,CMP012,01/08/26,04/30/26,Tablet,24,The Offer,Drama,Active,,11.65,False,False,46356.88,40,0.12,11.67
SUB02861,02/22/26,Essential,CA,Digital,CMP009,01/01/26,04/30/26,Smart TV,40,Watson,Procedural,Churned,04/09/26,11.11,False,False,70866.81,75,0.1475,13.99
SUB02862,02/26/26,Paramount+ with Showtime,US,TV,CMP003,02/01/26,03/31/26,Fire TV,46,UFC,Sports,Churned,04/16/26,13.52,False,True,41503.22,26,0.09,13.99
SUB02863,02/18/26,Paramount+ with Showtime,UK,Digital,CMP010,01/15/26,03/31/26,Mobile,64,Boston Blue,Procedural,New,,13.97,False,True,40279.22,40,0.14,13.99
SUB02864,02/04/26,Annual Essential,US,OOH,CMP012,01/08/26,04/30/26,Roku,35,Elsbeth,Procedural,Active,,5.86,True,False,46356.88,40,0.12,7.5
SUB02865,02/06/26,Annual Premium,CA,OOH,CMP012,01/08/26,04/30/26,Tablet,65,Tracker,Action,Active,,11.86,False,False,46356.88,40,0.12,11.67
SUB02866,02/19/26,Essential,AU,Digital,CMP009,01/01/26,04/30/26,Fire TV,35,Coldwater,Drama,Active,,14.67,True,False,70866.81,75,0.1475,13.99
SUB02867,02/07/26,Annual Premium,AU,TV,CMP001,01/05/26,02/28/26,Desktop,23,Love & Hip Hop Miami,Reality,Active,,11.51,False,False,56894.89,36,0.0849999999999999,11.67
SUB02868,02/22/26,Annual Premium,US,TV,CMP002,01/10/26,02/15/26,Tablet,27,NFL,Sports,Active,,12.28,False,False,61748.08,36,0.08,11.67
SUB02869,02/09/26,Annual Essential,MX,TV,CMP002,01/10/26,02/15/26,Mobile,46,The Offer,Drama,Active,,4.67,True,False,61748.08,36,0.08,7.5
SUB02870,02/13/26,Annual Essential,CA,Social,CMP014,01/10/26,03/10/26,Desktop,62,The Offer,Drama,Active,,6.13,True,True,25458.31,29,0.16,7.5
SUB02871,02/08/26,Annual Premium,US,Radio,CMP004,01/06/26,03/15/26,Mobile,31,Boston Blue,Procedural,Active,,11.5,True,False,41237.74,27,0.09,11.67
SUB02872,02/08/26,Annual Essential,US,Radio,CMP005,03/01/26,04/30/26,Fire TV,35,Landman,Drama,At-Risk,,6.22,True,False,22144.53,14,0.09,7.5
SUB02873,02/11/26,Annual Premium,US,Social,CMP014,01/10/26,03/10/26,Smart TV,18,Tracker,Action,Active,,11.76,True,False,25458.31,29,0.16,11.67
SUB02874,02/18/26,Essential,UK,OOH,CMP013,02/01/26,04/15/26,Fire TV,60,NCIS,Procedural,Active,,15.37,False,False,27040.0,25,0.13,13.99
SUB02875,02/08/26,Annual Essential,CA,Social,CMP016,03/01/26,04/30/26,Smart TV,34,Watson,Procedural,Active,,8.39,False,False,13079.15,14,0.15,7.5
SUB02876,02/21/26,Essential,UK,TV,CMP001,01/05/26,02/28/26,Desktop,40,1923,Drama,Active,,15.39,False,False,56894.89,36,0.0849999999999999,13.99
SUB02877,02/15/26,Annual Essential,US,Radio,CMP004,01/06/26,03/15/26,Roku,47,Landman,Drama,Churned,03/03/26,5.28,False,True,41237.74,27,0.09,7.5
SUB02878,02/03/26,Annual Essential,AU,OOH,CMP013,02/01/26,04/15/26,Tablet,33,Sonic 3,Family,At-Risk,,9.04,False,False,27040.0,25,0.13,7.5
SUB02879,02/10/26,Annual Premium,US,Social,CMP016,03/01/26,04/30/26,Desktop,22,The Offer,Drama,Active,,12.05,True,False,13079.15,14,0.15,11.67
SUB02880,02/01/26,Annual Essential,UK,Streaming,CMP008,01/20/26,02/28/26,Tablet,22,The Offer,Drama,Reactivated,,7.33,False,True,33297.18,27,0.11,7.5
SUB02881,02/07/26,Annual Essential,US,OOH,CMP013,02/01/26,04/15/26,Fire TV,60,The Agency,Thriller,Active,,8.89,False,False,27040.0,25,0.13,7.5
SUB02882,02/19/26,Annual Essential,UK,Social,CMP014,01/10/26,03/10/26,Desktop,40,The Curse,Comedy,At-Risk,,5.85,True,False,25458.31,29,0.16,7.5
SUB02883,02/28/26,Annual Essential,CA,Radio,CMP005,03/01/26,04/30/26,Tablet,18,Mission Impossible,Action,New,,7.24,False,False,22144.53,14,0.09,7.5
SUB02884,02/22/26,Annual Premium,UK,Radio,CMP005,03/01/26,04/30/26,Smart TV,22,The Guest,Thriller,Active,,12.32,False,False,22144.53,14,0.09,11.67
SUB02885,02/15/26,Annual Essential,UK,Radio,CMP005,03/01/26,04/30/26,Tablet,45,UFC,Sports,New,,8.84,False,False,22144.53,14,0.09,7.5
SUB02886,02/20/26,Paramount+ with Showtime,US,Social,CMP015,02/05/26,04/05/26,Mobile,21,The Offer,Drama,Active,,15.31,False,True,22618.05,24,0.15,13.99
SUB02887,02/13/26,Annual Premium,US,Radio,CMP005,03/01/26,04/30/26,Tablet,38,Paw Patrol,Family,Active,,13.92,False,False,22144.53,14,0.09,11.67
SUB02888,02/21/26,Essential,CA,Digital,CMP011,02/15/26,04/01/26,Smart TV,18,RuPaul Drag Race All Stars,Reality,Active,,15.16,False,False,45566.52,49,0.15,13.99
SUB02889,02/23/26,Paramount+ with Showtime,AU,Radio,CMP005,03/01/26,04/30/26,Smart TV,33,Watson,Procedural,At-Risk,,13.51,False,True,22144.53,14,0.09,13.99
SUB02890,02/02/26,Essential,US,TV,CMP003,02/01/26,03/31/26,Desktop,28,Mission Impossible,Action,Reactivated,,14.76,False,False,41503.22,26,0.09,13.99
SUB02891,02/22/26,Annual Essential,US,OOH,CMP012,01/08/26,04/30/26,Fire TV,53,MobLand,Drama,Active,,8.06,False,False,46356.88,40,0.12,7.5
SUB02892,02/25/26,Essential,AU,TV,CMP002,01/10/26,02/15/26,Fire TV,54,The Curse,Comedy,Active,,14.84,True,False,61748.08,36,0.08,13.99
SUB02893,02/22/26,Annual Essential,US,OOH,CMP013,02/01/26,04/15/26,Roku,40,Love & Hip Hop Miami,Reality,Active,,7.63,True,False,27040.0,25,0.13,7.5
SUB02894,02/03/26,Annual Premium,CA,Digital,CMP009,01/01/26,04/30/26,Mobile,18,Criminal Minds,Procedural,Reactivated,,11.14,False,False,70866.81,75,0.1475,11.67
SUB02895,02/28/26,Annual Essential,US,TV,CMP002,01/10/26,02/15/26,Mobile,18,The Curse,Comedy,Churned,04/02/26,7.06,False,False,61748.08,36,0.08,7.5
SUB02896,02/25/26,Annual Essential,US,Radio,CMP004,01/06/26,03/15/26,Roku,42,NFL,Sports,Reactivated,,8.78,False,True,41237.74,27,0.09,7.5
SUB02897,02/08/26,Annual Essential,US,Streaming,CMP008,01/20/26,02/28/26,Fire TV,66,1923,Drama,New,,8.55,False,False,33297.18,27,0.11,7.5
SUB02898,02/14/26,Essential,US,OOH,CMP012,01/08/26,04/30/26,Mobile,40,The Chi,Drama,At-Risk,,14.15,False,False,46356.88,40,0.12,13.99
SUB02899,02/22/26,Paramount+ with Showtime,US,Radio,CMP004,01/06/26,03/15/26,Roku,37,1923,Drama,Active,,16.38,False,True,41237.74,27,0.09,13.99
SUB02900,02/06/26,Paramount+ with Showtime,MX,Social,CMP014,01/10/26,03/10/26,Roku,18,Criminal Minds,Procedural,Churned,03/12/26,10.06,False,True,25458.31,29,0.16,13.99
SUB02901,02/14/26,Essential,CA,Social,CMP016,03/01/26,04/30/26,Smart TV,60,Sonic 3,Family,New,,12.78,False,False,13079.15,14,0.15,13.99
SUB02902,02/18/26,Paramount+ with Showtime,CA,Streaming,CMP008,01/20/26,02/28/26,Roku,46,Yellowjackets,Drama,Churned,03/27/26,13.6,False,True,33297.18,27,0.11,13.99
SUB02903,02/20/26,Annual Premium,AU,OOH,CMP012,01/08/26,04/30/26,Tablet,40,The Offer,Drama,At-Risk,,12.89,True,False,46356.88,40,0.12,11.67
SUB02904,02/26/26,Essential,CA,TV,CMP003,02/01/26,03/31/26,Fire TV,25,Ghosts,Comedy,Churned,04/21/26,12.02,False,False,41503.22,26,0.09,13.99
SUB02905,02/23/26,Annual Essential,US,Radio,CMP004,01/06/26,03/15/26,Desktop,21,Tulsa King,Drama,New,,7.84,True,False,41237.74,27,0.09,7.5
SUB02906,02/13/26,Annual Essential,US,TV,CMP002,01/10/26,02/15/26,Roku,45,UFC,Sports,New,,7.98,False,False,61748.08,36,0.08,7.5
SUB02907,02/20/26,Essential,US,Social,CMP016,03/01/26,04/30/26,Tablet,45,Dutton Ranch,Drama,Active,,13.34,True,False,13079.15,14,0.15,13.99
SUB02908,02/28/26,Annual Premium,US,Radio,CMP005,03/01/26,04/30/26,Mobile,40,Paw Patrol,Family,New,,12.18,False,False,22144.53,14,0.09,11.67
SUB02909,02/16/26,Annual Essential,US,Digital,CMP009,01/01/26,04/30/26,Roku,36,Coldwater,Drama,Active,,9.91,True,True,70866.81,75,0.1475,7.5
SUB02910,02/15/26,Annual Premium,UK,TV,CMP003,02/01/26,03/31/26,Fire TV,50,Yellowjackets,Drama,Active,,11.75,True,False,41503.22,26,0.09,11.67
SUB02911,02/18/26,Essential,US,Social,CMP014,01/10/26,03/10/26,Tablet,31,Sonic 3,Family,At-Risk,,13.78,True,True,25458.31,29,0.16,13.99
SUB02912,02/18/26,Paramount+ with Showtime,US,Digital,CMP011,02/15/26,04/01/26,Smart TV,18,Sonic 3,Family,At-Risk,,13.02,False,True,45566.52,49,0.15,13.99
SUB02913,02/03/26,Paramount+ with Showtime,UK,Radio,CMP004,01/06/26,03/15/26,Fire TV,40,The Guest,Thriller,Active,,15.87,False,True,41237.74,27,0.09,13.99
SUB02914,02/05/26,Paramount+ with Showtime,MX,Streaming,CMP007,02/10/26,03/20/26,Tablet,18,Mission Impossible,Action,New,,13.09,True,True,39937.36,33,0.115,13.99
SUB02915,02/22/26,Annual Essential,AU,Social,CMP015,02/05/26,04/05/26,Tablet,39,The Guest,Thriller,Active,,9.34,True,False,22618.05,24,0.15,7.5
SUB02916,02/12/26,Paramount+ with Showtime,CA,Radio,CMP005,03/01/26,04/30/26,Mobile,28,1923,Drama,Active,,12.93,True,True,22144.53,14,0.09,13.99
SUB02917,02/23/26,Annual Essential,US,Streaming,CMP007,02/10/26,03/20/26,Fire TV,18,UFC,Sports,Active,,8.09,False,False,39937.36,33,0.115,7.5
SUB02918,02/05/26,Paramount+ with Showtime,US,Digital,CMP010,01/15/26,03/31/26,Fire TV,45,Dexter,Thriller,Active,,13.51,True,True,40279.22,40,0.14,13.99
SUB02919,02/05/26,Paramount+ with Showtime,US,Digital,CMP011,02/15/26,04/01/26,Smart TV,28,Paw Patrol,Family,Active,,13.74,False,True,45566.52,49,0.15,13.99
SUB02920,02/28/26,Annual Essential,US,TV,CMP001,01/05/26,02/28/26,Tablet,42,UFC,Sports,Churned,04/14/26,7.85,False,False,56894.89,36,0.0849999999999999,7.5
SUB02921,02/13/26,Annual Essential,AU,Digital,CMP011,02/15/26,04/01/26,Desktop,51,Yellowjackets,Drama,Active,,6.78,False,False,45566.52,49,0.15,7.5
SUB02922,02/09/26,Paramount+ with Showtime,CA,OOH,CMP013,02/01/26,04/15/26,Roku,46,Dutton Ranch,Drama,Active,,13.04,True,True,27040.0,25,0.13,13.99
SUB02923,02/26/26,Essential,US,TV,CMP002,01/10/26,02/15/26,Tablet,52,Dutton Ranch,Drama,New,,13.93,True,False,61748.08,36,0.08,13.99
SUB02924,02/27/26,Annual Essential,US,Digital,CMP010,01/15/26,03/31/26,Mobile,48,Dexter,Thriller,Active,,8.66,True,False,40279.22,40,0.14,7.5
SUB02925,02/21/26,Paramount+ with Showtime,CA,Streaming,CMP006,01/12/26,04/15/26,Fire TV,26,Dutton Ranch,Drama,Active,,14.55,True,True,69517.64,55,0.11,13.99
SUB02926,02/11/26,Annual Premium,CA,Digital,CMP011,02/15/26,04/01/26,Desktop,18,Paw Patrol,Family,Active,,11.69,True,False,45566.52,49,0.15,11.67
SUB02927,02/15/26,Annual Essential,CA,Radio,CMP004,01/06/26,03/15/26,Mobile,54,Tulsa King,Drama,At-Risk,,6.4,True,False,41237.74,27,0.09,7.5
SUB02928,02/24/26,Annual Essential,US,Streaming,CMP007,02/10/26,03/20/26,Mobile,51,Boston Blue,Procedural,Active,,6.98,False,False,39937.36,33,0.115,7.5
SUB02929,02/17/26,Essential,US,OOH,CMP013,02/01/26,04/15/26,Fire TV,21,Tracker,Action,Active,,14.49,False,False,27040.0,25,0.13,13.99
SUB02930,02/09/26,Annual Premium,US,Digital,CMP010,01/15/26,03/31/26,Smart TV,33,The Agency,Thriller,New,,11.21,False,False,40279.22,40,0.14,11.67
SUB02931,02/04/26,Essential,US,Streaming,CMP007,02/10/26,03/20/26,Tablet,18,Love & Hip Hop Miami,Reality,Churned,03/20/26,12.13,True,False,39937.36,33,0.115,13.99
SUB02932,02/25/26,Annual Premium,AU,Streaming,CMP008,01/20/26,02/28/26,Roku,34,The Offer,Drama,Active,,10.15,False,False,33297.18,27,0.11,11.67
SUB02933,02/16/26,Annual Essential,CA,Radio,CMP005,03/01/26,04/30/26,Fire TV,30,SpongeBob,Family,Active,,8.5,False,False,22144.53,14,0.09,7.5
SUB02934,02/15/26,Annual Premium,US,Digital,CMP010,01/15/26,03/31/26,Roku,54,The Offer,Drama,At-Risk,,10.4,True,False,40279.22,40,0.14,11.67
SUB02935,02/17/26,Essential,AU,Streaming,CMP007,02/10/26,03/20/26,Mobile,44,South Park,Comedy,Active,,14.39,True,False,39937.36,33,0.115,13.99
SUB02936,02/13/26,Annual Premium,US,OOH,CMP012,01/08/26,04/30/26,Tablet,18,Sonic 3,Family,At-Risk,,10.86,True,False,46356.88,40,0.12,11.67
SUB02937,02/22/26,Annual Essential,US,OOH,CMP012,01/08/26,04/30/26,Smart TV,44,The Curse,Comedy,Active,,7.99,False,False,46356.88,40,0.12,7.5
SUB02938,02/04/26,Annual Essential,US,Social,CMP016,03/01/26,04/30/26,Mobile,42,Boomerang,Comedy,Active,,7.84,True,False,13079.15,14,0.15,7.5
SUB02939,02/23/26,Annual Essential,CA,Digital,CMP010,01/15/26,03/31/26,Desktop,42,NFL,Sports,New,,7.18,False,False,40279.22,40,0.14,7.5
SUB02940,02/27/26,Essential,MX,Radio,CMP005,03/01/26,04/30/26,Roku,39,Boomerang,Comedy,New,,12.97,False,False,22144.53,14,0.09,13.99
SUB02941,02/25/26,Paramount+ with Showtime,CA,Social,CMP016,03/01/26,04/30/26,Smart TV,43,Love & Hip Hop Miami,Reality,New,,14.36,False,True,13079.15,14,0.15,13.99
SUB02942,02/21/26,Annual Essential,UK,TV,CMP001,01/05/26,02/28/26,Desktop,28,Tulsa King,Drama,At-Risk,,6.8,False,False,56894.89,36,0.0849999999999999,7.5
SUB02943,02/21/26,Essential,CA,Social,CMP016,03/01/26,04/30/26,Smart TV,22,Boston Blue,Procedural,Reactivated,,14.11,False,False,13079.15,14,0.15,13.99
SUB02944,02/10/26,Annual Premium,US,OOH,CMP013,02/01/26,04/15/26,Fire TV,20,Sonic 3,Family,New,,10.95,False,False,27040.0,25,0.13,11.67
SUB02945,02/09/26,Paramount+ with Showtime,US,Streaming,CMP008,01/20/26,02/28/26,Smart TV,31,Criminal Minds,Procedural,Active,,14.32,True,True,33297.18,27,0.11,13.99
SUB02946,02/12/26,Annual Essential,UK,Radio,CMP005,03/01/26,04/30/26,Smart TV,37,Tulsa King,Drama,New,,6.74,False,False,22144.53,14,0.09,7.5
SUB02947,02/13/26,Paramount+ with Showtime,US,Radio,CMP004,01/06/26,03/15/26,Mobile,57,Dexter,Thriller,New,,13.88,False,True,41237.74,27,0.09,13.99
SUB02948,02/21/26,Paramount+ with Showtime,AU,Streaming,CMP007,02/10/26,03/20/26,Mobile,48,Mayor of Kingstown,Drama,Active,,13.72,True,True,39937.36,33,0.115,13.99
SUB02949,02/01/26,Annual Premium,AU,TV,CMP003,02/01/26,03/31/26,Desktop,44,Paw Patrol,Family,Active,,11.19,True,True,41503.22,26,0.09,11.67
SUB02950,02/14/26,Annual Essential,US,Radio,CMP004,01/06/26,03/15/26,Roku,39,Love & Hip Hop Miami,Reality,Active,,7.69,True,True,41237.74,27,0.09,7.5
SUB02951,02/27/26,Annual Essential,US,Social,CMP014,01/10/26,03/10/26,Tablet,64,Landman,Drama,At-Risk,,6.42,False,False,25458.31,29,0.16,7.5
SUB02952,02/20/26,Paramount+ with Showtime,US,TV,CMP002,01/10/26,02/15/26,Roku,18,Tracker,Action,Active,,13.22,False,True,61748.08,36,0.08,13.99
SUB02953,02/03/26,Paramount+ with Showtime,CA,Radio,CMP005,03/01/26,04/30/26,Roku,40,The Chi,Drama,Reactivated,,11.95,True,True,22144.53,14,0.09,13.99
SUB02954,02/02/26,Annual Premium,US,OOH,CMP013,02/01/26,04/15/26,Smart TV,18,SpongeBob,Family,Active,,11.19,True,False,27040.0,25,0.13,11.67
SUB02955,02/19/26,Essential,US,OOH,CMP013,02/01/26,04/15/26,Desktop,32,Paw Patrol,Family,Active,,14.22,False,False,27040.0,25,0.13,13.99
SUB02956,02/21/26,Paramount+ with Showtime,US,Radio,CMP004,01/06/26,03/15/26,Fire TV,55,The Chi,Drama,New,,13.67,False,True,41237.74,27,0.09,13.99
SUB02957,02/06/26,Annual Essential,MX,OOH,CMP012,01/08/26,04/30/26,Desktop,38,Coldwater,Drama,Active,,6.89,False,True,46356.88,40,0.12,7.5
SUB02958,02/18/26,Annual Premium,US,Radio,CMP005,03/01/26,04/30/26,Mobile,39,The Madison,Drama,At-Risk,,11.29,False,False,22144.53,14,0.09,11.67
SUB02959,02/07/26,Essential,US,Streaming,CMP007,02/10/26,03/20/26,Tablet,44,Tracker,Action,Active,,13.93,False,True,39937.36,33,0.115,13.99
SUB02960,02/08/26,Paramount+ with Showtime,US,TV,CMP001,01/05/26,02/28/26,Smart TV,20,Boston Blue,Procedural,At-Risk,,13.37,False,True,56894.89,36,0.0849999999999999,13.99
SUB02961,02/02/26,Paramount+ with Showtime,AU,Radio,CMP005,03/01/26,04/30/26,Smart TV,18,Tulsa King,Drama,At-Risk,,14.37,True,True,22144.53,14,0.09,13.99
SUB02962,02/06/26,Essential,MX,Radio,CMP004,01/06/26,03/15/26,Desktop,32,Mission Impossible,Action,New,,13.18,False,False,41237.74,27,0.09,13.99
SUB02963,02/02/26,Essential,US,TV,CMP003,02/01/26,03/31/26,Tablet,42,The Madison,Drama,Reactivated,,14.12,False,False,41503.22,26,0.09,13.99
SUB02964,02/28/26,Annual Premium,US,Digital,CMP011,02/15/26,04/01/26,Fire TV,34,RuPaul Drag Race All Stars,Reality,Reactivated,,11.69,True,True,45566.52,49,0.15,11.67
SUB02965,02/06/26,Paramount+ with Showtime,US,TV,CMP002,01/10/26,02/15/26,Smart TV,24,Sonic 3,Family,New,,12.75,False,True,61748.08,36,0.08,13.99
SUB02966,02/26/26,Annual Essential,US,Radio,CMP005,03/01/26,04/30/26,Mobile,66,1923,Drama,Churned,04/18/26,7.23,False,False,22144.53,14,0.09,7.5
SUB02967,02/18/26,Essential,AU,Radio,CMP004,01/06/26,03/15/26,Fire TV,23,Sonic 3,Family,New,,13.61,True,False,41237.74,27,0.09,13.99
SUB02968,02/20/26,Essential,US,TV,CMP002,01/10/26,02/15/26,Desktop,40,The Agency,Thriller,At-Risk,,14.17,False,True,61748.08,36,0.08,13.99
SUB02969,02/05/26,Paramount+ with Showtime,US,TV,CMP001,01/05/26,02/28/26,Roku,32,Mission Impossible,Action,Churned,02/25/26,12.89,True,True,56894.89,36,0.0849999999999999,13.99
SUB02970,02/18/26,Paramount+ with Showtime,CA,Digital,CMP011,02/15/26,04/01/26,Fire TV,18,Sonic 3,Family,Reactivated,,14.24,False,True,45566.52,49,0.15,13.99
SUB02971,02/16/26,Paramount+ with Showtime,US,TV,CMP002,01/10/26,02/15/26,Tablet,25,Ghosts,Comedy,New,,13.12,True,True,61748.08,36,0.08,13.99
SUB02972,02/27/26,Annual Premium,US,Digital,CMP010,01/15/26,03/31/26,Fire TV,41,Watson,Procedural,At-Risk,,12.23,False,False,40279.22,40,0.14,11.67
SUB02973,02/09/26,Essential,US,TV,CMP003,02/01/26,03/31/26,Smart TV,62,Watson,Procedural,New,,12.88,False,False,41503.22,26,0.09,13.99
SUB02974,02/14/26,Essential,CA,Social,CMP014,01/10/26,03/10/26,Tablet,49,The Guest,Thriller,Active,,14.6,False,False,25458.31,29,0.16,13.99
SUB02975,02/02/26,Annual Premium,US,Social,CMP016,03/01/26,04/30/26,Desktop,22,Mission Impossible,Action,Reactivated,,10.55,False,False,13079.15,14,0.15,11.67
SUB02976,02/04/26,Essential,MX,Radio,CMP005,03/01/26,04/30/26,Desktop,46,1923,Drama,At-Risk,,12.28,False,False,22144.53,14,0.09,13.99
SUB02977,02/13/26,Essential,US,TV,CMP003,02/01/26,03/31/26,Fire TV,23,Yellowjackets,Drama,At-Risk,,13.11,True,False,41503.22,26,0.09,13.99
SUB02978,02/27/26,Essential,US,Digital,CMP011,02/15/26,04/01/26,Mobile,40,Boston Blue,Procedural,Active,,13.28,False,False,45566.52,49,0.15,13.99
SUB02979,02/18/26,Essential,US,Social,CMP014,01/10/26,03/10/26,Roku,46,The Agency,Thriller,Churned,04/12/26,12.16,False,False,25458.31,29,0.16,13.99
SUB02980,02/18/26,Annual Premium,CA,Streaming,CMP008,01/20/26,02/28/26,Fire TV,69,The Madison,Drama,Churned,04/12/26,10.22,True,False,33297.18,27,0.11,11.67
SUB02981,02/28/26,Essential,US,Digital,CMP010,01/15/26,03/31/26,Fire TV,57,Love & Hip Hop Miami,Reality,New,,14.54,False,False,40279.22,40,0.14,13.99
SUB02982,02/02/26,Paramount+ with Showtime,US,TV,CMP002,01/10/26,02/15/26,Mobile,42,Tulsa King,Drama,Active,,13.91,False,True,61748.08,36,0.08,13.99
SUB02983,02/14/26,Essential,UK,Social,CMP015,02/05/26,04/05/26,Tablet,35,South Park,Comedy,At-Risk,,14.82,False,False,22618.05,24,0.15,13.99
SUB02984,02/16/26,Essential,UK,OOH,CMP012,01/08/26,04/30/26,Fire TV,45,Dutton Ranch,Drama,Reactivated,,13.09,True,False,46356.88,40,0.12,13.99
SUB02985,02/06/26,Paramount+ with Showtime,MX,OOH,CMP013,02/01/26,04/15/26,Tablet,24,SpongeBob,Family,Active,,12.09,False,True,27040.0,25,0.13,13.99
SUB02986,02/16/26,Annual Premium,US,Digital,CMP011,02/15/26,04/01/26,Smart TV,52,MobLand,Drama,Active,,11.03,True,False,45566.52,49,0.15,11.67
SUB02987,02/11/26,Annual Essential,CA,Streaming,CMP007,02/10/26,03/20/26,Mobile,51,Tracker,Action,New,,7.91,False,False,39937.36,33,0.115,7.5
SUB02988,02/22/26,Annual Essential,US,Streaming,CMP008,01/20/26,02/28/26,Tablet,36,Sonic 3,Family,Churned,04/12/26,5.76,True,False,33297.18,27,0.11,7.5
SUB02989,02/15/26,Paramount+ with Showtime,CA,OOH,CMP012,01/08/26,04/30/26,Tablet,47,NCIS,Procedural,Active,,12.91,True,True,46356.88,40,0.12,13.99
SUB02990,02/25/26,Annual Premium,MX,Streaming,CMP008,01/20/26,02/28/26,Fire TV,42,Paw Patrol,Family,Churned,03/21/26,10.11,True,False,33297.18,27,0.11,11.67
SUB02991,02/13/26,Annual Premium,MX,TV,CMP003,02/01/26,03/31/26,Mobile,32,Coldwater,Drama,New,,9.87,False,True,41503.22,26,0.09,11.67
SUB02992,02/17/26,Essential,US,Streaming,CMP007,02/10/26,03/20/26,Desktop,56,The Curse,Comedy,At-Risk,,13.21,True,False,39937.36,33,0.115,13.99
SUB02993,02/17/26,Annual Essential,US,OOH,CMP013,02/01/26,04/15/26,Tablet,42,Landman,Drama,Active,,8.27,False,False,27040.0,25,0.13,7.5
SUB02994,02/19/26,Paramount+ with Showtime,US,Streaming,CMP008,01/20/26,02/28/26,Desktop,34,Tracker,Action,Active,,14.76,True,True,33297.18,27,0.11,13.99
SUB02995,02/03/26,Essential,US,Radio,CMP004,01/06/26,03/15/26,Tablet,36,Coldwater,Drama,Active,,14.03,False,True,41237.74,27,0.09,13.99
SUB02996,02/20/26,Essential,MX,Streaming,CMP008,01/20/26,02/28/26,Mobile,61,Watson,Procedural,Churned,04/06/26,11.13,False,False,33297.18,27,0.11,13.99
SUB02997,02/27/26,Annual Essential,CA,Radio,CMP004,01/06/26,03/15/26,Fire TV,59,Dexter,Thriller,Active,,8.54,True,False,41237.74,27,0.09,7.5
SUB02998,02/05/26,Annual Essential,US,Streaming,CMP006,01/12/26,04/15/26,Mobile,50,Dutton Ranch,Drama,Reactivated,,6.18,False,True,69517.64,55,0.11,7.5
SUB02999,02/10/26,Paramount+ with Showtime,US,Social,CMP015,02/05/26,04/05/26,Desktop,37,NFL,Sports,At-Risk,,14.69,True,True,22618.05,24,0.15,13.99
SUB03000,02/16/26,Essential,CA,TV,CMP002,01/10/26,02/15/26,Smart TV,60,Mission Impossible,Action,Churned,04/10/26,13.59,False,False,61748.08,36,0.08,13.99
